merchant,provider,payment_method,country,weekday,hour,attempts,approvals,declines,approval_rate,average_amount
Merchant_A,Adyen,PIX,BR,0,0,4,4,0,1.0,137.96
Merchant_A,Adyen,PIX,BR,0,1,4,2,2,0.5,133.42
Merchant_A,Adyen,PIX,BR,0,2,4,4,0,1.0,299.85
Merchant_A,Adyen,PIX,BR,0,3,2,2,0,1.0,270.32
Merchant_A,Adyen,PIX,BR,0,4,3,2,1,0.6667,315.25
Merchant_A,Adyen,PIX,BR,0,5,5,4,1,0.8,261.12
Merchant_A,Adyen,PIX,BR,0,6,13,12,1,0.9231,313.02
Merchant_A,Adyen,PIX,BR,0,7,24,21,3,0.875,281.97
Merchant_A,Adyen,PIX,BR,0,8,36,35,1,0.9722,286.57
Merchant_A,Adyen,PIX,BR,0,9,45,40,5,0.8889,269.77
Merchant_A,Adyen,PIX,BR,0,10,63,56,7,0.8889,280.12
Merchant_A,Adyen,PIX,BR,0,11,69,68,1,0.9855,275.83
Merchant_A,Adyen,PIX,BR,0,12,77,76,1,0.987,279.4
Merchant_A,Adyen,PIX,BR,0,13,80,76,4,0.95,312.99
Merchant_A,Adyen,PIX,BR,0,14,64,61,3,0.9531,266.59
Merchant_A,Adyen,PIX,BR,0,15,52,51,1,0.9808,267.71
Merchant_A,Adyen,PIX,BR,0,16,45,45,0,1.0,281.71
Merchant_A,Adyen,PIX,BR,0,17,50,49,1,0.98,289.59
Merchant_A,Adyen,PIX,BR,0,18,37,36,1,0.973,295.17
Merchant_A,Adyen,PIX,BR,0,19,46,44,2,0.9565,286.6
Merchant_A,Adyen,PIX,BR,0,20,26,25,1,0.9615,323.76
Merchant_A,Adyen,PIX,BR,0,21,19,18,1,0.9474,344.08
Merchant_A,Adyen,PIX,BR,0,22,5,5,0,1.0,301.61
Merchant_A,Adyen,PIX,BR,0,23,7,7,0,1.0,408.61
Merchant_A,Adyen,PIX,BR,1,0,6,6,0,1.0,343.52
Merchant_A,Adyen,PIX,BR,1,1,2,2,0,1.0,320.02
Merchant_A,Adyen,PIX,BR,1,2,2,2,0,1.0,337.28
Merchant_A,Adyen,PIX,BR,1,3,2,2,0,1.0,333.31
Merchant_A,Adyen,PIX,BR,1,4,4,4,0,1.0,91.68
Merchant_A,Adyen,PIX,BR,1,5,7,7,0,1.0,276.26
Merchant_A,Adyen,PIX,BR,1,6,10,10,0,1.0,323.24
Merchant_A,Adyen,PIX,BR,1,7,24,24,0,1.0,315.81
Merchant_A,Adyen,PIX,BR,1,8,24,23,1,0.9583,339.52
Merchant_A,Adyen,PIX,BR,1,9,64,60,4,0.9375,302.94
Merchant_A,Adyen,PIX,BR,1,10,84,78,6,0.9286,279.83
Merchant_A,Adyen,PIX,BR,1,11,71,64,7,0.9014,302.53
Merchant_A,Adyen,PIX,BR,1,12,72,70,2,0.9722,280.21
Merchant_A,Adyen,PIX,BR,1,13,79,78,1,0.9873,264.78
Merchant_A,Adyen,PIX,BR,1,14,59,54,5,0.9153,341.66
Merchant_A,Adyen,PIX,BR,1,15,54,51,3,0.9444,272.47
Merchant_A,Adyen,PIX,BR,1,16,56,53,3,0.9464,302.54
Merchant_A,Adyen,PIX,BR,1,17,61,57,4,0.9344,289.74
Merchant_A,Adyen,PIX,BR,1,18,48,45,3,0.9375,285.37
Merchant_A,Adyen,PIX,BR,1,19,39,35,4,0.8974,305.59
Merchant_A,Adyen,PIX,BR,1,20,34,31,3,0.9118,337.54
Merchant_A,Adyen,PIX,BR,1,21,17,14,3,0.8235,242.06
Merchant_A,Adyen,PIX,BR,1,22,12,10,2,0.8333,244.78
Merchant_A,Adyen,PIX,BR,1,23,13,13,0,1.0,255.56
Merchant_A,Adyen,PIX,BR,2,0,8,8,0,1.0,340.12
Merchant_A,Adyen,PIX,BR,2,1,4,4,0,1.0,391.59
Merchant_A,Adyen,PIX,BR,2,2,1,1,0,1.0,87.3
Merchant_A,Adyen,PIX,BR,2,3,2,2,0,1.0,380.64
Merchant_A,Adyen,PIX,BR,2,4,2,2,0,1.0,346.6
Merchant_A,Adyen,PIX,BR,2,5,7,7,0,1.0,345.23
Merchant_A,Adyen,PIX,BR,2,6,13,12,1,0.9231,346.59
Merchant_A,Adyen,PIX,BR,2,7,24,21,3,0.875,301.89
Merchant_A,Adyen,PIX,BR,2,8,55,52,3,0.9455,286.64
Merchant_A,Adyen,PIX,BR,2,9,73,70,3,0.9589,304.57
Merchant_A,Adyen,PIX,BR,2,10,59,56,3,0.9492,278.8
Merchant_A,Adyen,PIX,BR,2,11,82,75,7,0.9146,270.7
Merchant_A,Adyen,PIX,BR,2,12,83,80,3,0.9639,296.14
Merchant_A,Adyen,PIX,BR,2,13,75,74,1,0.9867,288.94
Merchant_A,Adyen,PIX,BR,2,14,61,55,6,0.9016,265.77
Merchant_A,Adyen,PIX,BR,2,15,52,48,4,0.9231,291.08
Merchant_A,Adyen,PIX,BR,2,16,62,57,5,0.9194,290.06
Merchant_A,Adyen,PIX,BR,2,17,66,63,3,0.9545,293.87
Merchant_A,Adyen,PIX,BR,2,18,65,63,2,0.9692,254.26
Merchant_A,Adyen,PIX,BR,2,19,43,42,1,0.9767,249.53
Merchant_A,Adyen,PIX,BR,2,20,27,26,1,0.963,278.83
Merchant_A,Adyen,PIX,BR,2,21,21,20,1,0.9524,279.13
Merchant_A,Adyen,PIX,BR,2,22,15,15,0,1.0,254.68
Merchant_A,Adyen,PIX,BR,2,23,2,2,0,1.0,329.46
Merchant_A,Adyen,PIX,BR,3,0,8,8,0,1.0,330.31
Merchant_A,Adyen,PIX,BR,3,1,5,5,0,1.0,367.54
Merchant_A,Adyen,PIX,BR,3,2,4,4,0,1.0,258.64
Merchant_A,Adyen,PIX,BR,3,3,2,2,0,1.0,405.61
Merchant_A,Adyen,PIX,BR,3,4,1,0,1,0.0,510.39
Merchant_A,Adyen,PIX,BR,3,5,5,5,0,1.0,269.14
Merchant_A,Adyen,PIX,BR,3,6,14,14,0,1.0,310.93
Merchant_A,Adyen,PIX,BR,3,7,26,24,2,0.9231,356.1
Merchant_A,Adyen,PIX,BR,3,8,32,30,2,0.9375,306.56
Merchant_A,Adyen,PIX,BR,3,9,56,53,3,0.9464,264.3
Merchant_A,Adyen,PIX,BR,3,10,58,54,4,0.931,312.66
Merchant_A,Adyen,PIX,BR,3,11,65,64,1,0.9846,292.43
Merchant_A,Adyen,PIX,BR,3,12,49,49,0,1.0,273.6
Merchant_A,Adyen,PIX,BR,3,13,72,67,5,0.9306,311.6
Merchant_A,Adyen,PIX,BR,3,14,47,46,1,0.9787,301.07
Merchant_A,Adyen,PIX,BR,3,15,60,59,1,0.9833,276.34
Merchant_A,Adyen,PIX,BR,3,16,42,42,0,1.0,275.81
Merchant_A,Adyen,PIX,BR,3,17,57,56,1,0.9825,311.34
Merchant_A,Adyen,PIX,BR,3,18,59,55,4,0.9322,281.37
Merchant_A,Adyen,PIX,BR,3,19,50,47,3,0.94,274.61
Merchant_A,Adyen,PIX,BR,3,20,27,27,0,1.0,302.95
Merchant_A,Adyen,PIX,BR,3,21,21,20,1,0.9524,317.98
Merchant_A,Adyen,PIX,BR,3,22,12,12,0,1.0,274.04
Merchant_A,Adyen,PIX,BR,3,23,5,4,1,0.8,267.46
Merchant_A,Adyen,PIX,BR,4,0,6,6,0,1.0,232.02
Merchant_A,Adyen,PIX,BR,4,1,6,6,0,1.0,196.26
Merchant_A,Adyen,PIX,BR,4,2,1,1,0,1.0,28.0
Merchant_A,Adyen,PIX,BR,4,3,4,4,0,1.0,312.74
Merchant_A,Adyen,PIX,BR,4,4,3,2,1,0.6667,277.06
Merchant_A,Adyen,PIX,BR,4,5,5,5,0,1.0,262.4
Merchant_A,Adyen,PIX,BR,4,6,11,10,1,0.9091,375.13
Merchant_A,Adyen,PIX,BR,4,7,28,26,2,0.9286,302.86
Merchant_A,Adyen,PIX,BR,4,8,38,35,3,0.9211,239.72
Merchant_A,Adyen,PIX,BR,4,9,68,64,4,0.9412,321.96
Merchant_A,Adyen,PIX,BR,4,10,50,49,1,0.98,296.09
Merchant_A,Adyen,PIX,BR,4,11,68,62,6,0.9118,279.79
Merchant_A,Adyen,PIX,BR,4,12,66,62,4,0.9394,278.05
Merchant_A,Adyen,PIX,BR,4,13,69,61,8,0.8841,266.43
Merchant_A,Adyen,PIX,BR,4,14,60,54,6,0.9,286.5
Merchant_A,Adyen,PIX,BR,4,15,62,61,1,0.9839,253.61
Merchant_A,Adyen,PIX,BR,4,16,47,44,3,0.9362,271.35
Merchant_A,Adyen,PIX,BR,4,17,54,52,2,0.963,308.36
Merchant_A,Adyen,PIX,BR,4,18,45,43,2,0.9556,304.61
Merchant_A,Adyen,PIX,BR,4,19,46,44,2,0.9565,266.93
Merchant_A,Adyen,PIX,BR,4,20,26,26,0,1.0,314.89
Merchant_A,Adyen,PIX,BR,4,21,18,18,0,1.0,284.82
Merchant_A,Adyen,PIX,BR,4,22,7,7,0,1.0,234.01
Merchant_A,Adyen,PIX,BR,4,23,8,8,0,1.0,225.45
Merchant_A,Adyen,PIX,BR,5,0,8,7,1,0.875,337.07
Merchant_A,Adyen,PIX,BR,5,1,2,2,0,1.0,243.88
Merchant_A,Adyen,PIX,BR,5,2,5,5,0,1.0,163.71
Merchant_A,Adyen,PIX,BR,5,3,1,1,0,1.0,370.43
Merchant_A,Adyen,PIX,BR,5,4,5,5,0,1.0,393.09
Merchant_A,Adyen,PIX,BR,5,5,2,2,0,1.0,223.86
Merchant_A,Adyen,PIX,BR,5,6,12,11,1,0.9167,326.99
Merchant_A,Adyen,PIX,BR,5,7,23,21,2,0.913,348.28
Merchant_A,Adyen,PIX,BR,5,8,40,37,3,0.925,308.22
Merchant_A,Adyen,PIX,BR,5,9,60,57,3,0.95,265.22
Merchant_A,Adyen,PIX,BR,5,10,118,112,6,0.9492,298.49
Merchant_A,Adyen,PIX,BR,5,11,71,69,2,0.9718,263.48
Merchant_A,Adyen,PIX,BR,5,12,53,50,3,0.9434,256.97
Merchant_A,Adyen,PIX,BR,5,13,57,50,7,0.8772,270.79
Merchant_A,Adyen,PIX,BR,5,14,54,52,2,0.963,273.29
Merchant_A,Adyen,PIX,BR,5,15,65,64,1,0.9846,261.32
Merchant_A,Adyen,PIX,BR,5,16,43,40,3,0.9302,298.59
Merchant_A,Adyen,PIX,BR,5,17,61,56,5,0.918,240.29
Merchant_A,Adyen,PIX,BR,5,18,51,50,1,0.9804,327.38
Merchant_A,Adyen,PIX,BR,5,19,35,33,2,0.9429,324.26
Merchant_A,Adyen,PIX,BR,5,20,24,23,1,0.9583,262.13
Merchant_A,Adyen,PIX,BR,5,21,12,11,1,0.9167,274.28
Merchant_A,Adyen,PIX,BR,5,22,10,9,1,0.9,393.22
Merchant_A,Adyen,PIX,BR,5,23,7,7,0,1.0,307.58
Merchant_A,Adyen,PIX,BR,6,0,9,9,0,1.0,282.41
Merchant_A,Adyen,PIX,BR,6,1,1,1,0,1.0,210.5
Merchant_A,Adyen,PIX,BR,6,2,5,5,0,1.0,363.21
Merchant_A,Adyen,PIX,BR,6,3,2,2,0,1.0,359.14
Merchant_A,Adyen,PIX,BR,6,4,3,3,0,1.0,287.0
Merchant_A,Adyen,PIX,BR,6,5,2,2,0,1.0,402.24
Merchant_A,Adyen,PIX,BR,6,6,16,14,2,0.875,304.65
Merchant_A,Adyen,PIX,BR,6,7,33,31,2,0.9394,368.4
Merchant_A,Adyen,PIX,BR,6,8,38,33,5,0.8684,276.75
Merchant_A,Adyen,PIX,BR,6,9,51,51,0,1.0,281.16
Merchant_A,Adyen,PIX,BR,6,10,58,53,5,0.9138,287.01
Merchant_A,Adyen,PIX,BR,6,11,54,50,4,0.9259,316.02
Merchant_A,Adyen,PIX,BR,6,12,67,59,8,0.8806,277.58
Merchant_A,Adyen,PIX,BR,6,13,60,56,4,0.9333,293.7
Merchant_A,Adyen,PIX,BR,6,14,58,52,6,0.8966,251.42
Merchant_A,Adyen,PIX,BR,6,15,55,54,1,0.9818,295.42
Merchant_A,Adyen,PIX,BR,6,16,47,46,1,0.9787,315.35
Merchant_A,Adyen,PIX,BR,6,17,51,48,3,0.9412,274.98
Merchant_A,Adyen,PIX,BR,6,18,40,39,1,0.975,291.81
Merchant_A,Adyen,PIX,BR,6,19,48,44,4,0.9167,301.91
Merchant_A,Adyen,PIX,BR,6,20,30,28,2,0.9333,277.55
Merchant_A,Adyen,PIX,BR,6,21,18,17,1,0.9444,290.12
Merchant_A,Adyen,PIX,BR,6,22,9,7,2,0.7778,286.29
Merchant_A,Adyen,PIX,BR,6,23,11,11,0,1.0,276.53
Merchant_A,Adyen,PSE,CO,0,0,6,5,1,0.8333,81019.16
Merchant_A,Adyen,PSE,CO,0,1,2,1,1,0.5,219921.18
Merchant_A,Adyen,PSE,CO,0,2,1,1,0,1.0,116977.83
Merchant_A,Adyen,PSE,CO,0,4,2,2,0,1.0,79538.78
Merchant_A,Adyen,PSE,CO,0,5,3,3,0,1.0,159561.47
Merchant_A,Adyen,PSE,CO,0,6,13,11,2,0.8462,98351.21
Merchant_A,Adyen,PSE,CO,0,7,35,28,7,0.8,122600.91
Merchant_A,Adyen,PSE,CO,0,8,45,40,5,0.8889,128284.37
Merchant_A,Adyen,PSE,CO,0,9,45,34,11,0.7556,110363.28
Merchant_A,Adyen,PSE,CO,0,10,60,56,4,0.9333,128796.42
Merchant_A,Adyen,PSE,CO,0,11,76,58,18,0.7632,116614.8
Merchant_A,Adyen,PSE,CO,0,12,66,60,6,0.9091,131025.35
Merchant_A,Adyen,PSE,CO,0,13,68,64,4,0.9412,125948.03
Merchant_A,Adyen,PSE,CO,0,14,55,53,2,0.9636,129663.88
Merchant_A,Adyen,PSE,CO,0,15,52,46,6,0.8846,133610.1
Merchant_A,Adyen,PSE,CO,0,16,53,48,5,0.9057,126281.03
Merchant_A,Adyen,PSE,CO,0,17,41,36,5,0.878,128234.48
Merchant_A,Adyen,PSE,CO,0,18,44,37,7,0.8409,107123.08
Merchant_A,Adyen,PSE,CO,0,19,33,27,6,0.8182,103668.35
Merchant_A,Adyen,PSE,CO,0,20,31,27,4,0.871,122110.41
Merchant_A,Adyen,PSE,CO,0,21,16,15,1,0.9375,106810.81
Merchant_A,Adyen,PSE,CO,0,22,9,9,0,1.0,115010.71
Merchant_A,Adyen,PSE,CO,0,23,5,4,1,0.8,136703.1
Merchant_A,Adyen,PSE,CO,1,0,5,5,0,1.0,75584.45
Merchant_A,Adyen,PSE,CO,1,1,4,4,0,1.0,136045.88
Merchant_A,Adyen,PSE,CO,1,2,4,4,0,1.0,88914.72
Merchant_A,Adyen,PSE,CO,1,3,2,1,1,0.5,122306.99
Merchant_A,Adyen,PSE,CO,1,4,3,3,0,1.0,135398.72
Merchant_A,Adyen,PSE,CO,1,5,8,8,0,1.0,102667.15
Merchant_A,Adyen,PSE,CO,1,6,13,12,1,0.9231,141871.25
Merchant_A,Adyen,PSE,CO,1,7,27,24,3,0.8889,130865.96
Merchant_A,Adyen,PSE,CO,1,8,32,29,3,0.9062,138601.65
Merchant_A,Adyen,PSE,CO,1,9,40,38,2,0.95,115751.41
Merchant_A,Adyen,PSE,CO,1,10,68,55,13,0.8088,111514.95
Merchant_A,Adyen,PSE,CO,1,11,70,62,8,0.8857,121273.75
Merchant_A,Adyen,PSE,CO,1,12,70,63,7,0.9,114119.92
Merchant_A,Adyen,PSE,CO,1,13,58,47,11,0.8103,130175.12
Merchant_A,Adyen,PSE,CO,1,14,51,41,10,0.8039,110975.57
Merchant_A,Adyen,PSE,CO,1,15,70,62,8,0.8857,123733.5
Merchant_A,Adyen,PSE,CO,1,16,53,45,8,0.8491,122860.43
Merchant_A,Adyen,PSE,CO,1,17,49,44,5,0.898,116166.34
Merchant_A,Adyen,PSE,CO,1,18,49,45,4,0.9184,121978.82
Merchant_A,Adyen,PSE,CO,1,19,41,38,3,0.9268,126240.71
Merchant_A,Adyen,PSE,CO,1,20,24,19,5,0.7917,131167.69
Merchant_A,Adyen,PSE,CO,1,21,17,15,2,0.8824,127909.5
Merchant_A,Adyen,PSE,CO,1,22,9,9,0,1.0,131047.56
Merchant_A,Adyen,PSE,CO,1,23,8,7,1,0.875,148983.42
Merchant_A,Adyen,PSE,CO,2,0,10,7,3,0.7,103584.65
Merchant_A,Adyen,PSE,CO,2,1,4,4,0,1.0,124719.28
Merchant_A,Adyen,PSE,CO,2,2,3,3,0,1.0,177585.91
Merchant_A,Adyen,PSE,CO,2,3,1,1,0,1.0,38463.51
Merchant_A,Adyen,PSE,CO,2,4,4,4,0,1.0,130630.96
Merchant_A,Adyen,PSE,CO,2,5,5,4,1,0.8,101329.65
Merchant_A,Adyen,PSE,CO,2,6,13,13,0,1.0,134515.85
Merchant_A,Adyen,PSE,CO,2,7,31,26,5,0.8387,117427.47
Merchant_A,Adyen,PSE,CO,2,8,40,36,4,0.9,126436.23
Merchant_A,Adyen,PSE,CO,2,9,61,54,7,0.8852,126954.72
Merchant_A,Adyen,PSE,CO,2,10,60,53,7,0.8833,130034.02
Merchant_A,Adyen,PSE,CO,2,11,70,59,11,0.8429,110852.59
Merchant_A,Adyen,PSE,CO,2,12,64,60,4,0.9375,126951.38
Merchant_A,Adyen,PSE,CO,2,13,70,64,6,0.9143,137070.19
Merchant_A,Adyen,PSE,CO,2,14,74,66,8,0.8919,122286.32
Merchant_A,Adyen,PSE,CO,2,15,60,52,8,0.8667,122361.99
Merchant_A,Adyen,PSE,CO,2,16,59,49,10,0.8305,120019.31
Merchant_A,Adyen,PSE,CO,2,17,67,54,13,0.806,127430.51
Merchant_A,Adyen,PSE,CO,2,18,49,42,7,0.8571,110474.96
Merchant_A,Adyen,PSE,CO,2,19,41,33,8,0.8049,114188.06
Merchant_A,Adyen,PSE,CO,2,20,29,22,7,0.7586,127137.48
Merchant_A,Adyen,PSE,CO,2,21,19,17,2,0.8947,117282.92
Merchant_A,Adyen,PSE,CO,2,22,13,12,1,0.9231,95882.04
Merchant_A,Adyen,PSE,CO,2,23,4,4,0,1.0,123738.06
Merchant_A,Adyen,PSE,CO,3,0,8,6,2,0.75,133831.16
Merchant_A,Adyen,PSE,CO,3,1,4,4,0,1.0,121017.69
Merchant_A,Adyen,PSE,CO,3,2,3,3,0,1.0,105986.34
Merchant_A,Adyen,PSE,CO,3,4,2,2,0,1.0,112593.32
Merchant_A,Adyen,PSE,CO,3,5,1,1,0,1.0,225302.75
Merchant_A,Adyen,PSE,CO,3,6,16,13,3,0.8125,123061.84
Merchant_A,Adyen,PSE,CO,3,7,25,23,2,0.92,131514.18
Merchant_A,Adyen,PSE,CO,3,8,37,35,2,0.9459,116826.7
Merchant_A,Adyen,PSE,CO,3,9,48,39,9,0.8125,120889.92
Merchant_A,Adyen,PSE,CO,3,10,65,55,10,0.8462,113299.25
Merchant_A,Adyen,PSE,CO,3,11,65,58,7,0.8923,116547.61
Merchant_A,Adyen,PSE,CO,3,12,70,60,10,0.8571,123910.81
Merchant_A,Adyen,PSE,CO,3,13,66,57,9,0.8636,128456.34
Merchant_A,Adyen,PSE,CO,3,14,67,59,8,0.8806,108243.1
Merchant_A,Adyen,PSE,CO,3,15,65,58,7,0.8923,143756.65
Merchant_A,Adyen,PSE,CO,3,16,64,55,9,0.8594,123417.8
Merchant_A,Adyen,PSE,CO,3,17,62,57,5,0.9194,129339.33
Merchant_A,Adyen,PSE,CO,3,18,52,49,3,0.9423,134041.01
Merchant_A,Adyen,PSE,CO,3,19,38,33,5,0.8684,109794.54
Merchant_A,Adyen,PSE,CO,3,20,26,23,3,0.8846,108231.49
Merchant_A,Adyen,PSE,CO,3,21,14,12,2,0.8571,100195.84
Merchant_A,Adyen,PSE,CO,3,22,14,11,3,0.7857,135313.16
Merchant_A,Adyen,PSE,CO,3,23,7,6,1,0.8571,110467.81
Merchant_A,Adyen,PSE,CO,4,0,9,6,3,0.6667,127805.39
Merchant_A,Adyen,PSE,CO,4,1,3,3,0,1.0,102438.73
Merchant_A,Adyen,PSE,CO,4,2,2,2,0,1.0,113833.22
Merchant_A,Adyen,PSE,CO,4,3,1,1,0,1.0,83645.9
Merchant_A,Adyen,PSE,CO,4,4,4,4,0,1.0,88116.86
Merchant_A,Adyen,PSE,CO,4,5,7,5,2,0.7143,86304.79
Merchant_A,Adyen,PSE,CO,4,6,14,13,1,0.9286,127495.92
Merchant_A,Adyen,PSE,CO,4,7,33,29,4,0.8788,148483.14
Merchant_A,Adyen,PSE,CO,4,8,47,40,7,0.8511,122069.14
Merchant_A,Adyen,PSE,CO,4,9,69,60,9,0.8696,112853.51
Merchant_A,Adyen,PSE,CO,4,10,57,48,9,0.8421,124827.95
Merchant_A,Adyen,PSE,CO,4,11,61,49,12,0.8033,128010.94
Merchant_A,Adyen,PSE,CO,4,12,76,63,13,0.8289,113083.49
Merchant_A,Adyen,PSE,CO,4,13,66,60,6,0.9091,126343.01
Merchant_A,Adyen,PSE,CO,4,14,69,58,11,0.8406,135304.38
Merchant_A,Adyen,PSE,CO,4,15,61,55,6,0.9016,117763.82
Merchant_A,Adyen,PSE,CO,4,16,66,60,6,0.9091,128599.34
Merchant_A,Adyen,PSE,CO,4,17,55,50,5,0.9091,105904.76
Merchant_A,Adyen,PSE,CO,4,18,50,46,4,0.92,123526.85
Merchant_A,Adyen,PSE,CO,4,19,38,34,4,0.8947,125255.07
Merchant_A,Adyen,PSE,CO,4,20,26,23,3,0.8846,105456.01
Merchant_A,Adyen,PSE,CO,4,21,17,11,6,0.6471,130731.33
Merchant_A,Adyen,PSE,CO,4,22,14,13,1,0.9286,94004.55
Merchant_A,Adyen,PSE,CO,4,23,4,4,0,1.0,79371.93
Merchant_A,Adyen,PSE,CO,5,0,12,9,3,0.75,145114.63
Merchant_A,Adyen,PSE,CO,5,1,4,4,0,1.0,108829.61
Merchant_A,Adyen,PSE,CO,5,2,3,2,1,0.6667,100851.44
Merchant_A,Adyen,PSE,CO,5,3,4,4,0,1.0,106133.94
Merchant_A,Adyen,PSE,CO,5,4,1,1,0,1.0,180624.1
Merchant_A,Adyen,PSE,CO,5,5,6,6,0,1.0,107073.42
Merchant_A,Adyen,PSE,CO,5,6,13,9,4,0.6923,139243.03
Merchant_A,Adyen,PSE,CO,5,7,22,20,2,0.9091,115840.41
Merchant_A,Adyen,PSE,CO,5,8,41,35,6,0.8537,111196.85
Merchant_A,Adyen,PSE,CO,5,9,42,36,6,0.8571,133618.5
Merchant_A,Adyen,PSE,CO,5,10,129,110,19,0.8527,126394.07
Merchant_A,Adyen,PSE,CO,5,11,55,41,14,0.7455,124881.52
Merchant_A,Adyen,PSE,CO,5,12,68,57,11,0.8382,134622.71
Merchant_A,Adyen,PSE,CO,5,13,58,47,11,0.8103,123619.27
Merchant_A,Adyen,PSE,CO,5,14,48,37,11,0.7708,125540.42
Merchant_A,Adyen,PSE,CO,5,15,54,52,2,0.963,107045.39
Merchant_A,Adyen,PSE,CO,5,16,57,46,11,0.807,120092.19
Merchant_A,Adyen,PSE,CO,5,17,44,33,11,0.75,134854.54
Merchant_A,Adyen,PSE,CO,5,18,46,40,6,0.8696,131096.57
Merchant_A,Adyen,PSE,CO,5,19,42,38,4,0.9048,121304.79
Merchant_A,Adyen,PSE,CO,5,20,33,30,3,0.9091,109427.64
Merchant_A,Adyen,PSE,CO,5,21,10,7,3,0.7,114382.98
Merchant_A,Adyen,PSE,CO,5,22,14,12,2,0.8571,120363.82
Merchant_A,Adyen,PSE,CO,5,23,7,5,2,0.7143,94748.23
Merchant_A,Adyen,PSE,CO,6,0,12,11,1,0.9167,162869.74
Merchant_A,Adyen,PSE,CO,6,1,7,7,0,1.0,94413.0
Merchant_A,Adyen,PSE,CO,6,2,1,1,0,1.0,76180.0
Merchant_A,Adyen,PSE,CO,6,3,1,1,0,1.0,187033.49
Merchant_A,Adyen,PSE,CO,6,5,3,3,0,1.0,117965.97
Merchant_A,Adyen,PSE,CO,6,6,13,11,2,0.8462,114146.24
Merchant_A,Adyen,PSE,CO,6,7,24,23,1,0.9583,100765.45
Merchant_A,Adyen,PSE,CO,6,8,34,30,4,0.8824,104860.52
Merchant_A,Adyen,PSE,CO,6,9,59,49,10,0.8305,124056.72
Merchant_A,Adyen,PSE,CO,6,10,62,56,6,0.9032,116864.52
Merchant_A,Adyen,PSE,CO,6,11,50,48,2,0.96,115144.33
Merchant_A,Adyen,PSE,CO,6,12,71,65,6,0.9155,116857.71
Merchant_A,Adyen,PSE,CO,6,13,59,50,9,0.8475,120273.96
Merchant_A,Adyen,PSE,CO,6,14,66,58,8,0.8788,124943.52
Merchant_A,Adyen,PSE,CO,6,15,56,43,13,0.7679,128180.05
Merchant_A,Adyen,PSE,CO,6,16,47,45,2,0.9574,124873.38
Merchant_A,Adyen,PSE,CO,6,17,52,44,8,0.8462,121819.27
Merchant_A,Adyen,PSE,CO,6,18,46,43,3,0.9348,133565.94
Merchant_A,Adyen,PSE,CO,6,19,33,29,4,0.8788,113120.23
Merchant_A,Adyen,PSE,CO,6,20,24,18,6,0.75,109205.19
Merchant_A,Adyen,PSE,CO,6,21,13,12,1,0.9231,133147.15
Merchant_A,Adyen,PSE,CO,6,22,14,12,2,0.8571,116765.68
Merchant_A,Adyen,PSE,CO,6,23,8,7,1,0.875,113548.12
Merchant_A,Adyen,card,BR,0,0,9,6,3,0.6667,397.55
Merchant_A,Adyen,card,BR,0,1,3,1,2,0.3333,177.77
Merchant_A,Adyen,card,BR,0,2,1,1,0,1.0,161.41
Merchant_A,Adyen,card,BR,0,3,4,4,0,1.0,329.52
Merchant_A,Adyen,card,BR,0,4,2,2,0,1.0,407.88
Merchant_A,Adyen,card,BR,0,5,3,3,0,1.0,136.15
Merchant_A,Adyen,card,BR,0,6,16,15,1,0.9375,307.36
Merchant_A,Adyen,card,BR,0,7,30,25,5,0.8333,285.83
Merchant_A,Adyen,card,BR,0,8,40,36,4,0.9,309.44
Merchant_A,Adyen,card,BR,0,9,50,48,2,0.96,254.31
Merchant_A,Adyen,card,BR,0,10,63,54,9,0.8571,306.2
Merchant_A,Adyen,card,BR,0,11,66,60,6,0.9091,314.4
Merchant_A,Adyen,card,BR,0,12,79,73,6,0.9241,241.57
Merchant_A,Adyen,card,BR,0,13,62,55,7,0.8871,318.3
Merchant_A,Adyen,card,BR,0,14,45,44,1,0.9778,272.44
Merchant_A,Adyen,card,BR,0,15,60,56,4,0.9333,290.65
Merchant_A,Adyen,card,BR,0,16,42,40,2,0.9524,249.04
Merchant_A,Adyen,card,BR,0,17,55,51,4,0.9273,293.73
Merchant_A,Adyen,card,BR,0,18,42,37,5,0.881,316.56
Merchant_A,Adyen,card,BR,0,19,37,35,2,0.9459,285.4
Merchant_A,Adyen,card,BR,0,20,27,24,3,0.8889,280.89
Merchant_A,Adyen,card,BR,0,21,15,12,3,0.8,268.9
Merchant_A,Adyen,card,BR,0,22,5,5,0,1.0,314.86
Merchant_A,Adyen,card,BR,0,23,5,5,0,1.0,302.81
Merchant_A,Adyen,card,BR,1,0,5,5,0,1.0,242.92
Merchant_A,Adyen,card,BR,1,1,1,1,0,1.0,283.54
Merchant_A,Adyen,card,BR,1,2,4,4,0,1.0,283.18
Merchant_A,Adyen,card,BR,1,3,3,2,1,0.6667,207.28
Merchant_A,Adyen,card,BR,1,4,3,3,0,1.0,299.43
Merchant_A,Adyen,card,BR,1,5,8,7,1,0.875,272.04
Merchant_A,Adyen,card,BR,1,6,12,11,1,0.9167,266.79
Merchant_A,Adyen,card,BR,1,7,31,29,2,0.9355,305.05
Merchant_A,Adyen,card,BR,1,8,39,37,2,0.9487,277.16
Merchant_A,Adyen,card,BR,1,9,53,50,3,0.9434,301.47
Merchant_A,Adyen,card,BR,1,10,96,87,9,0.9062,260.15
Merchant_A,Adyen,card,BR,1,11,65,59,6,0.9077,290.88
Merchant_A,Adyen,card,BR,1,12,84,79,5,0.9405,303.76
Merchant_A,Adyen,card,BR,1,13,60,56,4,0.9333,280.54
Merchant_A,Adyen,card,BR,1,14,66,63,3,0.9545,284.15
Merchant_A,Adyen,card,BR,1,15,47,42,5,0.8936,282.7
Merchant_A,Adyen,card,BR,1,16,59,55,4,0.9322,265.42
Merchant_A,Adyen,card,BR,1,17,38,37,1,0.9737,246.46
Merchant_A,Adyen,card,BR,1,18,57,50,7,0.8772,263.18
Merchant_A,Adyen,card,BR,1,19,39,38,1,0.9744,279.54
Merchant_A,Adyen,card,BR,1,20,21,19,2,0.9048,307.48
Merchant_A,Adyen,card,BR,1,21,16,16,0,1.0,292.28
Merchant_A,Adyen,card,BR,1,22,10,10,0,1.0,308.53
Merchant_A,Adyen,card,BR,1,23,4,4,0,1.0,364.47
Merchant_A,Adyen,card,BR,2,0,9,8,1,0.8889,305.79
Merchant_A,Adyen,card,BR,2,1,1,1,0,1.0,244.8
Merchant_A,Adyen,card,BR,2,2,5,5,0,1.0,328.2
Merchant_A,Adyen,card,BR,2,3,2,1,1,0.5,192.58
Merchant_A,Adyen,card,BR,2,4,2,1,1,0.5,307.34
Merchant_A,Adyen,card,BR,2,5,3,3,0,1.0,239.1
Merchant_A,Adyen,card,BR,2,6,13,13,0,1.0,266.22
Merchant_A,Adyen,card,BR,2,7,25,23,2,0.92,296.67
Merchant_A,Adyen,card,BR,2,8,26,25,1,0.9615,368.08
Merchant_A,Adyen,card,BR,2,9,60,56,4,0.9333,283.11
Merchant_A,Adyen,card,BR,2,10,65,60,5,0.9231,279.26
Merchant_A,Adyen,card,BR,2,11,69,64,5,0.9275,309.12
Merchant_A,Adyen,card,BR,2,12,72,67,5,0.9306,313.9
Merchant_A,Adyen,card,BR,2,13,75,68,7,0.9067,258.01
Merchant_A,Adyen,card,BR,2,14,59,54,5,0.9153,273.95
Merchant_A,Adyen,card,BR,2,15,52,46,6,0.8846,301.68
Merchant_A,Adyen,card,BR,2,16,55,49,6,0.8909,289.17
Merchant_A,Adyen,card,BR,2,17,67,61,6,0.9104,272.23
Merchant_A,Adyen,card,BR,2,18,52,48,4,0.9231,289.81
Merchant_A,Adyen,card,BR,2,19,33,31,2,0.9394,272.71
Merchant_A,Adyen,card,BR,2,20,30,29,1,0.9667,291.21
Merchant_A,Adyen,card,BR,2,21,19,19,0,1.0,309.69
Merchant_A,Adyen,card,BR,2,22,7,7,0,1.0,294.67
Merchant_A,Adyen,card,BR,2,23,9,8,1,0.8889,234.95
Merchant_A,Adyen,card,BR,3,0,7,7,0,1.0,272.54
Merchant_A,Adyen,card,BR,3,1,3,2,1,0.6667,355.57
Merchant_A,Adyen,card,BR,3,2,2,2,0,1.0,513.42
Merchant_A,Adyen,card,BR,3,3,3,3,0,1.0,194.01
Merchant_A,Adyen,card,BR,3,4,1,1,0,1.0,333.88
Merchant_A,Adyen,card,BR,3,5,8,7,1,0.875,310.95
Merchant_A,Adyen,card,BR,3,6,13,11,2,0.8462,299.1
Merchant_A,Adyen,card,BR,3,7,30,24,6,0.8,327.98
Merchant_A,Adyen,card,BR,3,8,49,46,3,0.9388,288.88
Merchant_A,Adyen,card,BR,3,9,47,43,4,0.9149,256.84
Merchant_A,Adyen,card,BR,3,10,47,42,5,0.8936,280.53
Merchant_A,Adyen,card,BR,3,11,74,67,7,0.9054,290.45
Merchant_A,Adyen,card,BR,3,12,77,75,2,0.974,268.12
Merchant_A,Adyen,card,BR,3,13,72,63,9,0.875,284.55
Merchant_A,Adyen,card,BR,3,14,62,54,8,0.871,267.16
Merchant_A,Adyen,card,BR,3,15,57,55,2,0.9649,301.97
Merchant_A,Adyen,card,BR,3,16,49,46,3,0.9388,306.29
Merchant_A,Adyen,card,BR,3,17,51,48,3,0.9412,308.2
Merchant_A,Adyen,card,BR,3,18,49,45,4,0.9184,263.85
Merchant_A,Adyen,card,BR,3,19,41,35,6,0.8537,268.62
Merchant_A,Adyen,card,BR,3,20,32,31,1,0.9688,277.77
Merchant_A,Adyen,card,BR,3,21,19,17,2,0.8947,294.6
Merchant_A,Adyen,card,BR,3,22,9,9,0,1.0,327.64
Merchant_A,Adyen,card,BR,3,23,3,3,0,1.0,145.43
Merchant_A,Adyen,card,BR,4,0,4,3,1,0.75,151.07
Merchant_A,Adyen,card,BR,4,1,6,5,1,0.8333,292.58
Merchant_A,Adyen,card,BR,4,4,3,3,0,1.0,299.12
Merchant_A,Adyen,card,BR,4,5,1,1,0,1.0,528.35
Merchant_A,Adyen,card,BR,4,6,18,15,3,0.8333,293.36
Merchant_A,Adyen,card,BR,4,7,27,27,0,1.0,262.7
Merchant_A,Adyen,card,BR,4,8,42,41,1,0.9762,288.61
Merchant_A,Adyen,card,BR,4,9,54,50,4,0.9259,260.16
Merchant_A,Adyen,card,BR,4,10,73,69,4,0.9452,286.27
Merchant_A,Adyen,card,BR,4,11,69,62,7,0.8986,270.39
Merchant_A,Adyen,card,BR,4,12,63,55,8,0.873,294.08
Merchant_A,Adyen,card,BR,4,13,50,46,4,0.92,258.62
Merchant_A,Adyen,card,BR,4,14,65,63,2,0.9692,292.68
Merchant_A,Adyen,card,BR,4,15,53,44,9,0.8302,312.03
Merchant_A,Adyen,card,BR,4,16,61,56,5,0.918,286.7
Merchant_A,Adyen,card,BR,4,17,49,45,4,0.9184,290.98
Merchant_A,Adyen,card,BR,4,18,44,38,6,0.8636,266.89
Merchant_A,Adyen,card,BR,4,19,43,39,4,0.907,276.31
Merchant_A,Adyen,card,BR,4,20,30,26,4,0.8667,284.51
Merchant_A,Adyen,card,BR,4,21,20,19,1,0.95,291.27
Merchant_A,Adyen,card,BR,4,22,10,10,0,1.0,316.41
Merchant_A,Adyen,card,BR,4,23,5,5,0,1.0,204.01
Merchant_A,Adyen,card,BR,5,0,9,9,0,1.0,214.6
Merchant_A,Adyen,card,BR,5,1,4,4,0,1.0,328.76
Merchant_A,Adyen,card,BR,5,2,1,1,0,1.0,138.17
Merchant_A,Adyen,card,BR,5,4,1,1,0,1.0,419.33
Merchant_A,Adyen,card,BR,5,5,2,2,0,1.0,254.28
Merchant_A,Adyen,card,BR,5,6,9,9,0,1.0,339.47
Merchant_A,Adyen,card,BR,5,7,21,19,2,0.9048,263.55
Merchant_A,Adyen,card,BR,5,8,39,38,1,0.9744,299.81
Merchant_A,Adyen,card,BR,5,9,60,54,6,0.9,313.94
Merchant_A,Adyen,card,BR,5,10,133,123,10,0.9248,262.6
Merchant_A,Adyen,card,BR,5,11,76,72,4,0.9474,265.23
Merchant_A,Adyen,card,BR,5,12,66,55,11,0.8333,251.06
Merchant_A,Adyen,card,BR,5,13,59,57,2,0.9661,295.47
Merchant_A,Adyen,card,BR,5,14,48,42,6,0.875,298.13
Merchant_A,Adyen,card,BR,5,15,60,59,1,0.9833,263.18
Merchant_A,Adyen,card,BR,5,16,42,39,3,0.9286,280.93
Merchant_A,Adyen,card,BR,5,17,51,45,6,0.8824,243.96
Merchant_A,Adyen,card,BR,5,18,41,38,3,0.9268,306.4
Merchant_A,Adyen,card,BR,5,19,32,29,3,0.9062,310.25
Merchant_A,Adyen,card,BR,5,20,29,26,3,0.8966,280.82
Merchant_A,Adyen,card,BR,5,21,20,17,3,0.85,261.99
Merchant_A,Adyen,card,BR,5,22,5,5,0,1.0,180.24
Merchant_A,Adyen,card,BR,5,23,6,5,1,0.8333,302.4
Merchant_A,Adyen,card,BR,6,0,10,7,3,0.7,274.76
Merchant_A,Adyen,card,BR,6,1,7,5,2,0.7143,277.29
Merchant_A,Adyen,card,BR,6,2,3,3,0,1.0,332.82
Merchant_A,Adyen,card,BR,6,3,2,2,0,1.0,96.7
Merchant_A,Adyen,card,BR,6,4,1,1,0,1.0,326.99
Merchant_A,Adyen,card,BR,6,5,4,3,1,0.75,139.99
Merchant_A,Adyen,card,BR,6,6,10,9,1,0.9,314.06
Merchant_A,Adyen,card,BR,6,7,20,20,0,1.0,261.94
Merchant_A,Adyen,card,BR,6,8,35,31,4,0.8857,266.24
Merchant_A,Adyen,card,BR,6,9,40,36,4,0.9,331.14
Merchant_A,Adyen,card,BR,6,10,53,49,4,0.9245,308.84
Merchant_A,Adyen,card,BR,6,11,68,62,6,0.9118,290.09
Merchant_A,Adyen,card,BR,6,12,72,69,3,0.9583,281.09
Merchant_A,Adyen,card,BR,6,13,69,66,3,0.9565,240.0
Merchant_A,Adyen,card,BR,6,14,66,61,5,0.9242,264.66
Merchant_A,Adyen,card,BR,6,15,62,57,5,0.9194,285.37
Merchant_A,Adyen,card,BR,6,16,52,48,4,0.9231,279.63
Merchant_A,Adyen,card,BR,6,17,46,42,4,0.913,278.01
Merchant_A,Adyen,card,BR,6,18,49,45,4,0.9184,262.17
Merchant_A,Adyen,card,BR,6,19,35,31,4,0.8857,249.11
Merchant_A,Adyen,card,BR,6,20,22,20,2,0.9091,308.44
Merchant_A,Adyen,card,BR,6,21,9,9,0,1.0,315.62
Merchant_A,Adyen,card,BR,6,22,7,6,1,0.8571,288.59
Merchant_A,Adyen,card,BR,6,23,8,8,0,1.0,311.7
Merchant_A,Adyen,card,CO,0,0,6,6,0,1.0,105422.99
Merchant_A,Adyen,card,CO,0,1,2,2,0,1.0,119150.84
Merchant_A,Adyen,card,CO,0,2,3,2,1,0.6667,130787.52
Merchant_A,Adyen,card,CO,0,3,1,1,0,1.0,169132.14
Merchant_A,Adyen,card,CO,0,4,3,3,0,1.0,68846.03
Merchant_A,Adyen,card,CO,0,5,5,4,1,0.8,103366.91
Merchant_A,Adyen,card,CO,0,6,11,10,1,0.9091,129599.66
Merchant_A,Adyen,card,CO,0,7,31,30,1,0.9677,116333.13
Merchant_A,Adyen,card,CO,0,8,33,29,4,0.8788,119234.6
Merchant_A,Adyen,card,CO,0,9,55,50,5,0.9091,124162.98
Merchant_A,Adyen,card,CO,0,10,58,53,5,0.9138,122034.91
Merchant_A,Adyen,card,CO,0,11,73,62,11,0.8493,113606.99
Merchant_A,Adyen,card,CO,0,12,64,60,4,0.9375,120652.13
Merchant_A,Adyen,card,CO,0,13,63,54,9,0.8571,106441.64
Merchant_A,Adyen,card,CO,0,14,57,53,4,0.9298,123986.81
Merchant_A,Adyen,card,CO,0,15,49,47,2,0.9592,109666.19
Merchant_A,Adyen,card,CO,0,16,39,33,6,0.8462,123590.3
Merchant_A,Adyen,card,CO,0,17,53,49,4,0.9245,127358.22
Merchant_A,Adyen,card,CO,0,18,33,29,4,0.8788,124593.18
Merchant_A,Adyen,card,CO,0,19,30,27,3,0.9,128772.96
Merchant_A,Adyen,card,CO,0,20,20,18,2,0.9,117128.08
Merchant_A,Adyen,card,CO,0,21,16,11,5,0.6875,117708.44
Merchant_A,Adyen,card,CO,0,22,4,4,0,1.0,158903.69
Merchant_A,Adyen,card,CO,0,23,4,4,0,1.0,133293.45
Merchant_A,Adyen,card,CO,1,0,10,10,0,1.0,124060.89
Merchant_A,Adyen,card,CO,1,1,1,1,0,1.0,121861.04
Merchant_A,Adyen,card,CO,1,2,4,4,0,1.0,137665.23
Merchant_A,Adyen,card,CO,1,3,2,1,1,0.5,115972.82
Merchant_A,Adyen,card,CO,1,4,3,3,0,1.0,137125.05
Merchant_A,Adyen,card,CO,1,5,6,6,0,1.0,150248.59
Merchant_A,Adyen,card,CO,1,6,13,12,1,0.9231,149732.45
Merchant_A,Adyen,card,CO,1,7,25,25,0,1.0,127420.72
Merchant_A,Adyen,card,CO,1,8,41,37,4,0.9024,117395.57
Merchant_A,Adyen,card,CO,1,9,55,47,8,0.8545,143689.93
Merchant_A,Adyen,card,CO,1,10,74,70,4,0.9459,135763.01
Merchant_A,Adyen,card,CO,1,11,63,56,7,0.8889,124360.13
Merchant_A,Adyen,card,CO,1,12,78,69,9,0.8846,138487.44
Merchant_A,Adyen,card,CO,1,13,66,58,8,0.8788,129546.76
Merchant_A,Adyen,card,CO,1,14,70,60,10,0.8571,109624.55
Merchant_A,Adyen,card,CO,1,15,79,69,10,0.8734,124709.96
Merchant_A,Adyen,card,CO,1,16,56,55,1,0.9821,115931.04
Merchant_A,Adyen,card,CO,1,17,47,43,4,0.9149,111497.36
Merchant_A,Adyen,card,CO,1,18,51,49,2,0.9608,109950.02
Merchant_A,Adyen,card,CO,1,19,39,35,4,0.8974,123211.19
Merchant_A,Adyen,card,CO,1,20,27,23,4,0.8519,126264.54
Merchant_A,Adyen,card,CO,1,21,20,20,0,1.0,144238.41
Merchant_A,Adyen,card,CO,1,22,11,9,2,0.8182,133704.24
Merchant_A,Adyen,card,CO,1,23,6,6,0,1.0,165675.6
Merchant_A,Adyen,card,CO,2,0,5,5,0,1.0,150799.63
Merchant_A,Adyen,card,CO,2,1,2,2,0,1.0,55568.06
Merchant_A,Adyen,card,CO,2,2,5,5,0,1.0,124410.59
Merchant_A,Adyen,card,CO,2,3,2,2,0,1.0,117846.16
Merchant_A,Adyen,card,CO,2,4,3,2,1,0.6667,35147.59
Merchant_A,Adyen,card,CO,2,5,5,4,1,0.8,97063.13
Merchant_A,Adyen,card,CO,2,6,20,19,1,0.95,119288.5
Merchant_A,Adyen,card,CO,2,7,26,24,2,0.9231,134496.89
Merchant_A,Adyen,card,CO,2,8,35,32,3,0.9143,128513.59
Merchant_A,Adyen,card,CO,2,9,56,49,7,0.875,129792.84
Merchant_A,Adyen,card,CO,2,10,56,54,2,0.9643,107392.77
Merchant_A,Adyen,card,CO,2,11,66,63,3,0.9545,107097.47
Merchant_A,Adyen,card,CO,2,12,73,66,7,0.9041,123155.53
Merchant_A,Adyen,card,CO,2,13,78,67,11,0.859,125089.53
Merchant_A,Adyen,card,CO,2,14,67,61,6,0.9104,136399.98
Merchant_A,Adyen,card,CO,2,15,67,60,7,0.8955,126366.16
Merchant_A,Adyen,card,CO,2,16,54,47,7,0.8704,136378.64
Merchant_A,Adyen,card,CO,2,17,56,47,9,0.8393,136155.41
Merchant_A,Adyen,card,CO,2,18,56,53,3,0.9464,119321.24
Merchant_A,Adyen,card,CO,2,19,61,53,8,0.8689,104501.82
Merchant_A,Adyen,card,CO,2,20,18,17,1,0.9444,126741.79
Merchant_A,Adyen,card,CO,2,21,19,16,3,0.8421,120420.51
Merchant_A,Adyen,card,CO,2,22,8,8,0,1.0,136030.27
Merchant_A,Adyen,card,CO,2,23,9,5,4,0.5556,97463.59
Merchant_A,Adyen,card,CO,3,0,4,3,1,0.75,113027.39
Merchant_A,Adyen,card,CO,3,1,3,2,1,0.6667,128793.05
Merchant_A,Adyen,card,CO,3,2,4,4,0,1.0,142113.79
Merchant_A,Adyen,card,CO,3,3,6,5,1,0.8333,133032.55
Merchant_A,Adyen,card,CO,3,4,5,5,0,1.0,143967.72
Merchant_A,Adyen,card,CO,3,5,4,3,1,0.75,187038.54
Merchant_A,Adyen,card,CO,3,6,18,17,1,0.9444,123434.04
Merchant_A,Adyen,card,CO,3,7,26,26,0,1.0,142613.28
Merchant_A,Adyen,card,CO,3,8,52,48,4,0.9231,116723.23
Merchant_A,Adyen,card,CO,3,9,61,57,4,0.9344,112234.54
Merchant_A,Adyen,card,CO,3,10,66,57,9,0.8636,128294.57
Merchant_A,Adyen,card,CO,3,11,74,71,3,0.9595,127634.55
Merchant_A,Adyen,card,CO,3,12,71,66,5,0.9296,125277.54
Merchant_A,Adyen,card,CO,3,13,66,57,9,0.8636,126754.2
Merchant_A,Adyen,card,CO,3,14,65,63,2,0.9692,120764.73
Merchant_A,Adyen,card,CO,3,15,64,58,6,0.9062,137452.86
Merchant_A,Adyen,card,CO,3,16,51,46,5,0.902,123064.15
Merchant_A,Adyen,card,CO,3,17,67,62,5,0.9254,119379.39
Merchant_A,Adyen,card,CO,3,18,37,35,2,0.9459,130578.11
Merchant_A,Adyen,card,CO,3,19,56,53,3,0.9464,112002.21
Merchant_A,Adyen,card,CO,3,20,33,30,3,0.9091,129248.56
Merchant_A,Adyen,card,CO,3,21,20,17,3,0.85,105027.84
Merchant_A,Adyen,card,CO,3,22,10,9,1,0.9,107771.34
Merchant_A,Adyen,card,CO,3,23,6,6,0,1.0,136385.29
Merchant_A,Adyen,card,CO,4,0,8,5,3,0.625,155394.38
Merchant_A,Adyen,card,CO,4,1,5,4,1,0.8,105946.82
Merchant_A,Adyen,card,CO,4,2,1,1,0,1.0,56367.7
Merchant_A,Adyen,card,CO,4,3,1,1,0,1.0,112992.96
Merchant_A,Adyen,card,CO,4,4,4,4,0,1.0,142834.87
Merchant_A,Adyen,card,CO,4,5,8,7,1,0.875,99722.42
Merchant_A,Adyen,card,CO,4,6,11,11,0,1.0,104465.25
Merchant_A,Adyen,card,CO,4,7,18,17,1,0.9444,105418.39
Merchant_A,Adyen,card,CO,4,8,50,44,6,0.88,123508.54
Merchant_A,Adyen,card,CO,4,9,41,37,4,0.9024,136469.58
Merchant_A,Adyen,card,CO,4,10,63,60,3,0.9524,118510.16
Merchant_A,Adyen,card,CO,4,11,81,72,9,0.8889,125854.77
Merchant_A,Adyen,card,CO,4,12,70,63,7,0.9,118942.13
Merchant_A,Adyen,card,CO,4,13,65,63,2,0.9692,112131.94
Merchant_A,Adyen,card,CO,4,14,63,58,5,0.9206,136368.67
Merchant_A,Adyen,card,CO,4,15,58,52,6,0.8966,119633.37
Merchant_A,Adyen,card,CO,4,16,66,56,10,0.8485,120817.64
Merchant_A,Adyen,card,CO,4,17,49,45,4,0.9184,115931.01
Merchant_A,Adyen,card,CO,4,18,45,42,3,0.9333,120814.99
Merchant_A,Adyen,card,CO,4,19,46,42,4,0.913,113190.19
Merchant_A,Adyen,card,CO,4,20,34,32,2,0.9412,111934.38
Merchant_A,Adyen,card,CO,4,21,12,10,2,0.8333,103699.59
Merchant_A,Adyen,card,CO,4,22,11,11,0,1.0,148137.08
Merchant_A,Adyen,card,CO,4,23,9,8,1,0.8889,133403.76
Merchant_A,Adyen,card,CO,5,0,11,11,0,1.0,148566.95
Merchant_A,Adyen,card,CO,5,1,5,5,0,1.0,117182.13
Merchant_A,Adyen,card,CO,5,2,5,5,0,1.0,116840.8
Merchant_A,Adyen,card,CO,5,3,4,4,0,1.0,160662.56
Merchant_A,Adyen,card,CO,5,4,3,3,0,1.0,112249.92
Merchant_A,Adyen,card,CO,5,5,6,5,1,0.8333,120653.16
Merchant_A,Adyen,card,CO,5,6,18,17,1,0.9444,119560.39
Merchant_A,Adyen,card,CO,5,7,26,24,2,0.9231,127091.76
Merchant_A,Adyen,card,CO,5,8,42,37,5,0.881,127788.53
Merchant_A,Adyen,card,CO,5,9,49,46,3,0.9388,109655.33
Merchant_A,Adyen,card,CO,5,10,110,96,14,0.8727,122926.97
Merchant_A,Adyen,card,CO,5,11,51,48,3,0.9412,119885.85
Merchant_A,Adyen,card,CO,5,12,77,73,4,0.9481,117073.32
Merchant_A,Adyen,card,CO,5,13,66,61,5,0.9242,125034.75
Merchant_A,Adyen,card,CO,5,14,58,51,7,0.8793,117852.64
Merchant_A,Adyen,card,CO,5,15,56,52,4,0.9286,122004.76
Merchant_A,Adyen,card,CO,5,16,43,39,4,0.907,118524.62
Merchant_A,Adyen,card,CO,5,17,49,44,5,0.898,126333.05
Merchant_A,Adyen,card,CO,5,18,46,44,2,0.9565,103031.38
Merchant_A,Adyen,card,CO,5,19,41,40,1,0.9756,120424.49
Merchant_A,Adyen,card,CO,5,20,31,29,2,0.9355,104716.07
Merchant_A,Adyen,card,CO,5,21,17,17,0,1.0,115081.07
Merchant_A,Adyen,card,CO,5,22,20,19,1,0.95,129561.43
Merchant_A,Adyen,card,CO,5,23,9,7,2,0.7778,140244.53
Merchant_A,Adyen,card,CO,6,0,9,8,1,0.8889,154004.85
Merchant_A,Adyen,card,CO,6,1,4,4,0,1.0,99994.95
Merchant_A,Adyen,card,CO,6,2,4,4,0,1.0,148995.46
Merchant_A,Adyen,card,CO,6,3,2,2,0,1.0,54598.67
Merchant_A,Adyen,card,CO,6,4,4,3,1,0.75,109947.72
Merchant_A,Adyen,card,CO,6,5,2,2,0,1.0,140706.36
Merchant_A,Adyen,card,CO,6,6,8,6,2,0.75,109819.51
Merchant_A,Adyen,card,CO,6,7,21,21,0,1.0,130604.12
Merchant_A,Adyen,card,CO,6,8,34,33,1,0.9706,123551.05
Merchant_A,Adyen,card,CO,6,9,53,44,9,0.8302,130794.74
Merchant_A,Adyen,card,CO,6,10,52,47,5,0.9038,129718.57
Merchant_A,Adyen,card,CO,6,11,58,51,7,0.8793,116365.01
Merchant_A,Adyen,card,CO,6,12,54,49,5,0.9074,114086.85
Merchant_A,Adyen,card,CO,6,13,58,52,6,0.8966,114437.57
Merchant_A,Adyen,card,CO,6,14,52,49,3,0.9423,119662.74
Merchant_A,Adyen,card,CO,6,15,53,49,4,0.9245,115368.3
Merchant_A,Adyen,card,CO,6,16,58,51,7,0.8793,129363.17
Merchant_A,Adyen,card,CO,6,17,50,47,3,0.94,124048.77
Merchant_A,Adyen,card,CO,6,18,48,41,7,0.8542,123916.89
Merchant_A,Adyen,card,CO,6,19,36,34,2,0.9444,132397.94
Merchant_A,Adyen,card,CO,6,20,23,19,4,0.8261,129329.15
Merchant_A,Adyen,card,CO,6,21,18,17,1,0.9444,141003.74
Merchant_A,Adyen,card,CO,6,22,12,12,0,1.0,148263.34
Merchant_A,Adyen,card,CO,6,23,9,9,0,1.0,116382.0
Merchant_A,Adyen,card,MX,0,0,10,10,0,1.0,1108.73
Merchant_A,Adyen,card,MX,0,1,3,3,0,1.0,947.56
Merchant_A,Adyen,card,MX,0,2,5,5,0,1.0,786.33
Merchant_A,Adyen,card,MX,0,4,1,1,0,1.0,646.38
Merchant_A,Adyen,card,MX,0,5,4,3,1,0.75,1110.51
Merchant_A,Adyen,card,MX,0,6,15,14,1,0.9333,991.71
Merchant_A,Adyen,card,MX,0,7,24,22,2,0.9167,747.45
Merchant_A,Adyen,card,MX,0,8,35,32,3,0.9143,726.07
Merchant_A,Adyen,card,MX,0,9,49,46,3,0.9388,982.55
Merchant_A,Adyen,card,MX,0,10,53,49,4,0.9245,724.14
Merchant_A,Adyen,card,MX,0,11,62,56,6,0.9032,851.42
Merchant_A,Adyen,card,MX,0,12,67,64,3,0.9552,942.69
Merchant_A,Adyen,card,MX,0,13,49,44,5,0.898,852.49
Merchant_A,Adyen,card,MX,0,14,52,48,4,0.9231,962.39
Merchant_A,Adyen,card,MX,0,15,52,49,3,0.9423,851.49
Merchant_A,Adyen,card,MX,0,16,49,44,5,0.898,927.98
Merchant_A,Adyen,card,MX,0,17,54,49,5,0.9074,983.13
Merchant_A,Adyen,card,MX,0,18,45,41,4,0.9111,917.33
Merchant_A,Adyen,card,MX,0,19,42,38,4,0.9048,882.67
Merchant_A,Adyen,card,MX,0,20,12,10,2,0.8333,805.68
Merchant_A,Adyen,card,MX,0,21,11,10,1,0.9091,889.47
Merchant_A,Adyen,card,MX,0,22,2,2,0,1.0,1185.8
Merchant_A,Adyen,card,MX,0,23,4,3,1,0.75,732.62
Merchant_A,Adyen,card,MX,1,0,10,10,0,1.0,939.69
Merchant_A,Adyen,card,MX,1,1,5,4,1,0.8,1146.9
Merchant_A,Adyen,card,MX,1,2,1,1,0,1.0,90.0
Merchant_A,Adyen,card,MX,1,3,3,3,0,1.0,880.52
Merchant_A,Adyen,card,MX,1,4,1,0,1,0.0,726.55
Merchant_A,Adyen,card,MX,1,5,2,1,1,0.5,1231.78
Merchant_A,Adyen,card,MX,1,6,11,9,2,0.8182,1191.09
Merchant_A,Adyen,card,MX,1,7,29,29,0,1.0,1017.75
Merchant_A,Adyen,card,MX,1,8,37,33,4,0.8919,762.54
Merchant_A,Adyen,card,MX,1,9,50,47,3,0.94,886.06
Merchant_A,Adyen,card,MX,1,10,75,69,6,0.92,869.63
Merchant_A,Adyen,card,MX,1,11,77,71,6,0.9221,836.46
Merchant_A,Adyen,card,MX,1,12,74,72,2,0.973,817.14
Merchant_A,Adyen,card,MX,1,13,68,59,9,0.8676,900.22
Merchant_A,Adyen,card,MX,1,14,58,56,2,0.9655,959.32
Merchant_A,Adyen,card,MX,1,15,62,58,4,0.9355,835.61
Merchant_A,Adyen,card,MX,1,16,68,63,5,0.9265,878.84
Merchant_A,Adyen,card,MX,1,17,56,52,4,0.9286,1013.94
Merchant_A,Adyen,card,MX,1,18,51,47,4,0.9216,956.37
Merchant_A,Adyen,card,MX,1,19,48,45,3,0.9375,887.45
Merchant_A,Adyen,card,MX,1,20,25,23,2,0.92,976.33
Merchant_A,Adyen,card,MX,1,21,21,19,2,0.9048,996.2
Merchant_A,Adyen,card,MX,1,22,5,5,0,1.0,890.63
Merchant_A,Adyen,card,MX,1,23,12,11,1,0.9167,853.02
Merchant_A,Adyen,card,MX,2,0,3,3,0,1.0,873.94
Merchant_A,Adyen,card,MX,2,1,3,3,0,1.0,1042.8
Merchant_A,Adyen,card,MX,2,3,4,4,0,1.0,913.76
Merchant_A,Adyen,card,MX,2,4,4,4,0,1.0,1412.22
Merchant_A,Adyen,card,MX,2,5,9,9,0,1.0,1114.87
Merchant_A,Adyen,card,MX,2,6,15,15,0,1.0,770.71
Merchant_A,Adyen,card,MX,2,7,37,32,5,0.8649,1004.03
Merchant_A,Adyen,card,MX,2,8,43,38,5,0.8837,955.91
Merchant_A,Adyen,card,MX,2,9,59,55,4,0.9322,851.34
Merchant_A,Adyen,card,MX,2,10,61,59,2,0.9672,799.54
Merchant_A,Adyen,card,MX,2,11,63,61,2,0.9683,1029.74
Merchant_A,Adyen,card,MX,2,12,80,74,6,0.925,896.01
Merchant_A,Adyen,card,MX,2,13,85,80,5,0.9412,865.58
Merchant_A,Adyen,card,MX,2,14,62,56,6,0.9032,928.57
Merchant_A,Adyen,card,MX,2,15,52,46,6,0.8846,849.15
Merchant_A,Adyen,card,MX,2,16,61,57,4,0.9344,880.83
Merchant_A,Adyen,card,MX,2,17,42,39,3,0.9286,1034.24
Merchant_A,Adyen,card,MX,2,18,55,52,3,0.9455,947.92
Merchant_A,Adyen,card,MX,2,19,43,41,2,0.9535,836.54
Merchant_A,Adyen,card,MX,2,20,19,18,1,0.9474,932.76
Merchant_A,Adyen,card,MX,2,21,24,23,1,0.9583,990.45
Merchant_A,Adyen,card,MX,2,22,12,10,2,0.8333,837.08
Merchant_A,Adyen,card,MX,2,23,7,7,0,1.0,548.09
Merchant_A,Adyen,card,MX,3,0,7,5,2,0.7143,1346.13
Merchant_A,Adyen,card,MX,3,1,3,3,0,1.0,909.17
Merchant_A,Adyen,card,MX,3,3,6,5,1,0.8333,831.85
Merchant_A,Adyen,card,MX,3,5,4,4,0,1.0,857.32
Merchant_A,Adyen,card,MX,3,6,20,19,1,0.95,829.66
Merchant_A,Adyen,card,MX,3,7,30,29,1,0.9667,721.67
Merchant_A,Adyen,card,MX,3,8,32,29,3,0.9062,879.24
Merchant_A,Adyen,card,MX,3,9,55,51,4,0.9273,808.63
Merchant_A,Adyen,card,MX,3,10,67,63,4,0.9403,924.48
Merchant_A,Adyen,card,MX,3,11,79,73,6,0.9241,931.97
Merchant_A,Adyen,card,MX,3,12,84,80,4,0.9524,883.14
Merchant_A,Adyen,card,MX,3,13,79,74,5,0.9367,892.86
Merchant_A,Adyen,card,MX,3,14,55,48,7,0.8727,902.9
Merchant_A,Adyen,card,MX,3,15,69,63,6,0.913,964.21
Merchant_A,Adyen,card,MX,3,16,57,53,4,0.9298,894.07
Merchant_A,Adyen,card,MX,3,17,61,60,1,0.9836,824.2
Merchant_A,Adyen,card,MX,3,18,50,48,2,0.96,936.17
Merchant_A,Adyen,card,MX,3,19,47,45,2,0.9574,833.44
Merchant_A,Adyen,card,MX,3,20,24,19,5,0.7917,876.82
Merchant_A,Adyen,card,MX,3,21,16,15,1,0.9375,1040.24
Merchant_A,Adyen,card,MX,3,22,9,7,2,0.7778,847.88
Merchant_A,Adyen,card,MX,3,23,10,10,0,1.0,1046.02
Merchant_A,Adyen,card,MX,4,0,3,3,0,1.0,477.63
Merchant_A,Adyen,card,MX,4,1,4,3,1,0.75,992.2
Merchant_A,Adyen,card,MX,4,2,3,3,0,1.0,885.37
Merchant_A,Adyen,card,MX,4,5,3,3,0,1.0,1054.12
Merchant_A,Adyen,card,MX,4,6,18,16,2,0.8889,1083.87
Merchant_A,Adyen,card,MX,4,7,33,32,1,0.9697,808.27
Merchant_A,Adyen,card,MX,4,8,38,34,4,0.8947,929.78
Merchant_A,Adyen,card,MX,4,9,47,47,0,1.0,936.82
Merchant_A,Adyen,card,MX,4,10,64,59,5,0.9219,915.84
Merchant_A,Adyen,card,MX,4,11,58,53,5,0.9138,842.39
Merchant_A,Adyen,card,MX,4,12,71,65,6,0.9155,807.41
Merchant_A,Adyen,card,MX,4,13,74,67,7,0.9054,945.94
Merchant_A,Adyen,card,MX,4,14,63,57,6,0.9048,890.57
Merchant_A,Adyen,card,MX,4,15,65,61,4,0.9385,933.74
Merchant_A,Adyen,card,MX,4,16,52,47,5,0.9038,916.6
Merchant_A,Adyen,card,MX,4,17,59,53,6,0.8983,938.94
Merchant_A,Adyen,card,MX,4,18,53,51,2,0.9623,974.54
Merchant_A,Adyen,card,MX,4,19,39,37,2,0.9487,835.09
Merchant_A,Adyen,card,MX,4,20,24,23,1,0.9583,842.49
Merchant_A,Adyen,card,MX,4,21,15,14,1,0.9333,1018.87
Merchant_A,Adyen,card,MX,4,22,17,16,1,0.9412,958.47
Merchant_A,Adyen,card,MX,4,23,9,9,0,1.0,1101.44
Merchant_A,Adyen,card,MX,5,0,6,6,0,1.0,1125.45
Merchant_A,Adyen,card,MX,5,1,2,2,0,1.0,334.83
Merchant_A,Adyen,card,MX,5,2,1,1,0,1.0,648.68
Merchant_A,Adyen,card,MX,5,3,3,3,0,1.0,628.36
Merchant_A,Adyen,card,MX,5,4,4,3,1,0.75,628.37
Merchant_A,Adyen,card,MX,5,5,2,2,0,1.0,942.06
Merchant_A,Adyen,card,MX,5,6,19,19,0,1.0,900.21
Merchant_A,Adyen,card,MX,5,7,28,27,1,0.9643,938.56
Merchant_A,Adyen,card,MX,5,8,38,37,1,0.9737,882.08
Merchant_A,Adyen,card,MX,5,9,62,59,3,0.9516,944.07
Merchant_A,Adyen,card,MX,5,10,141,126,15,0.8936,973.6
Merchant_A,Adyen,card,MX,5,11,55,54,1,0.9818,1003.79
Merchant_A,Adyen,card,MX,5,12,58,54,4,0.931,881.81
Merchant_A,Adyen,card,MX,5,13,66,65,1,0.9848,931.59
Merchant_A,Adyen,card,MX,5,14,58,55,3,0.9483,856.2
Merchant_A,Adyen,card,MX,5,15,50,46,4,0.92,893.52
Merchant_A,Adyen,card,MX,5,16,50,44,6,0.88,913.48
Merchant_A,Adyen,card,MX,5,17,63,61,2,0.9683,929.23
Merchant_A,Adyen,card,MX,5,18,38,35,3,0.9211,884.51
Merchant_A,Adyen,card,MX,5,19,41,37,4,0.9024,882.01
Merchant_A,Adyen,card,MX,5,20,22,21,1,0.9545,878.33
Merchant_A,Adyen,card,MX,5,21,11,10,1,0.9091,1070.22
Merchant_A,Adyen,card,MX,5,22,9,8,1,0.8889,1017.12
Merchant_A,Adyen,card,MX,5,23,8,8,0,1.0,840.94
Merchant_A,Adyen,card,MX,6,0,9,7,2,0.7778,730.71
Merchant_A,Adyen,card,MX,6,1,5,5,0,1.0,1188.56
Merchant_A,Adyen,card,MX,6,2,2,2,0,1.0,722.68
Merchant_A,Adyen,card,MX,6,3,2,2,0,1.0,920.42
Merchant_A,Adyen,card,MX,6,4,1,1,0,1.0,1016.69
Merchant_A,Adyen,card,MX,6,5,5,5,0,1.0,532.12
Merchant_A,Adyen,card,MX,6,6,25,22,3,0.88,867.27
Merchant_A,Adyen,card,MX,6,7,33,29,4,0.8788,990.05
Merchant_A,Adyen,card,MX,6,8,50,49,1,0.98,1021.51
Merchant_A,Adyen,card,MX,6,9,57,55,2,0.9649,911.06
Merchant_A,Adyen,card,MX,6,10,59,56,3,0.9492,835.78
Merchant_A,Adyen,card,MX,6,11,54,48,6,0.8889,917.96
Merchant_A,Adyen,card,MX,6,12,69,68,1,0.9855,858.32
Merchant_A,Adyen,card,MX,6,13,66,61,5,0.9242,847.66
Merchant_A,Adyen,card,MX,6,14,48,43,5,0.8958,927.76
Merchant_A,Adyen,card,MX,6,15,45,41,4,0.9111,799.85
Merchant_A,Adyen,card,MX,6,16,47,46,1,0.9787,836.6
Merchant_A,Adyen,card,MX,6,17,65,61,4,0.9385,885.1
Merchant_A,Adyen,card,MX,6,18,39,38,1,0.9744,1008.47
Merchant_A,Adyen,card,MX,6,19,40,36,4,0.9,1115.65
Merchant_A,Adyen,card,MX,6,20,35,33,2,0.9429,884.23
Merchant_A,Adyen,card,MX,6,21,16,14,2,0.875,707.94
Merchant_A,Adyen,card,MX,6,22,4,3,1,0.75,730.41
Merchant_A,Adyen,card,MX,6,23,3,3,0,1.0,896.83
Merchant_A,Adyen,cash_in_store,MX,0,0,6,5,1,0.8333,927.72
Merchant_A,Adyen,cash_in_store,MX,0,1,1,0,1,0.0,1556.51
Merchant_A,Adyen,cash_in_store,MX,0,2,4,3,1,0.75,797.79
Merchant_A,Adyen,cash_in_store,MX,0,3,1,1,0,1.0,100.89
Merchant_A,Adyen,cash_in_store,MX,0,4,4,4,0,1.0,1263.99
Merchant_A,Adyen,cash_in_store,MX,0,5,6,4,2,0.6667,1258.9
Merchant_A,Adyen,cash_in_store,MX,0,6,10,4,6,0.4,1044.94
Merchant_A,Adyen,cash_in_store,MX,0,7,18,16,2,0.8889,943.43
Merchant_A,Adyen,cash_in_store,MX,0,8,41,34,7,0.8293,882.15
Merchant_A,Adyen,cash_in_store,MX,0,9,51,40,11,0.7843,906.38
Merchant_A,Adyen,cash_in_store,MX,0,10,66,59,7,0.8939,845.91
Merchant_A,Adyen,cash_in_store,MX,0,11,62,53,9,0.8548,845.77
Merchant_A,Adyen,cash_in_store,MX,0,12,71,63,8,0.8873,966.95
Merchant_A,Adyen,cash_in_store,MX,0,13,72,59,13,0.8194,906.81
Merchant_A,Adyen,cash_in_store,MX,0,14,51,45,6,0.8824,938.07
Merchant_A,Adyen,cash_in_store,MX,0,15,61,52,9,0.8525,886.31
Merchant_A,Adyen,cash_in_store,MX,0,16,43,33,10,0.7674,1003.47
Merchant_A,Adyen,cash_in_store,MX,0,17,55,46,9,0.8364,968.18
Merchant_A,Adyen,cash_in_store,MX,0,18,42,39,3,0.9286,978.1
Merchant_A,Adyen,cash_in_store,MX,0,19,42,35,7,0.8333,964.53
Merchant_A,Adyen,cash_in_store,MX,0,20,32,26,6,0.8125,1044.96
Merchant_A,Adyen,cash_in_store,MX,0,21,18,16,2,0.8889,756.35
Merchant_A,Adyen,cash_in_store,MX,0,22,11,8,3,0.7273,983.96
Merchant_A,Adyen,cash_in_store,MX,0,23,5,5,0,1.0,848.96
Merchant_A,Adyen,cash_in_store,MX,1,0,5,5,0,1.0,999.12
Merchant_A,Adyen,cash_in_store,MX,1,1,1,1,0,1.0,1474.28
Merchant_A,Adyen,cash_in_store,MX,1,3,2,2,0,1.0,1053.03
Merchant_A,Adyen,cash_in_store,MX,1,4,3,2,1,0.6667,1110.83
Merchant_A,Adyen,cash_in_store,MX,1,5,1,1,0,1.0,1234.37
Merchant_A,Adyen,cash_in_store,MX,1,6,13,12,1,0.9231,771.87
Merchant_A,Adyen,cash_in_store,MX,1,7,20,17,3,0.85,882.0
Merchant_A,Adyen,cash_in_store,MX,1,8,29,21,8,0.7241,957.82
Merchant_A,Adyen,cash_in_store,MX,1,9,51,41,10,0.8039,943.71
Merchant_A,Adyen,cash_in_store,MX,1,10,68,57,11,0.8382,931.95
Merchant_A,Adyen,cash_in_store,MX,1,11,73,61,12,0.8356,935.17
Merchant_A,Adyen,cash_in_store,MX,1,12,79,66,13,0.8354,875.12
Merchant_A,Adyen,cash_in_store,MX,1,13,79,68,11,0.8608,1007.38
Merchant_A,Adyen,cash_in_store,MX,1,14,54,44,10,0.8148,1087.38
Merchant_A,Adyen,cash_in_store,MX,1,15,68,63,5,0.9265,908.99
Merchant_A,Adyen,cash_in_store,MX,1,16,59,47,12,0.7966,984.18
Merchant_A,Adyen,cash_in_store,MX,1,17,59,50,9,0.8475,920.75
Merchant_A,Adyen,cash_in_store,MX,1,18,49,44,5,0.898,912.3
Merchant_A,Adyen,cash_in_store,MX,1,19,37,33,4,0.8919,951.15
Merchant_A,Adyen,cash_in_store,MX,1,20,28,22,6,0.7857,926.12
Merchant_A,Adyen,cash_in_store,MX,1,21,23,19,4,0.8261,862.49
Merchant_A,Adyen,cash_in_store,MX,1,22,7,5,2,0.7143,956.92
Merchant_A,Adyen,cash_in_store,MX,1,23,12,12,0,1.0,897.95
Merchant_A,Adyen,cash_in_store,MX,2,0,2,2,0,1.0,1155.21
Merchant_A,Adyen,cash_in_store,MX,2,1,3,3,0,1.0,950.45
Merchant_A,Adyen,cash_in_store,MX,2,2,5,3,2,0.6,846.96
Merchant_A,Adyen,cash_in_store,MX,2,3,3,3,0,1.0,569.73
Merchant_A,Adyen,cash_in_store,MX,2,5,5,3,2,0.6,1143.54
Merchant_A,Adyen,cash_in_store,MX,2,6,15,13,2,0.8667,733.3
Merchant_A,Adyen,cash_in_store,MX,2,7,19,17,2,0.8947,800.88
Merchant_A,Adyen,cash_in_store,MX,2,8,31,29,2,0.9355,1009.31
Merchant_A,Adyen,cash_in_store,MX,2,9,65,59,6,0.9077,822.64
Merchant_A,Adyen,cash_in_store,MX,2,10,73,62,11,0.8493,852.56
Merchant_A,Adyen,cash_in_store,MX,2,11,64,49,15,0.7656,869.11
Merchant_A,Adyen,cash_in_store,MX,2,12,87,80,7,0.9195,830.91
Merchant_A,Adyen,cash_in_store,MX,2,13,59,50,9,0.8475,868.59
Merchant_A,Adyen,cash_in_store,MX,2,14,68,55,13,0.8088,842.61
Merchant_A,Adyen,cash_in_store,MX,2,15,54,45,9,0.8333,903.86
Merchant_A,Adyen,cash_in_store,MX,2,16,58,48,10,0.8276,842.2
Merchant_A,Adyen,cash_in_store,MX,2,17,49,41,8,0.8367,799.53
Merchant_A,Adyen,cash_in_store,MX,2,18,45,37,8,0.8222,932.47
Merchant_A,Adyen,cash_in_store,MX,2,19,35,31,4,0.8857,865.83
Merchant_A,Adyen,cash_in_store,MX,2,20,22,20,2,0.9091,1067.12
Merchant_A,Adyen,cash_in_store,MX,2,21,9,6,3,0.6667,814.81
Merchant_A,Adyen,cash_in_store,MX,2,22,9,9,0,1.0,883.94
Merchant_A,Adyen,cash_in_store,MX,2,23,1,1,0,1.0,200.64
Merchant_A,Adyen,cash_in_store,MX,3,0,6,5,1,0.8333,1481.82
Merchant_A,Adyen,cash_in_store,MX,3,1,2,2,0,1.0,566.17
Merchant_A,Adyen,cash_in_store,MX,3,2,3,2,1,0.6667,906.49
Merchant_A,Adyen,cash_in_store,MX,3,3,4,4,0,1.0,682.88
Merchant_A,Adyen,cash_in_store,MX,3,4,1,1,0,1.0,475.82
Merchant_A,Adyen,cash_in_store,MX,3,5,5,5,0,1.0,1087.43
Merchant_A,Adyen,cash_in_store,MX,3,6,11,9,2,0.8182,1097.97
Merchant_A,Adyen,cash_in_store,MX,3,7,28,22,6,0.7857,807.52
Merchant_A,Adyen,cash_in_store,MX,3,8,54,46,8,0.8519,1015.4
Merchant_A,Adyen,cash_in_store,MX,3,9,49,42,7,0.8571,888.29
Merchant_A,Adyen,cash_in_store,MX,3,10,59,44,15,0.7458,836.62
Merchant_A,Adyen,cash_in_store,MX,3,11,66,52,14,0.7879,975.09
Merchant_A,Adyen,cash_in_store,MX,3,12,54,39,15,0.7222,881.44
Merchant_A,Adyen,cash_in_store,MX,3,13,73,61,12,0.8356,1003.04
Merchant_A,Adyen,cash_in_store,MX,3,14,69,62,7,0.8986,873.11
Merchant_A,Adyen,cash_in_store,MX,3,15,67,51,16,0.7612,972.31
Merchant_A,Adyen,cash_in_store,MX,3,16,65,57,8,0.8769,928.28
Merchant_A,Adyen,cash_in_store,MX,3,17,57,44,13,0.7719,887.2
Merchant_A,Adyen,cash_in_store,MX,3,18,46,39,7,0.8478,878.5
Merchant_A,Adyen,cash_in_store,MX,3,19,33,24,9,0.7273,924.37
Merchant_A,Adyen,cash_in_store,MX,3,20,31,25,6,0.8065,833.92
Merchant_A,Adyen,cash_in_store,MX,3,21,11,7,4,0.6364,872.53
Merchant_A,Adyen,cash_in_store,MX,3,22,18,15,3,0.8333,818.18
Merchant_A,Adyen,cash_in_store,MX,3,23,12,10,2,0.8333,765.8
Merchant_A,Adyen,cash_in_store,MX,4,0,8,7,1,0.875,819.02
Merchant_A,Adyen,cash_in_store,MX,4,1,1,1,0,1.0,90.0
Merchant_A,Adyen,cash_in_store,MX,4,2,4,3,1,0.75,1134.42
Merchant_A,Adyen,cash_in_store,MX,4,3,1,1,0,1.0,1033.32
Merchant_A,Adyen,cash_in_store,MX,4,4,1,0,1,0.0,879.43
Merchant_A,Adyen,cash_in_store,MX,4,5,5,5,0,1.0,883.1
Merchant_A,Adyen,cash_in_store,MX,4,6,11,11,0,1.0,894.32
Merchant_A,Adyen,cash_in_store,MX,4,7,35,32,3,0.9143,1003.97
Merchant_A,Adyen,cash_in_store,MX,4,8,28,25,3,0.8929,844.34
Merchant_A,Adyen,cash_in_store,MX,4,9,59,49,10,0.8305,972.66
Merchant_A,Adyen,cash_in_store,MX,4,10,65,52,13,0.8,851.03
Merchant_A,Adyen,cash_in_store,MX,4,11,76,62,14,0.8158,846.16
Merchant_A,Adyen,cash_in_store,MX,4,12,72,59,13,0.8194,848.83
Merchant_A,Adyen,cash_in_store,MX,4,13,72,58,14,0.8056,1000.27
Merchant_A,Adyen,cash_in_store,MX,4,14,61,47,14,0.7705,806.15
Merchant_A,Adyen,cash_in_store,MX,4,15,71,57,14,0.8028,948.44
Merchant_A,Adyen,cash_in_store,MX,4,16,54,45,9,0.8333,926.69
Merchant_A,Adyen,cash_in_store,MX,4,17,57,46,11,0.807,910.64
Merchant_A,Adyen,cash_in_store,MX,4,18,56,42,14,0.75,969.85
Merchant_A,Adyen,cash_in_store,MX,4,19,34,25,9,0.7353,1020.93
Merchant_A,Adyen,cash_in_store,MX,4,20,31,24,7,0.7742,884.51
Merchant_A,Adyen,cash_in_store,MX,4,21,12,10,2,0.8333,964.14
Merchant_A,Adyen,cash_in_store,MX,4,22,8,7,1,0.875,957.05
Merchant_A,Adyen,cash_in_store,MX,4,23,6,4,2,0.6667,1055.66
Merchant_A,Adyen,cash_in_store,MX,5,0,7,6,1,0.8571,878.27
Merchant_A,Adyen,cash_in_store,MX,5,1,3,3,0,1.0,925.81
Merchant_A,Adyen,cash_in_store,MX,5,2,7,6,1,0.8571,824.92
Merchant_A,Adyen,cash_in_store,MX,5,3,1,1,0,1.0,358.69
Merchant_A,Adyen,cash_in_store,MX,5,4,3,2,1,0.6667,615.43
Merchant_A,Adyen,cash_in_store,MX,5,5,10,9,1,0.9,1133.32
Merchant_A,Adyen,cash_in_store,MX,5,6,18,16,2,0.8889,826.22
Merchant_A,Adyen,cash_in_store,MX,5,7,28,24,4,0.8571,778.7
Merchant_A,Adyen,cash_in_store,MX,5,8,46,38,8,0.8261,908.81
Merchant_A,Adyen,cash_in_store,MX,5,9,54,48,6,0.8889,905.53
Merchant_A,Adyen,cash_in_store,MX,5,10,91,74,17,0.8132,950.13
Merchant_A,Adyen,cash_in_store,MX,5,11,69,56,13,0.8116,948.97
Merchant_A,Adyen,cash_in_store,MX,5,12,77,64,13,0.8312,974.99
Merchant_A,Adyen,cash_in_store,MX,5,13,64,54,10,0.8438,884.09
Merchant_A,Adyen,cash_in_store,MX,5,14,62,49,13,0.7903,964.96
Merchant_A,Adyen,cash_in_store,MX,5,15,54,47,7,0.8704,906.01
Merchant_A,Adyen,cash_in_store,MX,5,16,41,37,4,0.9024,967.2
Merchant_A,Adyen,cash_in_store,MX,5,17,58,53,5,0.9138,920.67
Merchant_A,Adyen,cash_in_store,MX,5,18,43,34,9,0.7907,1012.43
Merchant_A,Adyen,cash_in_store,MX,5,19,36,30,6,0.8333,972.51
Merchant_A,Adyen,cash_in_store,MX,5,20,33,27,6,0.8182,797.09
Merchant_A,Adyen,cash_in_store,MX,5,21,16,13,3,0.8125,906.37
Merchant_A,Adyen,cash_in_store,MX,5,22,12,10,2,0.8333,702.68
Merchant_A,Adyen,cash_in_store,MX,5,23,6,6,0,1.0,832.51
Merchant_A,Adyen,cash_in_store,MX,6,0,1,0,1,0.0,1488.45
Merchant_A,Adyen,cash_in_store,MX,6,1,2,1,1,0.5,984.32
Merchant_A,Adyen,cash_in_store,MX,6,2,5,3,2,0.6,851.35
Merchant_A,Adyen,cash_in_store,MX,6,3,3,3,0,1.0,1013.94
Merchant_A,Adyen,cash_in_store,MX,6,4,6,5,1,0.8333,968.91
Merchant_A,Adyen,cash_in_store,MX,6,5,3,1,2,0.3333,968.42
Merchant_A,Adyen,cash_in_store,MX,6,6,11,11,0,1.0,1035.49
Merchant_A,Adyen,cash_in_store,MX,6,7,20,18,2,0.9,1049.41
Merchant_A,Adyen,cash_in_store,MX,6,8,23,23,0,1.0,785.05
Merchant_A,Adyen,cash_in_store,MX,6,9,49,38,11,0.7755,916.57
Merchant_A,Adyen,cash_in_store,MX,6,10,59,53,6,0.8983,868.6
Merchant_A,Adyen,cash_in_store,MX,6,11,51,40,11,0.7843,921.2
Merchant_A,Adyen,cash_in_store,MX,6,12,62,52,10,0.8387,969.08
Merchant_A,Adyen,cash_in_store,MX,6,13,62,53,9,0.8548,829.17
Merchant_A,Adyen,cash_in_store,MX,6,14,62,49,13,0.7903,899.46
Merchant_A,Adyen,cash_in_store,MX,6,15,56,48,8,0.8571,1050.13
Merchant_A,Adyen,cash_in_store,MX,6,16,46,38,8,0.8261,924.6
Merchant_A,Adyen,cash_in_store,MX,6,17,47,42,5,0.8936,876.05
Merchant_A,Adyen,cash_in_store,MX,6,18,33,28,5,0.8485,794.75
Merchant_A,Adyen,cash_in_store,MX,6,19,35,26,9,0.7429,774.36
Merchant_A,Adyen,cash_in_store,MX,6,20,17,12,5,0.7059,856.28
Merchant_A,Adyen,cash_in_store,MX,6,21,12,11,1,0.9167,658.87
Merchant_A,Adyen,cash_in_store,MX,6,22,13,10,3,0.7692,651.44
Merchant_A,Adyen,cash_in_store,MX,6,23,3,2,1,0.6667,829.92
Merchant_A,Adyen,wallet,BR,0,0,4,3,1,0.75,331.09
Merchant_A,Adyen,wallet,BR,0,1,2,2,0,1.0,588.3
Merchant_A,Adyen,wallet,BR,0,2,1,1,0,1.0,48.36
Merchant_A,Adyen,wallet,BR,0,3,2,2,0,1.0,185.01
Merchant_A,Adyen,wallet,BR,0,4,1,1,0,1.0,493.83
Merchant_A,Adyen,wallet,BR,0,5,3,3,0,1.0,414.06
Merchant_A,Adyen,wallet,BR,0,6,22,21,1,0.9545,256.41
Merchant_A,Adyen,wallet,BR,0,7,27,22,5,0.8148,242.72
Merchant_A,Adyen,wallet,BR,0,8,33,31,2,0.9394,306.14
Merchant_A,Adyen,wallet,BR,0,9,44,44,0,1.0,312.4
Merchant_A,Adyen,wallet,BR,0,10,58,52,6,0.8966,301.93
Merchant_A,Adyen,wallet,BR,0,11,67,63,4,0.9403,272.18
Merchant_A,Adyen,wallet,BR,0,12,68,65,3,0.9559,285.29
Merchant_A,Adyen,wallet,BR,0,13,73,71,2,0.9726,289.39
Merchant_A,Adyen,wallet,BR,0,14,55,52,3,0.9455,293.64
Merchant_A,Adyen,wallet,BR,0,15,57,54,3,0.9474,314.05
Merchant_A,Adyen,wallet,BR,0,16,41,40,1,0.9756,243.65
Merchant_A,Adyen,wallet,BR,0,17,60,57,3,0.95,290.35
Merchant_A,Adyen,wallet,BR,0,18,47,41,6,0.8723,293.75
Merchant_A,Adyen,wallet,BR,0,19,33,31,2,0.9394,293.93
Merchant_A,Adyen,wallet,BR,0,20,22,19,3,0.8636,284.86
Merchant_A,Adyen,wallet,BR,0,21,17,14,3,0.8235,245.37
Merchant_A,Adyen,wallet,BR,0,22,7,5,2,0.7143,191.69
Merchant_A,Adyen,wallet,BR,0,23,9,8,1,0.8889,345.0
Merchant_A,Adyen,wallet,BR,1,0,5,4,1,0.8,312.29
Merchant_A,Adyen,wallet,BR,1,1,2,2,0,1.0,279.38
Merchant_A,Adyen,wallet,BR,1,2,2,2,0,1.0,483.62
Merchant_A,Adyen,wallet,BR,1,3,1,1,0,1.0,302.3
Merchant_A,Adyen,wallet,BR,1,4,2,1,1,0.5,229.3
Merchant_A,Adyen,wallet,BR,1,5,2,1,1,0.5,300.56
Merchant_A,Adyen,wallet,BR,1,6,10,9,1,0.9,188.14
Merchant_A,Adyen,wallet,BR,1,7,23,21,2,0.913,309.11
Merchant_A,Adyen,wallet,BR,1,8,47,43,4,0.9149,293.58
Merchant_A,Adyen,wallet,BR,1,9,56,48,8,0.8571,255.48
Merchant_A,Adyen,wallet,BR,1,10,87,84,3,0.9655,302.85
Merchant_A,Adyen,wallet,BR,1,11,72,65,7,0.9028,291.51
Merchant_A,Adyen,wallet,BR,1,12,75,68,7,0.9067,303.2
Merchant_A,Adyen,wallet,BR,1,13,58,53,5,0.9138,280.53
Merchant_A,Adyen,wallet,BR,1,14,54,51,3,0.9444,305.67
Merchant_A,Adyen,wallet,BR,1,15,57,51,6,0.8947,284.1
Merchant_A,Adyen,wallet,BR,1,16,61,57,4,0.9344,298.15
Merchant_A,Adyen,wallet,BR,1,17,58,55,3,0.9483,271.62
Merchant_A,Adyen,wallet,BR,1,18,56,51,5,0.9107,256.33
Merchant_A,Adyen,wallet,BR,1,19,51,45,6,0.8824,287.92
Merchant_A,Adyen,wallet,BR,1,20,28,25,3,0.8929,283.09
Merchant_A,Adyen,wallet,BR,1,21,13,13,0,1.0,355.4
Merchant_A,Adyen,wallet,BR,1,22,10,9,1,0.9,263.27
Merchant_A,Adyen,wallet,BR,1,23,8,8,0,1.0,340.87
Merchant_A,Adyen,wallet,BR,2,0,10,9,1,0.9,276.98
Merchant_A,Adyen,wallet,BR,2,1,5,4,1,0.8,236.71
Merchant_A,Adyen,wallet,BR,2,2,2,2,0,1.0,388.07
Merchant_A,Adyen,wallet,BR,2,3,3,3,0,1.0,531.07
Merchant_A,Adyen,wallet,BR,2,4,3,3,0,1.0,280.89
Merchant_A,Adyen,wallet,BR,2,5,4,4,0,1.0,294.36
Merchant_A,Adyen,wallet,BR,2,6,25,22,3,0.88,248.45
Merchant_A,Adyen,wallet,BR,2,7,37,35,2,0.9459,275.79
Merchant_A,Adyen,wallet,BR,2,8,44,39,5,0.8864,263.64
Merchant_A,Adyen,wallet,BR,2,9,58,51,7,0.8793,282.18
Merchant_A,Adyen,wallet,BR,2,10,70,65,5,0.9286,299.04
Merchant_A,Adyen,wallet,BR,2,11,65,58,7,0.8923,266.72
Merchant_A,Adyen,wallet,BR,2,12,77,66,11,0.8571,266.48
Merchant_A,Adyen,wallet,BR,2,13,72,67,5,0.9306,283.87
Merchant_A,Adyen,wallet,BR,2,14,63,57,6,0.9048,275.35
Merchant_A,Adyen,wallet,BR,2,15,52,48,4,0.9231,242.57
Merchant_A,Adyen,wallet,BR,2,16,56,52,4,0.9286,305.68
Merchant_A,Adyen,wallet,BR,2,17,52,44,8,0.8462,282.98
Merchant_A,Adyen,wallet,BR,2,18,42,38,4,0.9048,268.46
Merchant_A,Adyen,wallet,BR,2,19,40,37,3,0.925,301.54
Merchant_A,Adyen,wallet,BR,2,20,21,20,1,0.9524,247.98
Merchant_A,Adyen,wallet,BR,2,21,10,8,2,0.8,333.89
Merchant_A,Adyen,wallet,BR,2,22,14,14,0,1.0,227.99
Merchant_A,Adyen,wallet,BR,2,23,11,11,0,1.0,293.94
Merchant_A,Adyen,wallet,BR,3,0,8,8,0,1.0,248.96
Merchant_A,Adyen,wallet,BR,3,1,4,4,0,1.0,275.35
Merchant_A,Adyen,wallet,BR,3,2,2,1,1,0.5,55.27
Merchant_A,Adyen,wallet,BR,3,3,2,2,0,1.0,253.54
Merchant_A,Adyen,wallet,BR,3,4,2,2,0,1.0,136.1
Merchant_A,Adyen,wallet,BR,3,5,5,3,2,0.6,309.03
Merchant_A,Adyen,wallet,BR,3,6,16,15,1,0.9375,259.71
Merchant_A,Adyen,wallet,BR,3,7,24,22,2,0.9167,250.0
Merchant_A,Adyen,wallet,BR,3,8,37,32,5,0.8649,321.58
Merchant_A,Adyen,wallet,BR,3,9,54,52,2,0.963,287.8
Merchant_A,Adyen,wallet,BR,3,10,76,67,9,0.8816,260.61
Merchant_A,Adyen,wallet,BR,3,11,73,69,4,0.9452,300.43
Merchant_A,Adyen,wallet,BR,3,12,81,78,3,0.963,303.25
Merchant_A,Adyen,wallet,BR,3,13,65,58,7,0.8923,318.1
Merchant_A,Adyen,wallet,BR,3,14,56,51,5,0.9107,314.49
Merchant_A,Adyen,wallet,BR,3,15,48,44,4,0.9167,280.16
Merchant_A,Adyen,wallet,BR,3,16,62,55,7,0.8871,282.51
Merchant_A,Adyen,wallet,BR,3,17,67,58,9,0.8657,301.65
Merchant_A,Adyen,wallet,BR,3,18,41,35,6,0.8537,286.19
Merchant_A,Adyen,wallet,BR,3,19,43,41,2,0.9535,286.56
Merchant_A,Adyen,wallet,BR,3,20,24,21,3,0.875,325.14
Merchant_A,Adyen,wallet,BR,3,21,20,19,1,0.95,274.37
Merchant_A,Adyen,wallet,BR,3,22,13,13,0,1.0,294.61
Merchant_A,Adyen,wallet,BR,3,23,10,10,0,1.0,252.16
Merchant_A,Adyen,wallet,BR,4,0,6,5,1,0.8333,276.51
Merchant_A,Adyen,wallet,BR,4,1,4,4,0,1.0,210.22
Merchant_A,Adyen,wallet,BR,4,2,4,3,1,0.75,232.49
Merchant_A,Adyen,wallet,BR,4,4,3,3,0,1.0,267.43
Merchant_A,Adyen,wallet,BR,4,5,9,9,0,1.0,225.76
Merchant_A,Adyen,wallet,BR,4,6,10,10,0,1.0,335.72
Merchant_A,Adyen,wallet,BR,4,7,34,30,4,0.8824,326.03
Merchant_A,Adyen,wallet,BR,4,8,39,38,1,0.9744,305.19
Merchant_A,Adyen,wallet,BR,4,9,63,58,5,0.9206,310.45
Merchant_A,Adyen,wallet,BR,4,10,72,71,1,0.9861,281.8
Merchant_A,Adyen,wallet,BR,4,11,62,58,4,0.9355,284.87
Merchant_A,Adyen,wallet,BR,4,12,71,66,5,0.9296,263.47
Merchant_A,Adyen,wallet,BR,4,13,51,51,0,1.0,329.16
Merchant_A,Adyen,wallet,BR,4,14,43,40,3,0.9302,259.57
Merchant_A,Adyen,wallet,BR,4,15,69,64,5,0.9275,291.01
Merchant_A,Adyen,wallet,BR,4,16,49,44,5,0.898,284.96
Merchant_A,Adyen,wallet,BR,4,17,61,58,3,0.9508,285.47
Merchant_A,Adyen,wallet,BR,4,18,38,35,3,0.9211,275.53
Merchant_A,Adyen,wallet,BR,4,19,45,40,5,0.8889,309.39
Merchant_A,Adyen,wallet,BR,4,20,31,31,0,1.0,315.84
Merchant_A,Adyen,wallet,BR,4,21,19,16,3,0.8421,266.05
Merchant_A,Adyen,wallet,BR,4,22,13,12,1,0.9231,295.1
Merchant_A,Adyen,wallet,BR,4,23,9,9,0,1.0,349.9
Merchant_A,Adyen,wallet,BR,5,0,8,8,0,1.0,288.23
Merchant_A,Adyen,wallet,BR,5,1,3,3,0,1.0,277.25
Merchant_A,Adyen,wallet,BR,5,2,3,3,0,1.0,428.57
Merchant_A,Adyen,wallet,BR,5,4,5,4,1,0.8,395.22
Merchant_A,Adyen,wallet,BR,5,5,4,4,0,1.0,149.53
Merchant_A,Adyen,wallet,BR,5,6,9,9,0,1.0,170.01
Merchant_A,Adyen,wallet,BR,5,7,30,29,1,0.9667,339.62
Merchant_A,Adyen,wallet,BR,5,8,40,36,4,0.9,290.74
Merchant_A,Adyen,wallet,BR,5,9,50,48,2,0.96,301.53
Merchant_A,Adyen,wallet,BR,5,10,115,106,9,0.9217,255.78
Merchant_A,Adyen,wallet,BR,5,11,51,48,3,0.9412,265.77
Merchant_A,Adyen,wallet,BR,5,12,70,66,4,0.9429,260.71
Merchant_A,Adyen,wallet,BR,5,13,84,78,6,0.9286,279.71
Merchant_A,Adyen,wallet,BR,5,14,55,49,6,0.8909,272.46
Merchant_A,Adyen,wallet,BR,5,15,46,43,3,0.9348,319.79
Merchant_A,Adyen,wallet,BR,5,16,41,37,4,0.9024,257.45
Merchant_A,Adyen,wallet,BR,5,17,42,39,3,0.9286,293.34
Merchant_A,Adyen,wallet,BR,5,18,38,37,1,0.9737,300.95
Merchant_A,Adyen,wallet,BR,5,19,23,21,2,0.913,292.1
Merchant_A,Adyen,wallet,BR,5,20,21,17,4,0.8095,298.42
Merchant_A,Adyen,wallet,BR,5,21,20,20,0,1.0,242.39
Merchant_A,Adyen,wallet,BR,5,22,8,6,2,0.75,234.76
Merchant_A,Adyen,wallet,BR,5,23,5,5,0,1.0,230.72
Merchant_A,Adyen,wallet,BR,6,0,9,8,1,0.8889,272.2
Merchant_A,Adyen,wallet,BR,6,1,4,3,1,0.75,350.64
Merchant_A,Adyen,wallet,BR,6,2,5,3,2,0.6,182.49
Merchant_A,Adyen,wallet,BR,6,3,2,2,0,1.0,193.92
Merchant_A,Adyen,wallet,BR,6,4,3,3,0,1.0,89.95
Merchant_A,Adyen,wallet,BR,6,5,4,4,0,1.0,277.94
Merchant_A,Adyen,wallet,BR,6,6,18,16,2,0.8889,295.49
Merchant_A,Adyen,wallet,BR,6,7,14,12,2,0.8571,291.07
Merchant_A,Adyen,wallet,BR,6,8,37,34,3,0.9189,300.41
Merchant_A,Adyen,wallet,BR,6,9,45,43,2,0.9556,274.18
Merchant_A,Adyen,wallet,BR,6,10,63,61,2,0.9683,286.04
Merchant_A,Adyen,wallet,BR,6,11,58,56,2,0.9655,297.12
Merchant_A,Adyen,wallet,BR,6,12,77,69,8,0.8961,300.9
Merchant_A,Adyen,wallet,BR,6,13,58,53,5,0.9138,256.56
Merchant_A,Adyen,wallet,BR,6,14,46,45,1,0.9783,249.79
Merchant_A,Adyen,wallet,BR,6,15,39,34,5,0.8718,200.81
Merchant_A,Adyen,wallet,BR,6,16,59,50,9,0.8475,288.49
Merchant_A,Adyen,wallet,BR,6,17,47,43,4,0.9149,259.53
Merchant_A,Adyen,wallet,BR,6,18,47,43,4,0.9149,263.12
Merchant_A,Adyen,wallet,BR,6,19,36,32,4,0.8889,330.13
Merchant_A,Adyen,wallet,BR,6,20,21,20,1,0.9524,322.12
Merchant_A,Adyen,wallet,BR,6,21,14,12,2,0.8571,208.19
Merchant_A,Adyen,wallet,BR,6,22,8,7,1,0.875,242.28
Merchant_A,Adyen,wallet,BR,6,23,6,5,1,0.8333,250.84
Merchant_A,Adyen,wallet,CO,0,0,3,3,0,1.0,124041.95
Merchant_A,Adyen,wallet,CO,0,1,1,1,0,1.0,176536.2
Merchant_A,Adyen,wallet,CO,0,2,2,2,0,1.0,112768.86
Merchant_A,Adyen,wallet,CO,0,4,2,1,1,0.5,97465.8
Merchant_A,Adyen,wallet,CO,0,5,4,4,0,1.0,78199.0
Merchant_A,Adyen,wallet,CO,0,6,9,9,0,1.0,111928.2
Merchant_A,Adyen,wallet,CO,0,7,25,24,1,0.96,102758.15
Merchant_A,Adyen,wallet,CO,0,8,30,27,3,0.9,127973.84
Merchant_A,Adyen,wallet,CO,0,9,49,43,6,0.8776,127697.47
Merchant_A,Adyen,wallet,CO,0,10,44,41,3,0.9318,123061.35
Merchant_A,Adyen,wallet,CO,0,11,56,51,5,0.9107,108299.71
Merchant_A,Adyen,wallet,CO,0,12,55,48,7,0.8727,121914.93
Merchant_A,Adyen,wallet,CO,0,13,63,56,7,0.8889,119267.1
Merchant_A,Adyen,wallet,CO,0,14,62,58,4,0.9355,123953.35
Merchant_A,Adyen,wallet,CO,0,15,63,57,6,0.9048,111747.59
Merchant_A,Adyen,wallet,CO,0,16,53,46,7,0.8679,126112.4
Merchant_A,Adyen,wallet,CO,0,17,47,44,3,0.9362,118406.82
Merchant_A,Adyen,wallet,CO,0,18,42,40,2,0.9524,112691.12
Merchant_A,Adyen,wallet,CO,0,19,33,29,4,0.8788,139307.08
Merchant_A,Adyen,wallet,CO,0,20,16,13,3,0.8125,106543.74
Merchant_A,Adyen,wallet,CO,0,21,20,19,1,0.95,114390.51
Merchant_A,Adyen,wallet,CO,0,22,9,8,1,0.8889,130767.49
Merchant_A,Adyen,wallet,CO,0,23,10,10,0,1.0,87987.84
Merchant_A,Adyen,wallet,CO,1,0,9,9,0,1.0,121038.35
Merchant_A,Adyen,wallet,CO,1,2,2,2,0,1.0,52666.02
Merchant_A,Adyen,wallet,CO,1,3,5,4,1,0.8,129942.86
Merchant_A,Adyen,wallet,CO,1,4,3,3,0,1.0,88648.28
Merchant_A,Adyen,wallet,CO,1,5,2,1,1,0.5,106579.96
Merchant_A,Adyen,wallet,CO,1,6,15,15,0,1.0,105931.28
Merchant_A,Adyen,wallet,CO,1,7,19,16,3,0.8421,109299.67
Merchant_A,Adyen,wallet,CO,1,8,34,31,3,0.9118,144420.2
Merchant_A,Adyen,wallet,CO,1,9,55,55,0,1.0,124996.33
Merchant_A,Adyen,wallet,CO,1,10,94,90,4,0.9574,125896.45
Merchant_A,Adyen,wallet,CO,1,11,67,64,3,0.9552,125111.53
Merchant_A,Adyen,wallet,CO,1,12,68,63,5,0.9265,121721.38
Merchant_A,Adyen,wallet,CO,1,13,58,56,2,0.9655,134040.05
Merchant_A,Adyen,wallet,CO,1,14,60,54,6,0.9,116856.76
Merchant_A,Adyen,wallet,CO,1,15,50,45,5,0.9,118120.25
Merchant_A,Adyen,wallet,CO,1,16,60,52,8,0.8667,110920.08
Merchant_A,Adyen,wallet,CO,1,17,49,45,4,0.9184,115530.02
Merchant_A,Adyen,wallet,CO,1,18,49,43,6,0.8776,120262.7
Merchant_A,Adyen,wallet,CO,1,19,45,40,5,0.8889,131620.02
Merchant_A,Adyen,wallet,CO,1,20,28,27,1,0.9643,115178.52
Merchant_A,Adyen,wallet,CO,1,21,18,16,2,0.8889,93330.18
Merchant_A,Adyen,wallet,CO,1,22,8,6,2,0.75,127298.46
Merchant_A,Adyen,wallet,CO,1,23,6,4,2,0.6667,121532.44
Merchant_A,Adyen,wallet,CO,2,0,4,4,0,1.0,100336.34
Merchant_A,Adyen,wallet,CO,2,1,4,2,2,0.5,92227.74
Merchant_A,Adyen,wallet,CO,2,2,4,4,0,1.0,144716.33
Merchant_A,Adyen,wallet,CO,2,3,1,1,0,1.0,377732.38
Merchant_A,Adyen,wallet,CO,2,5,10,8,2,0.8,123817.02
Merchant_A,Adyen,wallet,CO,2,6,15,14,1,0.9333,136184.86
Merchant_A,Adyen,wallet,CO,2,7,21,18,3,0.8571,129571.62
Merchant_A,Adyen,wallet,CO,2,8,36,35,1,0.9722,122348.75
Merchant_A,Adyen,wallet,CO,2,9,59,55,4,0.9322,103436.73
Merchant_A,Adyen,wallet,CO,2,10,63,60,3,0.9524,111470.99
Merchant_A,Adyen,wallet,CO,2,11,64,57,7,0.8906,111266.87
Merchant_A,Adyen,wallet,CO,2,12,73,68,5,0.9315,97375.71
Merchant_A,Adyen,wallet,CO,2,13,63,57,6,0.9048,122270.21
Merchant_A,Adyen,wallet,CO,2,14,76,71,5,0.9342,120532.6
Merchant_A,Adyen,wallet,CO,2,15,58,54,4,0.931,117497.52
Merchant_A,Adyen,wallet,CO,2,16,51,48,3,0.9412,140070.95
Merchant_A,Adyen,wallet,CO,2,17,51,44,7,0.8627,131579.85
Merchant_A,Adyen,wallet,CO,2,18,52,49,3,0.9423,112322.96
Merchant_A,Adyen,wallet,CO,2,19,34,31,3,0.9118,127949.08
Merchant_A,Adyen,wallet,CO,2,20,21,19,2,0.9048,126908.44
Merchant_A,Adyen,wallet,CO,2,21,21,19,2,0.9048,127855.42
Merchant_A,Adyen,wallet,CO,2,22,12,11,1,0.9167,82058.92
Merchant_A,Adyen,wallet,CO,2,23,10,10,0,1.0,147682.44
Merchant_A,Adyen,wallet,CO,3,0,9,9,0,1.0,128593.34
Merchant_A,Adyen,wallet,CO,3,1,3,3,0,1.0,118291.29
Merchant_A,Adyen,wallet,CO,3,2,3,3,0,1.0,135073.92
Merchant_A,Adyen,wallet,CO,3,3,4,4,0,1.0,123868.08
Merchant_A,Adyen,wallet,CO,3,4,2,2,0,1.0,86875.65
Merchant_A,Adyen,wallet,CO,3,5,10,9,1,0.9,159631.82
Merchant_A,Adyen,wallet,CO,3,6,22,20,2,0.9091,132175.33
Merchant_A,Adyen,wallet,CO,3,7,34,32,2,0.9412,116195.14
Merchant_A,Adyen,wallet,CO,3,8,38,34,4,0.8947,111370.94
Merchant_A,Adyen,wallet,CO,3,9,59,54,5,0.9153,124952.24
Merchant_A,Adyen,wallet,CO,3,10,58,50,8,0.8621,125718.71
Merchant_A,Adyen,wallet,CO,3,11,68,56,12,0.8235,111851.46
Merchant_A,Adyen,wallet,CO,3,12,80,74,6,0.925,124998.25
Merchant_A,Adyen,wallet,CO,3,13,64,60,4,0.9375,115555.93
Merchant_A,Adyen,wallet,CO,3,14,60,57,3,0.95,109907.62
Merchant_A,Adyen,wallet,CO,3,15,76,72,4,0.9474,109673.41
Merchant_A,Adyen,wallet,CO,3,16,61,60,1,0.9836,124421.36
Merchant_A,Adyen,wallet,CO,3,17,58,52,6,0.8966,119155.51
Merchant_A,Adyen,wallet,CO,3,18,42,39,3,0.9286,119803.77
Merchant_A,Adyen,wallet,CO,3,19,32,27,5,0.8438,140426.92
Merchant_A,Adyen,wallet,CO,3,20,36,36,0,1.0,111922.17
Merchant_A,Adyen,wallet,CO,3,21,11,11,0,1.0,125002.77
Merchant_A,Adyen,wallet,CO,3,22,9,8,1,0.8889,130664.28
Merchant_A,Adyen,wallet,CO,3,23,5,5,0,1.0,160085.48
Merchant_A,Adyen,wallet,CO,4,0,8,7,1,0.875,145791.01
Merchant_A,Adyen,wallet,CO,4,1,7,6,1,0.8571,148892.88
Merchant_A,Adyen,wallet,CO,4,2,2,2,0,1.0,168912.5
Merchant_A,Adyen,wallet,CO,4,3,3,3,0,1.0,126694.26
Merchant_A,Adyen,wallet,CO,4,4,3,3,0,1.0,112327.34
Merchant_A,Adyen,wallet,CO,4,5,5,5,0,1.0,126850.13
Merchant_A,Adyen,wallet,CO,4,6,14,14,0,1.0,135153.06
Merchant_A,Adyen,wallet,CO,4,7,24,23,1,0.9583,116592.11
Merchant_A,Adyen,wallet,CO,4,8,35,31,4,0.8857,117680.05
Merchant_A,Adyen,wallet,CO,4,9,52,45,7,0.8654,121671.65
Merchant_A,Adyen,wallet,CO,4,10,60,56,4,0.9333,116971.99
Merchant_A,Adyen,wallet,CO,4,11,75,68,7,0.9067,114725.76
Merchant_A,Adyen,wallet,CO,4,12,82,73,9,0.8902,123899.59
Merchant_A,Adyen,wallet,CO,4,13,83,79,4,0.9518,117249.6
Merchant_A,Adyen,wallet,CO,4,14,70,67,3,0.9571,128259.41
Merchant_A,Adyen,wallet,CO,4,15,58,52,6,0.8966,123355.72
Merchant_A,Adyen,wallet,CO,4,16,54,49,5,0.9074,125211.06
Merchant_A,Adyen,wallet,CO,4,17,53,51,2,0.9623,127562.46
Merchant_A,Adyen,wallet,CO,4,18,43,38,5,0.8837,138004.78
Merchant_A,Adyen,wallet,CO,4,19,42,41,1,0.9762,120061.31
Merchant_A,Adyen,wallet,CO,4,20,28,26,2,0.9286,127593.87
Merchant_A,Adyen,wallet,CO,4,21,16,13,3,0.8125,140270.99
Merchant_A,Adyen,wallet,CO,4,22,9,7,2,0.7778,168645.43
Merchant_A,Adyen,wallet,CO,4,23,5,5,0,1.0,110461.85
Merchant_A,Adyen,wallet,CO,5,0,5,4,1,0.8,128864.91
Merchant_A,Adyen,wallet,CO,5,1,7,6,1,0.8571,132795.84
Merchant_A,Adyen,wallet,CO,5,3,3,3,0,1.0,160462.79
Merchant_A,Adyen,wallet,CO,5,4,2,0,2,0.0,32945.4
Merchant_A,Adyen,wallet,CO,5,5,6,6,0,1.0,146717.96
Merchant_A,Adyen,wallet,CO,5,6,10,9,1,0.9,103163.52
Merchant_A,Adyen,wallet,CO,5,7,33,29,4,0.8788,116373.84
Merchant_A,Adyen,wallet,CO,5,8,53,49,4,0.9245,122838.92
Merchant_A,Adyen,wallet,CO,5,9,50,43,7,0.86,115961.31
Merchant_A,Adyen,wallet,CO,5,10,135,125,10,0.9259,105759.65
Merchant_A,Adyen,wallet,CO,5,11,66,58,8,0.8788,132785.96
Merchant_A,Adyen,wallet,CO,5,12,71,63,8,0.8873,139274.47
Merchant_A,Adyen,wallet,CO,5,13,48,44,4,0.9167,121524.27
Merchant_A,Adyen,wallet,CO,5,14,55,49,6,0.8909,107719.13
Merchant_A,Adyen,wallet,CO,5,15,65,59,6,0.9077,109355.63
Merchant_A,Adyen,wallet,CO,5,16,54,49,5,0.9074,127124.95
Merchant_A,Adyen,wallet,CO,5,17,60,57,3,0.95,104007.64
Merchant_A,Adyen,wallet,CO,5,18,36,36,0,1.0,126342.07
Merchant_A,Adyen,wallet,CO,5,19,28,25,3,0.8929,132016.36
Merchant_A,Adyen,wallet,CO,5,20,34,31,3,0.9118,95640.67
Merchant_A,Adyen,wallet,CO,5,21,13,13,0,1.0,147075.63
Merchant_A,Adyen,wallet,CO,5,22,10,8,2,0.8,109529.0
Merchant_A,Adyen,wallet,CO,5,23,3,3,0,1.0,138732.71
Merchant_A,Adyen,wallet,CO,6,0,5,3,2,0.6,110497.64
Merchant_A,Adyen,wallet,CO,6,1,1,1,0,1.0,12000.0
Merchant_A,Adyen,wallet,CO,6,2,2,1,1,0.5,81153.85
Merchant_A,Adyen,wallet,CO,6,3,2,2,0,1.0,129704.54
Merchant_A,Adyen,wallet,CO,6,4,3,2,1,0.6667,20831.87
Merchant_A,Adyen,wallet,CO,6,5,4,4,0,1.0,151056.13
Merchant_A,Adyen,wallet,CO,6,6,8,7,1,0.875,125161.9
Merchant_A,Adyen,wallet,CO,6,7,22,18,4,0.8182,120018.52
Merchant_A,Adyen,wallet,CO,6,8,32,31,1,0.9688,131617.04
Merchant_A,Adyen,wallet,CO,6,9,50,44,6,0.88,120394.53
Merchant_A,Adyen,wallet,CO,6,10,68,63,5,0.9265,128780.82
Merchant_A,Adyen,wallet,CO,6,11,54,50,4,0.9259,110569.7
Merchant_A,Adyen,wallet,CO,6,12,59,57,2,0.9661,125802.97
Merchant_A,Adyen,wallet,CO,6,13,65,58,7,0.8923,127317.08
Merchant_A,Adyen,wallet,CO,6,14,58,54,4,0.931,114483.8
Merchant_A,Adyen,wallet,CO,6,15,44,40,4,0.9091,115020.19
Merchant_A,Adyen,wallet,CO,6,16,40,35,5,0.875,124702.83
Merchant_A,Adyen,wallet,CO,6,17,45,40,5,0.8889,119866.3
Merchant_A,Adyen,wallet,CO,6,18,43,42,1,0.9767,125036.0
Merchant_A,Adyen,wallet,CO,6,19,43,39,4,0.907,118188.88
Merchant_A,Adyen,wallet,CO,6,20,23,20,3,0.8696,127438.62
Merchant_A,Adyen,wallet,CO,6,21,12,12,0,1.0,116843.26
Merchant_A,Adyen,wallet,CO,6,22,7,6,1,0.8571,84338.92
Merchant_A,Adyen,wallet,CO,6,23,4,4,0,1.0,66644.28
Merchant_A,Adyen,wallet,MX,0,0,6,6,0,1.0,987.9
Merchant_A,Adyen,wallet,MX,0,1,4,4,0,1.0,739.72
Merchant_A,Adyen,wallet,MX,0,2,1,1,0,1.0,1004.41
Merchant_A,Adyen,wallet,MX,0,3,3,3,0,1.0,870.02
Merchant_A,Adyen,wallet,MX,0,4,2,1,1,0.5,570.98
Merchant_A,Adyen,wallet,MX,0,5,7,6,1,0.8571,834.36
Merchant_A,Adyen,wallet,MX,0,6,10,9,1,0.9,1042.28
Merchant_A,Adyen,wallet,MX,0,7,30,24,6,0.8,939.31
Merchant_A,Adyen,wallet,MX,0,8,45,38,7,0.8444,942.7
Merchant_A,Adyen,wallet,MX,0,9,47,44,3,0.9362,889.1
Merchant_A,Adyen,wallet,MX,0,10,46,44,2,0.9565,970.02
Merchant_A,Adyen,wallet,MX,0,11,56,51,5,0.9107,913.06
Merchant_A,Adyen,wallet,MX,0,12,88,83,5,0.9432,930.21
Merchant_A,Adyen,wallet,MX,0,13,75,71,4,0.9467,946.07
Merchant_A,Adyen,wallet,MX,0,14,59,57,2,0.9661,950.31
Merchant_A,Adyen,wallet,MX,0,15,57,54,3,0.9474,950.54
Merchant_A,Adyen,wallet,MX,0,16,47,39,8,0.8298,885.31
Merchant_A,Adyen,wallet,MX,0,17,45,42,3,0.9333,843.67
Merchant_A,Adyen,wallet,MX,0,18,38,32,6,0.8421,843.07
Merchant_A,Adyen,wallet,MX,0,19,58,51,7,0.8793,874.44
Merchant_A,Adyen,wallet,MX,0,20,23,21,2,0.913,1033.61
Merchant_A,Adyen,wallet,MX,0,21,14,14,0,1.0,1098.62
Merchant_A,Adyen,wallet,MX,0,22,10,9,1,0.9,820.76
Merchant_A,Adyen,wallet,MX,0,23,3,3,0,1.0,1385.67
Merchant_A,Adyen,wallet,MX,1,0,8,8,0,1.0,903.74
Merchant_A,Adyen,wallet,MX,1,1,7,7,0,1.0,935.41
Merchant_A,Adyen,wallet,MX,1,2,3,2,1,0.6667,1083.45
Merchant_A,Adyen,wallet,MX,1,4,2,2,0,1.0,690.65
Merchant_A,Adyen,wallet,MX,1,5,5,5,0,1.0,1358.05
Merchant_A,Adyen,wallet,MX,1,6,14,14,0,1.0,812.54
Merchant_A,Adyen,wallet,MX,1,7,27,24,3,0.8889,802.19
Merchant_A,Adyen,wallet,MX,1,8,28,25,3,0.8929,931.22
Merchant_A,Adyen,wallet,MX,1,9,48,43,5,0.8958,949.32
Merchant_A,Adyen,wallet,MX,1,10,101,94,7,0.9307,926.82
Merchant_A,Adyen,wallet,MX,1,11,69,65,4,0.942,999.58
Merchant_A,Adyen,wallet,MX,1,12,67,59,8,0.8806,833.39
Merchant_A,Adyen,wallet,MX,1,13,84,79,5,0.9405,886.67
Merchant_A,Adyen,wallet,MX,1,14,78,75,3,0.9615,870.84
Merchant_A,Adyen,wallet,MX,1,15,57,56,1,0.9825,882.62
Merchant_A,Adyen,wallet,MX,1,16,49,46,3,0.9388,874.13
Merchant_A,Adyen,wallet,MX,1,17,59,53,6,0.8983,860.55
Merchant_A,Adyen,wallet,MX,1,18,67,61,6,0.9104,841.41
Merchant_A,Adyen,wallet,MX,1,19,49,45,4,0.9184,939.2
Merchant_A,Adyen,wallet,MX,1,20,24,22,2,0.9167,964.9
Merchant_A,Adyen,wallet,MX,1,21,13,12,1,0.9231,780.73
Merchant_A,Adyen,wallet,MX,1,22,10,8,2,0.8,926.26
Merchant_A,Adyen,wallet,MX,1,23,6,4,2,0.6667,1112.26
Merchant_A,Adyen,wallet,MX,2,0,7,6,1,0.8571,833.81
Merchant_A,Adyen,wallet,MX,2,1,4,4,0,1.0,1074.34
Merchant_A,Adyen,wallet,MX,2,2,4,4,0,1.0,983.72
Merchant_A,Adyen,wallet,MX,2,3,4,4,0,1.0,719.14
Merchant_A,Adyen,wallet,MX,2,4,1,1,0,1.0,1509.91
Merchant_A,Adyen,wallet,MX,2,5,2,2,0,1.0,711.19
Merchant_A,Adyen,wallet,MX,2,6,14,13,1,0.9286,930.86
Merchant_A,Adyen,wallet,MX,2,7,27,25,2,0.9259,1022.15
Merchant_A,Adyen,wallet,MX,2,8,33,29,4,0.8788,915.6
Merchant_A,Adyen,wallet,MX,2,9,59,57,2,0.9661,979.5
Merchant_A,Adyen,wallet,MX,2,10,59,54,5,0.9153,835.64
Merchant_A,Adyen,wallet,MX,2,11,62,56,6,0.9032,835.77
Merchant_A,Adyen,wallet,MX,2,12,94,89,5,0.9468,991.39
Merchant_A,Adyen,wallet,MX,2,13,57,55,2,0.9649,886.71
Merchant_A,Adyen,wallet,MX,2,14,60,56,4,0.9333,917.45
Merchant_A,Adyen,wallet,MX,2,15,62,55,7,0.8871,1013.09
Merchant_A,Adyen,wallet,MX,2,16,57,54,3,0.9474,837.45
Merchant_A,Adyen,wallet,MX,2,17,74,66,8,0.8919,853.17
Merchant_A,Adyen,wallet,MX,2,18,59,52,7,0.8814,953.45
Merchant_A,Adyen,wallet,MX,2,19,51,51,0,1.0,968.81
Merchant_A,Adyen,wallet,MX,2,20,28,27,1,0.9643,961.65
Merchant_A,Adyen,wallet,MX,2,21,16,15,1,0.9375,779.17
Merchant_A,Adyen,wallet,MX,2,22,6,6,0,1.0,824.68
Merchant_A,Adyen,wallet,MX,2,23,9,8,1,0.8889,771.41
Merchant_A,Adyen,wallet,MX,3,0,8,8,0,1.0,592.43
Merchant_A,Adyen,wallet,MX,3,1,3,3,0,1.0,1364.37
Merchant_A,Adyen,wallet,MX,3,2,2,2,0,1.0,463.46
Merchant_A,Adyen,wallet,MX,3,3,2,1,1,0.5,1058.97
Merchant_A,Adyen,wallet,MX,3,4,3,3,0,1.0,1435.72
Merchant_A,Adyen,wallet,MX,3,5,7,5,2,0.7143,765.37
Merchant_A,Adyen,wallet,MX,3,6,12,12,0,1.0,877.68
Merchant_A,Adyen,wallet,MX,3,7,24,22,2,0.9167,955.23
Merchant_A,Adyen,wallet,MX,3,8,46,40,6,0.8696,989.04
Merchant_A,Adyen,wallet,MX,3,9,57,54,3,0.9474,855.12
Merchant_A,Adyen,wallet,MX,3,10,63,57,6,0.9048,957.36
Merchant_A,Adyen,wallet,MX,3,11,62,55,7,0.8871,830.43
Merchant_A,Adyen,wallet,MX,3,12,78,71,7,0.9103,930.71
Merchant_A,Adyen,wallet,MX,3,13,64,59,5,0.9219,930.44
Merchant_A,Adyen,wallet,MX,3,14,57,53,4,0.9298,952.64
Merchant_A,Adyen,wallet,MX,3,15,56,50,6,0.8929,907.29
Merchant_A,Adyen,wallet,MX,3,16,62,57,5,0.9194,953.65
Merchant_A,Adyen,wallet,MX,3,17,57,51,6,0.8947,938.5
Merchant_A,Adyen,wallet,MX,3,18,35,35,0,1.0,838.48
Merchant_A,Adyen,wallet,MX,3,19,46,40,6,0.8696,860.78
Merchant_A,Adyen,wallet,MX,3,20,21,20,1,0.9524,1032.85
Merchant_A,Adyen,wallet,MX,3,21,19,18,1,0.9474,882.52
Merchant_A,Adyen,wallet,MX,3,22,11,9,2,0.8182,1001.75
Merchant_A,Adyen,wallet,MX,3,23,8,7,1,0.875,967.06
Merchant_A,Adyen,wallet,MX,4,0,7,7,0,1.0,957.72
Merchant_A,Adyen,wallet,MX,4,1,1,1,0,1.0,1090.4
Merchant_A,Adyen,wallet,MX,4,2,2,2,0,1.0,763.73
Merchant_A,Adyen,wallet,MX,4,3,2,2,0,1.0,705.94
Merchant_A,Adyen,wallet,MX,4,4,3,3,0,1.0,1026.96
Merchant_A,Adyen,wallet,MX,4,5,4,3,1,0.75,1086.9
Merchant_A,Adyen,wallet,MX,4,6,14,11,3,0.7857,949.25
Merchant_A,Adyen,wallet,MX,4,7,22,21,1,0.9545,977.01
Merchant_A,Adyen,wallet,MX,4,8,47,41,6,0.8723,875.86
Merchant_A,Adyen,wallet,MX,4,9,60,54,6,0.9,876.08
Merchant_A,Adyen,wallet,MX,4,10,73,69,4,0.9452,983.06
Merchant_A,Adyen,wallet,MX,4,11,70,67,3,0.9571,1010.14
Merchant_A,Adyen,wallet,MX,4,12,90,86,4,0.9556,860.95
Merchant_A,Adyen,wallet,MX,4,13,83,75,8,0.9036,906.54
Merchant_A,Adyen,wallet,MX,4,14,59,54,5,0.9153,925.22
Merchant_A,Adyen,wallet,MX,4,15,53,52,1,0.9811,941.13
Merchant_A,Adyen,wallet,MX,4,16,46,38,8,0.8261,996.82
Merchant_A,Adyen,wallet,MX,4,17,48,46,2,0.9583,940.26
Merchant_A,Adyen,wallet,MX,4,18,36,32,4,0.8889,902.33
Merchant_A,Adyen,wallet,MX,4,19,40,37,3,0.925,874.28
Merchant_A,Adyen,wallet,MX,4,20,20,18,2,0.9,1124.41
Merchant_A,Adyen,wallet,MX,4,21,22,21,1,0.9545,1063.6
Merchant_A,Adyen,wallet,MX,4,22,10,7,3,0.7,1051.84
Merchant_A,Adyen,wallet,MX,4,23,5,5,0,1.0,842.58
Merchant_A,Adyen,wallet,MX,5,0,4,4,0,1.0,724.84
Merchant_A,Adyen,wallet,MX,5,1,3,3,0,1.0,438.59
Merchant_A,Adyen,wallet,MX,5,2,6,6,0,1.0,792.4
Merchant_A,Adyen,wallet,MX,5,3,3,2,1,0.6667,778.06
Merchant_A,Adyen,wallet,MX,5,4,2,1,1,0.5,514.92
Merchant_A,Adyen,wallet,MX,5,5,4,4,0,1.0,1149.44
Merchant_A,Adyen,wallet,MX,5,6,14,13,1,0.9286,934.41
Merchant_A,Adyen,wallet,MX,5,7,24,19,5,0.7917,1104.26
Merchant_A,Adyen,wallet,MX,5,8,40,39,1,0.975,942.98
Merchant_A,Adyen,wallet,MX,5,9,65,61,4,0.9385,812.88
Merchant_A,Adyen,wallet,MX,5,10,131,122,9,0.9313,978.05
Merchant_A,Adyen,wallet,MX,5,11,67,60,7,0.8955,969.74
Merchant_A,Adyen,wallet,MX,5,12,73,67,6,0.9178,919.77
Merchant_A,Adyen,wallet,MX,5,13,66,64,2,0.9697,823.09
Merchant_A,Adyen,wallet,MX,5,14,66,58,8,0.8788,921.04
Merchant_A,Adyen,wallet,MX,5,15,69,64,5,0.9275,930.23
Merchant_A,Adyen,wallet,MX,5,16,45,40,5,0.8889,856.75
Merchant_A,Adyen,wallet,MX,5,17,58,51,7,0.8793,954.16
Merchant_A,Adyen,wallet,MX,5,18,45,43,2,0.9556,933.1
Merchant_A,Adyen,wallet,MX,5,19,37,33,4,0.8919,785.25
Merchant_A,Adyen,wallet,MX,5,20,18,15,3,0.8333,981.78
Merchant_A,Adyen,wallet,MX,5,21,17,16,1,0.9412,913.28
Merchant_A,Adyen,wallet,MX,5,22,7,6,1,0.8571,681.31
Merchant_A,Adyen,wallet,MX,5,23,8,8,0,1.0,1124.56
Merchant_A,Adyen,wallet,MX,6,0,15,13,2,0.8667,868.59
Merchant_A,Adyen,wallet,MX,6,1,1,1,0,1.0,497.72
Merchant_A,Adyen,wallet,MX,6,2,3,3,0,1.0,744.06
Merchant_A,Adyen,wallet,MX,6,3,1,1,0,1.0,1117.44
Merchant_A,Adyen,wallet,MX,6,4,1,0,1,0.0,683.86
Merchant_A,Adyen,wallet,MX,6,5,9,8,1,0.8889,1191.45
Merchant_A,Adyen,wallet,MX,6,6,15,14,1,0.9333,780.4
Merchant_A,Adyen,wallet,MX,6,7,36,36,0,1.0,854.39
Merchant_A,Adyen,wallet,MX,6,8,30,28,2,0.9333,883.66
Merchant_A,Adyen,wallet,MX,6,9,51,50,1,0.9804,967.96
Merchant_A,Adyen,wallet,MX,6,10,67,61,6,0.9104,988.33
Merchant_A,Adyen,wallet,MX,6,11,51,49,2,0.9608,815.78
Merchant_A,Adyen,wallet,MX,6,12,60,55,5,0.9167,975.38
Merchant_A,Adyen,wallet,MX,6,13,69,67,2,0.971,890.3
Merchant_A,Adyen,wallet,MX,6,14,58,54,4,0.931,917.58
Merchant_A,Adyen,wallet,MX,6,15,63,60,3,0.9524,862.56
Merchant_A,Adyen,wallet,MX,6,16,55,53,2,0.9636,857.0
Merchant_A,Adyen,wallet,MX,6,17,41,39,2,0.9512,944.62
Merchant_A,Adyen,wallet,MX,6,18,45,42,3,0.9333,824.75
Merchant_A,Adyen,wallet,MX,6,19,36,35,1,0.9722,947.47
Merchant_A,Adyen,wallet,MX,6,20,22,20,2,0.9091,896.87
Merchant_A,Adyen,wallet,MX,6,21,12,12,0,1.0,1023.84
Merchant_A,Adyen,wallet,MX,6,22,5,4,1,0.8,995.6
Merchant_A,Adyen,wallet,MX,6,23,3,3,0,1.0,811.8
Merchant_A,Stripe,PIX,BR,0,0,3,3,0,1.0,406.26
Merchant_A,Stripe,PIX,BR,0,1,4,3,1,0.75,203.38
Merchant_A,Stripe,PIX,BR,0,2,1,1,0,1.0,221.18
Merchant_A,Stripe,PIX,BR,0,3,5,5,0,1.0,274.53
Merchant_A,Stripe,PIX,BR,0,4,5,5,0,1.0,267.29
Merchant_A,Stripe,PIX,BR,0,5,4,4,0,1.0,436.43
Merchant_A,Stripe,PIX,BR,0,6,16,15,1,0.9375,215.53
Merchant_A,Stripe,PIX,BR,0,7,20,19,1,0.95,277.34
Merchant_A,Stripe,PIX,BR,0,8,31,28,3,0.9032,306.39
Merchant_A,Stripe,PIX,BR,0,9,59,58,1,0.9831,288.33
Merchant_A,Stripe,PIX,BR,0,10,65,62,3,0.9538,293.59
Merchant_A,Stripe,PIX,BR,0,11,60,57,3,0.95,273.76
Merchant_A,Stripe,PIX,BR,0,12,74,69,5,0.9324,256.29
Merchant_A,Stripe,PIX,BR,0,13,53,50,3,0.9434,320.57
Merchant_A,Stripe,PIX,BR,0,14,51,49,2,0.9608,276.85
Merchant_A,Stripe,PIX,BR,0,15,63,60,3,0.9524,265.18
Merchant_A,Stripe,PIX,BR,0,16,45,45,0,1.0,230.3
Merchant_A,Stripe,PIX,BR,0,17,57,54,3,0.9474,250.41
Merchant_A,Stripe,PIX,BR,0,18,31,31,0,1.0,305.19
Merchant_A,Stripe,PIX,BR,0,19,35,34,1,0.9714,288.63
Merchant_A,Stripe,PIX,BR,0,20,22,19,3,0.8636,279.11
Merchant_A,Stripe,PIX,BR,0,21,9,9,0,1.0,334.26
Merchant_A,Stripe,PIX,BR,0,22,5,5,0,1.0,355.73
Merchant_A,Stripe,PIX,BR,0,23,5,5,0,1.0,403.19
Merchant_A,Stripe,PIX,BR,1,0,3,3,0,1.0,351.72
Merchant_A,Stripe,PIX,BR,1,1,7,7,0,1.0,333.96
Merchant_A,Stripe,PIX,BR,1,2,4,3,1,0.75,243.62
Merchant_A,Stripe,PIX,BR,1,3,1,1,0,1.0,444.3
Merchant_A,Stripe,PIX,BR,1,5,6,6,0,1.0,391.91
Merchant_A,Stripe,PIX,BR,1,6,9,8,1,0.8889,288.02
Merchant_A,Stripe,PIX,BR,1,7,31,29,2,0.9355,296.49
Merchant_A,Stripe,PIX,BR,1,8,46,43,3,0.9348,258.61
Merchant_A,Stripe,PIX,BR,1,9,42,42,0,1.0,317.2
Merchant_A,Stripe,PIX,BR,1,10,66,62,4,0.9394,313.08
Merchant_A,Stripe,PIX,BR,1,11,60,55,5,0.9167,248.03
Merchant_A,Stripe,PIX,BR,1,12,82,77,5,0.939,232.26
Merchant_A,Stripe,PIX,BR,1,13,75,72,3,0.96,287.59
Merchant_A,Stripe,PIX,BR,1,14,68,66,2,0.9706,291.58
Merchant_A,Stripe,PIX,BR,1,15,66,66,0,1.0,254.98
Merchant_A,Stripe,PIX,BR,1,16,53,51,2,0.9623,238.98
Merchant_A,Stripe,PIX,BR,1,17,52,49,3,0.9423,284.24
Merchant_A,Stripe,PIX,BR,1,18,48,45,3,0.9375,292.01
Merchant_A,Stripe,PIX,BR,1,19,36,35,1,0.9722,323.1
Merchant_A,Stripe,PIX,BR,1,20,26,24,2,0.9231,228.16
Merchant_A,Stripe,PIX,BR,1,21,21,20,1,0.9524,301.42
Merchant_A,Stripe,PIX,BR,1,22,9,9,0,1.0,249.66
Merchant_A,Stripe,PIX,BR,1,23,7,7,0,1.0,299.74
Merchant_A,Stripe,PIX,BR,2,0,6,6,0,1.0,238.84
Merchant_A,Stripe,PIX,BR,2,1,5,4,1,0.8,296.44
Merchant_A,Stripe,PIX,BR,2,2,5,5,0,1.0,289.79
Merchant_A,Stripe,PIX,BR,2,3,3,3,0,1.0,180.09
Merchant_A,Stripe,PIX,BR,2,4,3,3,0,1.0,354.58
Merchant_A,Stripe,PIX,BR,2,5,1,1,0,1.0,47.21
Merchant_A,Stripe,PIX,BR,2,6,20,20,0,1.0,238.08
Merchant_A,Stripe,PIX,BR,2,7,29,29,0,1.0,270.58
Merchant_A,Stripe,PIX,BR,2,8,48,44,4,0.9167,249.65
Merchant_A,Stripe,PIX,BR,2,9,60,58,2,0.9667,288.3
Merchant_A,Stripe,PIX,BR,2,10,68,63,5,0.9265,255.52
Merchant_A,Stripe,PIX,BR,2,11,73,71,2,0.9726,290.66
Merchant_A,Stripe,PIX,BR,2,12,94,87,7,0.9255,286.67
Merchant_A,Stripe,PIX,BR,2,13,60,58,2,0.9667,286.24
Merchant_A,Stripe,PIX,BR,2,14,62,56,6,0.9032,282.71
Merchant_A,Stripe,PIX,BR,2,15,58,54,4,0.931,312.97
Merchant_A,Stripe,PIX,BR,2,16,57,55,2,0.9649,276.02
Merchant_A,Stripe,PIX,BR,2,17,57,52,5,0.9123,259.5
Merchant_A,Stripe,PIX,BR,2,18,42,41,1,0.9762,266.63
Merchant_A,Stripe,PIX,BR,2,19,44,41,3,0.9318,298.54
Merchant_A,Stripe,PIX,BR,2,20,18,17,1,0.9444,249.53
Merchant_A,Stripe,PIX,BR,2,21,17,16,1,0.9412,336.13
Merchant_A,Stripe,PIX,BR,2,22,5,4,1,0.8,418.29
Merchant_A,Stripe,PIX,BR,2,23,7,7,0,1.0,359.55
Merchant_A,Stripe,PIX,BR,3,0,8,8,0,1.0,206.4
Merchant_A,Stripe,PIX,BR,3,1,4,4,0,1.0,116.05
Merchant_A,Stripe,PIX,BR,3,2,5,5,0,1.0,362.74
Merchant_A,Stripe,PIX,BR,3,3,2,2,0,1.0,256.92
Merchant_A,Stripe,PIX,BR,3,4,4,4,0,1.0,327.77
Merchant_A,Stripe,PIX,BR,3,5,3,2,1,0.6667,342.85
Merchant_A,Stripe,PIX,BR,3,6,15,15,0,1.0,310.43
Merchant_A,Stripe,PIX,BR,3,7,29,28,1,0.9655,298.03
Merchant_A,Stripe,PIX,BR,3,8,42,36,6,0.8571,285.57
Merchant_A,Stripe,PIX,BR,3,9,48,45,3,0.9375,258.64
Merchant_A,Stripe,PIX,BR,3,10,48,44,4,0.9167,282.42
Merchant_A,Stripe,PIX,BR,3,11,74,67,7,0.9054,281.51
Merchant_A,Stripe,PIX,BR,3,12,89,85,4,0.9551,333.59
Merchant_A,Stripe,PIX,BR,3,13,86,77,9,0.8953,326.84
Merchant_A,Stripe,PIX,BR,3,14,59,56,3,0.9492,296.65
Merchant_A,Stripe,PIX,BR,3,15,73,72,1,0.9863,262.21
Merchant_A,Stripe,PIX,BR,3,16,42,41,1,0.9762,294.32
Merchant_A,Stripe,PIX,BR,3,17,63,60,3,0.9524,278.42
Merchant_A,Stripe,PIX,BR,3,18,52,49,3,0.9423,240.88
Merchant_A,Stripe,PIX,BR,3,19,39,39,0,1.0,286.59
Merchant_A,Stripe,PIX,BR,3,20,33,32,1,0.9697,266.56
Merchant_A,Stripe,PIX,BR,3,21,24,22,2,0.9167,290.09
Merchant_A,Stripe,PIX,BR,3,22,13,11,2,0.8462,295.79
Merchant_A,Stripe,PIX,BR,3,23,10,9,1,0.9,330.26
Merchant_A,Stripe,PIX,BR,4,0,8,8,0,1.0,254.73
Merchant_A,Stripe,PIX,BR,4,1,7,7,0,1.0,249.63
Merchant_A,Stripe,PIX,BR,4,2,1,1,0,1.0,435.1
Merchant_A,Stripe,PIX,BR,4,3,4,3,1,0.75,385.48
Merchant_A,Stripe,PIX,BR,4,4,5,5,0,1.0,245.61
Merchant_A,Stripe,PIX,BR,4,5,5,5,0,1.0,414.73
Merchant_A,Stripe,PIX,BR,4,6,15,15,0,1.0,228.51
Merchant_A,Stripe,PIX,BR,4,7,32,31,1,0.9688,205.8
Merchant_A,Stripe,PIX,BR,4,8,40,40,0,1.0,266.19
Merchant_A,Stripe,PIX,BR,4,9,50,46,4,0.92,270.52
Merchant_A,Stripe,PIX,BR,4,10,65,63,2,0.9692,272.42
Merchant_A,Stripe,PIX,BR,4,11,74,72,2,0.973,331.79
Merchant_A,Stripe,PIX,BR,4,12,71,67,4,0.9437,273.71
Merchant_A,Stripe,PIX,BR,4,13,71,68,3,0.9577,307.51
Merchant_A,Stripe,PIX,BR,4,14,52,51,1,0.9808,282.28
Merchant_A,Stripe,PIX,BR,4,15,65,61,4,0.9385,311.22
Merchant_A,Stripe,PIX,BR,4,16,60,58,2,0.9667,247.49
Merchant_A,Stripe,PIX,BR,4,17,40,39,1,0.975,291.42
Merchant_A,Stripe,PIX,BR,4,18,42,41,1,0.9762,291.16
Merchant_A,Stripe,PIX,BR,4,19,41,40,1,0.9756,228.43
Merchant_A,Stripe,PIX,BR,4,20,31,30,1,0.9677,261.5
Merchant_A,Stripe,PIX,BR,4,21,15,15,0,1.0,300.07
Merchant_A,Stripe,PIX,BR,4,22,10,10,0,1.0,317.07
Merchant_A,Stripe,PIX,BR,4,23,8,8,0,1.0,349.89
Merchant_A,Stripe,PIX,BR,5,0,5,5,0,1.0,388.95
Merchant_A,Stripe,PIX,BR,5,1,5,5,0,1.0,217.71
Merchant_A,Stripe,PIX,BR,5,2,3,3,0,1.0,287.67
Merchant_A,Stripe,PIX,BR,5,3,4,3,1,0.75,262.56
Merchant_A,Stripe,PIX,BR,5,4,3,3,0,1.0,213.9
Merchant_A,Stripe,PIX,BR,5,5,4,4,0,1.0,337.31
Merchant_A,Stripe,PIX,BR,5,6,11,9,2,0.8182,318.2
Merchant_A,Stripe,PIX,BR,5,7,30,29,1,0.9667,300.12
Merchant_A,Stripe,PIX,BR,5,8,39,34,5,0.8718,265.23
Merchant_A,Stripe,PIX,BR,5,9,52,49,3,0.9423,284.48
Merchant_A,Stripe,PIX,BR,5,10,118,112,6,0.9492,280.83
Merchant_A,Stripe,PIX,BR,5,11,68,68,0,1.0,241.52
Merchant_A,Stripe,PIX,BR,5,12,65,63,2,0.9692,272.43
Merchant_A,Stripe,PIX,BR,5,13,52,47,5,0.9038,283.11
Merchant_A,Stripe,PIX,BR,5,14,43,37,6,0.8605,309.35
Merchant_A,Stripe,PIX,BR,5,15,61,59,2,0.9672,292.78
Merchant_A,Stripe,PIX,BR,5,16,50,48,2,0.96,303.13
Merchant_A,Stripe,PIX,BR,5,17,51,50,1,0.9804,301.52
Merchant_A,Stripe,PIX,BR,5,18,42,39,3,0.9286,280.14
Merchant_A,Stripe,PIX,BR,5,19,25,22,3,0.88,288.4
Merchant_A,Stripe,PIX,BR,5,20,28,26,2,0.9286,267.72
Merchant_A,Stripe,PIX,BR,5,21,20,20,0,1.0,292.14
Merchant_A,Stripe,PIX,BR,5,22,10,8,2,0.8,333.94
Merchant_A,Stripe,PIX,BR,5,23,10,9,1,0.9,342.58
Merchant_A,Stripe,PIX,BR,6,0,5,4,1,0.8,207.18
Merchant_A,Stripe,PIX,BR,6,1,1,1,0,1.0,180.37
Merchant_A,Stripe,PIX,BR,6,2,2,2,0,1.0,181.65
Merchant_A,Stripe,PIX,BR,6,3,2,2,0,1.0,279.18
Merchant_A,Stripe,PIX,BR,6,4,4,4,0,1.0,381.24
Merchant_A,Stripe,PIX,BR,6,5,5,4,1,0.8,106.5
Merchant_A,Stripe,PIX,BR,6,6,17,17,0,1.0,326.79
Merchant_A,Stripe,PIX,BR,6,7,33,32,1,0.9697,362.28
Merchant_A,Stripe,PIX,BR,6,8,36,34,2,0.9444,291.51
Merchant_A,Stripe,PIX,BR,6,9,59,58,1,0.9831,334.27
Merchant_A,Stripe,PIX,BR,6,10,58,55,3,0.9483,280.5
Merchant_A,Stripe,PIX,BR,6,11,58,53,5,0.9138,272.36
Merchant_A,Stripe,PIX,BR,6,12,62,61,1,0.9839,314.47
Merchant_A,Stripe,PIX,BR,6,13,48,47,1,0.9792,264.87
Merchant_A,Stripe,PIX,BR,6,14,55,49,6,0.8909,291.85
Merchant_A,Stripe,PIX,BR,6,15,60,55,5,0.9167,313.91
Merchant_A,Stripe,PIX,BR,6,16,53,52,1,0.9811,247.11
Merchant_A,Stripe,PIX,BR,6,17,43,42,1,0.9767,282.52
Merchant_A,Stripe,PIX,BR,6,18,33,32,1,0.9697,282.42
Merchant_A,Stripe,PIX,BR,6,19,21,21,0,1.0,318.38
Merchant_A,Stripe,PIX,BR,6,20,25,23,2,0.92,270.75
Merchant_A,Stripe,PIX,BR,6,21,14,14,0,1.0,293.66
Merchant_A,Stripe,PIX,BR,6,22,11,10,1,0.9091,251.77
Merchant_A,Stripe,PIX,BR,6,23,5,5,0,1.0,205.22
Merchant_A,Stripe,PSE,CO,0,0,5,5,0,1.0,87307.71
Merchant_A,Stripe,PSE,CO,0,1,3,2,1,0.6667,113676.54
Merchant_A,Stripe,PSE,CO,0,2,1,1,0,1.0,241814.13
Merchant_A,Stripe,PSE,CO,0,3,2,2,0,1.0,155703.75
Merchant_A,Stripe,PSE,CO,0,5,3,3,0,1.0,161653.61
Merchant_A,Stripe,PSE,CO,0,6,16,13,3,0.8125,125504.03
Merchant_A,Stripe,PSE,CO,0,7,23,19,4,0.8261,124354.39
Merchant_A,Stripe,PSE,CO,0,8,39,33,6,0.8462,97394.84
Merchant_A,Stripe,PSE,CO,0,9,49,41,8,0.8367,110130.35
Merchant_A,Stripe,PSE,CO,0,10,57,49,8,0.8596,119240.41
Merchant_A,Stripe,PSE,CO,0,11,72,62,10,0.8611,128244.87
Merchant_A,Stripe,PSE,CO,0,12,68,60,8,0.8824,114188.49
Merchant_A,Stripe,PSE,CO,0,13,52,45,7,0.8654,107134.6
Merchant_A,Stripe,PSE,CO,0,14,58,52,6,0.8966,138743.11
Merchant_A,Stripe,PSE,CO,0,15,70,60,10,0.8571,122684.03
Merchant_A,Stripe,PSE,CO,0,16,47,43,4,0.9149,121116.39
Merchant_A,Stripe,PSE,CO,0,17,43,42,1,0.9767,116878.08
Merchant_A,Stripe,PSE,CO,0,18,47,41,6,0.8723,124594.55
Merchant_A,Stripe,PSE,CO,0,19,40,33,7,0.825,135201.46
Merchant_A,Stripe,PSE,CO,0,20,24,21,3,0.875,125315.38
Merchant_A,Stripe,PSE,CO,0,21,20,18,2,0.9,141517.14
Merchant_A,Stripe,PSE,CO,0,22,7,5,2,0.7143,160319.84
Merchant_A,Stripe,PSE,CO,0,23,5,4,1,0.8,152675.07
Merchant_A,Stripe,PSE,CO,1,0,10,9,1,0.9,109319.67
Merchant_A,Stripe,PSE,CO,1,1,4,4,0,1.0,77386.58
Merchant_A,Stripe,PSE,CO,1,2,2,2,0,1.0,32992.91
Merchant_A,Stripe,PSE,CO,1,3,2,2,0,1.0,128734.55
Merchant_A,Stripe,PSE,CO,1,4,3,3,0,1.0,62852.41
Merchant_A,Stripe,PSE,CO,1,5,10,9,1,0.9,109153.44
Merchant_A,Stripe,PSE,CO,1,6,12,11,1,0.9167,85271.18
Merchant_A,Stripe,PSE,CO,1,7,34,27,7,0.7941,116503.22
Merchant_A,Stripe,PSE,CO,1,8,38,33,5,0.8684,134525.56
Merchant_A,Stripe,PSE,CO,1,9,44,40,4,0.9091,122285.0
Merchant_A,Stripe,PSE,CO,1,10,62,52,10,0.8387,135943.72
Merchant_A,Stripe,PSE,CO,1,11,76,66,10,0.8684,114303.86
Merchant_A,Stripe,PSE,CO,1,12,80,68,12,0.85,119093.94
Merchant_A,Stripe,PSE,CO,1,13,75,70,5,0.9333,111145.33
Merchant_A,Stripe,PSE,CO,1,14,38,33,5,0.8684,117253.92
Merchant_A,Stripe,PSE,CO,1,15,73,66,7,0.9041,123128.68
Merchant_A,Stripe,PSE,CO,1,16,43,39,4,0.907,114751.15
Merchant_A,Stripe,PSE,CO,1,17,53,46,7,0.8679,125581.64
Merchant_A,Stripe,PSE,CO,1,18,49,46,3,0.9388,135823.84
Merchant_A,Stripe,PSE,CO,1,19,37,33,4,0.8919,126832.64
Merchant_A,Stripe,PSE,CO,1,20,28,26,2,0.9286,119519.68
Merchant_A,Stripe,PSE,CO,1,21,29,29,0,1.0,127988.29
Merchant_A,Stripe,PSE,CO,1,22,6,6,0,1.0,98671.25
Merchant_A,Stripe,PSE,CO,1,23,5,5,0,1.0,150360.34
Merchant_A,Stripe,PSE,CO,2,0,8,7,1,0.875,131192.94
Merchant_A,Stripe,PSE,CO,2,1,2,1,1,0.5,119930.54
Merchant_A,Stripe,PSE,CO,2,2,2,2,0,1.0,75939.76
Merchant_A,Stripe,PSE,CO,2,3,4,3,1,0.75,174774.72
Merchant_A,Stripe,PSE,CO,2,4,4,4,0,1.0,138514.12
Merchant_A,Stripe,PSE,CO,2,5,6,6,0,1.0,99228.72
Merchant_A,Stripe,PSE,CO,2,6,19,16,3,0.8421,148353.7
Merchant_A,Stripe,PSE,CO,2,7,13,11,2,0.8462,85964.65
Merchant_A,Stripe,PSE,CO,2,8,48,42,6,0.875,122050.11
Merchant_A,Stripe,PSE,CO,2,9,46,37,9,0.8043,122741.77
Merchant_A,Stripe,PSE,CO,2,10,60,54,6,0.9,117328.69
Merchant_A,Stripe,PSE,CO,2,11,73,69,4,0.9452,133317.26
Merchant_A,Stripe,PSE,CO,2,12,67,63,4,0.9403,123549.82
Merchant_A,Stripe,PSE,CO,2,13,65,53,12,0.8154,122034.66
Merchant_A,Stripe,PSE,CO,2,14,56,51,5,0.9107,138463.6
Merchant_A,Stripe,PSE,CO,2,15,74,66,8,0.8919,129565.11
Merchant_A,Stripe,PSE,CO,2,16,58,51,7,0.8793,113773.66
Merchant_A,Stripe,PSE,CO,2,17,53,45,8,0.8491,133330.39
Merchant_A,Stripe,PSE,CO,2,18,50,46,4,0.92,114663.79
Merchant_A,Stripe,PSE,CO,2,19,41,36,5,0.878,147422.59
Merchant_A,Stripe,PSE,CO,2,20,30,28,2,0.9333,129154.38
Merchant_A,Stripe,PSE,CO,2,21,16,16,0,1.0,118492.76
Merchant_A,Stripe,PSE,CO,2,22,16,13,3,0.8125,120659.18
Merchant_A,Stripe,PSE,CO,2,23,12,11,1,0.9167,135493.05
Merchant_A,Stripe,PSE,CO,3,0,5,4,1,0.8,122977.9
Merchant_A,Stripe,PSE,CO,3,1,2,2,0,1.0,155574.94
Merchant_A,Stripe,PSE,CO,3,2,1,1,0,1.0,176411.61
Merchant_A,Stripe,PSE,CO,3,3,1,1,0,1.0,268432.09
Merchant_A,Stripe,PSE,CO,3,4,2,2,0,1.0,152685.01
Merchant_A,Stripe,PSE,CO,3,5,7,6,1,0.8571,112553.28
Merchant_A,Stripe,PSE,CO,3,6,9,5,4,0.5556,126888.91
Merchant_A,Stripe,PSE,CO,3,7,32,29,3,0.9062,107003.58
Merchant_A,Stripe,PSE,CO,3,8,47,38,9,0.8085,132623.65
Merchant_A,Stripe,PSE,CO,3,9,53,48,5,0.9057,124805.37
Merchant_A,Stripe,PSE,CO,3,10,73,65,8,0.8904,119047.32
Merchant_A,Stripe,PSE,CO,3,11,62,58,4,0.9355,116599.58
Merchant_A,Stripe,PSE,CO,3,12,71,58,13,0.8169,110137.45
Merchant_A,Stripe,PSE,CO,3,13,63,50,13,0.7937,123341.34
Merchant_A,Stripe,PSE,CO,3,14,64,61,3,0.9531,119555.03
Merchant_A,Stripe,PSE,CO,3,15,70,57,13,0.8143,114462.61
Merchant_A,Stripe,PSE,CO,3,16,57,46,11,0.807,123062.89
Merchant_A,Stripe,PSE,CO,3,17,64,55,9,0.8594,113130.28
Merchant_A,Stripe,PSE,CO,3,18,47,40,7,0.8511,115377.53
Merchant_A,Stripe,PSE,CO,3,19,54,47,7,0.8704,116075.81
Merchant_A,Stripe,PSE,CO,3,20,28,27,1,0.9643,116738.63
Merchant_A,Stripe,PSE,CO,3,21,15,12,3,0.8,152554.3
Merchant_A,Stripe,PSE,CO,3,22,7,7,0,1.0,85841.36
Merchant_A,Stripe,PSE,CO,3,23,11,10,1,0.9091,166175.11
Merchant_A,Stripe,PSE,CO,4,0,4,4,0,1.0,107682.4
Merchant_A,Stripe,PSE,CO,4,1,5,4,1,0.8,147891.3
Merchant_A,Stripe,PSE,CO,4,2,1,1,0,1.0,51599.92
Merchant_A,Stripe,PSE,CO,4,3,2,2,0,1.0,145858.78
Merchant_A,Stripe,PSE,CO,4,4,6,6,0,1.0,154067.94
Merchant_A,Stripe,PSE,CO,4,5,1,1,0,1.0,70915.65
Merchant_A,Stripe,PSE,CO,4,6,9,5,4,0.5556,120448.71
Merchant_A,Stripe,PSE,CO,4,7,26,22,4,0.8462,116255.39
Merchant_A,Stripe,PSE,CO,4,8,45,39,6,0.8667,122422.36
Merchant_A,Stripe,PSE,CO,4,9,56,47,9,0.8393,107766.37
Merchant_A,Stripe,PSE,CO,4,10,72,64,8,0.8889,122166.95
Merchant_A,Stripe,PSE,CO,4,11,77,72,5,0.9351,127166.78
Merchant_A,Stripe,PSE,CO,4,12,84,72,12,0.8571,126062.69
Merchant_A,Stripe,PSE,CO,4,13,69,60,9,0.8696,120649.95
Merchant_A,Stripe,PSE,CO,4,14,53,44,9,0.8302,126778.16
Merchant_A,Stripe,PSE,CO,4,15,69,63,6,0.913,115247.75
Merchant_A,Stripe,PSE,CO,4,16,50,45,5,0.9,108388.25
Merchant_A,Stripe,PSE,CO,4,17,48,41,7,0.8542,131748.62
Merchant_A,Stripe,PSE,CO,4,18,38,32,6,0.8421,134778.09
Merchant_A,Stripe,PSE,CO,4,19,49,45,4,0.9184,121401.42
Merchant_A,Stripe,PSE,CO,4,20,23,22,1,0.9565,146306.96
Merchant_A,Stripe,PSE,CO,4,21,17,16,1,0.9412,90831.7
Merchant_A,Stripe,PSE,CO,4,22,9,7,2,0.7778,142729.02
Merchant_A,Stripe,PSE,CO,4,23,6,6,0,1.0,165601.42
Merchant_A,Stripe,PSE,CO,5,0,6,5,1,0.8333,90167.92
Merchant_A,Stripe,PSE,CO,5,1,4,3,1,0.75,54627.78
Merchant_A,Stripe,PSE,CO,5,2,2,1,1,0.5,162371.08
Merchant_A,Stripe,PSE,CO,5,3,1,1,0,1.0,12000.0
Merchant_A,Stripe,PSE,CO,5,4,4,3,1,0.75,62088.82
Merchant_A,Stripe,PSE,CO,5,5,3,3,0,1.0,161917.77
Merchant_A,Stripe,PSE,CO,5,6,18,18,0,1.0,134011.97
Merchant_A,Stripe,PSE,CO,5,7,27,26,1,0.963,124005.12
Merchant_A,Stripe,PSE,CO,5,8,48,40,8,0.8333,110505.33
Merchant_A,Stripe,PSE,CO,5,9,62,56,6,0.9032,113162.15
Merchant_A,Stripe,PSE,CO,5,10,126,112,14,0.8889,126726.82
Merchant_A,Stripe,PSE,CO,5,11,55,51,4,0.9273,119556.15
Merchant_A,Stripe,PSE,CO,5,12,74,63,11,0.8514,103798.13
Merchant_A,Stripe,PSE,CO,5,13,57,52,5,0.9123,121835.61
Merchant_A,Stripe,PSE,CO,5,14,66,59,7,0.8939,128239.89
Merchant_A,Stripe,PSE,CO,5,15,60,54,6,0.9,109950.99
Merchant_A,Stripe,PSE,CO,5,16,51,45,6,0.8824,114529.39
Merchant_A,Stripe,PSE,CO,5,17,50,43,7,0.86,129643.4
Merchant_A,Stripe,PSE,CO,5,18,52,45,7,0.8654,116834.2
Merchant_A,Stripe,PSE,CO,5,19,33,31,2,0.9394,115155.58
Merchant_A,Stripe,PSE,CO,5,20,22,17,5,0.7727,120008.11
Merchant_A,Stripe,PSE,CO,5,21,14,14,0,1.0,124355.6
Merchant_A,Stripe,PSE,CO,5,22,6,6,0,1.0,101667.7
Merchant_A,Stripe,PSE,CO,5,23,5,4,1,0.8,151238.81
Merchant_A,Stripe,PSE,CO,6,0,6,6,0,1.0,145669.24
Merchant_A,Stripe,PSE,CO,6,1,8,6,2,0.75,123744.57
Merchant_A,Stripe,PSE,CO,6,2,1,1,0,1.0,193394.92
Merchant_A,Stripe,PSE,CO,6,3,3,3,0,1.0,123011.33
Merchant_A,Stripe,PSE,CO,6,4,3,3,0,1.0,143336.7
Merchant_A,Stripe,PSE,CO,6,5,2,2,0,1.0,131872.84
Merchant_A,Stripe,PSE,CO,6,6,15,14,1,0.9333,114841.51
Merchant_A,Stripe,PSE,CO,6,7,27,23,4,0.8519,142434.64
Merchant_A,Stripe,PSE,CO,6,8,25,23,2,0.92,122510.65
Merchant_A,Stripe,PSE,CO,6,9,61,52,9,0.8525,125075.89
Merchant_A,Stripe,PSE,CO,6,10,49,43,6,0.8776,113496.48
Merchant_A,Stripe,PSE,CO,6,11,55,46,9,0.8364,108307.16
Merchant_A,Stripe,PSE,CO,6,12,66,55,11,0.8333,130679.44
Merchant_A,Stripe,PSE,CO,6,13,58,53,5,0.9138,132101.33
Merchant_A,Stripe,PSE,CO,6,14,61,58,3,0.9508,117595.47
Merchant_A,Stripe,PSE,CO,6,15,63,56,7,0.8889,109340.43
Merchant_A,Stripe,PSE,CO,6,16,52,44,8,0.8462,130962.59
Merchant_A,Stripe,PSE,CO,6,17,34,30,4,0.8824,115890.85
Merchant_A,Stripe,PSE,CO,6,18,46,40,6,0.8696,112377.75
Merchant_A,Stripe,PSE,CO,6,19,37,32,5,0.8649,96849.83
Merchant_A,Stripe,PSE,CO,6,20,29,28,1,0.9655,113232.17
Merchant_A,Stripe,PSE,CO,6,21,16,14,2,0.875,116466.29
Merchant_A,Stripe,PSE,CO,6,22,15,15,0,1.0,111119.34
Merchant_A,Stripe,PSE,CO,6,23,4,4,0,1.0,170140.2
Merchant_A,Stripe,card,BR,0,0,5,5,0,1.0,202.78
Merchant_A,Stripe,card,BR,0,1,1,1,0,1.0,269.31
Merchant_A,Stripe,card,BR,0,2,3,3,0,1.0,348.01
Merchant_A,Stripe,card,BR,0,3,4,4,0,1.0,276.39
Merchant_A,Stripe,card,BR,0,4,3,2,1,0.6667,207.91
Merchant_A,Stripe,card,BR,0,5,3,3,0,1.0,370.94
Merchant_A,Stripe,card,BR,0,6,8,8,0,1.0,279.5
Merchant_A,Stripe,card,BR,0,7,22,16,6,0.7273,267.45
Merchant_A,Stripe,card,BR,0,8,32,29,3,0.9062,255.58
Merchant_A,Stripe,card,BR,0,9,62,55,7,0.8871,290.35
Merchant_A,Stripe,card,BR,0,10,69,65,4,0.942,241.1
Merchant_A,Stripe,card,BR,0,11,49,44,5,0.898,267.23
Merchant_A,Stripe,card,BR,0,12,78,72,6,0.9231,286.7
Merchant_A,Stripe,card,BR,0,13,59,56,3,0.9492,236.76
Merchant_A,Stripe,card,BR,0,14,52,42,10,0.8077,259.14
Merchant_A,Stripe,card,BR,0,15,55,49,6,0.8909,318.62
Merchant_A,Stripe,card,BR,0,16,69,57,12,0.8261,302.43
Merchant_A,Stripe,card,BR,0,17,48,46,2,0.9583,295.4
Merchant_A,Stripe,card,BR,0,18,40,36,4,0.9,280.1
Merchant_A,Stripe,card,BR,0,19,38,33,5,0.8684,284.73
Merchant_A,Stripe,card,BR,0,20,28,26,2,0.9286,292.72
Merchant_A,Stripe,card,BR,0,21,15,13,2,0.8667,249.97
Merchant_A,Stripe,card,BR,0,22,5,4,1,0.8,310.71
Merchant_A,Stripe,card,BR,0,23,9,8,1,0.8889,329.13
Merchant_A,Stripe,card,BR,1,0,6,6,0,1.0,384.76
Merchant_A,Stripe,card,BR,1,1,4,4,0,1.0,265.21
Merchant_A,Stripe,card,BR,1,2,1,1,0,1.0,28.0
Merchant_A,Stripe,card,BR,1,3,1,1,0,1.0,352.29
Merchant_A,Stripe,card,BR,1,4,4,3,1,0.75,248.7
Merchant_A,Stripe,card,BR,1,5,6,5,1,0.8333,300.23
Merchant_A,Stripe,card,BR,1,6,12,10,2,0.8333,258.66
Merchant_A,Stripe,card,BR,1,7,22,20,2,0.9091,226.86
Merchant_A,Stripe,card,BR,1,8,40,34,6,0.85,285.34
Merchant_A,Stripe,card,BR,1,9,38,34,4,0.8947,277.48
Merchant_A,Stripe,card,BR,1,10,84,77,7,0.9167,279.55
Merchant_A,Stripe,card,BR,1,11,75,67,8,0.8933,334.97
Merchant_A,Stripe,card,BR,1,12,69,62,7,0.8986,290.92
Merchant_A,Stripe,card,BR,1,13,81,69,12,0.8519,251.6
Merchant_A,Stripe,card,BR,1,14,64,59,5,0.9219,282.0
Merchant_A,Stripe,card,BR,1,15,52,49,3,0.9423,280.77
Merchant_A,Stripe,card,BR,1,16,39,35,4,0.8974,318.62
Merchant_A,Stripe,card,BR,1,17,57,49,8,0.8596,302.9
Merchant_A,Stripe,card,BR,1,18,46,42,4,0.913,311.29
Merchant_A,Stripe,card,BR,1,19,38,34,4,0.8947,277.57
Merchant_A,Stripe,card,BR,1,20,31,27,4,0.871,313.03
Merchant_A,Stripe,card,BR,1,21,12,11,1,0.9167,291.55
Merchant_A,Stripe,card,BR,1,22,10,9,1,0.9,400.94
Merchant_A,Stripe,card,BR,1,23,10,10,0,1.0,282.61
Merchant_A,Stripe,card,BR,2,0,4,4,0,1.0,314.38
Merchant_A,Stripe,card,BR,2,1,2,2,0,1.0,389.44
Merchant_A,Stripe,card,BR,2,2,1,1,0,1.0,237.1
Merchant_A,Stripe,card,BR,2,3,4,3,1,0.75,317.24
Merchant_A,Stripe,card,BR,2,4,4,3,1,0.75,263.63
Merchant_A,Stripe,card,BR,2,5,4,4,0,1.0,249.21
Merchant_A,Stripe,card,BR,2,6,9,4,5,0.4444,362.04
Merchant_A,Stripe,card,BR,2,7,26,25,1,0.9615,289.07
Merchant_A,Stripe,card,BR,2,8,27,27,0,1.0,351.18
Merchant_A,Stripe,card,BR,2,9,51,44,7,0.8627,278.77
Merchant_A,Stripe,card,BR,2,10,83,74,9,0.8916,286.84
Merchant_A,Stripe,card,BR,2,11,63,60,3,0.9524,262.14
Merchant_A,Stripe,card,BR,2,12,75,68,7,0.9067,272.39
Merchant_A,Stripe,card,BR,2,13,83,80,3,0.9639,259.05
Merchant_A,Stripe,card,BR,2,14,64,53,11,0.8281,266.7
Merchant_A,Stripe,card,BR,2,15,48,45,3,0.9375,282.18
Merchant_A,Stripe,card,BR,2,16,65,59,6,0.9077,246.32
Merchant_A,Stripe,card,BR,2,17,49,45,4,0.9184,296.78
Merchant_A,Stripe,card,BR,2,18,49,45,4,0.9184,275.17
Merchant_A,Stripe,card,BR,2,19,46,36,10,0.7826,285.02
Merchant_A,Stripe,card,BR,2,20,31,28,3,0.9032,239.95
Merchant_A,Stripe,card,BR,2,21,15,15,0,1.0,230.22
Merchant_A,Stripe,card,BR,2,22,5,5,0,1.0,261.24
Merchant_A,Stripe,card,BR,2,23,10,10,0,1.0,368.42
Merchant_A,Stripe,card,BR,3,0,7,6,1,0.8571,252.0
Merchant_A,Stripe,card,BR,3,1,3,3,0,1.0,125.45
Merchant_A,Stripe,card,BR,3,2,3,2,1,0.6667,360.33
Merchant_A,Stripe,card,BR,3,3,1,1,0,1.0,468.01
Merchant_A,Stripe,card,BR,3,4,1,1,0,1.0,444.49
Merchant_A,Stripe,card,BR,3,5,6,5,1,0.8333,322.16
Merchant_A,Stripe,card,BR,3,6,13,11,2,0.8462,368.45
Merchant_A,Stripe,card,BR,3,7,33,29,4,0.8788,276.78
Merchant_A,Stripe,card,BR,3,8,49,38,11,0.7755,293.38
Merchant_A,Stripe,card,BR,3,9,52,47,5,0.9038,251.34
Merchant_A,Stripe,card,BR,3,10,65,59,6,0.9077,285.03
Merchant_A,Stripe,card,BR,3,11,69,63,6,0.913,275.88
Merchant_A,Stripe,card,BR,3,12,98,92,6,0.9388,266.57
Merchant_A,Stripe,card,BR,3,13,65,61,4,0.9385,310.21
Merchant_A,Stripe,card,BR,3,14,70,61,9,0.8714,248.88
Merchant_A,Stripe,card,BR,3,15,58,53,5,0.9138,294.86
Merchant_A,Stripe,card,BR,3,16,61,55,6,0.9016,270.38
Merchant_A,Stripe,card,BR,3,17,49,47,2,0.9592,334.4
Merchant_A,Stripe,card,BR,3,18,40,38,2,0.95,292.49
Merchant_A,Stripe,card,BR,3,19,34,33,1,0.9706,300.39
Merchant_A,Stripe,card,BR,3,20,19,16,3,0.8421,233.11
Merchant_A,Stripe,card,BR,3,21,20,17,3,0.85,359.82
Merchant_A,Stripe,card,BR,3,22,16,13,3,0.8125,235.47
Merchant_A,Stripe,card,BR,3,23,5,5,0,1.0,386.19
Merchant_A,Stripe,card,BR,4,0,10,9,1,0.9,274.92
Merchant_A,Stripe,card,BR,4,1,5,5,0,1.0,329.93
Merchant_A,Stripe,card,BR,4,2,4,4,0,1.0,321.57
Merchant_A,Stripe,card,BR,4,3,3,3,0,1.0,307.4
Merchant_A,Stripe,card,BR,4,4,1,1,0,1.0,169.48
Merchant_A,Stripe,card,BR,4,5,6,6,0,1.0,246.42
Merchant_A,Stripe,card,BR,4,6,10,10,0,1.0,231.31
Merchant_A,Stripe,card,BR,4,7,26,26,0,1.0,306.0
Merchant_A,Stripe,card,BR,4,8,50,46,4,0.92,236.46
Merchant_A,Stripe,card,BR,4,9,64,62,2,0.9688,279.1
Merchant_A,Stripe,card,BR,4,10,46,42,4,0.913,304.66
Merchant_A,Stripe,card,BR,4,11,55,53,2,0.9636,297.79
Merchant_A,Stripe,card,BR,4,12,75,69,6,0.92,290.91
Merchant_A,Stripe,card,BR,4,13,71,58,13,0.8169,271.71
Merchant_A,Stripe,card,BR,4,14,74,70,4,0.9459,295.79
Merchant_A,Stripe,card,BR,4,15,62,55,7,0.8871,245.17
Merchant_A,Stripe,card,BR,4,16,49,45,4,0.9184,293.02
Merchant_A,Stripe,card,BR,4,17,61,54,7,0.8852,290.01
Merchant_A,Stripe,card,BR,4,18,37,34,3,0.9189,302.33
Merchant_A,Stripe,card,BR,4,19,54,43,11,0.7963,301.46
Merchant_A,Stripe,card,BR,4,20,28,26,2,0.9286,289.72
Merchant_A,Stripe,card,BR,4,21,22,18,4,0.8182,296.46
Merchant_A,Stripe,card,BR,4,22,9,8,1,0.8889,300.43
Merchant_A,Stripe,card,BR,4,23,4,4,0,1.0,287.6
Merchant_A,Stripe,card,BR,5,0,4,4,0,1.0,269.45
Merchant_A,Stripe,card,BR,5,1,4,3,1,0.75,348.0
Merchant_A,Stripe,card,BR,5,2,5,4,1,0.8,184.01
Merchant_A,Stripe,card,BR,5,3,3,2,1,0.6667,317.06
Merchant_A,Stripe,card,BR,5,4,4,4,0,1.0,314.26
Merchant_A,Stripe,card,BR,5,5,8,4,4,0.5,255.24
Merchant_A,Stripe,card,BR,5,6,6,6,0,1.0,391.44
Merchant_A,Stripe,card,BR,5,7,34,28,6,0.8235,304.07
Merchant_A,Stripe,card,BR,5,8,48,43,5,0.8958,266.68
Merchant_A,Stripe,card,BR,5,9,69,66,3,0.9565,281.22
Merchant_A,Stripe,card,BR,5,10,136,129,7,0.9485,301.39
Merchant_A,Stripe,card,BR,5,11,73,66,7,0.9041,299.4
Merchant_A,Stripe,card,BR,5,12,73,63,10,0.863,328.16
Merchant_A,Stripe,card,BR,5,13,70,65,5,0.9286,281.34
Merchant_A,Stripe,card,BR,5,14,57,50,7,0.8772,271.82
Merchant_A,Stripe,card,BR,5,15,55,53,2,0.9636,270.65
Merchant_A,Stripe,card,BR,5,16,48,43,5,0.8958,254.08
Merchant_A,Stripe,card,BR,5,17,62,55,7,0.8871,256.12
Merchant_A,Stripe,card,BR,5,18,44,43,1,0.9773,238.72
Merchant_A,Stripe,card,BR,5,19,34,30,4,0.8824,263.05
Merchant_A,Stripe,card,BR,5,20,25,23,2,0.92,273.63
Merchant_A,Stripe,card,BR,5,21,24,23,1,0.9583,208.6
Merchant_A,Stripe,card,BR,5,22,12,12,0,1.0,345.4
Merchant_A,Stripe,card,BR,5,23,3,3,0,1.0,363.8
Merchant_A,Stripe,card,BR,6,0,7,6,1,0.8571,267.86
Merchant_A,Stripe,card,BR,6,1,6,4,2,0.6667,310.69
Merchant_A,Stripe,card,BR,6,2,4,4,0,1.0,398.24
Merchant_A,Stripe,card,BR,6,3,3,2,1,0.6667,193.52
Merchant_A,Stripe,card,BR,6,4,5,4,1,0.8,325.62
Merchant_A,Stripe,card,BR,6,5,2,2,0,1.0,225.54
Merchant_A,Stripe,card,BR,6,6,8,8,0,1.0,202.62
Merchant_A,Stripe,card,BR,6,7,25,22,3,0.88,289.48
Merchant_A,Stripe,card,BR,6,8,35,32,3,0.9143,243.83
Merchant_A,Stripe,card,BR,6,9,65,62,3,0.9538,261.41
Merchant_A,Stripe,card,BR,6,10,59,51,8,0.8644,305.16
Merchant_A,Stripe,card,BR,6,11,66,60,6,0.9091,289.98
Merchant_A,Stripe,card,BR,6,12,80,68,12,0.85,301.5
Merchant_A,Stripe,card,BR,6,13,64,57,7,0.8906,306.7
Merchant_A,Stripe,card,BR,6,14,65,59,6,0.9077,259.53
Merchant_A,Stripe,card,BR,6,15,53,47,6,0.8868,274.63
Merchant_A,Stripe,card,BR,6,16,46,42,4,0.913,282.23
Merchant_A,Stripe,card,BR,6,17,43,39,4,0.907,233.48
Merchant_A,Stripe,card,BR,6,18,58,52,6,0.8966,267.76
Merchant_A,Stripe,card,BR,6,19,46,39,7,0.8478,308.37
Merchant_A,Stripe,card,BR,6,20,26,21,5,0.8077,230.17
Merchant_A,Stripe,card,BR,6,21,9,9,0,1.0,217.1
Merchant_A,Stripe,card,BR,6,22,8,8,0,1.0,271.9
Merchant_A,Stripe,card,BR,6,23,7,7,0,1.0,232.59
Merchant_A,Stripe,card,CO,0,0,4,4,0,1.0,172568.85
Merchant_A,Stripe,card,CO,0,1,3,3,0,1.0,158773.88
Merchant_A,Stripe,card,CO,0,2,4,4,0,1.0,183324.56
Merchant_A,Stripe,card,CO,0,3,1,1,0,1.0,68662.01
Merchant_A,Stripe,card,CO,0,4,3,3,0,1.0,167402.59
Merchant_A,Stripe,card,CO,0,5,5,5,0,1.0,135684.97
Merchant_A,Stripe,card,CO,0,6,16,13,3,0.8125,99478.25
Merchant_A,Stripe,card,CO,0,7,26,24,2,0.9231,109078.57
Merchant_A,Stripe,card,CO,0,8,25,23,2,0.92,122345.91
Merchant_A,Stripe,card,CO,0,9,54,47,7,0.8704,120165.88
Merchant_A,Stripe,card,CO,0,10,63,51,12,0.8095,132039.06
Merchant_A,Stripe,card,CO,0,11,62,55,7,0.8871,126554.32
Merchant_A,Stripe,card,CO,0,12,60,55,5,0.9167,137904.88
Merchant_A,Stripe,card,CO,0,13,49,44,5,0.898,124479.46
Merchant_A,Stripe,card,CO,0,14,65,59,6,0.9077,119161.02
Merchant_A,Stripe,card,CO,0,15,52,46,6,0.8846,136465.23
Merchant_A,Stripe,card,CO,0,16,59,50,9,0.8475,118874.16
Merchant_A,Stripe,card,CO,0,17,44,39,5,0.8864,119800.34
Merchant_A,Stripe,card,CO,0,18,46,43,3,0.9348,120351.92
Merchant_A,Stripe,card,CO,0,19,43,35,8,0.814,126758.3
Merchant_A,Stripe,card,CO,0,20,24,24,0,1.0,117729.6
Merchant_A,Stripe,card,CO,0,21,12,10,2,0.8333,110941.12
Merchant_A,Stripe,card,CO,0,22,5,5,0,1.0,167291.13
Merchant_A,Stripe,card,CO,0,23,3,2,1,0.6667,123912.7
Merchant_A,Stripe,card,CO,1,0,4,3,1,0.75,138098.18
Merchant_A,Stripe,card,CO,1,1,5,5,0,1.0,129677.6
Merchant_A,Stripe,card,CO,1,2,3,2,1,0.6667,168806.24
Merchant_A,Stripe,card,CO,1,3,2,2,0,1.0,226654.0
Merchant_A,Stripe,card,CO,1,4,5,4,1,0.8,137133.78
Merchant_A,Stripe,card,CO,1,5,3,2,1,0.6667,54584.41
Merchant_A,Stripe,card,CO,1,6,11,11,0,1.0,148977.03
Merchant_A,Stripe,card,CO,1,7,23,18,5,0.7826,124925.58
Merchant_A,Stripe,card,CO,1,8,42,37,5,0.881,127197.57
Merchant_A,Stripe,card,CO,1,9,42,36,6,0.8571,114542.07
Merchant_A,Stripe,card,CO,1,10,68,60,8,0.8824,117090.07
Merchant_A,Stripe,card,CO,1,11,65,58,7,0.8923,132214.86
Merchant_A,Stripe,card,CO,1,12,92,82,10,0.8913,130579.97
Merchant_A,Stripe,card,CO,1,13,61,53,8,0.8689,121712.79
Merchant_A,Stripe,card,CO,1,14,69,65,4,0.942,117623.98
Merchant_A,Stripe,card,CO,1,15,71,61,10,0.8592,127539.05
Merchant_A,Stripe,card,CO,1,16,68,62,6,0.9118,116482.57
Merchant_A,Stripe,card,CO,1,17,62,52,10,0.8387,111089.78
Merchant_A,Stripe,card,CO,1,18,43,39,4,0.907,112795.95
Merchant_A,Stripe,card,CO,1,19,43,37,6,0.8605,112308.4
Merchant_A,Stripe,card,CO,1,20,33,29,4,0.8788,109278.63
Merchant_A,Stripe,card,CO,1,21,16,16,0,1.0,136704.57
Merchant_A,Stripe,card,CO,1,22,7,7,0,1.0,131870.76
Merchant_A,Stripe,card,CO,1,23,9,9,0,1.0,122305.48
Merchant_A,Stripe,card,CO,2,0,7,6,1,0.8571,136629.87
Merchant_A,Stripe,card,CO,2,1,5,5,0,1.0,112436.87
Merchant_A,Stripe,card,CO,2,2,5,4,1,0.8,67770.71
Merchant_A,Stripe,card,CO,2,3,3,2,1,0.6667,174954.0
Merchant_A,Stripe,card,CO,2,4,1,1,0,1.0,69942.09
Merchant_A,Stripe,card,CO,2,5,6,6,0,1.0,48558.29
Merchant_A,Stripe,card,CO,2,6,15,14,1,0.9333,98198.71
Merchant_A,Stripe,card,CO,2,7,35,32,3,0.9143,126943.09
Merchant_A,Stripe,card,CO,2,8,37,34,3,0.9189,148882.51
Merchant_A,Stripe,card,CO,2,9,50,47,3,0.94,108321.19
Merchant_A,Stripe,card,CO,2,10,68,63,5,0.9265,135567.12
Merchant_A,Stripe,card,CO,2,11,65,62,3,0.9538,128006.96
Merchant_A,Stripe,card,CO,2,12,86,76,10,0.8837,128018.23
Merchant_A,Stripe,card,CO,2,13,65,58,7,0.8923,119504.16
Merchant_A,Stripe,card,CO,2,14,62,54,8,0.871,120881.73
Merchant_A,Stripe,card,CO,2,15,68,59,9,0.8676,115385.51
Merchant_A,Stripe,card,CO,2,16,56,51,5,0.9107,137167.97
Merchant_A,Stripe,card,CO,2,17,65,57,8,0.8769,120049.98
Merchant_A,Stripe,card,CO,2,18,47,45,2,0.9574,107229.73
Merchant_A,Stripe,card,CO,2,19,38,36,2,0.9474,132512.73
Merchant_A,Stripe,card,CO,2,20,25,22,3,0.88,120358.79
Merchant_A,Stripe,card,CO,2,21,24,21,3,0.875,126645.23
Merchant_A,Stripe,card,CO,2,22,14,11,3,0.7857,121581.18
Merchant_A,Stripe,card,CO,2,23,5,4,1,0.8,112525.14
Merchant_A,Stripe,card,CO,3,0,9,8,1,0.8889,129913.48
Merchant_A,Stripe,card,CO,3,1,2,2,0,1.0,181083.78
Merchant_A,Stripe,card,CO,3,2,4,4,0,1.0,139589.41
Merchant_A,Stripe,card,CO,3,4,1,1,0,1.0,90575.57
Merchant_A,Stripe,card,CO,3,5,7,5,2,0.7143,51486.61
Merchant_A,Stripe,card,CO,3,6,12,8,4,0.6667,130615.43
Merchant_A,Stripe,card,CO,3,7,23,19,4,0.8261,134311.11
Merchant_A,Stripe,card,CO,3,8,55,50,5,0.9091,115656.2
Merchant_A,Stripe,card,CO,3,9,48,45,3,0.9375,122107.86
Merchant_A,Stripe,card,CO,3,10,54,49,5,0.9074,116620.61
Merchant_A,Stripe,card,CO,3,11,68,55,13,0.8088,113950.49
Merchant_A,Stripe,card,CO,3,12,86,74,12,0.8605,128961.62
Merchant_A,Stripe,card,CO,3,13,73,67,6,0.9178,126859.92
Merchant_A,Stripe,card,CO,3,14,57,51,6,0.8947,119501.57
Merchant_A,Stripe,card,CO,3,15,65,65,0,1.0,115761.56
Merchant_A,Stripe,card,CO,3,16,57,50,7,0.8772,126308.83
Merchant_A,Stripe,card,CO,3,17,62,54,8,0.871,138214.68
Merchant_A,Stripe,card,CO,3,18,42,37,5,0.881,132266.12
Merchant_A,Stripe,card,CO,3,19,55,49,6,0.8909,103593.34
Merchant_A,Stripe,card,CO,3,20,34,30,4,0.8824,119047.91
Merchant_A,Stripe,card,CO,3,21,16,13,3,0.8125,133818.98
Merchant_A,Stripe,card,CO,3,22,11,10,1,0.9091,99020.82
Merchant_A,Stripe,card,CO,3,23,7,6,1,0.8571,115779.04
Merchant_A,Stripe,card,CO,4,0,6,4,2,0.6667,127247.11
Merchant_A,Stripe,card,CO,4,1,8,8,0,1.0,108709.58
Merchant_A,Stripe,card,CO,4,3,1,1,0,1.0,130392.79
Merchant_A,Stripe,card,CO,4,4,1,0,1,0.0,153797.95
Merchant_A,Stripe,card,CO,4,5,5,5,0,1.0,113256.91
Merchant_A,Stripe,card,CO,4,6,13,13,0,1.0,126928.74
Merchant_A,Stripe,card,CO,4,7,37,35,2,0.9459,137666.67
Merchant_A,Stripe,card,CO,4,8,45,42,3,0.9333,145590.07
Merchant_A,Stripe,card,CO,4,9,49,43,6,0.8776,108651.31
Merchant_A,Stripe,card,CO,4,10,66,58,8,0.8788,118727.18
Merchant_A,Stripe,card,CO,4,11,73,63,10,0.863,134911.87
Merchant_A,Stripe,card,CO,4,12,62,56,6,0.9032,115447.75
Merchant_A,Stripe,card,CO,4,13,68,64,4,0.9412,124880.88
Merchant_A,Stripe,card,CO,4,14,68,61,7,0.8971,123265.68
Merchant_A,Stripe,card,CO,4,15,64,61,3,0.9531,124955.62
Merchant_A,Stripe,card,CO,4,16,55,46,9,0.8364,112205.34
Merchant_A,Stripe,card,CO,4,17,48,44,4,0.9167,132375.52
Merchant_A,Stripe,card,CO,4,18,59,54,5,0.9153,111489.56
Merchant_A,Stripe,card,CO,4,19,45,44,1,0.9778,99970.73
Merchant_A,Stripe,card,CO,4,20,33,31,2,0.9394,116747.07
Merchant_A,Stripe,card,CO,4,21,22,21,1,0.9545,90840.27
Merchant_A,Stripe,card,CO,4,22,12,10,2,0.8333,115601.11
Merchant_A,Stripe,card,CO,4,23,10,9,1,0.9,94409.76
Merchant_A,Stripe,card,CO,5,0,9,8,1,0.8889,122927.91
Merchant_A,Stripe,card,CO,5,1,1,1,0,1.0,30976.56
Merchant_A,Stripe,card,CO,5,2,1,1,0,1.0,154808.48
Merchant_A,Stripe,card,CO,5,3,1,1,0,1.0,116835.42
Merchant_A,Stripe,card,CO,5,4,3,1,2,0.3333,128079.74
Merchant_A,Stripe,card,CO,5,5,6,6,0,1.0,111097.4
Merchant_A,Stripe,card,CO,5,6,10,9,1,0.9,138011.86
Merchant_A,Stripe,card,CO,5,7,23,18,5,0.7826,130892.74
Merchant_A,Stripe,card,CO,5,8,38,31,7,0.8158,118111.93
Merchant_A,Stripe,card,CO,5,9,46,38,8,0.8261,109183.83
Merchant_A,Stripe,card,CO,5,10,129,114,15,0.8837,125418.17
Merchant_A,Stripe,card,CO,5,11,59,53,6,0.8983,127427.38
Merchant_A,Stripe,card,CO,5,12,72,62,10,0.8611,120449.32
Merchant_A,Stripe,card,CO,5,13,42,37,5,0.881,113884.31
Merchant_A,Stripe,card,CO,5,14,45,42,3,0.9333,125336.6
Merchant_A,Stripe,card,CO,5,15,50,45,5,0.9,113765.62
Merchant_A,Stripe,card,CO,5,16,40,38,2,0.95,130684.82
Merchant_A,Stripe,card,CO,5,17,44,39,5,0.8864,120034.31
Merchant_A,Stripe,card,CO,5,18,48,43,5,0.8958,119608.5
Merchant_A,Stripe,card,CO,5,19,40,40,0,1.0,117099.41
Merchant_A,Stripe,card,CO,5,20,28,24,4,0.8571,107652.64
Merchant_A,Stripe,card,CO,5,21,17,14,3,0.8235,126337.43
Merchant_A,Stripe,card,CO,5,22,3,3,0,1.0,94783.16
Merchant_A,Stripe,card,CO,5,23,3,3,0,1.0,137471.42
Merchant_A,Stripe,card,CO,6,0,4,3,1,0.75,98685.42
Merchant_A,Stripe,card,CO,6,1,5,5,0,1.0,138260.09
Merchant_A,Stripe,card,CO,6,2,2,2,0,1.0,105095.23
Merchant_A,Stripe,card,CO,6,4,3,2,1,0.6667,95141.29
Merchant_A,Stripe,card,CO,6,5,6,5,1,0.8333,169327.84
Merchant_A,Stripe,card,CO,6,6,21,18,3,0.8571,112326.15
Merchant_A,Stripe,card,CO,6,7,29,24,5,0.8276,133322.67
Merchant_A,Stripe,card,CO,6,8,28,26,2,0.9286,145846.5
Merchant_A,Stripe,card,CO,6,9,54,52,2,0.963,124572.4
Merchant_A,Stripe,card,CO,6,10,51,44,7,0.8627,136192.19
Merchant_A,Stripe,card,CO,6,11,57,52,5,0.9123,116873.67
Merchant_A,Stripe,card,CO,6,12,76,63,13,0.8289,133261.57
Merchant_A,Stripe,card,CO,6,13,51,43,8,0.8431,121835.52
Merchant_A,Stripe,card,CO,6,14,42,36,6,0.8571,124445.78
Merchant_A,Stripe,card,CO,6,15,56,51,5,0.9107,113766.99
Merchant_A,Stripe,card,CO,6,16,62,55,7,0.8871,127874.6
Merchant_A,Stripe,card,CO,6,17,48,44,4,0.9167,111879.99
Merchant_A,Stripe,card,CO,6,18,40,37,3,0.925,127656.43
Merchant_A,Stripe,card,CO,6,19,38,36,2,0.9474,128839.27
Merchant_A,Stripe,card,CO,6,20,19,18,1,0.9474,92225.23
Merchant_A,Stripe,card,CO,6,21,17,14,3,0.8235,131631.47
Merchant_A,Stripe,card,CO,6,22,10,9,1,0.9,154923.86
Merchant_A,Stripe,card,CO,6,23,6,6,0,1.0,155093.26
Merchant_A,Stripe,card,MX,0,0,6,6,0,1.0,1120.82
Merchant_A,Stripe,card,MX,0,1,2,2,0,1.0,945.27
Merchant_A,Stripe,card,MX,0,2,1,1,0,1.0,1021.69
Merchant_A,Stripe,card,MX,0,3,1,1,0,1.0,1182.44
Merchant_A,Stripe,card,MX,0,4,4,4,0,1.0,742.98
Merchant_A,Stripe,card,MX,0,5,3,2,1,0.6667,727.76
Merchant_A,Stripe,card,MX,0,6,19,17,2,0.8947,946.84
Merchant_A,Stripe,card,MX,0,7,24,23,1,0.9583,788.57
Merchant_A,Stripe,card,MX,0,8,40,37,3,0.925,942.96
Merchant_A,Stripe,card,MX,0,9,58,53,5,0.9138,780.18
Merchant_A,Stripe,card,MX,0,10,65,60,5,0.9231,884.91
Merchant_A,Stripe,card,MX,0,11,55,50,5,0.9091,907.43
Merchant_A,Stripe,card,MX,0,12,65,59,6,0.9077,973.02
Merchant_A,Stripe,card,MX,0,13,62,57,5,0.9194,873.7
Merchant_A,Stripe,card,MX,0,14,67,60,7,0.8955,880.12
Merchant_A,Stripe,card,MX,0,15,46,34,12,0.7391,917.07
Merchant_A,Stripe,card,MX,0,16,58,52,6,0.8966,902.86
Merchant_A,Stripe,card,MX,0,17,31,28,3,0.9032,926.15
Merchant_A,Stripe,card,MX,0,18,31,28,3,0.9032,883.8
Merchant_A,Stripe,card,MX,0,19,28,26,2,0.9286,954.21
Merchant_A,Stripe,card,MX,0,20,22,19,3,0.8636,894.06
Merchant_A,Stripe,card,MX,0,21,19,19,0,1.0,1132.3
Merchant_A,Stripe,card,MX,0,22,8,8,0,1.0,938.59
Merchant_A,Stripe,card,MX,0,23,6,5,1,0.8333,701.31
Merchant_A,Stripe,card,MX,1,0,6,5,1,0.8333,902.76
Merchant_A,Stripe,card,MX,1,1,2,2,0,1.0,1611.28
Merchant_A,Stripe,card,MX,1,2,1,1,0,1.0,570.68
Merchant_A,Stripe,card,MX,1,3,1,1,0,1.0,1305.62
Merchant_A,Stripe,card,MX,1,4,5,5,0,1.0,481.54
Merchant_A,Stripe,card,MX,1,5,8,7,1,0.875,678.41
Merchant_A,Stripe,card,MX,1,6,16,14,2,0.875,930.85
Merchant_A,Stripe,card,MX,1,7,34,29,5,0.8529,963.44
Merchant_A,Stripe,card,MX,1,8,40,34,6,0.85,805.55
Merchant_A,Stripe,card,MX,1,9,55,50,5,0.9091,755.53
Merchant_A,Stripe,card,MX,1,10,96,90,6,0.9375,930.94
Merchant_A,Stripe,card,MX,1,11,69,63,6,0.913,853.39
Merchant_A,Stripe,card,MX,1,12,65,61,4,0.9385,838.12
Merchant_A,Stripe,card,MX,1,13,73,64,9,0.8767,943.11
Merchant_A,Stripe,card,MX,1,14,59,52,7,0.8814,1039.43
Merchant_A,Stripe,card,MX,1,15,58,54,4,0.931,836.42
Merchant_A,Stripe,card,MX,1,16,66,59,7,0.8939,873.58
Merchant_A,Stripe,card,MX,1,17,58,51,7,0.8793,980.09
Merchant_A,Stripe,card,MX,1,18,43,41,2,0.9535,889.65
Merchant_A,Stripe,card,MX,1,19,36,33,3,0.9167,884.33
Merchant_A,Stripe,card,MX,1,20,20,18,2,0.9,930.41
Merchant_A,Stripe,card,MX,1,21,17,15,2,0.8824,850.89
Merchant_A,Stripe,card,MX,1,22,10,9,1,0.9,789.68
Merchant_A,Stripe,card,MX,1,23,4,4,0,1.0,1119.73
Merchant_A,Stripe,card,MX,2,0,9,9,0,1.0,1004.49
Merchant_A,Stripe,card,MX,2,1,3,3,0,1.0,1067.24
Merchant_A,Stripe,card,MX,2,2,3,3,0,1.0,1138.22
Merchant_A,Stripe,card,MX,2,4,2,2,0,1.0,1101.06
Merchant_A,Stripe,card,MX,2,5,8,7,1,0.875,925.44
Merchant_A,Stripe,card,MX,2,6,18,18,0,1.0,880.39
Merchant_A,Stripe,card,MX,2,7,29,26,3,0.8966,907.86
Merchant_A,Stripe,card,MX,2,8,54,52,2,0.963,822.33
Merchant_A,Stripe,card,MX,2,9,51,45,6,0.8824,897.72
Merchant_A,Stripe,card,MX,2,10,68,64,4,0.9412,805.39
Merchant_A,Stripe,card,MX,2,11,62,56,6,0.9032,944.57
Merchant_A,Stripe,card,MX,2,12,66,54,12,0.8182,1011.52
Merchant_A,Stripe,card,MX,2,13,64,58,6,0.9062,834.63
Merchant_A,Stripe,card,MX,2,14,66,63,3,0.9545,857.81
Merchant_A,Stripe,card,MX,2,15,59,57,2,0.9661,974.41
Merchant_A,Stripe,card,MX,2,16,50,48,2,0.96,778.41
Merchant_A,Stripe,card,MX,2,17,56,50,6,0.8929,872.86
Merchant_A,Stripe,card,MX,2,18,64,58,6,0.9062,1017.59
Merchant_A,Stripe,card,MX,2,19,48,42,6,0.875,872.71
Merchant_A,Stripe,card,MX,2,20,31,29,2,0.9355,1022.14
Merchant_A,Stripe,card,MX,2,21,11,10,1,0.9091,1123.59
Merchant_A,Stripe,card,MX,2,22,14,11,3,0.7857,940.71
Merchant_A,Stripe,card,MX,2,23,8,7,1,0.875,932.47
Merchant_A,Stripe,card,MX,3,0,6,5,1,0.8333,906.8
Merchant_A,Stripe,card,MX,3,1,4,4,0,1.0,1400.27
Merchant_A,Stripe,card,MX,3,2,1,1,0,1.0,1483.04
Merchant_A,Stripe,card,MX,3,3,2,2,0,1.0,147.25
Merchant_A,Stripe,card,MX,3,5,4,4,0,1.0,723.14
Merchant_A,Stripe,card,MX,3,6,16,15,1,0.9375,830.17
Merchant_A,Stripe,card,MX,3,7,29,27,2,0.931,1179.03
Merchant_A,Stripe,card,MX,3,8,46,44,2,0.9565,987.98
Merchant_A,Stripe,card,MX,3,9,54,49,5,0.9074,964.57
Merchant_A,Stripe,card,MX,3,10,82,78,4,0.9512,900.2
Merchant_A,Stripe,card,MX,3,11,69,61,8,0.8841,916.05
Merchant_A,Stripe,card,MX,3,12,81,76,5,0.9383,906.58
Merchant_A,Stripe,card,MX,3,13,82,73,9,0.8902,940.63
Merchant_A,Stripe,card,MX,3,14,62,59,3,0.9516,936.0
Merchant_A,Stripe,card,MX,3,15,63,52,11,0.8254,985.38
Merchant_A,Stripe,card,MX,3,16,63,52,11,0.8254,937.68
Merchant_A,Stripe,card,MX,3,17,67,62,5,0.9254,930.66
Merchant_A,Stripe,card,MX,3,18,52,48,4,0.9231,902.16
Merchant_A,Stripe,card,MX,3,19,38,34,4,0.8947,951.25
Merchant_A,Stripe,card,MX,3,20,28,27,1,0.9643,968.82
Merchant_A,Stripe,card,MX,3,21,14,12,2,0.8571,782.02
Merchant_A,Stripe,card,MX,3,22,8,8,0,1.0,1125.83
Merchant_A,Stripe,card,MX,3,23,4,3,1,0.75,727.06
Merchant_A,Stripe,card,MX,4,0,4,4,0,1.0,1114.69
Merchant_A,Stripe,card,MX,4,1,2,2,0,1.0,1212.07
Merchant_A,Stripe,card,MX,4,2,5,5,0,1.0,795.01
Merchant_A,Stripe,card,MX,4,3,2,2,0,1.0,1143.89
Merchant_A,Stripe,card,MX,4,4,5,5,0,1.0,612.2
Merchant_A,Stripe,card,MX,4,5,4,4,0,1.0,596.75
Merchant_A,Stripe,card,MX,4,6,14,11,3,0.7857,816.15
Merchant_A,Stripe,card,MX,4,7,29,29,0,1.0,939.9
Merchant_A,Stripe,card,MX,4,8,35,33,2,0.9429,926.94
Merchant_A,Stripe,card,MX,4,9,66,61,5,0.9242,934.31
Merchant_A,Stripe,card,MX,4,10,77,70,7,0.9091,832.94
Merchant_A,Stripe,card,MX,4,11,76,70,6,0.9211,900.04
Merchant_A,Stripe,card,MX,4,12,60,51,9,0.85,893.19
Merchant_A,Stripe,card,MX,4,13,65,63,2,0.9692,841.14
Merchant_A,Stripe,card,MX,4,14,76,69,7,0.9079,824.03
Merchant_A,Stripe,card,MX,4,15,69,60,9,0.8696,918.04
Merchant_A,Stripe,card,MX,4,16,43,39,4,0.907,963.42
Merchant_A,Stripe,card,MX,4,17,60,56,4,0.9333,956.67
Merchant_A,Stripe,card,MX,4,18,49,48,1,0.9796,907.56
Merchant_A,Stripe,card,MX,4,19,36,32,4,0.8889,914.01
Merchant_A,Stripe,card,MX,4,20,20,20,0,1.0,863.6
Merchant_A,Stripe,card,MX,4,21,15,15,0,1.0,1103.73
Merchant_A,Stripe,card,MX,4,22,9,7,2,0.7778,746.8
Merchant_A,Stripe,card,MX,4,23,6,6,0,1.0,1402.46
Merchant_A,Stripe,card,MX,5,0,7,7,0,1.0,1088.07
Merchant_A,Stripe,card,MX,5,1,6,6,0,1.0,930.68
Merchant_A,Stripe,card,MX,5,2,2,2,0,1.0,631.33
Merchant_A,Stripe,card,MX,5,3,1,1,0,1.0,1403.31
Merchant_A,Stripe,card,MX,5,4,3,3,0,1.0,1071.73
Merchant_A,Stripe,card,MX,5,5,2,1,1,0.5,1209.43
Merchant_A,Stripe,card,MX,5,6,11,11,0,1.0,739.98
Merchant_A,Stripe,card,MX,5,7,39,36,3,0.9231,949.19
Merchant_A,Stripe,card,MX,5,8,35,33,2,0.9429,965.37
Merchant_A,Stripe,card,MX,5,9,66,59,7,0.8939,966.97
Merchant_A,Stripe,card,MX,5,10,148,134,14,0.9054,878.27
Merchant_A,Stripe,card,MX,5,11,65,59,6,0.9077,914.96
Merchant_A,Stripe,card,MX,5,12,53,50,3,0.9434,935.82
Merchant_A,Stripe,card,MX,5,13,65,58,7,0.8923,893.03
Merchant_A,Stripe,card,MX,5,14,59,54,5,0.9153,979.1
Merchant_A,Stripe,card,MX,5,15,54,53,1,0.9815,915.51
Merchant_A,Stripe,card,MX,5,16,50,47,3,0.94,836.66
Merchant_A,Stripe,card,MX,5,17,36,31,5,0.8611,805.22
Merchant_A,Stripe,card,MX,5,18,43,41,2,0.9535,865.76
Merchant_A,Stripe,card,MX,5,19,28,28,0,1.0,926.93
Merchant_A,Stripe,card,MX,5,20,28,26,2,0.9286,1041.4
Merchant_A,Stripe,card,MX,5,21,20,19,1,0.95,877.59
Merchant_A,Stripe,card,MX,5,22,8,8,0,1.0,1032.68
Merchant_A,Stripe,card,MX,5,23,8,7,1,0.875,840.56
Merchant_A,Stripe,card,MX,6,0,6,6,0,1.0,1054.69
Merchant_A,Stripe,card,MX,6,1,4,4,0,1.0,956.15
Merchant_A,Stripe,card,MX,6,2,2,2,0,1.0,701.3
Merchant_A,Stripe,card,MX,6,3,1,1,0,1.0,1781.84
Merchant_A,Stripe,card,MX,6,4,1,1,0,1.0,1461.99
Merchant_A,Stripe,card,MX,6,5,4,3,1,0.75,1153.71
Merchant_A,Stripe,card,MX,6,6,12,10,2,0.8333,1011.35
Merchant_A,Stripe,card,MX,6,7,23,20,3,0.8696,958.96
Merchant_A,Stripe,card,MX,6,8,41,39,2,0.9512,784.74
Merchant_A,Stripe,card,MX,6,9,53,46,7,0.8679,919.27
Merchant_A,Stripe,card,MX,6,10,54,52,2,0.963,919.33
Merchant_A,Stripe,card,MX,6,11,47,41,6,0.8723,702.91
Merchant_A,Stripe,card,MX,6,12,63,58,5,0.9206,899.96
Merchant_A,Stripe,card,MX,6,13,56,45,11,0.8036,951.73
Merchant_A,Stripe,card,MX,6,14,70,63,7,0.9,986.13
Merchant_A,Stripe,card,MX,6,15,57,52,5,0.9123,835.46
Merchant_A,Stripe,card,MX,6,16,47,46,1,0.9787,978.07
Merchant_A,Stripe,card,MX,6,17,42,40,2,0.9524,845.45
Merchant_A,Stripe,card,MX,6,18,42,38,4,0.9048,1102.28
Merchant_A,Stripe,card,MX,6,19,34,30,4,0.8824,912.83
Merchant_A,Stripe,card,MX,6,20,24,20,4,0.8333,926.65
Merchant_A,Stripe,card,MX,6,21,9,9,0,1.0,935.6
Merchant_A,Stripe,card,MX,6,22,12,11,1,0.9167,912.72
Merchant_A,Stripe,card,MX,6,23,5,4,1,0.8,919.99
Merchant_A,Stripe,cash_in_store,MX,0,0,3,3,0,1.0,684.21
Merchant_A,Stripe,cash_in_store,MX,0,1,2,2,0,1.0,686.62
Merchant_A,Stripe,cash_in_store,MX,0,2,5,4,1,0.8,648.06
Merchant_A,Stripe,cash_in_store,MX,0,3,2,2,0,1.0,430.7
Merchant_A,Stripe,cash_in_store,MX,0,5,4,4,0,1.0,909.77
Merchant_A,Stripe,cash_in_store,MX,0,6,17,14,3,0.8235,1134.79
Merchant_A,Stripe,cash_in_store,MX,0,7,21,17,4,0.8095,901.15
Merchant_A,Stripe,cash_in_store,MX,0,8,31,26,5,0.8387,905.38
Merchant_A,Stripe,cash_in_store,MX,0,9,62,54,8,0.871,956.77
Merchant_A,Stripe,cash_in_store,MX,0,10,62,50,12,0.8065,895.61
Merchant_A,Stripe,cash_in_store,MX,0,11,60,51,9,0.85,948.39
Merchant_A,Stripe,cash_in_store,MX,0,12,89,74,15,0.8315,900.22
Merchant_A,Stripe,cash_in_store,MX,0,13,57,50,7,0.8772,926.43
Merchant_A,Stripe,cash_in_store,MX,0,14,55,48,7,0.8727,963.81
Merchant_A,Stripe,cash_in_store,MX,0,15,68,58,10,0.8529,923.65
Merchant_A,Stripe,cash_in_store,MX,0,16,42,37,5,0.881,886.82
Merchant_A,Stripe,cash_in_store,MX,0,17,45,36,9,0.8,992.56
Merchant_A,Stripe,cash_in_store,MX,0,18,38,34,4,0.8947,902.36
Merchant_A,Stripe,cash_in_store,MX,0,19,28,27,1,0.9643,917.17
Merchant_A,Stripe,cash_in_store,MX,0,20,22,18,4,0.8182,846.15
Merchant_A,Stripe,cash_in_store,MX,0,21,19,15,4,0.7895,1037.53
Merchant_A,Stripe,cash_in_store,MX,0,22,7,5,2,0.7143,1017.92
Merchant_A,Stripe,cash_in_store,MX,0,23,5,5,0,1.0,712.63
Merchant_A,Stripe,cash_in_store,MX,1,0,3,3,0,1.0,972.56
Merchant_A,Stripe,cash_in_store,MX,1,1,4,4,0,1.0,646.16
Merchant_A,Stripe,cash_in_store,MX,1,2,3,3,0,1.0,520.59
Merchant_A,Stripe,cash_in_store,MX,1,3,1,1,0,1.0,1028.39
Merchant_A,Stripe,cash_in_store,MX,1,4,4,4,0,1.0,818.12
Merchant_A,Stripe,cash_in_store,MX,1,5,5,5,0,1.0,682.84
Merchant_A,Stripe,cash_in_store,MX,1,6,12,8,4,0.6667,799.68
Merchant_A,Stripe,cash_in_store,MX,1,7,25,18,7,0.72,870.65
Merchant_A,Stripe,cash_in_store,MX,1,8,49,43,6,0.8776,833.68
Merchant_A,Stripe,cash_in_store,MX,1,9,56,44,12,0.7857,972.64
Merchant_A,Stripe,cash_in_store,MX,1,10,85,70,15,0.8235,944.84
Merchant_A,Stripe,cash_in_store,MX,1,11,77,62,15,0.8052,807.72
Merchant_A,Stripe,cash_in_store,MX,1,12,70,55,15,0.7857,913.61
Merchant_A,Stripe,cash_in_store,MX,1,13,67,52,15,0.7761,940.82
Merchant_A,Stripe,cash_in_store,MX,1,14,58,50,8,0.8621,894.13
Merchant_A,Stripe,cash_in_store,MX,1,15,61,48,13,0.7869,917.27
Merchant_A,Stripe,cash_in_store,MX,1,16,49,39,10,0.7959,1095.59
Merchant_A,Stripe,cash_in_store,MX,1,17,60,49,11,0.8167,854.67
Merchant_A,Stripe,cash_in_store,MX,1,18,51,38,13,0.7451,816.43
Merchant_A,Stripe,cash_in_store,MX,1,19,45,37,8,0.8222,876.36
Merchant_A,Stripe,cash_in_store,MX,1,20,32,27,5,0.8438,941.8
Merchant_A,Stripe,cash_in_store,MX,1,21,21,18,3,0.8571,1031.02
Merchant_A,Stripe,cash_in_store,MX,1,22,10,9,1,0.9,963.17
Merchant_A,Stripe,cash_in_store,MX,1,23,9,8,1,0.8889,1296.51
Merchant_A,Stripe,cash_in_store,MX,2,0,9,7,2,0.7778,1141.19
Merchant_A,Stripe,cash_in_store,MX,2,1,3,3,0,1.0,271.77
Merchant_A,Stripe,cash_in_store,MX,2,2,3,3,0,1.0,1229.54
Merchant_A,Stripe,cash_in_store,MX,2,3,2,2,0,1.0,624.38
Merchant_A,Stripe,cash_in_store,MX,2,4,2,1,1,0.5,904.44
Merchant_A,Stripe,cash_in_store,MX,2,5,5,3,2,0.6,1048.52
Merchant_A,Stripe,cash_in_store,MX,2,6,17,13,4,0.7647,1107.83
Merchant_A,Stripe,cash_in_store,MX,2,7,29,24,5,0.8276,877.22
Merchant_A,Stripe,cash_in_store,MX,2,8,47,39,8,0.8298,856.66
Merchant_A,Stripe,cash_in_store,MX,2,9,55,45,10,0.8182,847.54
Merchant_A,Stripe,cash_in_store,MX,2,10,75,54,21,0.72,770.85
Merchant_A,Stripe,cash_in_store,MX,2,11,70,56,14,0.8,916.7
Merchant_A,Stripe,cash_in_store,MX,2,12,72,62,10,0.8611,932.47
Merchant_A,Stripe,cash_in_store,MX,2,13,66,56,10,0.8485,1011.57
Merchant_A,Stripe,cash_in_store,MX,2,14,61,50,11,0.8197,957.26
Merchant_A,Stripe,cash_in_store,MX,2,15,59,53,6,0.8983,895.55
Merchant_A,Stripe,cash_in_store,MX,2,16,74,64,10,0.8649,995.92
Merchant_A,Stripe,cash_in_store,MX,2,17,69,60,9,0.8696,878.84
Merchant_A,Stripe,cash_in_store,MX,2,18,44,34,10,0.7727,951.89
Merchant_A,Stripe,cash_in_store,MX,2,19,25,20,5,0.8,802.34
Merchant_A,Stripe,cash_in_store,MX,2,20,34,32,2,0.9412,848.88
Merchant_A,Stripe,cash_in_store,MX,2,21,18,16,2,0.8889,860.17
Merchant_A,Stripe,cash_in_store,MX,2,22,19,17,2,0.8947,966.16
Merchant_A,Stripe,cash_in_store,MX,2,23,6,4,2,0.6667,1031.17
Merchant_A,Stripe,cash_in_store,MX,3,0,10,9,1,0.9,750.91
Merchant_A,Stripe,cash_in_store,MX,3,1,8,5,3,0.625,1137.75
Merchant_A,Stripe,cash_in_store,MX,3,2,5,5,0,1.0,986.83
Merchant_A,Stripe,cash_in_store,MX,3,3,4,3,1,0.75,1196.36
Merchant_A,Stripe,cash_in_store,MX,3,5,5,5,0,1.0,910.48
Merchant_A,Stripe,cash_in_store,MX,3,6,9,9,0,1.0,934.52
Merchant_A,Stripe,cash_in_store,MX,3,7,28,26,2,0.9286,817.53
Merchant_A,Stripe,cash_in_store,MX,3,8,41,34,7,0.8293,863.62
Merchant_A,Stripe,cash_in_store,MX,3,9,50,42,8,0.84,867.23
Merchant_A,Stripe,cash_in_store,MX,3,10,53,44,9,0.8302,908.65
Merchant_A,Stripe,cash_in_store,MX,3,11,60,50,10,0.8333,929.18
Merchant_A,Stripe,cash_in_store,MX,3,12,73,67,6,0.9178,892.31
Merchant_A,Stripe,cash_in_store,MX,3,13,58,53,5,0.9138,864.91
Merchant_A,Stripe,cash_in_store,MX,3,14,67,51,16,0.7612,953.69
Merchant_A,Stripe,cash_in_store,MX,3,15,72,65,7,0.9028,857.7
Merchant_A,Stripe,cash_in_store,MX,3,16,51,44,7,0.8627,944.07
Merchant_A,Stripe,cash_in_store,MX,3,17,37,33,4,0.8919,889.48
Merchant_A,Stripe,cash_in_store,MX,3,18,46,38,8,0.8261,972.87
Merchant_A,Stripe,cash_in_store,MX,3,19,54,45,9,0.8333,957.32
Merchant_A,Stripe,cash_in_store,MX,3,20,27,22,5,0.8148,894.79
Merchant_A,Stripe,cash_in_store,MX,3,21,16,10,6,0.625,1042.93
Merchant_A,Stripe,cash_in_store,MX,3,22,9,8,1,0.8889,646.54
Merchant_A,Stripe,cash_in_store,MX,3,23,6,4,2,0.6667,829.18
Merchant_A,Stripe,cash_in_store,MX,4,0,3,3,0,1.0,632.59
Merchant_A,Stripe,cash_in_store,MX,4,1,3,3,0,1.0,1383.36
Merchant_A,Stripe,cash_in_store,MX,4,2,2,2,0,1.0,1100.87
Merchant_A,Stripe,cash_in_store,MX,4,3,3,3,0,1.0,1180.56
Merchant_A,Stripe,cash_in_store,MX,4,5,7,6,1,0.8571,1160.9
Merchant_A,Stripe,cash_in_store,MX,4,6,16,12,4,0.75,821.67
Merchant_A,Stripe,cash_in_store,MX,4,7,32,29,3,0.9062,1031.99
Merchant_A,Stripe,cash_in_store,MX,4,8,52,40,12,0.7692,870.12
Merchant_A,Stripe,cash_in_store,MX,4,9,59,47,12,0.7966,820.03
Merchant_A,Stripe,cash_in_store,MX,4,10,68,54,14,0.7941,937.25
Merchant_A,Stripe,cash_in_store,MX,4,11,73,61,12,0.8356,911.37
Merchant_A,Stripe,cash_in_store,MX,4,12,69,55,14,0.7971,921.58
Merchant_A,Stripe,cash_in_store,MX,4,13,58,53,5,0.9138,927.67
Merchant_A,Stripe,cash_in_store,MX,4,14,47,37,10,0.7872,960.38
Merchant_A,Stripe,cash_in_store,MX,4,15,61,54,7,0.8852,983.35
Merchant_A,Stripe,cash_in_store,MX,4,16,58,50,8,0.8621,916.87
Merchant_A,Stripe,cash_in_store,MX,4,17,58,52,6,0.8966,939.05
Merchant_A,Stripe,cash_in_store,MX,4,18,34,30,4,0.8824,969.79
Merchant_A,Stripe,cash_in_store,MX,4,19,42,37,5,0.881,854.94
Merchant_A,Stripe,cash_in_store,MX,4,20,35,23,12,0.6571,923.89
Merchant_A,Stripe,cash_in_store,MX,4,21,16,15,1,0.9375,1022.13
Merchant_A,Stripe,cash_in_store,MX,4,22,11,10,1,0.9091,905.57
Merchant_A,Stripe,cash_in_store,MX,4,23,9,7,2,0.7778,846.97
Merchant_A,Stripe,cash_in_store,MX,5,0,4,4,0,1.0,1019.8
Merchant_A,Stripe,cash_in_store,MX,5,1,3,3,0,1.0,1013.8
Merchant_A,Stripe,cash_in_store,MX,5,2,3,3,0,1.0,983.13
Merchant_A,Stripe,cash_in_store,MX,5,3,7,4,3,0.5714,802.93
Merchant_A,Stripe,cash_in_store,MX,5,4,6,5,1,0.8333,616.34
Merchant_A,Stripe,cash_in_store,MX,5,5,5,5,0,1.0,621.53
Merchant_A,Stripe,cash_in_store,MX,5,6,18,15,3,0.8333,804.26
Merchant_A,Stripe,cash_in_store,MX,5,7,25,19,6,0.76,1034.12
Merchant_A,Stripe,cash_in_store,MX,5,8,49,47,2,0.9592,967.82
Merchant_A,Stripe,cash_in_store,MX,5,9,63,53,10,0.8413,903.29
Merchant_A,Stripe,cash_in_store,MX,5,10,124,103,21,0.8306,871.94
Merchant_A,Stripe,cash_in_store,MX,5,11,62,56,6,0.9032,876.7
Merchant_A,Stripe,cash_in_store,MX,5,12,71,59,12,0.831,818.55
Merchant_A,Stripe,cash_in_store,MX,5,13,69,57,12,0.8261,928.27
Merchant_A,Stripe,cash_in_store,MX,5,14,52,38,14,0.7308,858.83
Merchant_A,Stripe,cash_in_store,MX,5,15,56,48,8,0.8571,952.47
Merchant_A,Stripe,cash_in_store,MX,5,16,46,36,10,0.7826,927.2
Merchant_A,Stripe,cash_in_store,MX,5,17,52,43,9,0.8269,921.24
Merchant_A,Stripe,cash_in_store,MX,5,18,54,43,11,0.7963,819.66
Merchant_A,Stripe,cash_in_store,MX,5,19,38,30,8,0.7895,865.33
Merchant_A,Stripe,cash_in_store,MX,5,20,29,25,4,0.8621,1028.02
Merchant_A,Stripe,cash_in_store,MX,5,21,12,12,0,1.0,955.6
Merchant_A,Stripe,cash_in_store,MX,5,22,7,4,3,0.5714,733.55
Merchant_A,Stripe,cash_in_store,MX,5,23,8,8,0,1.0,576.33
Merchant_A,Stripe,cash_in_store,MX,6,0,8,6,2,0.75,859.56
Merchant_A,Stripe,cash_in_store,MX,6,1,1,1,0,1.0,1022.53
Merchant_A,Stripe,cash_in_store,MX,6,2,2,2,0,1.0,645.29
Merchant_A,Stripe,cash_in_store,MX,6,3,2,1,1,0.5,1697.28
Merchant_A,Stripe,cash_in_store,MX,6,4,1,1,0,1.0,941.58
Merchant_A,Stripe,cash_in_store,MX,6,5,7,6,1,0.8571,1304.92
Merchant_A,Stripe,cash_in_store,MX,6,6,9,7,2,0.7778,660.26
Merchant_A,Stripe,cash_in_store,MX,6,7,20,20,0,1.0,961.77
Merchant_A,Stripe,cash_in_store,MX,6,8,34,26,8,0.7647,789.95
Merchant_A,Stripe,cash_in_store,MX,6,9,56,47,9,0.8393,1002.49
Merchant_A,Stripe,cash_in_store,MX,6,10,65,56,9,0.8615,932.49
Merchant_A,Stripe,cash_in_store,MX,6,11,62,53,9,0.8548,892.26
Merchant_A,Stripe,cash_in_store,MX,6,12,86,71,15,0.8256,861.2
Merchant_A,Stripe,cash_in_store,MX,6,13,57,48,9,0.8421,990.76
Merchant_A,Stripe,cash_in_store,MX,6,14,65,52,13,0.8,926.74
Merchant_A,Stripe,cash_in_store,MX,6,15,77,64,13,0.8312,880.29
Merchant_A,Stripe,cash_in_store,MX,6,16,50,40,10,0.8,880.32
Merchant_A,Stripe,cash_in_store,MX,6,17,63,50,13,0.7937,904.85
Merchant_A,Stripe,cash_in_store,MX,6,18,36,27,9,0.75,894.17
Merchant_A,Stripe,cash_in_store,MX,6,19,35,27,8,0.7714,886.15
Merchant_A,Stripe,cash_in_store,MX,6,20,26,22,4,0.8462,877.96
Merchant_A,Stripe,cash_in_store,MX,6,21,10,9,1,0.9,948.18
Merchant_A,Stripe,cash_in_store,MX,6,22,12,10,2,0.8333,700.78
Merchant_A,Stripe,cash_in_store,MX,6,23,5,3,2,0.6,1153.59
Merchant_A,Stripe,wallet,BR,0,0,3,2,1,0.6667,278.27
Merchant_A,Stripe,wallet,BR,0,1,6,6,0,1.0,398.71
Merchant_A,Stripe,wallet,BR,0,2,1,1,0,1.0,477.25
Merchant_A,Stripe,wallet,BR,0,3,1,1,0,1.0,174.86
Merchant_A,Stripe,wallet,BR,0,4,4,4,0,1.0,216.08
Merchant_A,Stripe,wallet,BR,0,5,3,3,0,1.0,157.56
Merchant_A,Stripe,wallet,BR,0,6,16,15,1,0.9375,290.73
Merchant_A,Stripe,wallet,BR,0,7,15,14,1,0.9333,331.96
Merchant_A,Stripe,wallet,BR,0,8,41,41,0,1.0,304.82
Merchant_A,Stripe,wallet,BR,0,9,58,54,4,0.931,289.09
Merchant_A,Stripe,wallet,BR,0,10,52,47,5,0.9038,268.06
Merchant_A,Stripe,wallet,BR,0,11,59,53,6,0.8983,284.15
Merchant_A,Stripe,wallet,BR,0,12,58,55,3,0.9483,279.11
Merchant_A,Stripe,wallet,BR,0,13,67,60,7,0.8955,267.78
Merchant_A,Stripe,wallet,BR,0,14,69,67,2,0.971,289.82
Merchant_A,Stripe,wallet,BR,0,15,57,52,5,0.9123,290.09
Merchant_A,Stripe,wallet,BR,0,16,53,52,1,0.9811,284.06
Merchant_A,Stripe,wallet,BR,0,17,49,47,2,0.9592,305.38
Merchant_A,Stripe,wallet,BR,0,18,42,37,5,0.881,281.55
Merchant_A,Stripe,wallet,BR,0,19,39,34,5,0.8718,286.5
Merchant_A,Stripe,wallet,BR,0,20,22,21,1,0.9545,322.17
Merchant_A,Stripe,wallet,BR,0,21,7,7,0,1.0,330.04
Merchant_A,Stripe,wallet,BR,0,22,9,9,0,1.0,178.76
Merchant_A,Stripe,wallet,BR,0,23,8,7,1,0.875,241.01
Merchant_A,Stripe,wallet,BR,1,0,5,5,0,1.0,221.73
Merchant_A,Stripe,wallet,BR,1,1,6,6,0,1.0,254.92
Merchant_A,Stripe,wallet,BR,1,2,2,1,1,0.5,234.84
Merchant_A,Stripe,wallet,BR,1,3,2,2,0,1.0,448.61
Merchant_A,Stripe,wallet,BR,1,4,1,1,0,1.0,680.41
Merchant_A,Stripe,wallet,BR,1,5,3,3,0,1.0,152.91
Merchant_A,Stripe,wallet,BR,1,6,8,8,0,1.0,258.56
Merchant_A,Stripe,wallet,BR,1,7,27,26,1,0.963,299.64
Merchant_A,Stripe,wallet,BR,1,8,35,32,3,0.9143,255.22
Merchant_A,Stripe,wallet,BR,1,9,46,43,3,0.9348,328.63
Merchant_A,Stripe,wallet,BR,1,10,89,75,14,0.8427,281.12
Merchant_A,Stripe,wallet,BR,1,11,75,67,8,0.8933,275.08
Merchant_A,Stripe,wallet,BR,1,12,88,80,8,0.9091,277.98
Merchant_A,Stripe,wallet,BR,1,13,62,58,4,0.9355,304.87
Merchant_A,Stripe,wallet,BR,1,14,64,60,4,0.9375,270.47
Merchant_A,Stripe,wallet,BR,1,15,58,54,4,0.931,278.8
Merchant_A,Stripe,wallet,BR,1,16,54,50,4,0.9259,278.34
Merchant_A,Stripe,wallet,BR,1,17,45,43,2,0.9556,319.34
Merchant_A,Stripe,wallet,BR,1,18,42,36,6,0.8571,282.24
Merchant_A,Stripe,wallet,BR,1,19,33,29,4,0.8788,277.32
Merchant_A,Stripe,wallet,BR,1,20,21,19,2,0.9048,295.05
Merchant_A,Stripe,wallet,BR,1,21,28,25,3,0.8929,276.77
Merchant_A,Stripe,wallet,BR,1,22,14,14,0,1.0,270.09
Merchant_A,Stripe,wallet,BR,1,23,5,4,1,0.8,218.97
Merchant_A,Stripe,wallet,BR,2,0,6,6,0,1.0,208.08
Merchant_A,Stripe,wallet,BR,2,1,6,6,0,1.0,273.86
Merchant_A,Stripe,wallet,BR,2,2,2,2,0,1.0,325.7
Merchant_A,Stripe,wallet,BR,2,3,3,2,1,0.6667,275.98
Merchant_A,Stripe,wallet,BR,2,4,3,3,0,1.0,391.48
Merchant_A,Stripe,wallet,BR,2,5,9,8,1,0.8889,347.45
Merchant_A,Stripe,wallet,BR,2,6,11,11,0,1.0,103.85
Merchant_A,Stripe,wallet,BR,2,7,24,22,2,0.9167,241.92
Merchant_A,Stripe,wallet,BR,2,8,48,45,3,0.9375,298.08
Merchant_A,Stripe,wallet,BR,2,9,51,47,4,0.9216,315.0
Merchant_A,Stripe,wallet,BR,2,10,61,58,3,0.9508,268.13
Merchant_A,Stripe,wallet,BR,2,11,67,60,7,0.8955,298.1
Merchant_A,Stripe,wallet,BR,2,12,82,76,6,0.9268,292.51
Merchant_A,Stripe,wallet,BR,2,13,54,52,2,0.963,316.63
Merchant_A,Stripe,wallet,BR,2,14,79,75,4,0.9494,274.95
Merchant_A,Stripe,wallet,BR,2,15,71,61,10,0.8592,306.29
Merchant_A,Stripe,wallet,BR,2,16,48,46,2,0.9583,292.66
Merchant_A,Stripe,wallet,BR,2,17,63,60,3,0.9524,299.42
Merchant_A,Stripe,wallet,BR,2,18,56,53,3,0.9464,266.76
Merchant_A,Stripe,wallet,BR,2,19,38,33,5,0.8684,257.52
Merchant_A,Stripe,wallet,BR,2,20,33,31,2,0.9394,296.53
Merchant_A,Stripe,wallet,BR,2,21,27,26,1,0.963,273.37
Merchant_A,Stripe,wallet,BR,2,22,8,8,0,1.0,304.4
Merchant_A,Stripe,wallet,BR,2,23,9,9,0,1.0,258.05
Merchant_A,Stripe,wallet,BR,3,0,10,9,1,0.9,233.96
Merchant_A,Stripe,wallet,BR,3,1,5,4,1,0.8,244.2
Merchant_A,Stripe,wallet,BR,3,3,1,1,0,1.0,240.92
Merchant_A,Stripe,wallet,BR,3,4,3,3,0,1.0,386.18
Merchant_A,Stripe,wallet,BR,3,5,7,5,2,0.7143,280.78
Merchant_A,Stripe,wallet,BR,3,6,12,10,2,0.8333,239.57
Merchant_A,Stripe,wallet,BR,3,7,26,24,2,0.9231,249.55
Merchant_A,Stripe,wallet,BR,3,8,55,51,4,0.9273,268.71
Merchant_A,Stripe,wallet,BR,3,9,50,46,4,0.92,260.66
Merchant_A,Stripe,wallet,BR,3,10,46,43,3,0.9348,271.95
Merchant_A,Stripe,wallet,BR,3,11,80,74,6,0.925,286.89
Merchant_A,Stripe,wallet,BR,3,12,91,84,7,0.9231,299.66
Merchant_A,Stripe,wallet,BR,3,13,68,65,3,0.9559,308.3
Merchant_A,Stripe,wallet,BR,3,14,66,59,7,0.8939,289.99
Merchant_A,Stripe,wallet,BR,3,15,81,75,6,0.9259,288.37
Merchant_A,Stripe,wallet,BR,3,16,48,43,5,0.8958,260.84
Merchant_A,Stripe,wallet,BR,3,17,48,45,3,0.9375,277.61
Merchant_A,Stripe,wallet,BR,3,18,38,32,6,0.8421,294.46
Merchant_A,Stripe,wallet,BR,3,19,44,38,6,0.8636,308.59
Merchant_A,Stripe,wallet,BR,3,20,25,24,1,0.96,282.32
Merchant_A,Stripe,wallet,BR,3,21,15,12,3,0.8,317.81
Merchant_A,Stripe,wallet,BR,3,22,15,14,1,0.9333,214.44
Merchant_A,Stripe,wallet,BR,3,23,4,3,1,0.75,206.8
Merchant_A,Stripe,wallet,BR,4,0,8,8,0,1.0,262.98
Merchant_A,Stripe,wallet,BR,4,1,3,3,0,1.0,375.4
Merchant_A,Stripe,wallet,BR,4,2,3,3,0,1.0,203.18
Merchant_A,Stripe,wallet,BR,4,3,1,0,1,0.0,345.21
Merchant_A,Stripe,wallet,BR,4,4,2,2,0,1.0,267.48
Merchant_A,Stripe,wallet,BR,4,5,7,7,0,1.0,223.41
Merchant_A,Stripe,wallet,BR,4,6,8,7,1,0.875,342.84
Merchant_A,Stripe,wallet,BR,4,7,28,25,3,0.8929,242.12
Merchant_A,Stripe,wallet,BR,4,8,45,42,3,0.9333,287.18
Merchant_A,Stripe,wallet,BR,4,9,50,47,3,0.94,267.96
Merchant_A,Stripe,wallet,BR,4,10,63,57,6,0.9048,305.78
Merchant_A,Stripe,wallet,BR,4,11,66,58,8,0.8788,258.88
Merchant_A,Stripe,wallet,BR,4,12,78,75,3,0.9615,263.61
Merchant_A,Stripe,wallet,BR,4,13,81,74,7,0.9136,280.64
Merchant_A,Stripe,wallet,BR,4,14,62,57,5,0.9194,264.81
Merchant_A,Stripe,wallet,BR,4,15,47,45,2,0.9574,256.29
Merchant_A,Stripe,wallet,BR,4,16,59,51,8,0.8644,265.41
Merchant_A,Stripe,wallet,BR,4,17,66,59,7,0.8939,284.5
Merchant_A,Stripe,wallet,BR,4,18,46,42,4,0.913,290.8
Merchant_A,Stripe,wallet,BR,4,19,38,37,1,0.9737,282.69
Merchant_A,Stripe,wallet,BR,4,20,33,32,1,0.9697,334.22
Merchant_A,Stripe,wallet,BR,4,21,12,12,0,1.0,300.32
Merchant_A,Stripe,wallet,BR,4,22,14,13,1,0.9286,278.53
Merchant_A,Stripe,wallet,BR,4,23,10,10,0,1.0,215.77
Merchant_A,Stripe,wallet,BR,5,0,4,3,1,0.75,245.16
Merchant_A,Stripe,wallet,BR,5,1,3,3,0,1.0,318.72
Merchant_A,Stripe,wallet,BR,5,2,2,2,0,1.0,296.88
Merchant_A,Stripe,wallet,BR,5,3,1,1,0,1.0,28.0
Merchant_A,Stripe,wallet,BR,5,4,4,4,0,1.0,311.01
Merchant_A,Stripe,wallet,BR,5,5,4,4,0,1.0,186.19
Merchant_A,Stripe,wallet,BR,5,6,16,15,1,0.9375,301.47
Merchant_A,Stripe,wallet,BR,5,7,25,24,1,0.96,236.48
Merchant_A,Stripe,wallet,BR,5,8,42,38,4,0.9048,322.97
Merchant_A,Stripe,wallet,BR,5,9,52,47,5,0.9038,294.54
Merchant_A,Stripe,wallet,BR,5,10,143,138,5,0.965,282.21
Merchant_A,Stripe,wallet,BR,5,11,62,55,7,0.8871,276.27
Merchant_A,Stripe,wallet,BR,5,12,65,58,7,0.8923,232.76
Merchant_A,Stripe,wallet,BR,5,13,61,57,4,0.9344,289.74
Merchant_A,Stripe,wallet,BR,5,14,49,41,8,0.8367,286.68
Merchant_A,Stripe,wallet,BR,5,15,57,50,7,0.8772,274.97
Merchant_A,Stripe,wallet,BR,5,16,53,48,5,0.9057,265.85
Merchant_A,Stripe,wallet,BR,5,17,46,41,5,0.8913,299.08
Merchant_A,Stripe,wallet,BR,5,18,43,38,5,0.8837,292.61
Merchant_A,Stripe,wallet,BR,5,19,30,28,2,0.9333,254.9
Merchant_A,Stripe,wallet,BR,5,20,16,15,1,0.9375,373.24
Merchant_A,Stripe,wallet,BR,5,21,17,17,0,1.0,272.82
Merchant_A,Stripe,wallet,BR,5,22,10,9,1,0.9,201.8
Merchant_A,Stripe,wallet,BR,5,23,7,6,1,0.8571,259.71
Merchant_A,Stripe,wallet,BR,6,0,6,6,0,1.0,306.79
Merchant_A,Stripe,wallet,BR,6,1,9,8,1,0.8889,319.32
Merchant_A,Stripe,wallet,BR,6,2,3,2,1,0.6667,367.01
Merchant_A,Stripe,wallet,BR,6,3,3,3,0,1.0,264.01
Merchant_A,Stripe,wallet,BR,6,4,1,1,0,1.0,221.5
Merchant_A,Stripe,wallet,BR,6,5,4,4,0,1.0,249.94
Merchant_A,Stripe,wallet,BR,6,6,17,16,1,0.9412,336.08
Merchant_A,Stripe,wallet,BR,6,7,35,31,4,0.8857,284.87
Merchant_A,Stripe,wallet,BR,6,8,34,31,3,0.9118,272.51
Merchant_A,Stripe,wallet,BR,6,9,45,41,4,0.9111,274.86
Merchant_A,Stripe,wallet,BR,6,10,53,48,5,0.9057,258.25
Merchant_A,Stripe,wallet,BR,6,11,65,57,8,0.8769,273.79
Merchant_A,Stripe,wallet,BR,6,12,57,50,7,0.8772,324.28
Merchant_A,Stripe,wallet,BR,6,13,56,50,6,0.8929,281.28
Merchant_A,Stripe,wallet,BR,6,14,54,46,8,0.8519,326.15
Merchant_A,Stripe,wallet,BR,6,15,52,48,4,0.9231,317.42
Merchant_A,Stripe,wallet,BR,6,16,56,55,1,0.9821,300.88
Merchant_A,Stripe,wallet,BR,6,17,45,41,4,0.9111,316.88
Merchant_A,Stripe,wallet,BR,6,18,46,43,3,0.9348,308.84
Merchant_A,Stripe,wallet,BR,6,19,47,45,2,0.9574,308.45
Merchant_A,Stripe,wallet,BR,6,20,19,18,1,0.9474,279.57
Merchant_A,Stripe,wallet,BR,6,21,18,18,0,1.0,282.53
Merchant_A,Stripe,wallet,BR,6,22,7,6,1,0.8571,213.43
Merchant_A,Stripe,wallet,BR,6,23,7,7,0,1.0,164.93
Merchant_A,Stripe,wallet,CO,0,0,6,6,0,1.0,163856.06
Merchant_A,Stripe,wallet,CO,0,1,3,3,0,1.0,108830.28
Merchant_A,Stripe,wallet,CO,0,2,1,1,0,1.0,88903.61
Merchant_A,Stripe,wallet,CO,0,3,3,3,0,1.0,139385.06
Merchant_A,Stripe,wallet,CO,0,4,1,1,0,1.0,230838.18
Merchant_A,Stripe,wallet,CO,0,5,5,5,0,1.0,124633.49
Merchant_A,Stripe,wallet,CO,0,6,16,15,1,0.9375,116454.12
Merchant_A,Stripe,wallet,CO,0,7,21,18,3,0.8571,135461.82
Merchant_A,Stripe,wallet,CO,0,8,43,42,1,0.9767,115100.55
Merchant_A,Stripe,wallet,CO,0,9,47,45,2,0.9574,130720.98
Merchant_A,Stripe,wallet,CO,0,10,56,47,9,0.8393,124126.34
Merchant_A,Stripe,wallet,CO,0,11,43,40,3,0.9302,118653.95
Merchant_A,Stripe,wallet,CO,0,12,74,70,4,0.9459,130657.03
Merchant_A,Stripe,wallet,CO,0,13,54,49,5,0.9074,111448.29
Merchant_A,Stripe,wallet,CO,0,14,59,52,7,0.8814,107642.65
Merchant_A,Stripe,wallet,CO,0,15,50,40,10,0.8,127353.93
Merchant_A,Stripe,wallet,CO,0,16,31,27,4,0.871,100465.27
Merchant_A,Stripe,wallet,CO,0,17,45,38,7,0.8444,108685.71
Merchant_A,Stripe,wallet,CO,0,18,38,35,3,0.9211,132521.95
Merchant_A,Stripe,wallet,CO,0,19,41,38,3,0.9268,125665.13
Merchant_A,Stripe,wallet,CO,0,20,27,25,2,0.9259,150729.99
Merchant_A,Stripe,wallet,CO,0,21,10,9,1,0.9,108379.64
Merchant_A,Stripe,wallet,CO,0,22,9,9,0,1.0,153742.96
Merchant_A,Stripe,wallet,CO,0,23,7,5,2,0.7143,83675.39
Merchant_A,Stripe,wallet,CO,1,0,6,6,0,1.0,131576.99
Merchant_A,Stripe,wallet,CO,1,1,2,2,0,1.0,84174.47
Merchant_A,Stripe,wallet,CO,1,2,3,2,1,0.6667,71979.11
Merchant_A,Stripe,wallet,CO,1,4,2,1,1,0.5,166017.4
Merchant_A,Stripe,wallet,CO,1,5,2,2,0,1.0,129059.64
Merchant_A,Stripe,wallet,CO,1,6,12,11,1,0.9167,107792.41
Merchant_A,Stripe,wallet,CO,1,7,22,21,1,0.9545,141902.48
Merchant_A,Stripe,wallet,CO,1,8,42,42,0,1.0,105689.18
Merchant_A,Stripe,wallet,CO,1,9,53,52,1,0.9811,119357.42
Merchant_A,Stripe,wallet,CO,1,10,80,75,5,0.9375,128247.39
Merchant_A,Stripe,wallet,CO,1,11,59,56,3,0.9492,126469.49
Merchant_A,Stripe,wallet,CO,1,12,69,65,4,0.942,106173.93
Merchant_A,Stripe,wallet,CO,1,13,71,67,4,0.9437,112085.98
Merchant_A,Stripe,wallet,CO,1,14,47,45,2,0.9574,122372.56
Merchant_A,Stripe,wallet,CO,1,15,63,59,4,0.9365,134064.06
Merchant_A,Stripe,wallet,CO,1,16,64,56,8,0.875,129123.3
Merchant_A,Stripe,wallet,CO,1,17,36,36,0,1.0,125460.05
Merchant_A,Stripe,wallet,CO,1,18,42,37,5,0.881,122443.23
Merchant_A,Stripe,wallet,CO,1,19,45,39,6,0.8667,123278.35
Merchant_A,Stripe,wallet,CO,1,20,27,25,2,0.9259,124867.88
Merchant_A,Stripe,wallet,CO,1,21,14,13,1,0.9286,103285.4
Merchant_A,Stripe,wallet,CO,1,22,9,9,0,1.0,166926.77
Merchant_A,Stripe,wallet,CO,1,23,5,5,0,1.0,140994.94
Merchant_A,Stripe,wallet,CO,2,0,12,12,0,1.0,143575.91
Merchant_A,Stripe,wallet,CO,2,1,1,0,1,0.0,80997.46
Merchant_A,Stripe,wallet,CO,2,3,1,1,0,1.0,132125.24
Merchant_A,Stripe,wallet,CO,2,4,3,3,0,1.0,167157.79
Merchant_A,Stripe,wallet,CO,2,5,4,3,1,0.75,107854.64
Merchant_A,Stripe,wallet,CO,2,6,19,18,1,0.9474,124809.54
Merchant_A,Stripe,wallet,CO,2,7,22,22,0,1.0,112760.17
Merchant_A,Stripe,wallet,CO,2,8,43,37,6,0.8605,126413.99
Merchant_A,Stripe,wallet,CO,2,9,69,65,4,0.942,127759.13
Merchant_A,Stripe,wallet,CO,2,10,61,57,4,0.9344,126305.96
Merchant_A,Stripe,wallet,CO,2,11,72,64,8,0.8889,110512.02
Merchant_A,Stripe,wallet,CO,2,12,74,70,4,0.9459,121891.13
Merchant_A,Stripe,wallet,CO,2,13,74,65,9,0.8784,127022.85
Merchant_A,Stripe,wallet,CO,2,14,54,49,5,0.9074,126573.2
Merchant_A,Stripe,wallet,CO,2,15,48,45,3,0.9375,109908.72
Merchant_A,Stripe,wallet,CO,2,16,64,62,2,0.9688,113194.36
Merchant_A,Stripe,wallet,CO,2,17,53,46,7,0.8679,113212.36
Merchant_A,Stripe,wallet,CO,2,18,43,40,3,0.9302,97141.46
Merchant_A,Stripe,wallet,CO,2,19,33,32,1,0.9697,148473.45
Merchant_A,Stripe,wallet,CO,2,20,30,28,2,0.9333,119264.61
Merchant_A,Stripe,wallet,CO,2,21,17,16,1,0.9412,132555.61
Merchant_A,Stripe,wallet,CO,2,22,13,12,1,0.9231,123266.1
Merchant_A,Stripe,wallet,CO,2,23,6,6,0,1.0,118293.81
Merchant_A,Stripe,wallet,CO,3,0,11,10,1,0.9091,74589.71
Merchant_A,Stripe,wallet,CO,3,1,2,2,0,1.0,106122.16
Merchant_A,Stripe,wallet,CO,3,2,4,3,1,0.75,114636.35
Merchant_A,Stripe,wallet,CO,3,3,2,2,0,1.0,123149.6
Merchant_A,Stripe,wallet,CO,3,4,6,5,1,0.8333,99501.83
Merchant_A,Stripe,wallet,CO,3,5,9,7,2,0.7778,94489.5
Merchant_A,Stripe,wallet,CO,3,6,11,11,0,1.0,113807.45
Merchant_A,Stripe,wallet,CO,3,7,27,27,0,1.0,108818.13
Merchant_A,Stripe,wallet,CO,3,8,35,32,3,0.9143,111542.24
Merchant_A,Stripe,wallet,CO,3,9,50,47,3,0.94,129675.92
Merchant_A,Stripe,wallet,CO,3,10,61,56,5,0.918,112141.75
Merchant_A,Stripe,wallet,CO,3,11,67,62,5,0.9254,105090.03
Merchant_A,Stripe,wallet,CO,3,12,73,70,3,0.9589,128681.65
Merchant_A,Stripe,wallet,CO,3,13,68,64,4,0.9412,115306.89
Merchant_A,Stripe,wallet,CO,3,14,61,56,5,0.918,131204.94
Merchant_A,Stripe,wallet,CO,3,15,67,60,7,0.8955,116267.75
Merchant_A,Stripe,wallet,CO,3,16,45,38,7,0.8444,110142.35
Merchant_A,Stripe,wallet,CO,3,17,54,45,9,0.8333,124698.93
Merchant_A,Stripe,wallet,CO,3,18,57,56,1,0.9825,111664.58
Merchant_A,Stripe,wallet,CO,3,19,37,34,3,0.9189,107948.72
Merchant_A,Stripe,wallet,CO,3,20,29,29,0,1.0,111444.82
Merchant_A,Stripe,wallet,CO,3,21,16,13,3,0.8125,117599.82
Merchant_A,Stripe,wallet,CO,3,22,6,5,1,0.8333,130810.36
Merchant_A,Stripe,wallet,CO,3,23,5,5,0,1.0,139599.12
Merchant_A,Stripe,wallet,CO,4,0,10,9,1,0.9,122299.51
Merchant_A,Stripe,wallet,CO,4,1,2,2,0,1.0,75348.37
Merchant_A,Stripe,wallet,CO,4,2,4,4,0,1.0,176738.83
Merchant_A,Stripe,wallet,CO,4,3,3,3,0,1.0,81440.72
Merchant_A,Stripe,wallet,CO,4,4,3,3,0,1.0,141939.32
Merchant_A,Stripe,wallet,CO,4,5,8,7,1,0.875,168822.71
Merchant_A,Stripe,wallet,CO,4,6,12,11,1,0.9167,126109.5
Merchant_A,Stripe,wallet,CO,4,7,21,20,1,0.9524,125605.78
Merchant_A,Stripe,wallet,CO,4,8,50,47,3,0.94,120197.28
Merchant_A,Stripe,wallet,CO,4,9,48,45,3,0.9375,114618.33
Merchant_A,Stripe,wallet,CO,4,10,64,59,5,0.9219,126971.91
Merchant_A,Stripe,wallet,CO,4,11,78,68,10,0.8718,124511.87
Merchant_A,Stripe,wallet,CO,4,12,91,84,7,0.9231,123841.77
Merchant_A,Stripe,wallet,CO,4,13,69,65,4,0.942,116589.02
Merchant_A,Stripe,wallet,CO,4,14,71,65,6,0.9155,129709.98
Merchant_A,Stripe,wallet,CO,4,15,57,53,4,0.9298,133310.45
Merchant_A,Stripe,wallet,CO,4,16,55,52,3,0.9455,122147.49
Merchant_A,Stripe,wallet,CO,4,17,50,46,4,0.92,126987.66
Merchant_A,Stripe,wallet,CO,4,18,46,40,6,0.8696,126657.78
Merchant_A,Stripe,wallet,CO,4,19,50,48,2,0.96,121606.5
Merchant_A,Stripe,wallet,CO,4,20,23,23,0,1.0,139680.4
Merchant_A,Stripe,wallet,CO,4,21,14,14,0,1.0,84763.35
Merchant_A,Stripe,wallet,CO,4,22,8,8,0,1.0,163292.08
Merchant_A,Stripe,wallet,CO,4,23,11,11,0,1.0,139280.41
Merchant_A,Stripe,wallet,CO,5,0,11,11,0,1.0,129786.3
Merchant_A,Stripe,wallet,CO,5,1,5,5,0,1.0,110090.12
Merchant_A,Stripe,wallet,CO,5,2,2,2,0,1.0,130984.85
Merchant_A,Stripe,wallet,CO,5,3,1,1,0,1.0,130401.81
Merchant_A,Stripe,wallet,CO,5,4,1,1,0,1.0,173313.51
Merchant_A,Stripe,wallet,CO,5,5,7,6,1,0.8571,115169.88
Merchant_A,Stripe,wallet,CO,5,6,14,12,2,0.8571,109550.23
Merchant_A,Stripe,wallet,CO,5,7,28,24,4,0.8571,128647.51
Merchant_A,Stripe,wallet,CO,5,8,34,31,3,0.9118,125065.26
Merchant_A,Stripe,wallet,CO,5,9,46,40,6,0.8696,126693.8
Merchant_A,Stripe,wallet,CO,5,10,125,117,8,0.936,118670.4
Merchant_A,Stripe,wallet,CO,5,11,53,50,3,0.9434,113944.43
Merchant_A,Stripe,wallet,CO,5,12,63,60,3,0.9524,112965.49
Merchant_A,Stripe,wallet,CO,5,13,66,60,6,0.9091,120271.11
Merchant_A,Stripe,wallet,CO,5,14,47,43,4,0.9149,148090.77
Merchant_A,Stripe,wallet,CO,5,15,47,43,4,0.9149,136740.6
Merchant_A,Stripe,wallet,CO,5,16,45,41,4,0.9111,121917.39
Merchant_A,Stripe,wallet,CO,5,17,46,44,2,0.9565,130191.74
Merchant_A,Stripe,wallet,CO,5,18,47,45,2,0.9574,111556.2
Merchant_A,Stripe,wallet,CO,5,19,34,32,2,0.9412,105922.84
Merchant_A,Stripe,wallet,CO,5,20,31,29,2,0.9355,141884.09
Merchant_A,Stripe,wallet,CO,5,21,12,11,1,0.9167,104085.87
Merchant_A,Stripe,wallet,CO,5,22,14,11,3,0.7857,114873.7
Merchant_A,Stripe,wallet,CO,5,23,9,9,0,1.0,104437.8
Merchant_A,Stripe,wallet,CO,6,0,7,4,3,0.5714,109179.22
Merchant_A,Stripe,wallet,CO,6,1,1,1,0,1.0,76831.96
Merchant_A,Stripe,wallet,CO,6,2,1,1,0,1.0,93484.03
Merchant_A,Stripe,wallet,CO,6,3,1,1,0,1.0,159227.82
Merchant_A,Stripe,wallet,CO,6,4,2,2,0,1.0,95465.4
Merchant_A,Stripe,wallet,CO,6,5,3,3,0,1.0,77739.59
Merchant_A,Stripe,wallet,CO,6,6,13,13,0,1.0,119116.98
Merchant_A,Stripe,wallet,CO,6,7,22,22,0,1.0,119680.24
Merchant_A,Stripe,wallet,CO,6,8,40,36,4,0.9,126086.66
Merchant_A,Stripe,wallet,CO,6,9,43,40,3,0.9302,112894.89
Merchant_A,Stripe,wallet,CO,6,10,68,63,5,0.9265,112529.13
Merchant_A,Stripe,wallet,CO,6,11,59,58,1,0.9831,124472.65
Merchant_A,Stripe,wallet,CO,6,12,73,66,7,0.9041,120185.41
Merchant_A,Stripe,wallet,CO,6,13,72,67,5,0.9306,131261.65
Merchant_A,Stripe,wallet,CO,6,14,71,66,5,0.9296,131337.78
Merchant_A,Stripe,wallet,CO,6,15,69,62,7,0.8986,136985.65
Merchant_A,Stripe,wallet,CO,6,16,59,55,4,0.9322,111002.94
Merchant_A,Stripe,wallet,CO,6,17,54,51,3,0.9444,119886.67
Merchant_A,Stripe,wallet,CO,6,18,43,39,4,0.907,122563.73
Merchant_A,Stripe,wallet,CO,6,19,28,26,2,0.9286,125169.23
Merchant_A,Stripe,wallet,CO,6,20,25,24,1,0.96,112222.01
Merchant_A,Stripe,wallet,CO,6,21,14,13,1,0.9286,118669.22
Merchant_A,Stripe,wallet,CO,6,22,5,5,0,1.0,108489.19
Merchant_A,Stripe,wallet,CO,6,23,6,5,1,0.8333,108306.55
Merchant_A,Stripe,wallet,MX,0,0,9,7,2,0.7778,1077.67
Merchant_A,Stripe,wallet,MX,0,1,4,4,0,1.0,947.7
Merchant_A,Stripe,wallet,MX,0,2,4,4,0,1.0,694.42
Merchant_A,Stripe,wallet,MX,0,3,4,4,0,1.0,1131.12
Merchant_A,Stripe,wallet,MX,0,5,7,7,0,1.0,663.68
Merchant_A,Stripe,wallet,MX,0,6,15,14,1,0.9333,932.82
Merchant_A,Stripe,wallet,MX,0,7,24,23,1,0.9583,864.25
Merchant_A,Stripe,wallet,MX,0,8,44,40,4,0.9091,852.3
Merchant_A,Stripe,wallet,MX,0,9,50,44,6,0.88,949.56
Merchant_A,Stripe,wallet,MX,0,10,45,41,4,0.9111,972.39
Merchant_A,Stripe,wallet,MX,0,11,59,55,4,0.9322,918.82
Merchant_A,Stripe,wallet,MX,0,12,70,65,5,0.9286,905.15
Merchant_A,Stripe,wallet,MX,0,13,62,61,1,0.9839,844.89
Merchant_A,Stripe,wallet,MX,0,14,59,52,7,0.8814,916.07
Merchant_A,Stripe,wallet,MX,0,15,55,48,7,0.8727,848.54
Merchant_A,Stripe,wallet,MX,0,16,45,41,4,0.9111,860.27
Merchant_A,Stripe,wallet,MX,0,17,67,63,4,0.9403,804.46
Merchant_A,Stripe,wallet,MX,0,18,44,38,6,0.8636,1007.77
Merchant_A,Stripe,wallet,MX,0,19,36,32,4,0.8889,1024.42
Merchant_A,Stripe,wallet,MX,0,20,28,27,1,0.9643,949.42
Merchant_A,Stripe,wallet,MX,0,21,18,16,2,0.8889,848.95
Merchant_A,Stripe,wallet,MX,0,22,6,6,0,1.0,850.23
Merchant_A,Stripe,wallet,MX,0,23,6,6,0,1.0,950.87
Merchant_A,Stripe,wallet,MX,1,0,7,7,0,1.0,1179.49
Merchant_A,Stripe,wallet,MX,1,1,1,1,0,1.0,1381.17
Merchant_A,Stripe,wallet,MX,1,2,4,4,0,1.0,954.32
Merchant_A,Stripe,wallet,MX,1,3,2,2,0,1.0,809.22
Merchant_A,Stripe,wallet,MX,1,4,1,1,0,1.0,812.05
Merchant_A,Stripe,wallet,MX,1,5,2,2,0,1.0,891.27
Merchant_A,Stripe,wallet,MX,1,6,12,7,5,0.5833,1154.93
Merchant_A,Stripe,wallet,MX,1,7,30,28,2,0.9333,899.0
Merchant_A,Stripe,wallet,MX,1,8,42,35,7,0.8333,956.23
Merchant_A,Stripe,wallet,MX,1,9,44,42,2,0.9545,925.43
Merchant_A,Stripe,wallet,MX,1,10,85,77,8,0.9059,968.71
Merchant_A,Stripe,wallet,MX,1,11,66,60,6,0.9091,887.22
Merchant_A,Stripe,wallet,MX,1,12,73,69,4,0.9452,875.23
Merchant_A,Stripe,wallet,MX,1,13,60,58,2,0.9667,755.89
Merchant_A,Stripe,wallet,MX,1,14,71,68,3,0.9577,955.95
Merchant_A,Stripe,wallet,MX,1,15,77,72,5,0.9351,924.18
Merchant_A,Stripe,wallet,MX,1,16,49,45,4,0.9184,899.11
Merchant_A,Stripe,wallet,MX,1,17,45,44,1,0.9778,893.81
Merchant_A,Stripe,wallet,MX,1,18,51,45,6,0.8824,853.41
Merchant_A,Stripe,wallet,MX,1,19,45,43,2,0.9556,945.29
Merchant_A,Stripe,wallet,MX,1,20,22,20,2,0.9091,891.15
Merchant_A,Stripe,wallet,MX,1,21,18,15,3,0.8333,1055.82
Merchant_A,Stripe,wallet,MX,1,22,14,13,1,0.9286,1044.88
Merchant_A,Stripe,wallet,MX,1,23,7,7,0,1.0,911.28
Merchant_A,Stripe,wallet,MX,2,0,5,5,0,1.0,731.07
Merchant_A,Stripe,wallet,MX,2,1,5,5,0,1.0,1082.86
Merchant_A,Stripe,wallet,MX,2,2,3,3,0,1.0,961.31
Merchant_A,Stripe,wallet,MX,2,3,4,4,0,1.0,1110.72
Merchant_A,Stripe,wallet,MX,2,4,3,3,0,1.0,729.39
Merchant_A,Stripe,wallet,MX,2,5,8,8,0,1.0,1087.31
Merchant_A,Stripe,wallet,MX,2,6,17,16,1,0.9412,1010.72
Merchant_A,Stripe,wallet,MX,2,7,31,28,3,0.9032,928.79
Merchant_A,Stripe,wallet,MX,2,8,39,36,3,0.9231,921.53
Merchant_A,Stripe,wallet,MX,2,9,45,40,5,0.8889,834.71
Merchant_A,Stripe,wallet,MX,2,10,64,61,3,0.9531,841.98
Merchant_A,Stripe,wallet,MX,2,11,84,78,6,0.9286,932.34
Merchant_A,Stripe,wallet,MX,2,12,77,71,6,0.9221,856.22
Merchant_A,Stripe,wallet,MX,2,13,45,38,7,0.8444,923.2
Merchant_A,Stripe,wallet,MX,2,14,66,60,6,0.9091,771.44
Merchant_A,Stripe,wallet,MX,2,15,67,54,13,0.806,801.92
Merchant_A,Stripe,wallet,MX,2,16,70,65,5,0.9286,809.3
Merchant_A,Stripe,wallet,MX,2,17,52,47,5,0.9038,955.97
Merchant_A,Stripe,wallet,MX,2,18,45,42,3,0.9333,937.08
Merchant_A,Stripe,wallet,MX,2,19,44,38,6,0.8636,1006.39
Merchant_A,Stripe,wallet,MX,2,20,28,28,0,1.0,1016.45
Merchant_A,Stripe,wallet,MX,2,21,15,15,0,1.0,978.27
Merchant_A,Stripe,wallet,MX,2,22,10,9,1,0.9,1085.43
Merchant_A,Stripe,wallet,MX,2,23,7,6,1,0.8571,736.04
Merchant_A,Stripe,wallet,MX,3,0,8,6,2,0.75,1035.72
Merchant_A,Stripe,wallet,MX,3,1,5,4,1,0.8,496.67
Merchant_A,Stripe,wallet,MX,3,2,2,2,0,1.0,703.72
Merchant_A,Stripe,wallet,MX,3,3,4,4,0,1.0,742.2
Merchant_A,Stripe,wallet,MX,3,4,1,1,0,1.0,321.69
Merchant_A,Stripe,wallet,MX,3,5,9,8,1,0.8889,1074.53
Merchant_A,Stripe,wallet,MX,3,6,21,19,2,0.9048,768.99
Merchant_A,Stripe,wallet,MX,3,7,27,26,1,0.963,709.32
Merchant_A,Stripe,wallet,MX,3,8,41,32,9,0.7805,1001.38
Merchant_A,Stripe,wallet,MX,3,9,53,47,6,0.8868,905.99
Merchant_A,Stripe,wallet,MX,3,10,64,60,4,0.9375,911.36
Merchant_A,Stripe,wallet,MX,3,11,65,65,0,1.0,1075.28
Merchant_A,Stripe,wallet,MX,3,12,78,70,8,0.8974,864.96
Merchant_A,Stripe,wallet,MX,3,13,86,76,10,0.8837,973.61
Merchant_A,Stripe,wallet,MX,3,14,66,59,7,0.8939,913.64
Merchant_A,Stripe,wallet,MX,3,15,65,61,4,0.9385,937.21
Merchant_A,Stripe,wallet,MX,3,16,51,47,4,0.9216,953.6
Merchant_A,Stripe,wallet,MX,3,17,43,41,2,0.9535,1043.79
Merchant_A,Stripe,wallet,MX,3,18,47,42,5,0.8936,862.0
Merchant_A,Stripe,wallet,MX,3,19,55,52,3,0.9455,888.51
Merchant_A,Stripe,wallet,MX,3,20,34,29,5,0.8529,930.4
Merchant_A,Stripe,wallet,MX,3,21,20,18,2,0.9,795.71
Merchant_A,Stripe,wallet,MX,3,22,13,13,0,1.0,1012.32
Merchant_A,Stripe,wallet,MX,3,23,8,8,0,1.0,960.31
Merchant_A,Stripe,wallet,MX,4,0,11,11,0,1.0,1054.66
Merchant_A,Stripe,wallet,MX,4,1,2,1,1,0.5,444.88
Merchant_A,Stripe,wallet,MX,4,2,1,1,0,1.0,1011.48
Merchant_A,Stripe,wallet,MX,4,3,2,2,0,1.0,458.2
Merchant_A,Stripe,wallet,MX,4,4,8,7,1,0.875,610.23
Merchant_A,Stripe,wallet,MX,4,5,4,4,0,1.0,1164.9
Merchant_A,Stripe,wallet,MX,4,6,14,14,0,1.0,889.22
Merchant_A,Stripe,wallet,MX,4,7,23,23,0,1.0,857.56
Merchant_A,Stripe,wallet,MX,4,8,46,43,3,0.9348,849.38
Merchant_A,Stripe,wallet,MX,4,9,53,48,5,0.9057,939.49
Merchant_A,Stripe,wallet,MX,4,10,69,65,4,0.942,936.18
Merchant_A,Stripe,wallet,MX,4,11,63,57,6,0.9048,800.64
Merchant_A,Stripe,wallet,MX,4,12,68,59,9,0.8676,993.55
Merchant_A,Stripe,wallet,MX,4,13,66,57,9,0.8636,837.7
Merchant_A,Stripe,wallet,MX,4,14,96,90,6,0.9375,950.98
Merchant_A,Stripe,wallet,MX,4,15,50,46,4,0.92,887.13
Merchant_A,Stripe,wallet,MX,4,16,59,53,6,0.8983,821.03
Merchant_A,Stripe,wallet,MX,4,17,39,36,3,0.9231,889.61
Merchant_A,Stripe,wallet,MX,4,18,41,40,1,0.9756,929.19
Merchant_A,Stripe,wallet,MX,4,19,43,41,2,0.9535,945.83
Merchant_A,Stripe,wallet,MX,4,20,36,34,2,0.9444,878.05
Merchant_A,Stripe,wallet,MX,4,21,19,17,2,0.8947,777.72
Merchant_A,Stripe,wallet,MX,4,22,6,5,1,0.8333,664.13
Merchant_A,Stripe,wallet,MX,4,23,7,7,0,1.0,1040.74
Merchant_A,Stripe,wallet,MX,5,0,9,9,0,1.0,813.53
Merchant_A,Stripe,wallet,MX,5,1,2,2,0,1.0,542.84
Merchant_A,Stripe,wallet,MX,5,2,3,2,1,0.6667,818.26
Merchant_A,Stripe,wallet,MX,5,3,4,4,0,1.0,1127.47
Merchant_A,Stripe,wallet,MX,5,4,3,3,0,1.0,1029.04
Merchant_A,Stripe,wallet,MX,5,5,12,11,1,0.9167,1081.34
Merchant_A,Stripe,wallet,MX,5,6,8,8,0,1.0,942.96
Merchant_A,Stripe,wallet,MX,5,7,27,27,0,1.0,964.36
Merchant_A,Stripe,wallet,MX,5,8,27,26,1,0.963,1016.45
Merchant_A,Stripe,wallet,MX,5,9,56,53,3,0.9464,915.78
Merchant_A,Stripe,wallet,MX,5,10,125,114,11,0.912,949.61
Merchant_A,Stripe,wallet,MX,5,11,63,58,5,0.9206,802.28
Merchant_A,Stripe,wallet,MX,5,12,63,60,3,0.9524,1009.38
Merchant_A,Stripe,wallet,MX,5,13,71,65,6,0.9155,887.14
Merchant_A,Stripe,wallet,MX,5,14,56,53,3,0.9464,822.08
Merchant_A,Stripe,wallet,MX,5,15,56,48,8,0.8571,909.96
Merchant_A,Stripe,wallet,MX,5,16,55,52,3,0.9455,928.33
Merchant_A,Stripe,wallet,MX,5,17,54,47,7,0.8704,914.9
Merchant_A,Stripe,wallet,MX,5,18,44,41,3,0.9318,885.24
Merchant_A,Stripe,wallet,MX,5,19,31,30,1,0.9677,836.6
Merchant_A,Stripe,wallet,MX,5,20,30,28,2,0.9333,893.43
Merchant_A,Stripe,wallet,MX,5,21,16,14,2,0.875,730.46
Merchant_A,Stripe,wallet,MX,5,22,7,6,1,0.8571,911.28
Merchant_A,Stripe,wallet,MX,5,23,10,9,1,0.9,796.88
Merchant_A,Stripe,wallet,MX,6,0,4,3,1,0.75,844.39
Merchant_A,Stripe,wallet,MX,6,1,4,4,0,1.0,856.28
Merchant_A,Stripe,wallet,MX,6,2,6,6,0,1.0,677.4
Merchant_A,Stripe,wallet,MX,6,3,1,1,0,1.0,1076.66
Merchant_A,Stripe,wallet,MX,6,4,2,1,1,0.5,954.76
Merchant_A,Stripe,wallet,MX,6,5,4,4,0,1.0,862.57
Merchant_A,Stripe,wallet,MX,6,6,14,13,1,0.9286,1081.18
Merchant_A,Stripe,wallet,MX,6,7,23,22,1,0.9565,862.4
Merchant_A,Stripe,wallet,MX,6,8,38,35,3,0.9211,925.32
Merchant_A,Stripe,wallet,MX,6,9,51,50,1,0.9804,957.47
Merchant_A,Stripe,wallet,MX,6,10,59,51,8,0.8644,916.69
Merchant_A,Stripe,wallet,MX,6,11,52,47,5,0.9038,948.34
Merchant_A,Stripe,wallet,MX,6,12,46,42,4,0.913,858.49
Merchant_A,Stripe,wallet,MX,6,13,70,63,7,0.9,868.31
Merchant_A,Stripe,wallet,MX,6,14,41,40,1,0.9756,807.59
Merchant_A,Stripe,wallet,MX,6,15,61,57,4,0.9344,912.9
Merchant_A,Stripe,wallet,MX,6,16,57,52,5,0.9123,916.11
Merchant_A,Stripe,wallet,MX,6,17,56,52,4,0.9286,944.73
Merchant_A,Stripe,wallet,MX,6,18,49,45,4,0.9184,897.85
Merchant_A,Stripe,wallet,MX,6,19,51,46,5,0.902,884.11
Merchant_A,Stripe,wallet,MX,6,20,23,22,1,0.9565,855.98
Merchant_A,Stripe,wallet,MX,6,21,17,16,1,0.9412,1007.73
Merchant_A,Stripe,wallet,MX,6,22,8,7,1,0.875,1334.7
Merchant_A,Stripe,wallet,MX,6,23,9,8,1,0.8889,747.28
Merchant_A,dLocal,PIX,BR,0,0,5,5,0,1.0,256.76
Merchant_A,dLocal,PIX,BR,0,1,6,6,0,1.0,284.89
Merchant_A,dLocal,PIX,BR,0,2,3,3,0,1.0,211.23
Merchant_A,dLocal,PIX,BR,0,4,2,2,0,1.0,114.46
Merchant_A,dLocal,PIX,BR,0,5,8,7,1,0.875,256.62
Merchant_A,dLocal,PIX,BR,0,6,11,11,0,1.0,221.98
Merchant_A,dLocal,PIX,BR,0,7,33,30,3,0.9091,301.38
Merchant_A,dLocal,PIX,BR,0,8,36,34,2,0.9444,293.94
Merchant_A,dLocal,PIX,BR,0,9,55,52,3,0.9455,328.4
Merchant_A,dLocal,PIX,BR,0,10,48,47,1,0.9792,268.63
Merchant_A,dLocal,PIX,BR,0,11,70,66,4,0.9429,283.53
Merchant_A,dLocal,PIX,BR,0,12,64,62,2,0.9688,271.79
Merchant_A,dLocal,PIX,BR,0,13,54,50,4,0.9259,267.81
Merchant_A,dLocal,PIX,BR,0,14,59,56,3,0.9492,288.26
Merchant_A,dLocal,PIX,BR,0,15,51,48,3,0.9412,248.7
Merchant_A,dLocal,PIX,BR,0,16,55,51,4,0.9273,289.13
Merchant_A,dLocal,PIX,BR,0,17,58,55,3,0.9483,260.51
Merchant_A,dLocal,PIX,BR,0,18,55,54,1,0.9818,261.61
Merchant_A,dLocal,PIX,BR,0,19,47,45,2,0.9574,283.05
Merchant_A,dLocal,PIX,BR,0,20,24,23,1,0.9583,274.9
Merchant_A,dLocal,PIX,BR,0,21,17,15,2,0.8824,244.74
Merchant_A,dLocal,PIX,BR,0,22,9,6,3,0.6667,184.01
Merchant_A,dLocal,PIX,BR,0,23,3,3,0,1.0,283.65
Merchant_A,dLocal,PIX,BR,1,0,5,5,0,1.0,309.96
Merchant_A,dLocal,PIX,BR,1,1,3,3,0,1.0,233.99
Merchant_A,dLocal,PIX,BR,1,2,3,3,0,1.0,400.91
Merchant_A,dLocal,PIX,BR,1,3,3,3,0,1.0,249.12
Merchant_A,dLocal,PIX,BR,1,4,1,0,1,0.0,458.16
Merchant_A,dLocal,PIX,BR,1,5,6,6,0,1.0,380.26
Merchant_A,dLocal,PIX,BR,1,6,14,13,1,0.9286,264.34
Merchant_A,dLocal,PIX,BR,1,7,17,16,1,0.9412,251.91
Merchant_A,dLocal,PIX,BR,1,8,40,37,3,0.925,287.98
Merchant_A,dLocal,PIX,BR,1,9,44,40,4,0.9091,293.76
Merchant_A,dLocal,PIX,BR,1,10,76,74,2,0.9737,281.49
Merchant_A,dLocal,PIX,BR,1,11,76,70,6,0.9211,309.12
Merchant_A,dLocal,PIX,BR,1,12,72,69,3,0.9583,285.71
Merchant_A,dLocal,PIX,BR,1,13,60,58,2,0.9667,305.21
Merchant_A,dLocal,PIX,BR,1,14,70,67,3,0.9571,257.22
Merchant_A,dLocal,PIX,BR,1,15,65,63,2,0.9692,308.22
Merchant_A,dLocal,PIX,BR,1,16,57,57,0,1.0,285.81
Merchant_A,dLocal,PIX,BR,1,17,71,68,3,0.9577,276.33
Merchant_A,dLocal,PIX,BR,1,18,51,48,3,0.9412,293.27
Merchant_A,dLocal,PIX,BR,1,19,39,39,0,1.0,313.17
Merchant_A,dLocal,PIX,BR,1,20,28,26,2,0.9286,290.84
Merchant_A,dLocal,PIX,BR,1,21,16,15,1,0.9375,354.08
Merchant_A,dLocal,PIX,BR,1,22,10,10,0,1.0,222.52
Merchant_A,dLocal,PIX,BR,1,23,5,5,0,1.0,379.36
Merchant_A,dLocal,PIX,BR,2,0,13,13,0,1.0,202.06
Merchant_A,dLocal,PIX,BR,2,1,3,3,0,1.0,283.65
Merchant_A,dLocal,PIX,BR,2,2,2,2,0,1.0,263.4
Merchant_A,dLocal,PIX,BR,2,3,2,2,0,1.0,156.49
Merchant_A,dLocal,PIX,BR,2,4,6,6,0,1.0,336.58
Merchant_A,dLocal,PIX,BR,2,5,2,2,0,1.0,477.11
Merchant_A,dLocal,PIX,BR,2,6,18,18,0,1.0,294.66
Merchant_A,dLocal,PIX,BR,2,7,24,23,1,0.9583,271.98
Merchant_A,dLocal,PIX,BR,2,8,46,45,1,0.9783,280.47
Merchant_A,dLocal,PIX,BR,2,9,61,60,1,0.9836,276.92
Merchant_A,dLocal,PIX,BR,2,10,53,50,3,0.9434,272.36
Merchant_A,dLocal,PIX,BR,2,11,80,73,7,0.9125,275.35
Merchant_A,dLocal,PIX,BR,2,12,82,75,7,0.9146,280.68
Merchant_A,dLocal,PIX,BR,2,13,83,79,4,0.9518,285.23
Merchant_A,dLocal,PIX,BR,2,14,62,59,3,0.9516,262.71
Merchant_A,dLocal,PIX,BR,2,15,56,51,5,0.9107,261.03
Merchant_A,dLocal,PIX,BR,2,16,46,45,1,0.9783,273.43
Merchant_A,dLocal,PIX,BR,2,17,57,53,4,0.9298,272.19
Merchant_A,dLocal,PIX,BR,2,18,53,52,1,0.9811,307.76
Merchant_A,dLocal,PIX,BR,2,19,52,48,4,0.9231,312.15
Merchant_A,dLocal,PIX,BR,2,20,30,26,4,0.8667,273.9
Merchant_A,dLocal,PIX,BR,2,21,15,14,1,0.9333,334.45
Merchant_A,dLocal,PIX,BR,2,22,14,13,1,0.9286,254.38
Merchant_A,dLocal,PIX,BR,2,23,10,8,2,0.8,294.54
Merchant_A,dLocal,PIX,BR,3,0,7,7,0,1.0,339.04
Merchant_A,dLocal,PIX,BR,3,1,1,1,0,1.0,303.8
Merchant_A,dLocal,PIX,BR,3,2,4,4,0,1.0,310.15
Merchant_A,dLocal,PIX,BR,3,3,2,2,0,1.0,289.37
Merchant_A,dLocal,PIX,BR,3,4,5,5,0,1.0,324.12
Merchant_A,dLocal,PIX,BR,3,5,6,5,1,0.8333,278.45
Merchant_A,dLocal,PIX,BR,3,6,21,18,3,0.8571,261.56
Merchant_A,dLocal,PIX,BR,3,7,45,43,2,0.9556,264.82
Merchant_A,dLocal,PIX,BR,3,8,40,38,2,0.95,278.15
Merchant_A,dLocal,PIX,BR,3,9,43,41,2,0.9535,288.78
Merchant_A,dLocal,PIX,BR,3,10,59,57,2,0.9661,307.34
Merchant_A,dLocal,PIX,BR,3,11,55,52,3,0.9455,323.14
Merchant_A,dLocal,PIX,BR,3,12,79,75,4,0.9494,262.87
Merchant_A,dLocal,PIX,BR,3,13,64,60,4,0.9375,232.06
Merchant_A,dLocal,PIX,BR,3,14,51,47,4,0.9216,289.94
Merchant_A,dLocal,PIX,BR,3,15,64,61,3,0.9531,288.61
Merchant_A,dLocal,PIX,BR,3,16,62,59,3,0.9516,262.2
Merchant_A,dLocal,PIX,BR,3,17,47,46,1,0.9787,284.89
Merchant_A,dLocal,PIX,BR,3,18,47,44,3,0.9362,247.44
Merchant_A,dLocal,PIX,BR,3,19,35,34,1,0.9714,270.12
Merchant_A,dLocal,PIX,BR,3,20,37,37,0,1.0,287.0
Merchant_A,dLocal,PIX,BR,3,21,21,21,0,1.0,275.75
Merchant_A,dLocal,PIX,BR,3,22,15,14,1,0.9333,273.32
Merchant_A,dLocal,PIX,BR,3,23,6,6,0,1.0,284.65
Merchant_A,dLocal,PIX,BR,4,0,14,14,0,1.0,326.24
Merchant_A,dLocal,PIX,BR,4,1,4,4,0,1.0,222.88
Merchant_A,dLocal,PIX,BR,4,2,2,2,0,1.0,294.78
Merchant_A,dLocal,PIX,BR,4,3,4,3,1,0.75,282.56
Merchant_A,dLocal,PIX,BR,4,4,1,1,0,1.0,413.3
Merchant_A,dLocal,PIX,BR,4,5,3,3,0,1.0,344.55
Merchant_A,dLocal,PIX,BR,4,6,4,4,0,1.0,430.34
Merchant_A,dLocal,PIX,BR,4,7,28,27,1,0.9643,273.68
Merchant_A,dLocal,PIX,BR,4,8,39,36,3,0.9231,272.68
Merchant_A,dLocal,PIX,BR,4,9,52,51,1,0.9808,316.59
Merchant_A,dLocal,PIX,BR,4,10,72,67,5,0.9306,282.91
Merchant_A,dLocal,PIX,BR,4,11,69,65,4,0.942,284.73
Merchant_A,dLocal,PIX,BR,4,12,78,74,4,0.9487,285.28
Merchant_A,dLocal,PIX,BR,4,13,67,64,3,0.9552,279.52
Merchant_A,dLocal,PIX,BR,4,14,60,56,4,0.9333,256.13
Merchant_A,dLocal,PIX,BR,4,15,70,67,3,0.9571,244.97
Merchant_A,dLocal,PIX,BR,4,16,48,47,1,0.9792,283.87
Merchant_A,dLocal,PIX,BR,4,17,55,51,4,0.9273,310.45
Merchant_A,dLocal,PIX,BR,4,18,44,44,0,1.0,282.59
Merchant_A,dLocal,PIX,BR,4,19,47,46,1,0.9787,260.37
Merchant_A,dLocal,PIX,BR,4,20,22,22,0,1.0,340.37
Merchant_A,dLocal,PIX,BR,4,21,14,14,0,1.0,361.04
Merchant_A,dLocal,PIX,BR,4,22,16,15,1,0.9375,262.53
Merchant_A,dLocal,PIX,BR,4,23,7,7,0,1.0,420.38
Merchant_A,dLocal,PIX,BR,5,0,8,8,0,1.0,367.77
Merchant_A,dLocal,PIX,BR,5,1,2,2,0,1.0,106.11
Merchant_A,dLocal,PIX,BR,5,2,3,3,0,1.0,249.53
Merchant_A,dLocal,PIX,BR,5,3,3,3,0,1.0,246.79
Merchant_A,dLocal,PIX,BR,5,5,6,4,2,0.6667,373.42
Merchant_A,dLocal,PIX,BR,5,6,9,8,1,0.8889,267.09
Merchant_A,dLocal,PIX,BR,5,7,23,21,2,0.913,309.14
Merchant_A,dLocal,PIX,BR,5,8,44,43,1,0.9773,269.8
Merchant_A,dLocal,PIX,BR,5,9,61,59,2,0.9672,283.26
Merchant_A,dLocal,PIX,BR,5,10,134,127,7,0.9478,280.77
Merchant_A,dLocal,PIX,BR,5,11,70,65,5,0.9286,271.5
Merchant_A,dLocal,PIX,BR,5,12,74,71,3,0.9595,273.9
Merchant_A,dLocal,PIX,BR,5,13,66,63,3,0.9545,276.97
Merchant_A,dLocal,PIX,BR,5,14,52,49,3,0.9423,241.35
Merchant_A,dLocal,PIX,BR,5,15,58,57,1,0.9828,256.79
Merchant_A,dLocal,PIX,BR,5,16,57,55,2,0.9649,298.58
Merchant_A,dLocal,PIX,BR,5,17,58,52,6,0.8966,253.17
Merchant_A,dLocal,PIX,BR,5,18,48,46,2,0.9583,270.54
Merchant_A,dLocal,PIX,BR,5,19,23,22,1,0.9565,292.69
Merchant_A,dLocal,PIX,BR,5,20,15,15,0,1.0,309.62
Merchant_A,dLocal,PIX,BR,5,21,19,17,2,0.8947,301.89
Merchant_A,dLocal,PIX,BR,5,22,14,14,0,1.0,287.0
Merchant_A,dLocal,PIX,BR,5,23,7,7,0,1.0,179.63
Merchant_A,dLocal,PIX,BR,6,0,2,2,0,1.0,464.32
Merchant_A,dLocal,PIX,BR,6,1,3,3,0,1.0,409.74
Merchant_A,dLocal,PIX,BR,6,2,1,1,0,1.0,276.19
Merchant_A,dLocal,PIX,BR,6,3,1,1,0,1.0,453.8
Merchant_A,dLocal,PIX,BR,6,4,1,0,1,0.0,422.13
Merchant_A,dLocal,PIX,BR,6,5,6,6,0,1.0,221.84
Merchant_A,dLocal,PIX,BR,6,6,9,7,2,0.7778,196.8
Merchant_A,dLocal,PIX,BR,6,7,33,31,2,0.9394,286.38
Merchant_A,dLocal,PIX,BR,6,8,33,31,2,0.9394,296.87
Merchant_A,dLocal,PIX,BR,6,9,53,49,4,0.9245,256.64
Merchant_A,dLocal,PIX,BR,6,10,68,66,2,0.9706,300.48
Merchant_A,dLocal,PIX,BR,6,11,69,66,3,0.9565,307.27
Merchant_A,dLocal,PIX,BR,6,12,74,68,6,0.9189,283.47
Merchant_A,dLocal,PIX,BR,6,13,63,60,3,0.9524,291.07
Merchant_A,dLocal,PIX,BR,6,14,60,54,6,0.9,268.67
Merchant_A,dLocal,PIX,BR,6,15,52,48,4,0.9231,298.56
Merchant_A,dLocal,PIX,BR,6,16,46,45,1,0.9783,274.88
Merchant_A,dLocal,PIX,BR,6,17,51,49,2,0.9608,271.66
Merchant_A,dLocal,PIX,BR,6,18,27,25,2,0.9259,297.3
Merchant_A,dLocal,PIX,BR,6,19,41,39,2,0.9512,268.58
Merchant_A,dLocal,PIX,BR,6,20,20,19,1,0.95,284.39
Merchant_A,dLocal,PIX,BR,6,21,10,9,1,0.9,309.66
Merchant_A,dLocal,PIX,BR,6,22,12,11,1,0.9167,331.06
Merchant_A,dLocal,PIX,BR,6,23,8,8,0,1.0,209.46
Merchant_A,dLocal,PSE,CO,0,0,8,7,1,0.875,135153.74
Merchant_A,dLocal,PSE,CO,0,1,3,3,0,1.0,94845.15
Merchant_A,dLocal,PSE,CO,0,2,5,5,0,1.0,121348.54
Merchant_A,dLocal,PSE,CO,0,3,2,1,1,0.5,160657.02
Merchant_A,dLocal,PSE,CO,0,4,2,2,0,1.0,67332.05
Merchant_A,dLocal,PSE,CO,0,5,10,7,3,0.7,115777.39
Merchant_A,dLocal,PSE,CO,0,6,11,9,2,0.8182,114397.39
Merchant_A,dLocal,PSE,CO,0,7,22,18,4,0.8182,101166.71
Merchant_A,dLocal,PSE,CO,0,8,34,26,8,0.7647,125569.42
Merchant_A,dLocal,PSE,CO,0,9,37,31,6,0.8378,115340.62
Merchant_A,dLocal,PSE,CO,0,10,55,48,7,0.8727,131515.98
Merchant_A,dLocal,PSE,CO,0,11,59,52,7,0.8814,118078.47
Merchant_A,dLocal,PSE,CO,0,12,76,70,6,0.9211,136168.18
Merchant_A,dLocal,PSE,CO,0,13,55,46,9,0.8364,137692.03
Merchant_A,dLocal,PSE,CO,0,14,61,53,8,0.8689,127812.59
Merchant_A,dLocal,PSE,CO,0,15,66,61,5,0.9242,117876.08
Merchant_A,dLocal,PSE,CO,0,16,60,55,5,0.9167,104952.44
Merchant_A,dLocal,PSE,CO,0,17,49,43,6,0.8776,122036.49
Merchant_A,dLocal,PSE,CO,0,18,35,29,6,0.8286,117271.47
Merchant_A,dLocal,PSE,CO,0,19,24,20,4,0.8333,123722.62
Merchant_A,dLocal,PSE,CO,0,20,21,20,1,0.9524,107554.65
Merchant_A,dLocal,PSE,CO,0,21,18,15,3,0.8333,126155.4
Merchant_A,dLocal,PSE,CO,0,22,18,17,1,0.9444,128169.33
Merchant_A,dLocal,PSE,CO,0,23,3,2,1,0.6667,142458.09
Merchant_A,dLocal,PSE,CO,1,0,5,5,0,1.0,118933.15
Merchant_A,dLocal,PSE,CO,1,1,6,6,0,1.0,108812.53
Merchant_A,dLocal,PSE,CO,1,2,3,3,0,1.0,72118.78
Merchant_A,dLocal,PSE,CO,1,3,3,2,1,0.6667,93088.32
Merchant_A,dLocal,PSE,CO,1,4,3,3,0,1.0,140124.43
Merchant_A,dLocal,PSE,CO,1,5,5,4,1,0.8,136411.23
Merchant_A,dLocal,PSE,CO,1,6,16,14,2,0.875,155094.0
Merchant_A,dLocal,PSE,CO,1,7,28,26,2,0.9286,123230.59
Merchant_A,dLocal,PSE,CO,1,8,47,40,7,0.8511,127598.47
Merchant_A,dLocal,PSE,CO,1,9,51,45,6,0.8824,123127.76
Merchant_A,dLocal,PSE,CO,1,10,87,73,14,0.8391,121932.81
Merchant_A,dLocal,PSE,CO,1,11,61,52,9,0.8525,128347.56
Merchant_A,dLocal,PSE,CO,1,12,81,73,8,0.9012,116024.5
Merchant_A,dLocal,PSE,CO,1,13,46,42,4,0.913,117975.21
Merchant_A,dLocal,PSE,CO,1,14,65,53,12,0.8154,116230.04
Merchant_A,dLocal,PSE,CO,1,15,67,62,5,0.9254,132545.66
Merchant_A,dLocal,PSE,CO,1,16,43,39,4,0.907,126323.26
Merchant_A,dLocal,PSE,CO,1,17,45,41,4,0.9111,131483.18
Merchant_A,dLocal,PSE,CO,1,18,43,36,7,0.8372,152468.03
Merchant_A,dLocal,PSE,CO,1,19,36,27,9,0.75,123916.88
Merchant_A,dLocal,PSE,CO,1,20,23,18,5,0.7826,135781.13
Merchant_A,dLocal,PSE,CO,1,21,11,11,0,1.0,142435.35
Merchant_A,dLocal,PSE,CO,1,22,9,7,2,0.7778,46764.4
Merchant_A,dLocal,PSE,CO,1,23,9,7,2,0.7778,116903.55
Merchant_A,dLocal,PSE,CO,2,0,10,6,4,0.6,111477.2
Merchant_A,dLocal,PSE,CO,2,1,4,3,1,0.75,107744.66
Merchant_A,dLocal,PSE,CO,2,2,4,4,0,1.0,91389.12
Merchant_A,dLocal,PSE,CO,2,3,5,4,1,0.8,132246.62
Merchant_A,dLocal,PSE,CO,2,5,7,5,2,0.7143,146147.39
Merchant_A,dLocal,PSE,CO,2,6,19,18,1,0.9474,127613.36
Merchant_A,dLocal,PSE,CO,2,7,33,28,5,0.8485,118075.35
Merchant_A,dLocal,PSE,CO,2,8,35,32,3,0.9143,121961.52
Merchant_A,dLocal,PSE,CO,2,9,44,36,8,0.8182,109542.04
Merchant_A,dLocal,PSE,CO,2,10,79,69,10,0.8734,125813.75
Merchant_A,dLocal,PSE,CO,2,11,67,58,9,0.8657,121520.98
Merchant_A,dLocal,PSE,CO,2,12,70,65,5,0.9286,120721.61
Merchant_A,dLocal,PSE,CO,2,13,79,73,6,0.9241,127516.68
Merchant_A,dLocal,PSE,CO,2,14,65,60,5,0.9231,119410.36
Merchant_A,dLocal,PSE,CO,2,15,84,77,7,0.9167,121688.38
Merchant_A,dLocal,PSE,CO,2,16,57,50,7,0.8772,103899.1
Merchant_A,dLocal,PSE,CO,2,17,49,36,13,0.7347,111963.1
Merchant_A,dLocal,PSE,CO,2,18,42,37,5,0.881,121084.64
Merchant_A,dLocal,PSE,CO,2,19,47,44,3,0.9362,128050.7
Merchant_A,dLocal,PSE,CO,2,20,27,26,1,0.963,115975.0
Merchant_A,dLocal,PSE,CO,2,21,16,15,1,0.9375,105804.02
Merchant_A,dLocal,PSE,CO,2,22,10,9,1,0.9,121815.64
Merchant_A,dLocal,PSE,CO,2,23,8,6,2,0.75,105796.39
Merchant_A,dLocal,PSE,CO,3,0,8,8,0,1.0,114522.6
Merchant_A,dLocal,PSE,CO,3,1,3,2,1,0.6667,175443.33
Merchant_A,dLocal,PSE,CO,3,2,1,1,0,1.0,75149.95
Merchant_A,dLocal,PSE,CO,3,3,1,1,0,1.0,43871.59
Merchant_A,dLocal,PSE,CO,3,5,2,2,0,1.0,200210.88
Merchant_A,dLocal,PSE,CO,3,6,16,12,4,0.75,126875.87
Merchant_A,dLocal,PSE,CO,3,7,32,26,6,0.8125,143316.2
Merchant_A,dLocal,PSE,CO,3,8,43,37,6,0.8605,120347.03
Merchant_A,dLocal,PSE,CO,3,9,61,55,6,0.9016,129121.7
Merchant_A,dLocal,PSE,CO,3,10,56,49,7,0.875,125741.58
Merchant_A,dLocal,PSE,CO,3,11,86,73,13,0.8488,125063.35
Merchant_A,dLocal,PSE,CO,3,12,81,68,13,0.8395,133066.7
Merchant_A,dLocal,PSE,CO,3,13,53,45,8,0.8491,112939.63
Merchant_A,dLocal,PSE,CO,3,14,73,58,15,0.7945,119296.63
Merchant_A,dLocal,PSE,CO,3,15,74,64,10,0.8649,125122.77
Merchant_A,dLocal,PSE,CO,3,16,64,59,5,0.9219,119433.07
Merchant_A,dLocal,PSE,CO,3,17,65,56,9,0.8615,122665.94
Merchant_A,dLocal,PSE,CO,3,18,62,50,12,0.8065,124245.07
Merchant_A,dLocal,PSE,CO,3,19,38,32,6,0.8421,122944.56
Merchant_A,dLocal,PSE,CO,3,20,27,23,4,0.8519,118031.97
Merchant_A,dLocal,PSE,CO,3,21,14,11,3,0.7857,128632.98
Merchant_A,dLocal,PSE,CO,3,22,13,12,1,0.9231,109836.81
Merchant_A,dLocal,PSE,CO,3,23,8,6,2,0.75,92817.37
Merchant_A,dLocal,PSE,CO,4,0,6,5,1,0.8333,140350.41
Merchant_A,dLocal,PSE,CO,4,1,5,4,1,0.8,67317.94
Merchant_A,dLocal,PSE,CO,4,2,5,4,1,0.8,105579.87
Merchant_A,dLocal,PSE,CO,4,3,1,1,0,1.0,12000.0
Merchant_A,dLocal,PSE,CO,4,4,2,1,1,0.5,134638.59
Merchant_A,dLocal,PSE,CO,4,5,5,4,1,0.8,95483.36
Merchant_A,dLocal,PSE,CO,4,6,16,14,2,0.875,115531.14
Merchant_A,dLocal,PSE,CO,4,7,28,23,5,0.8214,138723.61
Merchant_A,dLocal,PSE,CO,4,8,41,36,5,0.878,133686.81
Merchant_A,dLocal,PSE,CO,4,9,59,52,7,0.8814,116353.45
Merchant_A,dLocal,PSE,CO,4,10,66,61,5,0.9242,125700.48
Merchant_A,dLocal,PSE,CO,4,11,65,55,10,0.8462,122741.57
Merchant_A,dLocal,PSE,CO,4,12,68,61,7,0.8971,124754.81
Merchant_A,dLocal,PSE,CO,4,13,64,56,8,0.875,120269.16
Merchant_A,dLocal,PSE,CO,4,14,73,65,8,0.8904,120551.27
Merchant_A,dLocal,PSE,CO,4,15,64,54,10,0.8438,137012.37
Merchant_A,dLocal,PSE,CO,4,16,61,50,11,0.8197,129275.46
Merchant_A,dLocal,PSE,CO,4,17,52,43,9,0.8269,124997.6
Merchant_A,dLocal,PSE,CO,4,18,61,54,7,0.8852,136223.46
Merchant_A,dLocal,PSE,CO,4,19,45,39,6,0.8667,126767.06
Merchant_A,dLocal,PSE,CO,4,20,22,20,2,0.9091,107011.78
Merchant_A,dLocal,PSE,CO,4,21,18,17,1,0.9444,158912.86
Merchant_A,dLocal,PSE,CO,4,22,11,10,1,0.9091,143405.8
Merchant_A,dLocal,PSE,CO,4,23,7,6,1,0.8571,138375.22
Merchant_A,dLocal,PSE,CO,5,0,8,7,1,0.875,114191.25
Merchant_A,dLocal,PSE,CO,5,2,1,1,0,1.0,83493.93
Merchant_A,dLocal,PSE,CO,5,3,1,1,0,1.0,87010.3
Merchant_A,dLocal,PSE,CO,5,4,4,4,0,1.0,115819.32
Merchant_A,dLocal,PSE,CO,5,5,5,5,0,1.0,81125.87
Merchant_A,dLocal,PSE,CO,5,6,18,16,2,0.8889,109791.16
Merchant_A,dLocal,PSE,CO,5,7,30,27,3,0.9,134249.99
Merchant_A,dLocal,PSE,CO,5,8,29,25,4,0.8621,124769.65
Merchant_A,dLocal,PSE,CO,5,9,55,50,5,0.9091,120395.06
Merchant_A,dLocal,PSE,CO,5,10,126,109,17,0.8651,118524.37
Merchant_A,dLocal,PSE,CO,5,11,66,54,12,0.8182,122051.0
Merchant_A,dLocal,PSE,CO,5,12,66,62,4,0.9394,126958.44
Merchant_A,dLocal,PSE,CO,5,13,68,60,8,0.8824,113408.74
Merchant_A,dLocal,PSE,CO,5,14,43,40,3,0.9302,119238.76
Merchant_A,dLocal,PSE,CO,5,15,54,48,6,0.8889,125783.69
Merchant_A,dLocal,PSE,CO,5,16,56,51,5,0.9107,120398.44
Merchant_A,dLocal,PSE,CO,5,17,56,53,3,0.9464,122706.48
Merchant_A,dLocal,PSE,CO,5,18,41,34,7,0.8293,116166.12
Merchant_A,dLocal,PSE,CO,5,19,49,43,6,0.8776,121953.02
Merchant_A,dLocal,PSE,CO,5,20,19,15,4,0.7895,124352.17
Merchant_A,dLocal,PSE,CO,5,21,21,19,2,0.9048,121298.47
Merchant_A,dLocal,PSE,CO,5,22,7,5,2,0.7143,143851.76
Merchant_A,dLocal,PSE,CO,5,23,5,5,0,1.0,153707.9
Merchant_A,dLocal,PSE,CO,6,0,6,5,1,0.8333,111606.04
Merchant_A,dLocal,PSE,CO,6,1,3,1,2,0.3333,105900.3
Merchant_A,dLocal,PSE,CO,6,2,1,1,0,1.0,149204.25
Merchant_A,dLocal,PSE,CO,6,3,2,1,1,0.5,111461.32
Merchant_A,dLocal,PSE,CO,6,4,1,0,1,0.0,158698.65
Merchant_A,dLocal,PSE,CO,6,5,6,6,0,1.0,100060.39
Merchant_A,dLocal,PSE,CO,6,6,9,9,0,1.0,126196.55
Merchant_A,dLocal,PSE,CO,6,7,19,18,1,0.9474,100474.31
Merchant_A,dLocal,PSE,CO,6,8,42,37,5,0.881,98144.42
Merchant_A,dLocal,PSE,CO,6,9,53,42,11,0.7925,115709.61
Merchant_A,dLocal,PSE,CO,6,10,45,41,4,0.9111,105777.36
Merchant_A,dLocal,PSE,CO,6,11,67,57,10,0.8507,118664.27
Merchant_A,dLocal,PSE,CO,6,12,70,58,12,0.8286,121905.63
Merchant_A,dLocal,PSE,CO,6,13,66,56,10,0.8485,112458.91
Merchant_A,dLocal,PSE,CO,6,14,47,40,7,0.8511,122532.23
Merchant_A,dLocal,PSE,CO,6,15,62,52,10,0.8387,122077.79
Merchant_A,dLocal,PSE,CO,6,16,57,47,10,0.8246,115870.04
Merchant_A,dLocal,PSE,CO,6,17,49,46,3,0.9388,123997.79
Merchant_A,dLocal,PSE,CO,6,18,53,47,6,0.8868,138782.5
Merchant_A,dLocal,PSE,CO,6,19,42,40,2,0.9524,123785.39
Merchant_A,dLocal,PSE,CO,6,20,34,30,4,0.8824,115237.46
Merchant_A,dLocal,PSE,CO,6,21,19,19,0,1.0,116879.33
Merchant_A,dLocal,PSE,CO,6,22,9,6,3,0.6667,122623.18
Merchant_A,dLocal,PSE,CO,6,23,5,4,1,0.8,138595.75
Merchant_A,dLocal,card,BR,0,0,9,8,1,0.8889,285.88
Merchant_A,dLocal,card,BR,0,2,4,4,0,1.0,225.83
Merchant_A,dLocal,card,BR,0,3,1,1,0,1.0,353.36
Merchant_A,dLocal,card,BR,0,4,2,2,0,1.0,172.74
Merchant_A,dLocal,card,BR,0,5,3,3,0,1.0,448.01
Merchant_A,dLocal,card,BR,0,6,9,8,1,0.8889,351.07
Merchant_A,dLocal,card,BR,0,7,22,16,6,0.7273,324.09
Merchant_A,dLocal,card,BR,0,8,36,30,6,0.8333,305.68
Merchant_A,dLocal,card,BR,0,9,65,59,6,0.9077,271.41
Merchant_A,dLocal,card,BR,0,10,51,45,6,0.8824,297.12
Merchant_A,dLocal,card,BR,0,11,69,56,13,0.8116,295.59
Merchant_A,dLocal,card,BR,0,12,71,65,6,0.9155,302.21
Merchant_A,dLocal,card,BR,0,13,60,51,9,0.85,301.65
Merchant_A,dLocal,card,BR,0,14,44,37,7,0.8409,282.82
Merchant_A,dLocal,card,BR,0,15,64,57,7,0.8906,277.07
Merchant_A,dLocal,card,BR,0,16,42,41,1,0.9762,238.95
Merchant_A,dLocal,card,BR,0,17,54,49,5,0.9074,288.46
Merchant_A,dLocal,card,BR,0,18,40,36,4,0.9,266.4
Merchant_A,dLocal,card,BR,0,19,42,35,7,0.8333,274.33
Merchant_A,dLocal,card,BR,0,20,30,27,3,0.9,271.93
Merchant_A,dLocal,card,BR,0,21,16,13,3,0.8125,310.43
Merchant_A,dLocal,card,BR,0,22,13,12,1,0.9231,194.13
Merchant_A,dLocal,card,BR,0,23,6,4,2,0.6667,354.6
Merchant_A,dLocal,card,BR,1,0,4,3,1,0.75,420.24
Merchant_A,dLocal,card,BR,1,1,4,3,1,0.75,330.67
Merchant_A,dLocal,card,BR,1,2,1,1,0,1.0,481.66
Merchant_A,dLocal,card,BR,1,3,2,2,0,1.0,233.67
Merchant_A,dLocal,card,BR,1,4,5,5,0,1.0,230.59
Merchant_A,dLocal,card,BR,1,5,5,3,2,0.6,189.29
Merchant_A,dLocal,card,BR,1,6,8,6,2,0.75,211.47
Merchant_A,dLocal,card,BR,1,7,25,23,2,0.92,351.25
Merchant_A,dLocal,card,BR,1,8,38,33,5,0.8684,251.42
Merchant_A,dLocal,card,BR,1,9,56,45,11,0.8036,305.49
Merchant_A,dLocal,card,BR,1,10,81,75,6,0.9259,252.15
Merchant_A,dLocal,card,BR,1,11,61,58,3,0.9508,300.42
Merchant_A,dLocal,card,BR,1,12,77,71,6,0.9221,293.37
Merchant_A,dLocal,card,BR,1,13,82,74,8,0.9024,277.15
Merchant_A,dLocal,card,BR,1,14,74,63,11,0.8514,279.2
Merchant_A,dLocal,card,BR,1,15,52,49,3,0.9423,282.52
Merchant_A,dLocal,card,BR,1,16,61,52,9,0.8525,290.44
Merchant_A,dLocal,card,BR,1,17,52,45,7,0.8654,291.15
Merchant_A,dLocal,card,BR,1,18,44,41,3,0.9318,303.9
Merchant_A,dLocal,card,BR,1,19,38,33,5,0.8684,236.95
Merchant_A,dLocal,card,BR,1,20,26,25,1,0.9615,256.61
Merchant_A,dLocal,card,BR,1,21,20,17,3,0.85,366.25
Merchant_A,dLocal,card,BR,1,22,6,4,2,0.6667,375.64
Merchant_A,dLocal,card,BR,1,23,2,2,0,1.0,165.0
Merchant_A,dLocal,card,BR,2,0,5,5,0,1.0,355.67
Merchant_A,dLocal,card,BR,2,1,1,1,0,1.0,77.14
Merchant_A,dLocal,card,BR,2,3,4,4,0,1.0,373.36
Merchant_A,dLocal,card,BR,2,4,2,2,0,1.0,243.0
Merchant_A,dLocal,card,BR,2,5,5,5,0,1.0,253.29
Merchant_A,dLocal,card,BR,2,6,17,16,1,0.9412,259.75
Merchant_A,dLocal,card,BR,2,7,28,25,3,0.8929,282.16
Merchant_A,dLocal,card,BR,2,8,51,45,6,0.8824,302.74
Merchant_A,dLocal,card,BR,2,9,65,58,7,0.8923,293.85
Merchant_A,dLocal,card,BR,2,10,52,46,6,0.8846,294.69
Merchant_A,dLocal,card,BR,2,11,67,59,8,0.8806,309.91
Merchant_A,dLocal,card,BR,2,12,80,69,11,0.8625,291.57
Merchant_A,dLocal,card,BR,2,13,69,60,9,0.8696,277.96
Merchant_A,dLocal,card,BR,2,14,63,55,8,0.873,254.29
Merchant_A,dLocal,card,BR,2,15,63,51,12,0.8095,290.14
Merchant_A,dLocal,card,BR,2,16,52,49,3,0.9423,326.76
Merchant_A,dLocal,card,BR,2,17,61,53,8,0.8689,257.95
Merchant_A,dLocal,card,BR,2,18,45,42,3,0.9333,274.23
Merchant_A,dLocal,card,BR,2,19,31,30,1,0.9677,249.94
Merchant_A,dLocal,card,BR,2,20,21,20,1,0.9524,299.81
Merchant_A,dLocal,card,BR,2,21,15,15,0,1.0,315.07
Merchant_A,dLocal,card,BR,2,22,10,7,3,0.7,258.68
Merchant_A,dLocal,card,BR,2,23,3,3,0,1.0,246.44
Merchant_A,dLocal,card,BR,3,0,10,8,2,0.8,209.87
Merchant_A,dLocal,card,BR,3,1,5,5,0,1.0,423.37
Merchant_A,dLocal,card,BR,3,2,3,2,1,0.6667,213.26
Merchant_A,dLocal,card,BR,3,3,2,2,0,1.0,491.73
Merchant_A,dLocal,card,BR,3,5,9,8,1,0.8889,249.06
Merchant_A,dLocal,card,BR,3,6,13,10,3,0.7692,270.88
Merchant_A,dLocal,card,BR,3,7,25,25,0,1.0,317.68
Merchant_A,dLocal,card,BR,3,8,41,32,9,0.7805,243.99
Merchant_A,dLocal,card,BR,3,9,38,34,4,0.8947,267.68
Merchant_A,dLocal,card,BR,3,10,62,49,13,0.7903,258.56
Merchant_A,dLocal,card,BR,3,11,67,58,9,0.8657,260.18
Merchant_A,dLocal,card,BR,3,12,89,80,9,0.8989,266.45
Merchant_A,dLocal,card,BR,3,13,53,49,4,0.9245,303.22
Merchant_A,dLocal,card,BR,3,14,54,47,7,0.8704,259.66
Merchant_A,dLocal,card,BR,3,15,58,53,5,0.9138,264.41
Merchant_A,dLocal,card,BR,3,16,63,60,3,0.9524,296.13
Merchant_A,dLocal,card,BR,3,17,47,42,5,0.8936,334.01
Merchant_A,dLocal,card,BR,3,18,48,44,4,0.9167,279.56
Merchant_A,dLocal,card,BR,3,19,41,36,5,0.878,302.17
Merchant_A,dLocal,card,BR,3,20,24,19,5,0.7917,359.79
Merchant_A,dLocal,card,BR,3,21,16,13,3,0.8125,341.23
Merchant_A,dLocal,card,BR,3,22,8,8,0,1.0,220.14
Merchant_A,dLocal,card,BR,3,23,6,5,1,0.8333,303.19
Merchant_A,dLocal,card,BR,4,0,7,7,0,1.0,189.18
Merchant_A,dLocal,card,BR,4,1,3,2,1,0.6667,298.11
Merchant_A,dLocal,card,BR,4,2,5,4,1,0.8,256.51
Merchant_A,dLocal,card,BR,4,3,3,3,0,1.0,255.84
Merchant_A,dLocal,card,BR,4,4,5,5,0,1.0,402.57
Merchant_A,dLocal,card,BR,4,5,1,1,0,1.0,433.88
Merchant_A,dLocal,card,BR,4,6,12,11,1,0.9167,205.62
Merchant_A,dLocal,card,BR,4,7,35,32,3,0.9143,242.89
Merchant_A,dLocal,card,BR,4,8,38,34,4,0.8947,277.52
Merchant_A,dLocal,card,BR,4,9,65,60,5,0.9231,310.36
Merchant_A,dLocal,card,BR,4,10,70,62,8,0.8857,261.74
Merchant_A,dLocal,card,BR,4,11,66,59,7,0.8939,289.65
Merchant_A,dLocal,card,BR,4,12,63,57,6,0.9048,272.69
Merchant_A,dLocal,card,BR,4,13,63,60,3,0.9524,260.49
Merchant_A,dLocal,card,BR,4,14,65,58,7,0.8923,291.02
Merchant_A,dLocal,card,BR,4,15,57,47,10,0.8246,297.01
Merchant_A,dLocal,card,BR,4,16,47,37,10,0.7872,279.17
Merchant_A,dLocal,card,BR,4,17,50,45,5,0.9,310.62
Merchant_A,dLocal,card,BR,4,18,61,58,3,0.9508,270.92
Merchant_A,dLocal,card,BR,4,19,53,46,7,0.8679,268.05
Merchant_A,dLocal,card,BR,4,20,26,23,3,0.8846,298.06
Merchant_A,dLocal,card,BR,4,21,16,13,3,0.8125,278.39
Merchant_A,dLocal,card,BR,4,22,11,9,2,0.8182,243.03
Merchant_A,dLocal,card,BR,4,23,9,9,0,1.0,322.71
Merchant_A,dLocal,card,BR,5,0,11,9,2,0.8182,323.27
Merchant_A,dLocal,card,BR,5,1,2,2,0,1.0,181.25
Merchant_A,dLocal,card,BR,5,2,2,2,0,1.0,196.92
Merchant_A,dLocal,card,BR,5,3,1,0,1,0.0,306.55
Merchant_A,dLocal,card,BR,5,4,1,1,0,1.0,431.14
Merchant_A,dLocal,card,BR,5,5,6,6,0,1.0,416.05
Merchant_A,dLocal,card,BR,5,6,12,11,1,0.9167,267.33
Merchant_A,dLocal,card,BR,5,7,27,26,1,0.963,311.66
Merchant_A,dLocal,card,BR,5,8,42,38,4,0.9048,244.17
Merchant_A,dLocal,card,BR,5,9,50,46,4,0.92,297.45
Merchant_A,dLocal,card,BR,5,10,133,116,17,0.8722,300.69
Merchant_A,dLocal,card,BR,5,11,63,56,7,0.8889,298.41
Merchant_A,dLocal,card,BR,5,12,63,53,10,0.8413,271.12
Merchant_A,dLocal,card,BR,5,13,70,64,6,0.9143,285.67
Merchant_A,dLocal,card,BR,5,14,65,57,8,0.8769,284.67
Merchant_A,dLocal,card,BR,5,15,56,49,7,0.875,259.21
Merchant_A,dLocal,card,BR,5,16,50,49,1,0.98,263.39
Merchant_A,dLocal,card,BR,5,17,45,37,8,0.8222,302.79
Merchant_A,dLocal,card,BR,5,18,56,51,5,0.9107,258.07
Merchant_A,dLocal,card,BR,5,19,30,25,5,0.8333,314.84
Merchant_A,dLocal,card,BR,5,20,29,25,4,0.8621,235.73
Merchant_A,dLocal,card,BR,5,21,13,8,5,0.6154,303.24
Merchant_A,dLocal,card,BR,5,22,10,9,1,0.9,270.63
Merchant_A,dLocal,card,BR,5,23,7,6,1,0.8571,249.61
Merchant_A,dLocal,card,BR,6,0,5,4,1,0.8,314.01
Merchant_A,dLocal,card,BR,6,1,5,3,2,0.6,173.59
Merchant_A,dLocal,card,BR,6,2,1,1,0,1.0,328.57
Merchant_A,dLocal,card,BR,6,3,1,1,0,1.0,28.0
Merchant_A,dLocal,card,BR,6,5,6,5,1,0.8333,433.6
Merchant_A,dLocal,card,BR,6,6,12,12,0,1.0,272.35
Merchant_A,dLocal,card,BR,6,7,26,23,3,0.8846,262.81
Merchant_A,dLocal,card,BR,6,8,34,27,7,0.7941,281.83
Merchant_A,dLocal,card,BR,6,9,55,51,4,0.9273,257.74
Merchant_A,dLocal,card,BR,6,10,59,54,5,0.9153,291.06
Merchant_A,dLocal,card,BR,6,11,62,55,7,0.8871,296.71
Merchant_A,dLocal,card,BR,6,12,61,52,9,0.8525,284.27
Merchant_A,dLocal,card,BR,6,13,66,57,9,0.8636,319.6
Merchant_A,dLocal,card,BR,6,14,60,51,9,0.85,293.53
Merchant_A,dLocal,card,BR,6,15,55,48,7,0.8727,271.63
Merchant_A,dLocal,card,BR,6,16,51,45,6,0.8824,289.93
Merchant_A,dLocal,card,BR,6,17,47,43,4,0.9149,309.74
Merchant_A,dLocal,card,BR,6,18,44,39,5,0.8864,251.19
Merchant_A,dLocal,card,BR,6,19,44,37,7,0.8409,281.13
Merchant_A,dLocal,card,BR,6,20,25,22,3,0.88,248.43
Merchant_A,dLocal,card,BR,6,21,23,20,3,0.8696,266.21
Merchant_A,dLocal,card,BR,6,22,10,10,0,1.0,307.5
Merchant_A,dLocal,card,BR,6,23,2,2,0,1.0,209.7
Merchant_A,dLocal,card,CO,0,0,6,6,0,1.0,129496.9
Merchant_A,dLocal,card,CO,0,1,3,2,1,0.6667,75834.51
Merchant_A,dLocal,card,CO,0,2,2,2,0,1.0,62689.96
Merchant_A,dLocal,card,CO,0,3,1,1,0,1.0,71505.11
Merchant_A,dLocal,card,CO,0,4,6,6,0,1.0,106467.57
Merchant_A,dLocal,card,CO,0,5,10,9,1,0.9,138498.63
Merchant_A,dLocal,card,CO,0,6,10,10,0,1.0,117465.74
Merchant_A,dLocal,card,CO,0,7,24,23,1,0.9583,112316.58
Merchant_A,dLocal,card,CO,0,8,38,36,2,0.9474,129389.4
Merchant_A,dLocal,card,CO,0,9,55,49,6,0.8909,129419.94
Merchant_A,dLocal,card,CO,0,10,53,49,4,0.9245,119484.66
Merchant_A,dLocal,card,CO,0,11,63,55,8,0.873,117976.22
Merchant_A,dLocal,card,CO,0,12,62,54,8,0.871,133406.15
Merchant_A,dLocal,card,CO,0,13,71,66,5,0.9296,106202.76
Merchant_A,dLocal,card,CO,0,14,43,39,4,0.907,127201.79
Merchant_A,dLocal,card,CO,0,15,54,45,9,0.8333,110358.79
Merchant_A,dLocal,card,CO,0,16,36,32,4,0.8889,115610.82
Merchant_A,dLocal,card,CO,0,17,48,43,5,0.8958,123973.76
Merchant_A,dLocal,card,CO,0,18,48,45,3,0.9375,112385.42
Merchant_A,dLocal,card,CO,0,19,34,31,3,0.9118,134514.62
Merchant_A,dLocal,card,CO,0,20,22,21,1,0.9545,126740.22
Merchant_A,dLocal,card,CO,0,21,16,15,1,0.9375,96748.54
Merchant_A,dLocal,card,CO,0,22,10,10,0,1.0,134715.24
Merchant_A,dLocal,card,CO,0,23,9,8,1,0.8889,129292.14
Merchant_A,dLocal,card,CO,1,0,5,5,0,1.0,184909.53
Merchant_A,dLocal,card,CO,1,1,1,1,0,1.0,114462.06
Merchant_A,dLocal,card,CO,1,3,3,2,1,0.6667,147444.36
Merchant_A,dLocal,card,CO,1,4,2,2,0,1.0,83177.43
Merchant_A,dLocal,card,CO,1,5,5,4,1,0.8,95292.35
Merchant_A,dLocal,card,CO,1,6,8,6,2,0.75,98191.13
Merchant_A,dLocal,card,CO,1,7,25,22,3,0.88,127557.9
Merchant_A,dLocal,card,CO,1,8,35,32,3,0.9143,130544.44
Merchant_A,dLocal,card,CO,1,9,70,60,10,0.8571,126853.08
Merchant_A,dLocal,card,CO,1,10,95,85,10,0.8947,121317.3
Merchant_A,dLocal,card,CO,1,11,87,75,12,0.8621,113218.29
Merchant_A,dLocal,card,CO,1,12,85,76,9,0.8941,138441.83
Merchant_A,dLocal,card,CO,1,13,72,64,8,0.8889,116161.2
Merchant_A,dLocal,card,CO,1,14,57,48,9,0.8421,113832.85
Merchant_A,dLocal,card,CO,1,15,55,49,6,0.8909,127218.26
Merchant_A,dLocal,card,CO,1,16,53,49,4,0.9245,107243.48
Merchant_A,dLocal,card,CO,1,17,62,57,5,0.9194,118723.94
Merchant_A,dLocal,card,CO,1,18,43,41,2,0.9535,107647.43
Merchant_A,dLocal,card,CO,1,19,38,37,1,0.9737,127780.49
Merchant_A,dLocal,card,CO,1,20,29,28,1,0.9655,139406.96
Merchant_A,dLocal,card,CO,1,21,21,19,2,0.9048,129734.08
Merchant_A,dLocal,card,CO,1,22,11,10,1,0.9091,116392.03
Merchant_A,dLocal,card,CO,1,23,10,9,1,0.9,126582.25
Merchant_A,dLocal,card,CO,2,0,9,9,0,1.0,118623.85
Merchant_A,dLocal,card,CO,2,1,1,0,1,0.0,134569.88
Merchant_A,dLocal,card,CO,2,2,3,2,1,0.6667,125157.08
Merchant_A,dLocal,card,CO,2,3,3,3,0,1.0,147916.16
Merchant_A,dLocal,card,CO,2,4,3,3,0,1.0,106797.96
Merchant_A,dLocal,card,CO,2,5,11,9,2,0.8182,149621.4
Merchant_A,dLocal,card,CO,2,6,15,13,2,0.8667,82943.96
Merchant_A,dLocal,card,CO,2,7,26,25,1,0.9615,127910.48
Merchant_A,dLocal,card,CO,2,8,49,46,3,0.9388,124902.91
Merchant_A,dLocal,card,CO,2,9,50,49,1,0.98,126870.39
Merchant_A,dLocal,card,CO,2,10,54,45,9,0.8333,112244.03
Merchant_A,dLocal,card,CO,2,11,63,55,8,0.873,131533.63
Merchant_A,dLocal,card,CO,2,12,82,78,4,0.9512,121499.64
Merchant_A,dLocal,card,CO,2,13,52,47,5,0.9038,120554.08
Merchant_A,dLocal,card,CO,2,14,62,56,6,0.9032,120786.39
Merchant_A,dLocal,card,CO,2,15,61,54,7,0.8852,135227.76
Merchant_A,dLocal,card,CO,2,16,42,36,6,0.8571,110246.48
Merchant_A,dLocal,card,CO,2,17,50,46,4,0.92,113291.03
Merchant_A,dLocal,card,CO,2,18,43,37,6,0.8605,107310.72
Merchant_A,dLocal,card,CO,2,19,34,30,4,0.8824,102032.99
Merchant_A,dLocal,card,CO,2,20,32,28,4,0.875,125551.12
Merchant_A,dLocal,card,CO,2,21,13,11,2,0.8462,128110.79
Merchant_A,dLocal,card,CO,2,22,9,9,0,1.0,155592.0
Merchant_A,dLocal,card,CO,2,23,11,11,0,1.0,102700.53
Merchant_A,dLocal,card,CO,3,0,9,9,0,1.0,82998.91
Merchant_A,dLocal,card,CO,3,1,5,5,0,1.0,96168.47
Merchant_A,dLocal,card,CO,3,2,3,3,0,1.0,120011.99
Merchant_A,dLocal,card,CO,3,3,2,2,0,1.0,153356.78
Merchant_A,dLocal,card,CO,3,4,1,1,0,1.0,88771.73
Merchant_A,dLocal,card,CO,3,5,1,0,1,0.0,102410.39
Merchant_A,dLocal,card,CO,3,6,14,13,1,0.9286,129359.67
Merchant_A,dLocal,card,CO,3,7,23,20,3,0.8696,122415.43
Merchant_A,dLocal,card,CO,3,8,46,42,4,0.913,124782.04
Merchant_A,dLocal,card,CO,3,9,59,55,4,0.9322,113749.0
Merchant_A,dLocal,card,CO,3,10,64,58,6,0.9062,130492.38
Merchant_A,dLocal,card,CO,3,11,67,60,7,0.8955,133294.85
Merchant_A,dLocal,card,CO,3,12,72,67,5,0.9306,123714.17
Merchant_A,dLocal,card,CO,3,13,60,50,10,0.8333,126149.19
Merchant_A,dLocal,card,CO,3,14,67,60,7,0.8955,120303.34
Merchant_A,dLocal,card,CO,3,15,70,65,5,0.9286,141816.62
Merchant_A,dLocal,card,CO,3,16,61,53,8,0.8689,130689.86
Merchant_A,dLocal,card,CO,3,17,45,43,2,0.9556,135434.51
Merchant_A,dLocal,card,CO,3,18,48,45,3,0.9375,117903.21
Merchant_A,dLocal,card,CO,3,19,48,47,1,0.9792,115027.53
Merchant_A,dLocal,card,CO,3,20,28,25,3,0.8929,108128.7
Merchant_A,dLocal,card,CO,3,21,18,15,3,0.8333,137414.8
Merchant_A,dLocal,card,CO,3,22,4,4,0,1.0,218614.47
Merchant_A,dLocal,card,CO,3,23,8,7,1,0.875,116464.52
Merchant_A,dLocal,card,CO,4,0,7,7,0,1.0,92241.51
Merchant_A,dLocal,card,CO,4,1,2,2,0,1.0,55777.96
Merchant_A,dLocal,card,CO,4,2,3,3,0,1.0,98219.42
Merchant_A,dLocal,card,CO,4,3,2,2,0,1.0,169133.33
Merchant_A,dLocal,card,CO,4,4,1,1,0,1.0,170725.76
Merchant_A,dLocal,card,CO,4,5,5,5,0,1.0,123021.98
Merchant_A,dLocal,card,CO,4,6,13,11,2,0.8462,131922.05
Merchant_A,dLocal,card,CO,4,7,30,26,4,0.8667,140548.9
Merchant_A,dLocal,card,CO,4,8,42,40,2,0.9524,131259.18
Merchant_A,dLocal,card,CO,4,9,51,49,2,0.9608,125342.87
Merchant_A,dLocal,card,CO,4,10,53,50,3,0.9434,110905.3
Merchant_A,dLocal,card,CO,4,11,78,70,8,0.8974,122090.87
Merchant_A,dLocal,card,CO,4,12,78,70,8,0.8974,121104.39
Merchant_A,dLocal,card,CO,4,13,77,73,4,0.9481,136861.94
Merchant_A,dLocal,card,CO,4,14,74,62,12,0.8378,128675.06
Merchant_A,dLocal,card,CO,4,15,66,57,9,0.8636,130056.78
Merchant_A,dLocal,card,CO,4,16,57,52,5,0.9123,120565.13
Merchant_A,dLocal,card,CO,4,17,50,49,1,0.98,122865.71
Merchant_A,dLocal,card,CO,4,18,44,42,2,0.9545,134089.12
Merchant_A,dLocal,card,CO,4,19,54,48,6,0.8889,105735.31
Merchant_A,dLocal,card,CO,4,20,22,20,2,0.9091,132121.13
Merchant_A,dLocal,card,CO,4,21,23,17,6,0.7391,117069.04
Merchant_A,dLocal,card,CO,4,22,14,13,1,0.9286,110397.85
Merchant_A,dLocal,card,CO,4,23,6,6,0,1.0,126782.88
Merchant_A,dLocal,card,CO,5,0,6,5,1,0.8333,110856.61
Merchant_A,dLocal,card,CO,5,2,3,3,0,1.0,93320.03
Merchant_A,dLocal,card,CO,5,4,2,2,0,1.0,139812.46
Merchant_A,dLocal,card,CO,5,5,4,4,0,1.0,127082.07
Merchant_A,dLocal,card,CO,5,6,12,12,0,1.0,109964.28
Merchant_A,dLocal,card,CO,5,7,36,32,4,0.8889,116735.42
Merchant_A,dLocal,card,CO,5,8,38,33,5,0.8684,126585.29
Merchant_A,dLocal,card,CO,5,9,61,52,9,0.8525,145280.44
Merchant_A,dLocal,card,CO,5,10,110,96,14,0.8727,106397.65
Merchant_A,dLocal,card,CO,5,11,88,79,9,0.8977,110715.73
Merchant_A,dLocal,card,CO,5,12,77,74,3,0.961,127893.54
Merchant_A,dLocal,card,CO,5,13,56,52,4,0.9286,130450.28
Merchant_A,dLocal,card,CO,5,14,52,47,5,0.9038,131652.04
Merchant_A,dLocal,card,CO,5,15,57,47,10,0.8246,126651.93
Merchant_A,dLocal,card,CO,5,16,49,43,6,0.8776,120220.72
Merchant_A,dLocal,card,CO,5,17,39,35,4,0.8974,127384.23
Merchant_A,dLocal,card,CO,5,18,36,31,5,0.8611,129949.77
Merchant_A,dLocal,card,CO,5,19,46,42,4,0.913,134339.83
Merchant_A,dLocal,card,CO,5,20,20,18,2,0.9,148919.2
Merchant_A,dLocal,card,CO,5,21,17,15,2,0.8824,142739.62
Merchant_A,dLocal,card,CO,5,22,11,9,2,0.8182,127485.54
Merchant_A,dLocal,card,CO,5,23,7,6,1,0.8571,153922.41
Merchant_A,dLocal,card,CO,6,0,7,7,0,1.0,116364.43
Merchant_A,dLocal,card,CO,6,1,1,1,0,1.0,108151.13
Merchant_A,dLocal,card,CO,6,2,3,3,0,1.0,157421.42
Merchant_A,dLocal,card,CO,6,3,1,1,0,1.0,198123.13
Merchant_A,dLocal,card,CO,6,4,3,3,0,1.0,168517.73
Merchant_A,dLocal,card,CO,6,5,3,3,0,1.0,114546.16
Merchant_A,dLocal,card,CO,6,6,10,10,0,1.0,131998.35
Merchant_A,dLocal,card,CO,6,7,24,23,1,0.9583,144512.75
Merchant_A,dLocal,card,CO,6,8,39,35,4,0.8974,117366.15
Merchant_A,dLocal,card,CO,6,9,53,45,8,0.8491,125569.33
Merchant_A,dLocal,card,CO,6,10,68,63,5,0.9265,125678.21
Merchant_A,dLocal,card,CO,6,11,64,61,3,0.9531,113439.37
Merchant_A,dLocal,card,CO,6,12,48,46,2,0.9583,111880.64
Merchant_A,dLocal,card,CO,6,13,67,59,8,0.8806,119991.49
Merchant_A,dLocal,card,CO,6,14,65,61,4,0.9385,113952.12
Merchant_A,dLocal,card,CO,6,15,71,64,7,0.9014,115516.95
Merchant_A,dLocal,card,CO,6,16,49,44,5,0.898,129114.66
Merchant_A,dLocal,card,CO,6,17,44,40,4,0.9091,127432.41
Merchant_A,dLocal,card,CO,6,18,41,31,10,0.7561,119167.52
Merchant_A,dLocal,card,CO,6,19,41,32,9,0.7805,126172.78
Merchant_A,dLocal,card,CO,6,20,37,33,4,0.8919,140894.47
Merchant_A,dLocal,card,CO,6,21,16,16,0,1.0,143358.67
Merchant_A,dLocal,card,CO,6,22,14,9,5,0.6429,125621.62
Merchant_A,dLocal,card,CO,6,23,6,6,0,1.0,97035.56
Merchant_A,dLocal,card,MX,0,0,4,4,0,1.0,761.7
Merchant_A,dLocal,card,MX,0,1,5,5,0,1.0,1528.05
Merchant_A,dLocal,card,MX,0,2,2,2,0,1.0,1170.76
Merchant_A,dLocal,card,MX,0,3,4,1,3,0.25,635.11
Merchant_A,dLocal,card,MX,0,4,1,1,0,1.0,423.15
Merchant_A,dLocal,card,MX,0,5,9,8,1,0.8889,1166.83
Merchant_A,dLocal,card,MX,0,6,10,10,0,1.0,911.57
Merchant_A,dLocal,card,MX,0,7,26,23,3,0.8846,984.26
Merchant_A,dLocal,card,MX,0,8,44,41,3,0.9318,995.25
Merchant_A,dLocal,card,MX,0,9,49,44,5,0.898,776.21
Merchant_A,dLocal,card,MX,0,10,51,46,5,0.902,856.26
Merchant_A,dLocal,card,MX,0,11,67,61,6,0.9104,960.55
Merchant_A,dLocal,card,MX,0,12,75,67,8,0.8933,956.02
Merchant_A,dLocal,card,MX,0,13,60,52,8,0.8667,909.17
Merchant_A,dLocal,card,MX,0,14,57,52,5,0.9123,922.93
Merchant_A,dLocal,card,MX,0,15,49,46,3,0.9388,968.12
Merchant_A,dLocal,card,MX,0,16,59,53,6,0.8983,884.17
Merchant_A,dLocal,card,MX,0,17,46,38,8,0.8261,989.05
Merchant_A,dLocal,card,MX,0,18,40,36,4,0.9,914.91
Merchant_A,dLocal,card,MX,0,19,32,29,3,0.9062,1023.39
Merchant_A,dLocal,card,MX,0,20,32,28,4,0.875,1023.34
Merchant_A,dLocal,card,MX,0,21,20,16,4,0.8,1026.93
Merchant_A,dLocal,card,MX,0,22,4,4,0,1.0,810.91
Merchant_A,dLocal,card,MX,0,23,9,8,1,0.8889,726.44
Merchant_A,dLocal,card,MX,1,0,5,5,0,1.0,1301.22
Merchant_A,dLocal,card,MX,1,1,1,1,0,1.0,668.84
Merchant_A,dLocal,card,MX,1,2,2,2,0,1.0,357.3
Merchant_A,dLocal,card,MX,1,3,3,2,1,0.6667,710.45
Merchant_A,dLocal,card,MX,1,4,8,7,1,0.875,987.25
Merchant_A,dLocal,card,MX,1,5,3,3,0,1.0,768.55
Merchant_A,dLocal,card,MX,1,6,16,13,3,0.8125,1074.82
Merchant_A,dLocal,card,MX,1,7,26,24,2,0.9231,966.44
Merchant_A,dLocal,card,MX,1,8,29,26,3,0.8966,788.17
Merchant_A,dLocal,card,MX,1,9,59,54,5,0.9153,832.1
Merchant_A,dLocal,card,MX,1,10,89,77,12,0.8652,915.98
Merchant_A,dLocal,card,MX,1,11,55,48,7,0.8727,848.9
Merchant_A,dLocal,card,MX,1,12,96,87,9,0.9062,928.23
Merchant_A,dLocal,card,MX,1,13,73,62,11,0.8493,907.58
Merchant_A,dLocal,card,MX,1,14,59,51,8,0.8644,893.02
Merchant_A,dLocal,card,MX,1,15,64,53,11,0.8281,859.3
Merchant_A,dLocal,card,MX,1,16,63,57,6,0.9048,935.73
Merchant_A,dLocal,card,MX,1,17,57,50,7,0.8772,994.06
Merchant_A,dLocal,card,MX,1,18,34,29,5,0.8529,994.35
Merchant_A,dLocal,card,MX,1,19,39,33,6,0.8462,883.68
Merchant_A,dLocal,card,MX,1,20,30,23,7,0.7667,859.11
Merchant_A,dLocal,card,MX,1,21,19,15,4,0.7895,946.69
Merchant_A,dLocal,card,MX,1,22,10,9,1,0.9,1008.68
Merchant_A,dLocal,card,MX,1,23,5,4,1,0.8,1154.36
Merchant_A,dLocal,card,MX,2,0,8,7,1,0.875,956.74
Merchant_A,dLocal,card,MX,2,1,2,2,0,1.0,788.7
Merchant_A,dLocal,card,MX,2,2,7,7,0,1.0,993.56
Merchant_A,dLocal,card,MX,2,3,3,3,0,1.0,1500.74
Merchant_A,dLocal,card,MX,2,4,1,1,0,1.0,1119.68
Merchant_A,dLocal,card,MX,2,5,3,3,0,1.0,1082.54
Merchant_A,dLocal,card,MX,2,6,9,9,0,1.0,766.44
Merchant_A,dLocal,card,MX,2,7,28,24,4,0.8571,929.27
Merchant_A,dLocal,card,MX,2,8,42,36,6,0.8571,925.34
Merchant_A,dLocal,card,MX,2,9,55,47,8,0.8545,954.16
Merchant_A,dLocal,card,MX,2,10,56,52,4,0.9286,977.36
Merchant_A,dLocal,card,MX,2,11,64,52,12,0.8125,958.8
Merchant_A,dLocal,card,MX,2,12,96,82,14,0.8542,944.13
Merchant_A,dLocal,card,MX,2,13,49,37,12,0.7551,873.26
Merchant_A,dLocal,card,MX,2,14,57,49,8,0.8596,903.55
Merchant_A,dLocal,card,MX,2,15,53,45,8,0.8491,929.31
Merchant_A,dLocal,card,MX,2,16,57,49,8,0.8596,861.52
Merchant_A,dLocal,card,MX,2,17,61,58,3,0.9508,895.15
Merchant_A,dLocal,card,MX,2,18,52,48,4,0.9231,926.04
Merchant_A,dLocal,card,MX,2,19,39,35,4,0.8974,726.92
Merchant_A,dLocal,card,MX,2,20,25,23,2,0.92,956.64
Merchant_A,dLocal,card,MX,2,21,29,25,4,0.8621,866.43
Merchant_A,dLocal,card,MX,2,22,3,3,0,1.0,1539.74
Merchant_A,dLocal,card,MX,2,23,4,4,0,1.0,994.12
Merchant_A,dLocal,card,MX,3,0,5,5,0,1.0,1622.1
Merchant_A,dLocal,card,MX,3,1,1,1,0,1.0,1295.52
Merchant_A,dLocal,card,MX,3,2,2,2,0,1.0,1703.92
Merchant_A,dLocal,card,MX,3,4,3,3,0,1.0,917.31
Merchant_A,dLocal,card,MX,3,5,4,3,1,0.75,1272.66
Merchant_A,dLocal,card,MX,3,6,18,16,2,0.8889,888.1
Merchant_A,dLocal,card,MX,3,7,23,19,4,0.8261,1018.52
Merchant_A,dLocal,card,MX,3,8,43,39,4,0.907,733.37
Merchant_A,dLocal,card,MX,3,9,60,48,12,0.8,1054.05
Merchant_A,dLocal,card,MX,3,10,60,50,10,0.8333,878.14
Merchant_A,dLocal,card,MX,3,11,74,63,11,0.8514,842.58
Merchant_A,dLocal,card,MX,3,12,70,66,4,0.9429,926.61
Merchant_A,dLocal,card,MX,3,13,57,48,9,0.8421,809.85
Merchant_A,dLocal,card,MX,3,14,55,53,2,0.9636,875.84
Merchant_A,dLocal,card,MX,3,15,61,55,6,0.9016,892.23
Merchant_A,dLocal,card,MX,3,16,55,50,5,0.9091,647.27
Merchant_A,dLocal,card,MX,3,17,45,41,4,0.9111,930.17
Merchant_A,dLocal,card,MX,3,18,54,51,3,0.9444,744.57
Merchant_A,dLocal,card,MX,3,19,48,40,8,0.8333,883.31
Merchant_A,dLocal,card,MX,3,20,27,26,1,0.963,1133.42
Merchant_A,dLocal,card,MX,3,21,13,12,1,0.9231,1007.74
Merchant_A,dLocal,card,MX,3,22,14,13,1,0.9286,882.24
Merchant_A,dLocal,card,MX,3,23,5,2,3,0.4,1070.7
Merchant_A,dLocal,card,MX,4,0,11,10,1,0.9091,671.8
Merchant_A,dLocal,card,MX,4,1,4,4,0,1.0,378.24
Merchant_A,dLocal,card,MX,4,2,9,9,0,1.0,1062.47
Merchant_A,dLocal,card,MX,4,3,4,4,0,1.0,1021.4
Merchant_A,dLocal,card,MX,4,4,6,4,2,0.6667,914.83
Merchant_A,dLocal,card,MX,4,5,8,8,0,1.0,1021.8
Merchant_A,dLocal,card,MX,4,6,9,8,1,0.8889,1033.45
Merchant_A,dLocal,card,MX,4,7,29,21,8,0.7241,1065.19
Merchant_A,dLocal,card,MX,4,8,53,48,5,0.9057,1006.01
Merchant_A,dLocal,card,MX,4,9,56,48,8,0.8571,835.02
Merchant_A,dLocal,card,MX,4,10,76,63,13,0.8289,1007.44
Merchant_A,dLocal,card,MX,4,11,67,57,10,0.8507,878.98
Merchant_A,dLocal,card,MX,4,12,95,86,9,0.9053,952.33
Merchant_A,dLocal,card,MX,4,13,73,65,8,0.8904,974.6
Merchant_A,dLocal,card,MX,4,14,65,55,10,0.8462,923.33
Merchant_A,dLocal,card,MX,4,15,58,50,8,0.8621,926.96
Merchant_A,dLocal,card,MX,4,16,53,47,6,0.8868,912.56
Merchant_A,dLocal,card,MX,4,17,64,56,8,0.875,905.54
Merchant_A,dLocal,card,MX,4,18,57,48,9,0.8421,988.41
Merchant_A,dLocal,card,MX,4,19,39,36,3,0.9231,803.89
Merchant_A,dLocal,card,MX,4,20,31,24,7,0.7742,1007.45
Merchant_A,dLocal,card,MX,4,21,14,12,2,0.8571,761.84
Merchant_A,dLocal,card,MX,4,22,11,11,0,1.0,668.9
Merchant_A,dLocal,card,MX,4,23,7,6,1,0.8571,909.32
Merchant_A,dLocal,card,MX,5,0,4,3,1,0.75,782.14
Merchant_A,dLocal,card,MX,5,1,4,3,1,0.75,1332.89
Merchant_A,dLocal,card,MX,5,2,1,1,0,1.0,1185.22
Merchant_A,dLocal,card,MX,5,3,4,4,0,1.0,642.89
Merchant_A,dLocal,card,MX,5,4,4,3,1,0.75,1093.1
Merchant_A,dLocal,card,MX,5,5,2,2,0,1.0,1310.28
Merchant_A,dLocal,card,MX,5,6,16,13,3,0.8125,940.09
Merchant_A,dLocal,card,MX,5,7,29,25,4,0.8621,847.77
Merchant_A,dLocal,card,MX,5,8,40,34,6,0.85,958.21
Merchant_A,dLocal,card,MX,5,9,51,43,8,0.8431,892.61
Merchant_A,dLocal,card,MX,5,10,116,100,16,0.8621,967.88
Merchant_A,dLocal,card,MX,5,11,61,51,10,0.8361,987.72
Merchant_A,dLocal,card,MX,5,12,53,49,4,0.9245,960.92
Merchant_A,dLocal,card,MX,5,13,61,54,7,0.8852,897.16
Merchant_A,dLocal,card,MX,5,14,52,49,3,0.9423,900.04
Merchant_A,dLocal,card,MX,5,15,51,42,9,0.8235,902.3
Merchant_A,dLocal,card,MX,5,16,51,41,10,0.8039,853.35
Merchant_A,dLocal,card,MX,5,17,46,39,7,0.8478,913.02
Merchant_A,dLocal,card,MX,5,18,42,37,5,0.881,1031.88
Merchant_A,dLocal,card,MX,5,19,44,39,5,0.8864,1037.78
Merchant_A,dLocal,card,MX,5,20,36,32,4,0.8889,969.56
Merchant_A,dLocal,card,MX,5,21,20,17,3,0.85,980.02
Merchant_A,dLocal,card,MX,5,22,9,8,1,0.8889,867.45
Merchant_A,dLocal,card,MX,5,23,3,2,1,0.6667,752.89
Merchant_A,dLocal,card,MX,6,0,7,7,0,1.0,869.67
Merchant_A,dLocal,card,MX,6,1,2,2,0,1.0,766.8
Merchant_A,dLocal,card,MX,6,2,3,3,0,1.0,652.41
Merchant_A,dLocal,card,MX,6,3,3,3,0,1.0,935.68
Merchant_A,dLocal,card,MX,6,4,6,5,1,0.8333,1124.08
Merchant_A,dLocal,card,MX,6,5,5,5,0,1.0,1016.08
Merchant_A,dLocal,card,MX,6,6,14,12,2,0.8571,916.27
Merchant_A,dLocal,card,MX,6,7,24,20,4,0.8333,778.11
Merchant_A,dLocal,card,MX,6,8,51,44,7,0.8627,960.47
Merchant_A,dLocal,card,MX,6,9,58,50,8,0.8621,829.21
Merchant_A,dLocal,card,MX,6,10,56,50,6,0.8929,942.12
Merchant_A,dLocal,card,MX,6,11,61,55,6,0.9016,960.67
Merchant_A,dLocal,card,MX,6,12,71,67,4,0.9437,866.98
Merchant_A,dLocal,card,MX,6,13,66,52,14,0.7879,895.33
Merchant_A,dLocal,card,MX,6,14,63,56,7,0.8889,922.72
Merchant_A,dLocal,card,MX,6,15,47,44,3,0.9362,892.23
Merchant_A,dLocal,card,MX,6,16,46,37,9,0.8043,967.18
Merchant_A,dLocal,card,MX,6,17,44,37,7,0.8409,827.98
Merchant_A,dLocal,card,MX,6,18,33,28,5,0.8485,858.15
Merchant_A,dLocal,card,MX,6,19,31,29,2,0.9355,872.5
Merchant_A,dLocal,card,MX,6,20,29,22,7,0.7586,943.21
Merchant_A,dLocal,card,MX,6,21,7,6,1,0.8571,1056.49
Merchant_A,dLocal,card,MX,6,22,9,8,1,0.8889,829.55
Merchant_A,dLocal,card,MX,6,23,3,3,0,1.0,705.91
Merchant_A,dLocal,cash_in_store,MX,0,0,9,8,1,0.8889,779.4
Merchant_A,dLocal,cash_in_store,MX,0,1,5,4,1,0.8,744.24
Merchant_A,dLocal,cash_in_store,MX,0,2,3,2,1,0.6667,761.44
Merchant_A,dLocal,cash_in_store,MX,0,3,1,1,0,1.0,533.93
Merchant_A,dLocal,cash_in_store,MX,0,4,2,2,0,1.0,890.76
Merchant_A,dLocal,cash_in_store,MX,0,5,5,4,1,0.8,1149.57
Merchant_A,dLocal,cash_in_store,MX,0,6,10,10,0,1.0,924.15
Merchant_A,dLocal,cash_in_store,MX,0,7,27,23,4,0.8519,1052.53
Merchant_A,dLocal,cash_in_store,MX,0,8,32,30,2,0.9375,992.06
Merchant_A,dLocal,cash_in_store,MX,0,9,51,41,10,0.8039,921.75
Merchant_A,dLocal,cash_in_store,MX,0,10,60,50,10,0.8333,946.3
Merchant_A,dLocal,cash_in_store,MX,0,11,60,50,10,0.8333,819.19
Merchant_A,dLocal,cash_in_store,MX,0,12,69,53,16,0.7681,887.56
Merchant_A,dLocal,cash_in_store,MX,0,13,58,50,8,0.8621,970.6
Merchant_A,dLocal,cash_in_store,MX,0,14,64,52,12,0.8125,931.23
Merchant_A,dLocal,cash_in_store,MX,0,15,65,51,14,0.7846,867.23
Merchant_A,dLocal,cash_in_store,MX,0,16,44,38,6,0.8636,932.96
Merchant_A,dLocal,cash_in_store,MX,0,17,57,47,10,0.8246,919.31
Merchant_A,dLocal,cash_in_store,MX,0,18,46,38,8,0.8261,991.94
Merchant_A,dLocal,cash_in_store,MX,0,19,52,40,12,0.7692,954.08
Merchant_A,dLocal,cash_in_store,MX,0,20,37,28,9,0.7568,918.3
Merchant_A,dLocal,cash_in_store,MX,0,21,17,14,3,0.8235,1001.31
Merchant_A,dLocal,cash_in_store,MX,0,22,14,10,4,0.7143,816.22
Merchant_A,dLocal,cash_in_store,MX,0,23,5,4,1,0.8,1058.18
Merchant_A,dLocal,cash_in_store,MX,1,0,8,5,3,0.625,976.09
Merchant_A,dLocal,cash_in_store,MX,1,1,4,4,0,1.0,894.49
Merchant_A,dLocal,cash_in_store,MX,1,2,1,1,0,1.0,1059.9
Merchant_A,dLocal,cash_in_store,MX,1,3,1,1,0,1.0,796.02
Merchant_A,dLocal,cash_in_store,MX,1,4,4,4,0,1.0,536.59
Merchant_A,dLocal,cash_in_store,MX,1,5,3,3,0,1.0,1154.0
Merchant_A,dLocal,cash_in_store,MX,1,6,14,11,3,0.7857,1115.43
Merchant_A,dLocal,cash_in_store,MX,1,7,28,25,3,0.8929,1012.4
Merchant_A,dLocal,cash_in_store,MX,1,8,35,30,5,0.8571,830.86
Merchant_A,dLocal,cash_in_store,MX,1,9,55,43,12,0.7818,919.27
Merchant_A,dLocal,cash_in_store,MX,1,10,106,85,21,0.8019,840.46
Merchant_A,dLocal,cash_in_store,MX,1,11,68,57,11,0.8382,907.02
Merchant_A,dLocal,cash_in_store,MX,1,12,64,57,7,0.8906,910.77
Merchant_A,dLocal,cash_in_store,MX,1,13,71,59,12,0.831,824.44
Merchant_A,dLocal,cash_in_store,MX,1,14,56,39,17,0.6964,863.62
Merchant_A,dLocal,cash_in_store,MX,1,15,63,48,15,0.7619,779.64
Merchant_A,dLocal,cash_in_store,MX,1,16,70,61,9,0.8714,897.81
Merchant_A,dLocal,cash_in_store,MX,1,17,51,44,7,0.8627,949.24
Merchant_A,dLocal,cash_in_store,MX,1,18,45,41,4,0.9111,909.93
Merchant_A,dLocal,cash_in_store,MX,1,19,34,26,8,0.7647,911.51
Merchant_A,dLocal,cash_in_store,MX,1,20,27,25,2,0.9259,1076.17
Merchant_A,dLocal,cash_in_store,MX,1,21,18,13,5,0.7222,1190.77
Merchant_A,dLocal,cash_in_store,MX,1,22,12,9,3,0.75,752.7
Merchant_A,dLocal,cash_in_store,MX,1,23,9,7,2,0.7778,737.1
Merchant_A,dLocal,cash_in_store,MX,2,0,8,6,2,0.75,818.66
Merchant_A,dLocal,cash_in_store,MX,2,1,2,1,1,0.5,661.66
Merchant_A,dLocal,cash_in_store,MX,2,2,6,5,1,0.8333,984.88
Merchant_A,dLocal,cash_in_store,MX,2,4,2,2,0,1.0,309.39
Merchant_A,dLocal,cash_in_store,MX,2,5,4,3,1,0.75,883.55
Merchant_A,dLocal,cash_in_store,MX,2,6,10,9,1,0.9,997.54
Merchant_A,dLocal,cash_in_store,MX,2,7,18,14,4,0.7778,1089.03
Merchant_A,dLocal,cash_in_store,MX,2,8,29,23,6,0.7931,1125.82
Merchant_A,dLocal,cash_in_store,MX,2,9,43,32,11,0.7442,942.8
Merchant_A,dLocal,cash_in_store,MX,2,10,65,56,9,0.8615,822.55
Merchant_A,dLocal,cash_in_store,MX,2,11,62,55,7,0.8871,997.49
Merchant_A,dLocal,cash_in_store,MX,2,12,78,66,12,0.8462,951.59
Merchant_A,dLocal,cash_in_store,MX,2,13,70,60,10,0.8571,1001.7
Merchant_A,dLocal,cash_in_store,MX,2,14,58,51,7,0.8793,858.52
Merchant_A,dLocal,cash_in_store,MX,2,15,68,52,16,0.7647,966.82
Merchant_A,dLocal,cash_in_store,MX,2,16,63,52,11,0.8254,935.31
Merchant_A,dLocal,cash_in_store,MX,2,17,54,42,12,0.7778,799.15
Merchant_A,dLocal,cash_in_store,MX,2,18,46,37,9,0.8043,896.09
Merchant_A,dLocal,cash_in_store,MX,2,19,38,32,6,0.8421,967.42
Merchant_A,dLocal,cash_in_store,MX,2,20,27,23,4,0.8519,926.86
Merchant_A,dLocal,cash_in_store,MX,2,21,21,17,4,0.8095,920.15
Merchant_A,dLocal,cash_in_store,MX,2,22,9,7,2,0.7778,865.42
Merchant_A,dLocal,cash_in_store,MX,2,23,9,9,0,1.0,1024.48
Merchant_A,dLocal,cash_in_store,MX,3,0,5,4,1,0.8,935.06
Merchant_A,dLocal,cash_in_store,MX,3,1,3,3,0,1.0,1354.91
Merchant_A,dLocal,cash_in_store,MX,3,2,5,3,2,0.6,1043.72
Merchant_A,dLocal,cash_in_store,MX,3,3,3,3,0,1.0,1158.67
Merchant_A,dLocal,cash_in_store,MX,3,4,4,3,1,0.75,952.24
Merchant_A,dLocal,cash_in_store,MX,3,5,7,5,2,0.7143,1042.34
Merchant_A,dLocal,cash_in_store,MX,3,6,17,15,2,0.8824,1028.55
Merchant_A,dLocal,cash_in_store,MX,3,7,27,22,5,0.8148,914.8
Merchant_A,dLocal,cash_in_store,MX,3,8,33,29,4,0.8788,979.08
Merchant_A,dLocal,cash_in_store,MX,3,9,56,49,7,0.875,848.39
Merchant_A,dLocal,cash_in_store,MX,3,10,55,46,9,0.8364,985.37
Merchant_A,dLocal,cash_in_store,MX,3,11,66,55,11,0.8333,888.52
Merchant_A,dLocal,cash_in_store,MX,3,12,80,72,8,0.9,881.2
Merchant_A,dLocal,cash_in_store,MX,3,13,76,66,10,0.8684,810.63
Merchant_A,dLocal,cash_in_store,MX,3,14,51,44,7,0.8627,991.99
Merchant_A,dLocal,cash_in_store,MX,3,15,61,50,11,0.8197,921.09
Merchant_A,dLocal,cash_in_store,MX,3,16,59,47,12,0.7966,979.08
Merchant_A,dLocal,cash_in_store,MX,3,17,58,48,10,0.8276,807.65
Merchant_A,dLocal,cash_in_store,MX,3,18,37,33,4,0.8919,941.6
Merchant_A,dLocal,cash_in_store,MX,3,19,51,45,6,0.8824,895.97
Merchant_A,dLocal,cash_in_store,MX,3,20,25,20,5,0.8,847.11
Merchant_A,dLocal,cash_in_store,MX,3,21,20,12,8,0.6,780.1
Merchant_A,dLocal,cash_in_store,MX,3,22,7,6,1,0.8571,1128.15
Merchant_A,dLocal,cash_in_store,MX,3,23,7,5,2,0.7143,939.49
Merchant_A,dLocal,cash_in_store,MX,4,0,4,4,0,1.0,1239.87
Merchant_A,dLocal,cash_in_store,MX,4,1,4,4,0,1.0,1139.43
Merchant_A,dLocal,cash_in_store,MX,4,2,3,3,0,1.0,761.82
Merchant_A,dLocal,cash_in_store,MX,4,3,3,2,1,0.6667,1391.97
Merchant_A,dLocal,cash_in_store,MX,4,4,1,1,0,1.0,1485.74
Merchant_A,dLocal,cash_in_store,MX,4,5,7,6,1,0.8571,858.69
Merchant_A,dLocal,cash_in_store,MX,4,6,14,10,4,0.7143,795.77
Merchant_A,dLocal,cash_in_store,MX,4,7,26,18,8,0.6923,1022.21
Merchant_A,dLocal,cash_in_store,MX,4,8,38,34,4,0.8947,997.01
Merchant_A,dLocal,cash_in_store,MX,4,9,52,48,4,0.9231,875.44
Merchant_A,dLocal,cash_in_store,MX,4,10,63,55,8,0.873,909.01
Merchant_A,dLocal,cash_in_store,MX,4,11,83,69,14,0.8313,904.09
Merchant_A,dLocal,cash_in_store,MX,4,12,75,65,10,0.8667,868.69
Merchant_A,dLocal,cash_in_store,MX,4,13,63,58,5,0.9206,893.38
Merchant_A,dLocal,cash_in_store,MX,4,14,61,47,14,0.7705,921.5
Merchant_A,dLocal,cash_in_store,MX,4,15,76,63,13,0.8289,896.95
Merchant_A,dLocal,cash_in_store,MX,4,16,63,52,11,0.8254,880.81
Merchant_A,dLocal,cash_in_store,MX,4,17,56,47,9,0.8393,957.78
Merchant_A,dLocal,cash_in_store,MX,4,18,54,44,10,0.8148,1003.1
Merchant_A,dLocal,cash_in_store,MX,4,19,46,39,7,0.8478,927.22
Merchant_A,dLocal,cash_in_store,MX,4,20,20,17,3,0.85,1100.47
Merchant_A,dLocal,cash_in_store,MX,4,21,25,20,5,0.8,754.99
Merchant_A,dLocal,cash_in_store,MX,4,22,11,9,2,0.8182,939.33
Merchant_A,dLocal,cash_in_store,MX,4,23,4,4,0,1.0,745.11
Merchant_A,dLocal,cash_in_store,MX,5,0,5,4,1,0.8,919.42
Merchant_A,dLocal,cash_in_store,MX,5,1,5,4,1,0.8,1223.85
Merchant_A,dLocal,cash_in_store,MX,5,2,1,0,1,0.0,1295.01
Merchant_A,dLocal,cash_in_store,MX,5,3,3,3,0,1.0,858.04
Merchant_A,dLocal,cash_in_store,MX,5,4,3,2,1,0.6667,1240.33
Merchant_A,dLocal,cash_in_store,MX,5,5,5,5,0,1.0,1091.69
Merchant_A,dLocal,cash_in_store,MX,5,6,19,17,2,0.8947,722.97
Merchant_A,dLocal,cash_in_store,MX,5,7,34,30,4,0.8824,997.48
Merchant_A,dLocal,cash_in_store,MX,5,8,36,29,7,0.8056,860.04
Merchant_A,dLocal,cash_in_store,MX,5,9,49,38,11,0.7755,994.66
Merchant_A,dLocal,cash_in_store,MX,5,10,137,110,27,0.8029,880.31
Merchant_A,dLocal,cash_in_store,MX,5,11,54,41,13,0.7593,1052.07
Merchant_A,dLocal,cash_in_store,MX,5,12,57,45,12,0.7895,962.92
Merchant_A,dLocal,cash_in_store,MX,5,13,54,46,8,0.8519,903.3
Merchant_A,dLocal,cash_in_store,MX,5,14,56,49,7,0.875,807.74
Merchant_A,dLocal,cash_in_store,MX,5,15,63,57,6,0.9048,924.66
Merchant_A,dLocal,cash_in_store,MX,5,16,39,31,8,0.7949,870.91
Merchant_A,dLocal,cash_in_store,MX,5,17,42,35,7,0.8333,938.67
Merchant_A,dLocal,cash_in_store,MX,5,18,51,44,7,0.8627,979.2
Merchant_A,dLocal,cash_in_store,MX,5,19,37,32,5,0.8649,905.09
Merchant_A,dLocal,cash_in_store,MX,5,20,22,19,3,0.8636,965.79
Merchant_A,dLocal,cash_in_store,MX,5,21,17,14,3,0.8235,718.51
Merchant_A,dLocal,cash_in_store,MX,5,22,9,8,1,0.8889,1051.31
Merchant_A,dLocal,cash_in_store,MX,5,23,8,6,2,0.75,920.72
Merchant_A,dLocal,cash_in_store,MX,6,0,4,2,2,0.5,1212.82
Merchant_A,dLocal,cash_in_store,MX,6,1,2,2,0,1.0,632.33
Merchant_A,dLocal,cash_in_store,MX,6,2,2,2,0,1.0,858.46
Merchant_A,dLocal,cash_in_store,MX,6,3,4,4,0,1.0,1058.64
Merchant_A,dLocal,cash_in_store,MX,6,5,5,4,1,0.8,829.12
Merchant_A,dLocal,cash_in_store,MX,6,6,18,17,1,0.9444,797.59
Merchant_A,dLocal,cash_in_store,MX,6,7,27,20,7,0.7407,930.72
Merchant_A,dLocal,cash_in_store,MX,6,8,51,42,9,0.8235,750.25
Merchant_A,dLocal,cash_in_store,MX,6,9,49,44,5,0.898,835.41
Merchant_A,dLocal,cash_in_store,MX,6,10,54,45,9,0.8333,968.39
Merchant_A,dLocal,cash_in_store,MX,6,11,71,55,16,0.7746,847.47
Merchant_A,dLocal,cash_in_store,MX,6,12,79,66,13,0.8354,936.25
Merchant_A,dLocal,cash_in_store,MX,6,13,65,57,8,0.8769,863.25
Merchant_A,dLocal,cash_in_store,MX,6,14,63,54,9,0.8571,893.46
Merchant_A,dLocal,cash_in_store,MX,6,15,56,45,11,0.8036,859.14
Merchant_A,dLocal,cash_in_store,MX,6,16,48,40,8,0.8333,961.49
Merchant_A,dLocal,cash_in_store,MX,6,17,48,41,7,0.8542,839.3
Merchant_A,dLocal,cash_in_store,MX,6,18,32,28,4,0.875,977.36
Merchant_A,dLocal,cash_in_store,MX,6,19,44,41,3,0.9318,844.68
Merchant_A,dLocal,cash_in_store,MX,6,20,25,19,6,0.76,907.23
Merchant_A,dLocal,cash_in_store,MX,6,21,19,18,1,0.9474,807.27
Merchant_A,dLocal,cash_in_store,MX,6,22,11,9,2,0.8182,951.09
Merchant_A,dLocal,cash_in_store,MX,6,23,8,7,1,0.875,966.62
Merchant_A,dLocal,wallet,BR,0,0,10,10,0,1.0,292.24
Merchant_A,dLocal,wallet,BR,0,1,2,2,0,1.0,457.52
Merchant_A,dLocal,wallet,BR,0,2,2,1,1,0.5,380.26
Merchant_A,dLocal,wallet,BR,0,3,3,3,0,1.0,332.85
Merchant_A,dLocal,wallet,BR,0,4,3,3,0,1.0,248.05
Merchant_A,dLocal,wallet,BR,0,5,7,6,1,0.8571,293.89
Merchant_A,dLocal,wallet,BR,0,6,15,14,1,0.9333,267.64
Merchant_A,dLocal,wallet,BR,0,7,33,31,2,0.9394,288.94
Merchant_A,dLocal,wallet,BR,0,8,47,43,4,0.9149,269.11
Merchant_A,dLocal,wallet,BR,0,9,43,38,5,0.8837,275.38
Merchant_A,dLocal,wallet,BR,0,10,59,57,2,0.9661,277.7
Merchant_A,dLocal,wallet,BR,0,11,54,49,5,0.9074,293.04
Merchant_A,dLocal,wallet,BR,0,12,72,69,3,0.9583,291.59
Merchant_A,dLocal,wallet,BR,0,13,66,63,3,0.9545,306.69
Merchant_A,dLocal,wallet,BR,0,14,55,54,1,0.9818,283.24
Merchant_A,dLocal,wallet,BR,0,15,58,54,4,0.931,279.72
Merchant_A,dLocal,wallet,BR,0,16,51,43,8,0.8431,285.06
Merchant_A,dLocal,wallet,BR,0,17,50,46,4,0.92,295.81
Merchant_A,dLocal,wallet,BR,0,18,47,43,4,0.9149,263.79
Merchant_A,dLocal,wallet,BR,0,19,26,22,4,0.8462,309.76
Merchant_A,dLocal,wallet,BR,0,20,27,25,2,0.9259,268.59
Merchant_A,dLocal,wallet,BR,0,21,14,13,1,0.9286,331.98
Merchant_A,dLocal,wallet,BR,0,22,8,8,0,1.0,246.32
Merchant_A,dLocal,wallet,BR,0,23,6,6,0,1.0,340.34
Merchant_A,dLocal,wallet,BR,1,0,8,6,2,0.75,272.82
Merchant_A,dLocal,wallet,BR,1,1,7,5,2,0.7143,222.46
Merchant_A,dLocal,wallet,BR,1,2,2,2,0,1.0,327.34
Merchant_A,dLocal,wallet,BR,1,3,2,2,0,1.0,265.96
Merchant_A,dLocal,wallet,BR,1,4,3,2,1,0.6667,330.69
Merchant_A,dLocal,wallet,BR,1,5,6,6,0,1.0,298.95
Merchant_A,dLocal,wallet,BR,1,6,11,9,2,0.8182,300.14
Merchant_A,dLocal,wallet,BR,1,7,23,22,1,0.9565,251.57
Merchant_A,dLocal,wallet,BR,1,8,47,42,5,0.8936,265.01
Merchant_A,dLocal,wallet,BR,1,9,61,57,4,0.9344,287.58
Merchant_A,dLocal,wallet,BR,1,10,80,67,13,0.8375,288.95
Merchant_A,dLocal,wallet,BR,1,11,82,79,3,0.9634,271.36
Merchant_A,dLocal,wallet,BR,1,12,58,52,6,0.8966,290.14
Merchant_A,dLocal,wallet,BR,1,13,75,68,7,0.9067,304.88
Merchant_A,dLocal,wallet,BR,1,14,67,58,9,0.8657,270.09
Merchant_A,dLocal,wallet,BR,1,15,58,54,4,0.931,279.98
Merchant_A,dLocal,wallet,BR,1,16,53,50,3,0.9434,323.5
Merchant_A,dLocal,wallet,BR,1,17,69,62,7,0.8986,284.57
Merchant_A,dLocal,wallet,BR,1,18,47,43,4,0.9149,285.16
Merchant_A,dLocal,wallet,BR,1,19,32,29,3,0.9062,252.45
Merchant_A,dLocal,wallet,BR,1,20,28,23,5,0.8214,286.56
Merchant_A,dLocal,wallet,BR,1,21,16,13,3,0.8125,324.66
Merchant_A,dLocal,wallet,BR,1,22,11,10,1,0.9091,238.47
Merchant_A,dLocal,wallet,BR,1,23,5,4,1,0.8,261.3
Merchant_A,dLocal,wallet,BR,2,0,5,4,1,0.8,159.31
Merchant_A,dLocal,wallet,BR,2,1,9,8,1,0.8889,336.77
Merchant_A,dLocal,wallet,BR,2,2,6,5,1,0.8333,212.04
Merchant_A,dLocal,wallet,BR,2,3,1,1,0,1.0,134.67
Merchant_A,dLocal,wallet,BR,2,4,3,3,0,1.0,184.14
Merchant_A,dLocal,wallet,BR,2,5,5,5,0,1.0,188.83
Merchant_A,dLocal,wallet,BR,2,6,13,13,0,1.0,265.09
Merchant_A,dLocal,wallet,BR,2,7,20,19,1,0.95,253.53
Merchant_A,dLocal,wallet,BR,2,8,44,43,1,0.9773,234.92
Merchant_A,dLocal,wallet,BR,2,9,61,55,6,0.9016,269.09
Merchant_A,dLocal,wallet,BR,2,10,78,76,2,0.9744,277.56
Merchant_A,dLocal,wallet,BR,2,11,62,56,6,0.9032,256.44
Merchant_A,dLocal,wallet,BR,2,12,52,48,4,0.9231,270.8
Merchant_A,dLocal,wallet,BR,2,13,68,57,11,0.8382,282.54
Merchant_A,dLocal,wallet,BR,2,14,61,58,3,0.9508,299.1
Merchant_A,dLocal,wallet,BR,2,15,64,55,9,0.8594,299.54
Merchant_A,dLocal,wallet,BR,2,16,50,45,5,0.9,309.37
Merchant_A,dLocal,wallet,BR,2,17,58,50,8,0.8621,270.11
Merchant_A,dLocal,wallet,BR,2,18,53,49,4,0.9245,323.81
Merchant_A,dLocal,wallet,BR,2,19,44,39,5,0.8864,293.29
Merchant_A,dLocal,wallet,BR,2,20,15,15,0,1.0,299.72
Merchant_A,dLocal,wallet,BR,2,21,9,8,1,0.8889,237.95
Merchant_A,dLocal,wallet,BR,2,22,5,5,0,1.0,242.43
Merchant_A,dLocal,wallet,BR,2,23,8,8,0,1.0,281.04
Merchant_A,dLocal,wallet,BR,3,0,8,7,1,0.875,214.17
Merchant_A,dLocal,wallet,BR,3,1,6,6,0,1.0,214.01
Merchant_A,dLocal,wallet,BR,3,2,3,3,0,1.0,392.43
Merchant_A,dLocal,wallet,BR,3,3,5,4,1,0.8,319.86
Merchant_A,dLocal,wallet,BR,3,4,4,4,0,1.0,430.91
Merchant_A,dLocal,wallet,BR,3,5,8,7,1,0.875,350.72
Merchant_A,dLocal,wallet,BR,3,6,19,16,3,0.8421,284.65
Merchant_A,dLocal,wallet,BR,3,7,25,23,2,0.92,291.11
Merchant_A,dLocal,wallet,BR,3,8,46,43,3,0.9348,292.73
Merchant_A,dLocal,wallet,BR,3,9,55,52,3,0.9455,297.5
Merchant_A,dLocal,wallet,BR,3,10,58,53,5,0.9138,311.23
Merchant_A,dLocal,wallet,BR,3,11,60,58,2,0.9667,316.35
Merchant_A,dLocal,wallet,BR,3,12,80,73,7,0.9125,299.99
Merchant_A,dLocal,wallet,BR,3,13,65,59,6,0.9077,284.22
Merchant_A,dLocal,wallet,BR,3,14,69,62,7,0.8986,292.26
Merchant_A,dLocal,wallet,BR,3,15,58,56,2,0.9655,271.61
Merchant_A,dLocal,wallet,BR,3,16,64,56,8,0.875,286.52
Merchant_A,dLocal,wallet,BR,3,17,50,46,4,0.92,270.9
Merchant_A,dLocal,wallet,BR,3,18,48,45,3,0.9375,260.44
Merchant_A,dLocal,wallet,BR,3,19,32,30,2,0.9375,326.81
Merchant_A,dLocal,wallet,BR,3,20,16,15,1,0.9375,291.03
Merchant_A,dLocal,wallet,BR,3,21,21,20,1,0.9524,264.47
Merchant_A,dLocal,wallet,BR,3,22,9,9,0,1.0,292.5
Merchant_A,dLocal,wallet,BR,3,23,6,6,0,1.0,271.74
Merchant_A,dLocal,wallet,BR,4,0,11,11,0,1.0,253.81
Merchant_A,dLocal,wallet,BR,4,1,7,7,0,1.0,284.93
Merchant_A,dLocal,wallet,BR,4,2,4,3,1,0.75,360.38
Merchant_A,dLocal,wallet,BR,4,3,3,2,1,0.6667,460.78
Merchant_A,dLocal,wallet,BR,4,4,3,2,1,0.6667,225.79
Merchant_A,dLocal,wallet,BR,4,5,4,4,0,1.0,320.06
Merchant_A,dLocal,wallet,BR,4,6,14,12,2,0.8571,256.35
Merchant_A,dLocal,wallet,BR,4,7,20,18,2,0.9,231.58
Merchant_A,dLocal,wallet,BR,4,8,46,43,3,0.9348,270.96
Merchant_A,dLocal,wallet,BR,4,9,59,56,3,0.9492,267.31
Merchant_A,dLocal,wallet,BR,4,10,55,53,2,0.9636,251.73
Merchant_A,dLocal,wallet,BR,4,11,84,81,3,0.9643,276.45
Merchant_A,dLocal,wallet,BR,4,12,73,63,10,0.863,244.44
Merchant_A,dLocal,wallet,BR,4,13,77,72,5,0.9351,286.54
Merchant_A,dLocal,wallet,BR,4,14,71,62,9,0.8732,299.63
Merchant_A,dLocal,wallet,BR,4,15,61,55,6,0.9016,279.93
Merchant_A,dLocal,wallet,BR,4,16,54,52,2,0.963,271.29
Merchant_A,dLocal,wallet,BR,4,17,57,53,4,0.9298,293.65
Merchant_A,dLocal,wallet,BR,4,18,44,40,4,0.9091,282.72
Merchant_A,dLocal,wallet,BR,4,19,46,45,1,0.9783,312.92
Merchant_A,dLocal,wallet,BR,4,20,33,31,2,0.9394,275.47
Merchant_A,dLocal,wallet,BR,4,21,18,17,1,0.9444,261.05
Merchant_A,dLocal,wallet,BR,4,22,4,3,1,0.75,473.52
Merchant_A,dLocal,wallet,BR,4,23,9,9,0,1.0,271.12
Merchant_A,dLocal,wallet,BR,5,0,10,9,1,0.9,229.4
Merchant_A,dLocal,wallet,BR,5,1,1,1,0,1.0,379.96
Merchant_A,dLocal,wallet,BR,5,2,1,1,0,1.0,190.97
Merchant_A,dLocal,wallet,BR,5,4,1,1,0,1.0,483.04
Merchant_A,dLocal,wallet,BR,5,5,7,7,0,1.0,307.05
Merchant_A,dLocal,wallet,BR,5,6,14,13,1,0.9286,289.58
Merchant_A,dLocal,wallet,BR,5,7,21,17,4,0.8095,291.16
Merchant_A,dLocal,wallet,BR,5,8,45,38,7,0.8444,306.98
Merchant_A,dLocal,wallet,BR,5,9,54,52,2,0.963,281.55
Merchant_A,dLocal,wallet,BR,5,10,113,104,9,0.9204,279.8
Merchant_A,dLocal,wallet,BR,5,11,54,52,2,0.963,300.48
Merchant_A,dLocal,wallet,BR,5,12,68,60,8,0.8824,285.87
Merchant_A,dLocal,wallet,BR,5,13,71,64,7,0.9014,306.21
Merchant_A,dLocal,wallet,BR,5,14,55,54,1,0.9818,246.52
Merchant_A,dLocal,wallet,BR,5,15,60,54,6,0.9,280.11
Merchant_A,dLocal,wallet,BR,5,16,45,43,2,0.9556,282.33
Merchant_A,dLocal,wallet,BR,5,17,47,41,6,0.8723,325.46
Merchant_A,dLocal,wallet,BR,5,18,49,49,0,1.0,286.71
Merchant_A,dLocal,wallet,BR,5,19,39,34,5,0.8718,291.3
Merchant_A,dLocal,wallet,BR,5,20,17,17,0,1.0,275.93
Merchant_A,dLocal,wallet,BR,5,21,17,14,3,0.8235,322.18
Merchant_A,dLocal,wallet,BR,5,22,8,8,0,1.0,257.09
Merchant_A,dLocal,wallet,BR,5,23,4,4,0,1.0,353.7
Merchant_A,dLocal,wallet,BR,6,0,8,7,1,0.875,348.27
Merchant_A,dLocal,wallet,BR,6,1,6,5,1,0.8333,277.38
Merchant_A,dLocal,wallet,BR,6,2,3,3,0,1.0,290.65
Merchant_A,dLocal,wallet,BR,6,3,1,1,0,1.0,665.25
Merchant_A,dLocal,wallet,BR,6,4,3,3,0,1.0,263.83
Merchant_A,dLocal,wallet,BR,6,5,5,5,0,1.0,364.51
Merchant_A,dLocal,wallet,BR,6,6,12,11,1,0.9167,354.84
Merchant_A,dLocal,wallet,BR,6,7,30,26,4,0.8667,272.68
Merchant_A,dLocal,wallet,BR,6,8,35,33,2,0.9429,268.57
Merchant_A,dLocal,wallet,BR,6,9,50,43,7,0.86,270.35
Merchant_A,dLocal,wallet,BR,6,10,54,46,8,0.8519,250.7
Merchant_A,dLocal,wallet,BR,6,11,55,51,4,0.9273,274.64
Merchant_A,dLocal,wallet,BR,6,12,63,59,4,0.9365,290.16
Merchant_A,dLocal,wallet,BR,6,13,62,61,1,0.9839,231.53
Merchant_A,dLocal,wallet,BR,6,14,64,62,2,0.9688,282.38
Merchant_A,dLocal,wallet,BR,6,15,61,59,2,0.9672,258.08
Merchant_A,dLocal,wallet,BR,6,16,43,36,7,0.8372,275.44
Merchant_A,dLocal,wallet,BR,6,17,46,40,6,0.8696,305.37
Merchant_A,dLocal,wallet,BR,6,18,42,38,4,0.9048,338.2
Merchant_A,dLocal,wallet,BR,6,19,35,35,0,1.0,292.87
Merchant_A,dLocal,wallet,BR,6,20,26,25,1,0.9615,298.53
Merchant_A,dLocal,wallet,BR,6,21,20,18,2,0.9,267.52
Merchant_A,dLocal,wallet,BR,6,22,10,9,1,0.9,276.22
Merchant_A,dLocal,wallet,BR,6,23,7,7,0,1.0,302.69
Merchant_A,dLocal,wallet,CO,0,0,5,4,1,0.8,120450.14
Merchant_A,dLocal,wallet,CO,0,1,2,2,0,1.0,110413.63
Merchant_A,dLocal,wallet,CO,0,2,2,2,0,1.0,136865.38
Merchant_A,dLocal,wallet,CO,0,3,2,2,0,1.0,99668.98
Merchant_A,dLocal,wallet,CO,0,4,7,7,0,1.0,116254.51
Merchant_A,dLocal,wallet,CO,0,5,5,5,0,1.0,110208.31
Merchant_A,dLocal,wallet,CO,0,6,14,13,1,0.9286,129287.16
Merchant_A,dLocal,wallet,CO,0,7,33,31,2,0.9394,100316.24
Merchant_A,dLocal,wallet,CO,0,8,35,32,3,0.9143,147463.36
Merchant_A,dLocal,wallet,CO,0,9,43,43,0,1.0,114485.75
Merchant_A,dLocal,wallet,CO,0,10,50,49,1,0.98,132247.81
Merchant_A,dLocal,wallet,CO,0,11,54,52,2,0.963,128704.63
Merchant_A,dLocal,wallet,CO,0,12,69,65,4,0.942,129961.73
Merchant_A,dLocal,wallet,CO,0,13,58,53,5,0.9138,137883.97
Merchant_A,dLocal,wallet,CO,0,14,58,53,5,0.9138,128477.95
Merchant_A,dLocal,wallet,CO,0,15,54,51,3,0.9444,106357.0
Merchant_A,dLocal,wallet,CO,0,16,54,49,5,0.9074,121197.21
Merchant_A,dLocal,wallet,CO,0,17,48,41,7,0.8542,126403.78
Merchant_A,dLocal,wallet,CO,0,18,39,35,4,0.8974,105357.59
Merchant_A,dLocal,wallet,CO,0,19,39,38,1,0.9744,127683.37
Merchant_A,dLocal,wallet,CO,0,20,20,18,2,0.9,97195.01
Merchant_A,dLocal,wallet,CO,0,21,22,20,2,0.9091,123038.6
Merchant_A,dLocal,wallet,CO,0,22,9,7,2,0.7778,130050.48
Merchant_A,dLocal,wallet,CO,0,23,8,8,0,1.0,128634.93
Merchant_A,dLocal,wallet,CO,1,0,6,4,2,0.6667,90062.11
Merchant_A,dLocal,wallet,CO,1,1,3,3,0,1.0,79916.96
Merchant_A,dLocal,wallet,CO,1,2,2,2,0,1.0,136349.64
Merchant_A,dLocal,wallet,CO,1,3,1,1,0,1.0,220800.17
Merchant_A,dLocal,wallet,CO,1,4,2,2,0,1.0,38654.31
Merchant_A,dLocal,wallet,CO,1,5,2,2,0,1.0,57523.4
Merchant_A,dLocal,wallet,CO,1,6,11,10,1,0.9091,115466.76
Merchant_A,dLocal,wallet,CO,1,7,24,24,0,1.0,113573.72
Merchant_A,dLocal,wallet,CO,1,8,33,32,1,0.9697,123799.18
Merchant_A,dLocal,wallet,CO,1,9,48,46,2,0.9583,130788.56
Merchant_A,dLocal,wallet,CO,1,10,78,68,10,0.8718,129795.53
Merchant_A,dLocal,wallet,CO,1,11,68,66,2,0.9706,125087.08
Merchant_A,dLocal,wallet,CO,1,12,76,67,9,0.8816,127360.48
Merchant_A,dLocal,wallet,CO,1,13,79,74,5,0.9367,120712.47
Merchant_A,dLocal,wallet,CO,1,14,69,66,3,0.9565,123672.28
Merchant_A,dLocal,wallet,CO,1,15,58,55,3,0.9483,131426.38
Merchant_A,dLocal,wallet,CO,1,16,52,46,6,0.8846,130268.62
Merchant_A,dLocal,wallet,CO,1,17,57,54,3,0.9474,105708.31
Merchant_A,dLocal,wallet,CO,1,18,51,49,2,0.9608,135804.7
Merchant_A,dLocal,wallet,CO,1,19,41,38,3,0.9268,135814.9
Merchant_A,dLocal,wallet,CO,1,20,27,24,3,0.8889,127882.87
Merchant_A,dLocal,wallet,CO,1,21,15,14,1,0.9333,111112.86
Merchant_A,dLocal,wallet,CO,1,22,7,6,1,0.8571,123127.8
Merchant_A,dLocal,wallet,CO,1,23,6,6,0,1.0,119030.03
Merchant_A,dLocal,wallet,CO,2,0,5,5,0,1.0,107937.79
Merchant_A,dLocal,wallet,CO,2,1,3,3,0,1.0,80524.13
Merchant_A,dLocal,wallet,CO,2,2,3,3,0,1.0,151240.17
Merchant_A,dLocal,wallet,CO,2,3,1,1,0,1.0,86004.92
Merchant_A,dLocal,wallet,CO,2,4,3,2,1,0.6667,139947.61
Merchant_A,dLocal,wallet,CO,2,5,5,5,0,1.0,121179.52
Merchant_A,dLocal,wallet,CO,2,6,15,15,0,1.0,103724.88
Merchant_A,dLocal,wallet,CO,2,7,24,23,1,0.9583,119424.43
Merchant_A,dLocal,wallet,CO,2,8,37,33,4,0.8919,132294.96
Merchant_A,dLocal,wallet,CO,2,9,48,46,2,0.9583,114617.21
Merchant_A,dLocal,wallet,CO,2,10,60,53,7,0.8833,128014.26
Merchant_A,dLocal,wallet,CO,2,11,71,64,7,0.9014,125066.94
Merchant_A,dLocal,wallet,CO,2,12,74,65,9,0.8784,108917.89
Merchant_A,dLocal,wallet,CO,2,13,60,58,2,0.9667,122115.84
Merchant_A,dLocal,wallet,CO,2,14,69,62,7,0.8986,125736.94
Merchant_A,dLocal,wallet,CO,2,15,50,48,2,0.96,126845.61
Merchant_A,dLocal,wallet,CO,2,16,47,42,5,0.8936,117142.59
Merchant_A,dLocal,wallet,CO,2,17,71,65,6,0.9155,122450.99
Merchant_A,dLocal,wallet,CO,2,18,57,50,7,0.8772,117542.45
Merchant_A,dLocal,wallet,CO,2,19,31,30,1,0.9677,137955.12
Merchant_A,dLocal,wallet,CO,2,20,29,29,0,1.0,139938.69
Merchant_A,dLocal,wallet,CO,2,21,10,9,1,0.9,128906.18
Merchant_A,dLocal,wallet,CO,2,22,8,6,2,0.75,134001.37
Merchant_A,dLocal,wallet,CO,2,23,9,9,0,1.0,127274.65
Merchant_A,dLocal,wallet,CO,3,0,13,11,2,0.8462,93792.36
Merchant_A,dLocal,wallet,CO,3,1,3,3,0,1.0,126176.25
Merchant_A,dLocal,wallet,CO,3,2,3,3,0,1.0,128134.87
Merchant_A,dLocal,wallet,CO,3,4,1,1,0,1.0,128887.05
Merchant_A,dLocal,wallet,CO,3,5,5,5,0,1.0,85631.0
Merchant_A,dLocal,wallet,CO,3,6,9,9,0,1.0,112573.58
Merchant_A,dLocal,wallet,CO,3,7,30,29,1,0.9667,114154.04
Merchant_A,dLocal,wallet,CO,3,8,42,41,1,0.9762,119731.26
Merchant_A,dLocal,wallet,CO,3,9,69,64,5,0.9275,117899.14
Merchant_A,dLocal,wallet,CO,3,10,57,53,4,0.9298,114586.03
Merchant_A,dLocal,wallet,CO,3,11,65,61,4,0.9385,123894.36
Merchant_A,dLocal,wallet,CO,3,12,73,67,6,0.9178,118027.13
Merchant_A,dLocal,wallet,CO,3,13,67,61,6,0.9104,123548.11
Merchant_A,dLocal,wallet,CO,3,14,71,66,5,0.9296,133794.82
Merchant_A,dLocal,wallet,CO,3,15,60,55,5,0.9167,120055.89
Merchant_A,dLocal,wallet,CO,3,16,56,51,5,0.9107,122766.59
Merchant_A,dLocal,wallet,CO,3,17,68,65,3,0.9559,130344.9
Merchant_A,dLocal,wallet,CO,3,18,42,37,5,0.881,120379.59
Merchant_A,dLocal,wallet,CO,3,19,41,35,6,0.8537,134572.91
Merchant_A,dLocal,wallet,CO,3,20,30,29,1,0.9667,121360.2
Merchant_A,dLocal,wallet,CO,3,21,10,10,0,1.0,101231.77
Merchant_A,dLocal,wallet,CO,3,22,13,12,1,0.9231,158988.47
Merchant_A,dLocal,wallet,CO,3,23,4,4,0,1.0,127960.9
Merchant_A,dLocal,wallet,CO,4,0,12,10,2,0.8333,148534.6
Merchant_A,dLocal,wallet,CO,4,1,8,8,0,1.0,143346.79
Merchant_A,dLocal,wallet,CO,4,2,1,1,0,1.0,101321.19
Merchant_A,dLocal,wallet,CO,4,3,2,2,0,1.0,136959.51
Merchant_A,dLocal,wallet,CO,4,4,1,1,0,1.0,108745.04
Merchant_A,dLocal,wallet,CO,4,5,6,6,0,1.0,95534.89
Merchant_A,dLocal,wallet,CO,4,6,14,14,0,1.0,104884.56
Merchant_A,dLocal,wallet,CO,4,7,41,37,4,0.9024,116856.65
Merchant_A,dLocal,wallet,CO,4,8,40,39,1,0.975,127297.3
Merchant_A,dLocal,wallet,CO,4,9,44,40,4,0.9091,118846.68
Merchant_A,dLocal,wallet,CO,4,10,78,74,4,0.9487,117835.49
Merchant_A,dLocal,wallet,CO,4,11,80,74,6,0.925,120557.29
Merchant_A,dLocal,wallet,CO,4,12,92,88,4,0.9565,115727.7
Merchant_A,dLocal,wallet,CO,4,13,61,58,3,0.9508,106989.3
Merchant_A,dLocal,wallet,CO,4,14,60,58,2,0.9667,127058.34
Merchant_A,dLocal,wallet,CO,4,15,68,65,3,0.9559,113009.25
Merchant_A,dLocal,wallet,CO,4,16,61,57,4,0.9344,141321.41
Merchant_A,dLocal,wallet,CO,4,17,50,44,6,0.88,121125.3
Merchant_A,dLocal,wallet,CO,4,18,44,43,1,0.9773,122726.21
Merchant_A,dLocal,wallet,CO,4,19,45,42,3,0.9333,122972.54
Merchant_A,dLocal,wallet,CO,4,20,30,30,0,1.0,131219.26
Merchant_A,dLocal,wallet,CO,4,21,15,13,2,0.8667,106513.64
Merchant_A,dLocal,wallet,CO,4,22,9,7,2,0.7778,105287.58
Merchant_A,dLocal,wallet,CO,4,23,7,7,0,1.0,126760.6
Merchant_A,dLocal,wallet,CO,5,0,5,4,1,0.8,76494.32
Merchant_A,dLocal,wallet,CO,5,1,6,6,0,1.0,161428.1
Merchant_A,dLocal,wallet,CO,5,2,3,2,1,0.6667,138803.51
Merchant_A,dLocal,wallet,CO,5,3,1,1,0,1.0,38461.57
Merchant_A,dLocal,wallet,CO,5,4,4,3,1,0.75,152121.93
Merchant_A,dLocal,wallet,CO,5,5,3,3,0,1.0,127824.49
Merchant_A,dLocal,wallet,CO,5,6,6,6,0,1.0,103446.39
Merchant_A,dLocal,wallet,CO,5,7,35,29,6,0.8286,118386.53
Merchant_A,dLocal,wallet,CO,5,8,42,38,4,0.9048,109044.36
Merchant_A,dLocal,wallet,CO,5,9,50,45,5,0.9,134945.64
Merchant_A,dLocal,wallet,CO,5,10,157,145,12,0.9236,117255.99
Merchant_A,dLocal,wallet,CO,5,11,67,60,7,0.8955,123421.76
Merchant_A,dLocal,wallet,CO,5,12,62,56,6,0.9032,125460.42
Merchant_A,dLocal,wallet,CO,5,13,64,59,5,0.9219,117485.03
Merchant_A,dLocal,wallet,CO,5,14,58,56,2,0.9655,119968.69
Merchant_A,dLocal,wallet,CO,5,15,59,53,6,0.8983,120416.9
Merchant_A,dLocal,wallet,CO,5,16,50,49,1,0.98,119090.48
Merchant_A,dLocal,wallet,CO,5,17,50,46,4,0.92,124081.31
Merchant_A,dLocal,wallet,CO,5,18,39,38,1,0.9744,113587.02
Merchant_A,dLocal,wallet,CO,5,19,43,39,4,0.907,130266.2
Merchant_A,dLocal,wallet,CO,5,20,25,23,2,0.92,119843.11
Merchant_A,dLocal,wallet,CO,5,21,16,15,1,0.9375,126675.15
Merchant_A,dLocal,wallet,CO,5,22,11,11,0,1.0,108792.26
Merchant_A,dLocal,wallet,CO,5,23,9,9,0,1.0,117228.68
Merchant_A,dLocal,wallet,CO,6,0,5,5,0,1.0,168134.71
Merchant_A,dLocal,wallet,CO,6,1,5,5,0,1.0,134012.48
Merchant_A,dLocal,wallet,CO,6,2,4,4,0,1.0,38771.27
Merchant_A,dLocal,wallet,CO,6,3,3,3,0,1.0,115254.65
Merchant_A,dLocal,wallet,CO,6,4,4,4,0,1.0,96804.0
Merchant_A,dLocal,wallet,CO,6,5,3,3,0,1.0,188335.14
Merchant_A,dLocal,wallet,CO,6,6,11,10,1,0.9091,109372.42
Merchant_A,dLocal,wallet,CO,6,7,16,15,1,0.9375,116477.4
Merchant_A,dLocal,wallet,CO,6,8,32,31,1,0.9688,109651.05
Merchant_A,dLocal,wallet,CO,6,9,49,43,6,0.8776,111265.03
Merchant_A,dLocal,wallet,CO,6,10,52,45,7,0.8654,128980.09
Merchant_A,dLocal,wallet,CO,6,11,62,56,6,0.9032,121195.24
Merchant_A,dLocal,wallet,CO,6,12,67,64,3,0.9552,140162.92
Merchant_A,dLocal,wallet,CO,6,13,53,44,9,0.8302,125452.59
Merchant_A,dLocal,wallet,CO,6,14,45,43,2,0.9556,119263.57
Merchant_A,dLocal,wallet,CO,6,15,57,51,6,0.8947,123130.04
Merchant_A,dLocal,wallet,CO,6,16,48,46,2,0.9583,128776.49
Merchant_A,dLocal,wallet,CO,6,17,51,46,5,0.902,130414.79
Merchant_A,dLocal,wallet,CO,6,18,43,38,5,0.8837,128176.78
Merchant_A,dLocal,wallet,CO,6,19,36,34,2,0.9444,104617.72
Merchant_A,dLocal,wallet,CO,6,20,31,30,1,0.9677,105051.42
Merchant_A,dLocal,wallet,CO,6,21,7,7,0,1.0,127095.74
Merchant_A,dLocal,wallet,CO,6,22,9,9,0,1.0,147139.92
Merchant_A,dLocal,wallet,CO,6,23,4,4,0,1.0,134430.43
Merchant_A,dLocal,wallet,MX,0,0,8,8,0,1.0,952.85
Merchant_A,dLocal,wallet,MX,0,1,1,1,0,1.0,721.58
Merchant_A,dLocal,wallet,MX,0,2,2,1,1,0.5,1154.97
Merchant_A,dLocal,wallet,MX,0,4,3,3,0,1.0,599.06
Merchant_A,dLocal,wallet,MX,0,5,6,5,1,0.8333,1178.65
Merchant_A,dLocal,wallet,MX,0,6,19,18,1,0.9474,933.1
Merchant_A,dLocal,wallet,MX,0,7,22,20,2,0.9091,899.51
Merchant_A,dLocal,wallet,MX,0,8,38,34,4,0.8947,951.47
Merchant_A,dLocal,wallet,MX,0,9,51,48,3,0.9412,928.5
Merchant_A,dLocal,wallet,MX,0,10,68,64,4,0.9412,899.01
Merchant_A,dLocal,wallet,MX,0,11,55,53,2,0.9636,1056.67
Merchant_A,dLocal,wallet,MX,0,12,56,52,4,0.9286,801.03
Merchant_A,dLocal,wallet,MX,0,13,65,61,4,0.9385,864.98
Merchant_A,dLocal,wallet,MX,0,14,55,52,3,0.9455,855.27
Merchant_A,dLocal,wallet,MX,0,15,54,49,5,0.9074,820.86
Merchant_A,dLocal,wallet,MX,0,16,44,42,2,0.9545,956.86
Merchant_A,dLocal,wallet,MX,0,17,54,50,4,0.9259,1050.77
Merchant_A,dLocal,wallet,MX,0,18,38,35,3,0.9211,966.28
Merchant_A,dLocal,wallet,MX,0,19,25,24,1,0.96,888.13
Merchant_A,dLocal,wallet,MX,0,20,29,28,1,0.9655,992.55
Merchant_A,dLocal,wallet,MX,0,21,14,13,1,0.9286,767.43
Merchant_A,dLocal,wallet,MX,0,22,5,5,0,1.0,664.25
Merchant_A,dLocal,wallet,MX,0,23,5,5,0,1.0,821.79
Merchant_A,dLocal,wallet,MX,1,0,6,6,0,1.0,654.82
Merchant_A,dLocal,wallet,MX,1,1,2,1,1,0.5,1113.3
Merchant_A,dLocal,wallet,MX,1,2,1,1,0,1.0,881.93
Merchant_A,dLocal,wallet,MX,1,3,2,1,1,0.5,1689.76
Merchant_A,dLocal,wallet,MX,1,4,2,2,0,1.0,734.98
Merchant_A,dLocal,wallet,MX,1,5,4,4,0,1.0,440.43
Merchant_A,dLocal,wallet,MX,1,6,12,12,0,1.0,1065.96
Merchant_A,dLocal,wallet,MX,1,7,29,26,3,0.8966,836.41
Merchant_A,dLocal,wallet,MX,1,8,30,26,4,0.8667,931.89
Merchant_A,dLocal,wallet,MX,1,9,59,53,6,0.8983,986.56
Merchant_A,dLocal,wallet,MX,1,10,80,74,6,0.925,858.87
Merchant_A,dLocal,wallet,MX,1,11,80,77,3,0.9625,829.03
Merchant_A,dLocal,wallet,MX,1,12,64,61,3,0.9531,835.43
Merchant_A,dLocal,wallet,MX,1,13,77,72,5,0.9351,891.49
Merchant_A,dLocal,wallet,MX,1,14,53,45,8,0.8491,927.0
Merchant_A,dLocal,wallet,MX,1,15,51,46,5,0.902,850.4
Merchant_A,dLocal,wallet,MX,1,16,55,54,1,0.9818,874.06
Merchant_A,dLocal,wallet,MX,1,17,48,44,4,0.9167,1077.33
Merchant_A,dLocal,wallet,MX,1,18,38,36,2,0.9474,834.75
Merchant_A,dLocal,wallet,MX,1,19,48,45,3,0.9375,875.32
Merchant_A,dLocal,wallet,MX,1,20,28,27,1,0.9643,847.8
Merchant_A,dLocal,wallet,MX,1,21,12,12,0,1.0,946.83
Merchant_A,dLocal,wallet,MX,1,22,12,12,0,1.0,1113.12
Merchant_A,dLocal,wallet,MX,1,23,13,13,0,1.0,1006.48
Merchant_A,dLocal,wallet,MX,2,0,7,6,1,0.8571,1166.85
Merchant_A,dLocal,wallet,MX,2,1,6,5,1,0.8333,797.56
Merchant_A,dLocal,wallet,MX,2,2,4,4,0,1.0,1031.79
Merchant_A,dLocal,wallet,MX,2,3,1,1,0,1.0,1735.05
Merchant_A,dLocal,wallet,MX,2,4,3,3,0,1.0,1059.5
Merchant_A,dLocal,wallet,MX,2,5,10,10,0,1.0,951.65
Merchant_A,dLocal,wallet,MX,2,6,12,11,1,0.9167,901.5
Merchant_A,dLocal,wallet,MX,2,7,32,30,2,0.9375,878.34
Merchant_A,dLocal,wallet,MX,2,8,55,49,6,0.8909,823.68
Merchant_A,dLocal,wallet,MX,2,9,51,45,6,0.8824,839.41
Merchant_A,dLocal,wallet,MX,2,10,69,66,3,0.9565,924.93
Merchant_A,dLocal,wallet,MX,2,11,74,68,6,0.9189,915.53
Merchant_A,dLocal,wallet,MX,2,12,79,74,5,0.9367,872.33
Merchant_A,dLocal,wallet,MX,2,13,83,80,3,0.9639,970.68
Merchant_A,dLocal,wallet,MX,2,14,74,70,4,0.9459,887.25
Merchant_A,dLocal,wallet,MX,2,15,68,64,4,0.9412,835.57
Merchant_A,dLocal,wallet,MX,2,16,58,51,7,0.8793,931.7
Merchant_A,dLocal,wallet,MX,2,17,54,51,3,0.9444,997.11
Merchant_A,dLocal,wallet,MX,2,18,49,47,2,0.9592,989.68
Merchant_A,dLocal,wallet,MX,2,19,39,36,3,0.9231,909.73
Merchant_A,dLocal,wallet,MX,2,20,22,21,1,0.9545,975.67
Merchant_A,dLocal,wallet,MX,2,21,22,21,1,0.9545,729.18
Merchant_A,dLocal,wallet,MX,2,22,9,7,2,0.7778,937.6
Merchant_A,dLocal,wallet,MX,2,23,9,9,0,1.0,1069.54
Merchant_A,dLocal,wallet,MX,3,0,12,11,1,0.9167,730.16
Merchant_A,dLocal,wallet,MX,3,1,7,7,0,1.0,899.5
Merchant_A,dLocal,wallet,MX,3,2,3,3,0,1.0,1186.06
Merchant_A,dLocal,wallet,MX,3,4,7,7,0,1.0,861.35
Merchant_A,dLocal,wallet,MX,3,5,3,2,1,0.6667,957.12
Merchant_A,dLocal,wallet,MX,3,6,11,11,0,1.0,1112.75
Merchant_A,dLocal,wallet,MX,3,7,30,29,1,0.9667,983.65
Merchant_A,dLocal,wallet,MX,3,8,44,40,4,0.9091,998.31
Merchant_A,dLocal,wallet,MX,3,9,43,41,2,0.9535,1001.48
Merchant_A,dLocal,wallet,MX,3,10,55,53,2,0.9636,953.76
Merchant_A,dLocal,wallet,MX,3,11,57,54,3,0.9474,952.78
Merchant_A,dLocal,wallet,MX,3,12,94,87,7,0.9255,816.18
Merchant_A,dLocal,wallet,MX,3,13,65,60,5,0.9231,1035.89
Merchant_A,dLocal,wallet,MX,3,14,69,68,1,0.9855,924.05
Merchant_A,dLocal,wallet,MX,3,15,68,62,6,0.9118,885.09
Merchant_A,dLocal,wallet,MX,3,16,57,51,6,0.8947,1021.64
Merchant_A,dLocal,wallet,MX,3,17,56,53,3,0.9464,841.95
Merchant_A,dLocal,wallet,MX,3,18,55,47,8,0.8545,907.81
Merchant_A,dLocal,wallet,MX,3,19,35,29,6,0.8286,947.9
Merchant_A,dLocal,wallet,MX,3,20,34,33,1,0.9706,860.83
Merchant_A,dLocal,wallet,MX,3,21,15,14,1,0.9333,893.81
Merchant_A,dLocal,wallet,MX,3,22,4,4,0,1.0,1129.24
Merchant_A,dLocal,wallet,MX,3,23,5,5,0,1.0,657.55
Merchant_A,dLocal,wallet,MX,4,0,5,5,0,1.0,1013.36
Merchant_A,dLocal,wallet,MX,4,1,5,4,1,0.8,773.11
Merchant_A,dLocal,wallet,MX,4,2,3,3,0,1.0,940.51
Merchant_A,dLocal,wallet,MX,4,3,2,2,0,1.0,765.63
Merchant_A,dLocal,wallet,MX,4,4,3,3,0,1.0,669.18
Merchant_A,dLocal,wallet,MX,4,5,3,3,0,1.0,967.92
Merchant_A,dLocal,wallet,MX,4,6,13,13,0,1.0,918.12
Merchant_A,dLocal,wallet,MX,4,7,26,25,1,0.9615,844.46
Merchant_A,dLocal,wallet,MX,4,8,36,36,0,1.0,907.74
Merchant_A,dLocal,wallet,MX,4,9,61,53,8,0.8689,929.58
Merchant_A,dLocal,wallet,MX,4,10,64,61,3,0.9531,874.02
Merchant_A,dLocal,wallet,MX,4,11,64,61,3,0.9531,896.16
Merchant_A,dLocal,wallet,MX,4,12,81,74,7,0.9136,956.5
Merchant_A,dLocal,wallet,MX,4,13,63,54,9,0.8571,986.55
Merchant_A,dLocal,wallet,MX,4,14,54,50,4,0.9259,968.33
Merchant_A,dLocal,wallet,MX,4,15,76,69,7,0.9079,910.13
Merchant_A,dLocal,wallet,MX,4,16,62,53,9,0.8548,892.98
Merchant_A,dLocal,wallet,MX,4,17,60,51,9,0.85,869.92
Merchant_A,dLocal,wallet,MX,4,18,55,49,6,0.8909,738.79
Merchant_A,dLocal,wallet,MX,4,19,38,33,5,0.8684,943.01
Merchant_A,dLocal,wallet,MX,4,20,29,29,0,1.0,922.96
Merchant_A,dLocal,wallet,MX,4,21,18,15,3,0.8333,1040.87
Merchant_A,dLocal,wallet,MX,4,22,3,2,1,0.6667,1384.7
Merchant_A,dLocal,wallet,MX,4,23,8,8,0,1.0,978.72
Merchant_A,dLocal,wallet,MX,5,0,3,3,0,1.0,1033.03
Merchant_A,dLocal,wallet,MX,5,1,6,6,0,1.0,670.96
Merchant_A,dLocal,wallet,MX,5,2,3,3,0,1.0,1263.44
Merchant_A,dLocal,wallet,MX,5,3,3,3,0,1.0,576.83
Merchant_A,dLocal,wallet,MX,5,4,3,3,0,1.0,504.18
Merchant_A,dLocal,wallet,MX,5,5,4,4,0,1.0,613.95
Merchant_A,dLocal,wallet,MX,5,6,20,18,2,0.9,927.45
Merchant_A,dLocal,wallet,MX,5,7,28,27,1,0.9643,943.12
Merchant_A,dLocal,wallet,MX,5,8,40,37,3,0.925,808.16
Merchant_A,dLocal,wallet,MX,5,9,59,54,5,0.9153,1064.89
Merchant_A,dLocal,wallet,MX,5,10,116,102,14,0.8793,912.35
Merchant_A,dLocal,wallet,MX,5,11,57,52,5,0.9123,951.26
Merchant_A,dLocal,wallet,MX,5,12,77,70,7,0.9091,959.22
Merchant_A,dLocal,wallet,MX,5,13,63,56,7,0.8889,960.26
Merchant_A,dLocal,wallet,MX,5,14,50,48,2,0.96,915.0
Merchant_A,dLocal,wallet,MX,5,15,63,61,2,0.9683,1038.73
Merchant_A,dLocal,wallet,MX,5,16,55,49,6,0.8909,992.05
Merchant_A,dLocal,wallet,MX,5,17,42,38,4,0.9048,918.94
Merchant_A,dLocal,wallet,MX,5,18,53,50,3,0.9434,868.22
Merchant_A,dLocal,wallet,MX,5,19,43,40,3,0.9302,813.45
Merchant_A,dLocal,wallet,MX,5,20,31,30,1,0.9677,904.23
Merchant_A,dLocal,wallet,MX,5,21,21,20,1,0.9524,900.74
Merchant_A,dLocal,wallet,MX,5,22,10,8,2,0.8,1066.59
Merchant_A,dLocal,wallet,MX,5,23,8,8,0,1.0,995.48
Merchant_A,dLocal,wallet,MX,6,0,3,2,1,0.6667,868.52
Merchant_A,dLocal,wallet,MX,6,1,4,3,1,0.75,899.97
Merchant_A,dLocal,wallet,MX,6,2,2,2,0,1.0,1296.06
Merchant_A,dLocal,wallet,MX,6,3,4,3,1,0.75,1093.04
Merchant_A,dLocal,wallet,MX,6,4,3,3,0,1.0,1023.55
Merchant_A,dLocal,wallet,MX,6,5,3,3,0,1.0,685.94
Merchant_A,dLocal,wallet,MX,6,6,16,16,0,1.0,808.27
Merchant_A,dLocal,wallet,MX,6,7,36,34,2,0.9444,946.51
Merchant_A,dLocal,wallet,MX,6,8,37,36,1,0.973,936.0
Merchant_A,dLocal,wallet,MX,6,9,51,47,4,0.9216,867.93
Merchant_A,dLocal,wallet,MX,6,10,52,46,6,0.8846,857.64
Merchant_A,dLocal,wallet,MX,6,11,60,57,3,0.95,950.59
Merchant_A,dLocal,wallet,MX,6,12,63,57,6,0.9048,897.52
Merchant_A,dLocal,wallet,MX,6,13,81,71,10,0.8765,841.97
Merchant_A,dLocal,wallet,MX,6,14,44,41,3,0.9318,931.08
Merchant_A,dLocal,wallet,MX,6,15,45,43,2,0.9556,882.92
Merchant_A,dLocal,wallet,MX,6,16,58,57,1,0.9828,894.61
Merchant_A,dLocal,wallet,MX,6,17,57,56,1,0.9825,833.32
Merchant_A,dLocal,wallet,MX,6,18,50,44,6,0.88,906.9
Merchant_A,dLocal,wallet,MX,6,19,38,35,3,0.9211,989.06
Merchant_A,dLocal,wallet,MX,6,20,24,23,1,0.9583,878.78
Merchant_A,dLocal,wallet,MX,6,21,7,6,1,0.8571,1009.11
Merchant_A,dLocal,wallet,MX,6,22,9,9,0,1.0,1046.55
Merchant_A,dLocal,wallet,MX,6,23,5,5,0,1.0,776.42
Merchant_B,Adyen,PIX,BR,0,0,4,4,0,1.0,165.96
Merchant_B,Adyen,PIX,BR,0,1,2,2,0,1.0,368.56
Merchant_B,Adyen,PIX,BR,0,2,2,2,0,1.0,347.25
Merchant_B,Adyen,PIX,BR,0,3,1,1,0,1.0,338.05
Merchant_B,Adyen,PIX,BR,0,4,1,1,0,1.0,246.96
Merchant_B,Adyen,PIX,BR,0,5,4,4,0,1.0,225.94
Merchant_B,Adyen,PIX,BR,0,6,11,11,0,1.0,272.83
Merchant_B,Adyen,PIX,BR,0,7,18,18,0,1.0,292.43
Merchant_B,Adyen,PIX,BR,0,8,49,47,2,0.9592,322.2
Merchant_B,Adyen,PIX,BR,0,9,49,48,1,0.9796,265.9
Merchant_B,Adyen,PIX,BR,0,10,47,44,3,0.9362,275.82
Merchant_B,Adyen,PIX,BR,0,11,55,51,4,0.9273,324.73
Merchant_B,Adyen,PIX,BR,0,12,76,72,4,0.9474,339.06
Merchant_B,Adyen,PIX,BR,0,13,65,60,5,0.9231,271.19
Merchant_B,Adyen,PIX,BR,0,14,70,68,2,0.9714,310.92
Merchant_B,Adyen,PIX,BR,0,15,54,52,2,0.963,314.48
Merchant_B,Adyen,PIX,BR,0,16,55,52,3,0.9455,269.11
Merchant_B,Adyen,PIX,BR,0,17,51,50,1,0.9804,275.0
Merchant_B,Adyen,PIX,BR,0,18,37,34,3,0.9189,299.13
Merchant_B,Adyen,PIX,BR,0,19,29,29,0,1.0,257.82
Merchant_B,Adyen,PIX,BR,0,20,29,29,0,1.0,304.06
Merchant_B,Adyen,PIX,BR,0,21,18,18,0,1.0,282.6
Merchant_B,Adyen,PIX,BR,0,22,7,7,0,1.0,279.33
Merchant_B,Adyen,PIX,BR,0,23,5,5,0,1.0,253.73
Merchant_B,Adyen,PIX,BR,1,0,3,3,0,1.0,374.19
Merchant_B,Adyen,PIX,BR,1,1,5,4,1,0.8,226.63
Merchant_B,Adyen,PIX,BR,1,2,2,2,0,1.0,523.53
Merchant_B,Adyen,PIX,BR,1,3,3,3,0,1.0,184.75
Merchant_B,Adyen,PIX,BR,1,4,1,1,0,1.0,69.73
Merchant_B,Adyen,PIX,BR,1,5,4,4,0,1.0,382.28
Merchant_B,Adyen,PIX,BR,1,6,16,16,0,1.0,291.7
Merchant_B,Adyen,PIX,BR,1,7,18,15,3,0.8333,281.01
Merchant_B,Adyen,PIX,BR,1,8,35,33,2,0.9429,266.84
Merchant_B,Adyen,PIX,BR,1,9,38,35,3,0.9211,259.15
Merchant_B,Adyen,PIX,BR,1,10,77,75,2,0.974,304.14
Merchant_B,Adyen,PIX,BR,1,11,72,65,7,0.9028,295.27
Merchant_B,Adyen,PIX,BR,1,12,70,67,3,0.9571,290.92
Merchant_B,Adyen,PIX,BR,1,13,69,66,3,0.9565,308.13
Merchant_B,Adyen,PIX,BR,1,14,51,48,3,0.9412,241.58
Merchant_B,Adyen,PIX,BR,1,15,61,58,3,0.9508,273.7
Merchant_B,Adyen,PIX,BR,1,16,49,47,2,0.9592,284.26
Merchant_B,Adyen,PIX,BR,1,17,47,45,2,0.9574,307.6
Merchant_B,Adyen,PIX,BR,1,18,52,51,1,0.9808,314.29
Merchant_B,Adyen,PIX,BR,1,19,41,38,3,0.9268,261.12
Merchant_B,Adyen,PIX,BR,1,20,20,20,0,1.0,282.59
Merchant_B,Adyen,PIX,BR,1,21,16,14,2,0.875,333.18
Merchant_B,Adyen,PIX,BR,1,22,11,11,0,1.0,274.27
Merchant_B,Adyen,PIX,BR,1,23,9,9,0,1.0,240.3
Merchant_B,Adyen,PIX,BR,2,0,5,5,0,1.0,319.75
Merchant_B,Adyen,PIX,BR,2,1,3,3,0,1.0,360.76
Merchant_B,Adyen,PIX,BR,2,2,4,4,0,1.0,243.84
Merchant_B,Adyen,PIX,BR,2,3,3,3,0,1.0,314.98
Merchant_B,Adyen,PIX,BR,2,4,2,2,0,1.0,425.54
Merchant_B,Adyen,PIX,BR,2,5,1,1,0,1.0,40.07
Merchant_B,Adyen,PIX,BR,2,6,12,11,1,0.9167,325.99
Merchant_B,Adyen,PIX,BR,2,7,27,26,1,0.963,282.89
Merchant_B,Adyen,PIX,BR,2,8,37,36,1,0.973,309.03
Merchant_B,Adyen,PIX,BR,2,9,46,45,1,0.9783,312.52
Merchant_B,Adyen,PIX,BR,2,10,72,71,1,0.9861,283.48
Merchant_B,Adyen,PIX,BR,2,11,75,71,4,0.9467,265.28
Merchant_B,Adyen,PIX,BR,2,12,72,69,3,0.9583,256.13
Merchant_B,Adyen,PIX,BR,2,13,66,62,4,0.9394,277.16
Merchant_B,Adyen,PIX,BR,2,14,55,51,4,0.9273,285.97
Merchant_B,Adyen,PIX,BR,2,15,51,50,1,0.9804,290.57
Merchant_B,Adyen,PIX,BR,2,16,56,55,1,0.9821,319.18
Merchant_B,Adyen,PIX,BR,2,17,58,53,5,0.9138,263.43
Merchant_B,Adyen,PIX,BR,2,18,42,41,1,0.9762,253.22
Merchant_B,Adyen,PIX,BR,2,19,46,44,2,0.9565,261.67
Merchant_B,Adyen,PIX,BR,2,20,24,22,2,0.9167,220.31
Merchant_B,Adyen,PIX,BR,2,21,24,23,1,0.9583,289.38
Merchant_B,Adyen,PIX,BR,2,22,13,11,2,0.8462,280.95
Merchant_B,Adyen,PIX,BR,2,23,14,13,1,0.9286,250.93
Merchant_B,Adyen,PIX,BR,3,0,8,7,1,0.875,257.73
Merchant_B,Adyen,PIX,BR,3,1,1,1,0,1.0,340.31
Merchant_B,Adyen,PIX,BR,3,2,2,2,0,1.0,213.36
Merchant_B,Adyen,PIX,BR,3,3,3,3,0,1.0,430.78
Merchant_B,Adyen,PIX,BR,3,4,3,3,0,1.0,451.27
Merchant_B,Adyen,PIX,BR,3,5,8,8,0,1.0,335.2
Merchant_B,Adyen,PIX,BR,3,6,10,10,0,1.0,255.74
Merchant_B,Adyen,PIX,BR,3,7,24,23,1,0.9583,260.49
Merchant_B,Adyen,PIX,BR,3,8,29,28,1,0.9655,276.98
Merchant_B,Adyen,PIX,BR,3,9,51,44,7,0.8627,298.47
Merchant_B,Adyen,PIX,BR,3,10,67,67,0,1.0,293.45
Merchant_B,Adyen,PIX,BR,3,11,52,51,1,0.9808,316.31
Merchant_B,Adyen,PIX,BR,3,12,72,67,5,0.9306,304.28
Merchant_B,Adyen,PIX,BR,3,13,90,85,5,0.9444,277.99
Merchant_B,Adyen,PIX,BR,3,14,60,57,3,0.95,288.53
Merchant_B,Adyen,PIX,BR,3,15,65,64,1,0.9846,290.08
Merchant_B,Adyen,PIX,BR,3,16,70,64,6,0.9143,272.83
Merchant_B,Adyen,PIX,BR,3,17,51,49,2,0.9608,325.81
Merchant_B,Adyen,PIX,BR,3,18,57,55,2,0.9649,290.0
Merchant_B,Adyen,PIX,BR,3,19,45,44,1,0.9778,245.1
Merchant_B,Adyen,PIX,BR,3,20,24,21,3,0.875,272.95
Merchant_B,Adyen,PIX,BR,3,21,20,18,2,0.9,272.95
Merchant_B,Adyen,PIX,BR,3,22,7,7,0,1.0,340.52
Merchant_B,Adyen,PIX,BR,3,23,7,7,0,1.0,321.0
Merchant_B,Adyen,PIX,BR,4,0,4,4,0,1.0,316.29
Merchant_B,Adyen,PIX,BR,4,1,3,3,0,1.0,363.71
Merchant_B,Adyen,PIX,BR,4,2,4,4,0,1.0,442.76
Merchant_B,Adyen,PIX,BR,4,3,2,2,0,1.0,389.14
Merchant_B,Adyen,PIX,BR,4,4,7,7,0,1.0,364.9
Merchant_B,Adyen,PIX,BR,4,5,5,5,0,1.0,223.35
Merchant_B,Adyen,PIX,BR,4,6,11,10,1,0.9091,207.25
Merchant_B,Adyen,PIX,BR,4,7,24,24,0,1.0,243.28
Merchant_B,Adyen,PIX,BR,4,8,37,36,1,0.973,291.46
Merchant_B,Adyen,PIX,BR,4,9,59,57,2,0.9661,283.38
Merchant_B,Adyen,PIX,BR,4,10,67,64,3,0.9552,308.64
Merchant_B,Adyen,PIX,BR,4,11,68,66,2,0.9706,292.1
Merchant_B,Adyen,PIX,BR,4,12,69,66,3,0.9565,295.37
Merchant_B,Adyen,PIX,BR,4,13,65,64,1,0.9846,256.95
Merchant_B,Adyen,PIX,BR,4,14,67,62,5,0.9254,296.33
Merchant_B,Adyen,PIX,BR,4,15,66,62,4,0.9394,306.89
Merchant_B,Adyen,PIX,BR,4,16,60,54,6,0.9,254.49
Merchant_B,Adyen,PIX,BR,4,17,45,43,2,0.9556,251.41
Merchant_B,Adyen,PIX,BR,4,18,59,57,2,0.9661,274.44
Merchant_B,Adyen,PIX,BR,4,19,49,47,2,0.9592,279.41
Merchant_B,Adyen,PIX,BR,4,20,29,28,1,0.9655,244.11
Merchant_B,Adyen,PIX,BR,4,21,11,11,0,1.0,312.6
Merchant_B,Adyen,PIX,BR,4,22,11,11,0,1.0,251.78
Merchant_B,Adyen,PIX,BR,4,23,5,5,0,1.0,405.58
Merchant_B,Adyen,PIX,BR,5,0,6,5,1,0.8333,242.43
Merchant_B,Adyen,PIX,BR,5,1,4,4,0,1.0,315.94
Merchant_B,Adyen,PIX,BR,5,2,1,1,0,1.0,227.67
Merchant_B,Adyen,PIX,BR,5,3,3,3,0,1.0,212.39
Merchant_B,Adyen,PIX,BR,5,4,3,3,0,1.0,308.21
Merchant_B,Adyen,PIX,BR,5,5,7,7,0,1.0,195.08
Merchant_B,Adyen,PIX,BR,5,6,11,11,0,1.0,295.87
Merchant_B,Adyen,PIX,BR,5,7,38,36,2,0.9474,305.83
Merchant_B,Adyen,PIX,BR,5,8,40,39,1,0.975,248.97
Merchant_B,Adyen,PIX,BR,5,9,49,48,1,0.9796,289.95
Merchant_B,Adyen,PIX,BR,5,10,142,133,9,0.9366,294.25
Merchant_B,Adyen,PIX,BR,5,11,65,63,2,0.9692,261.03
Merchant_B,Adyen,PIX,BR,5,12,76,71,5,0.9342,283.68
Merchant_B,Adyen,PIX,BR,5,13,68,67,1,0.9853,270.15
Merchant_B,Adyen,PIX,BR,5,14,58,54,4,0.931,267.53
Merchant_B,Adyen,PIX,BR,5,15,56,52,4,0.9286,296.94
Merchant_B,Adyen,PIX,BR,5,16,45,43,2,0.9556,246.52
Merchant_B,Adyen,PIX,BR,5,17,40,39,1,0.975,268.37
Merchant_B,Adyen,PIX,BR,5,18,44,39,5,0.8864,262.22
Merchant_B,Adyen,PIX,BR,5,19,38,36,2,0.9474,310.26
Merchant_B,Adyen,PIX,BR,5,20,28,24,4,0.8571,267.61
Merchant_B,Adyen,PIX,BR,5,21,11,11,0,1.0,304.26
Merchant_B,Adyen,PIX,BR,5,22,6,6,0,1.0,295.14
Merchant_B,Adyen,PIX,BR,5,23,7,7,0,1.0,244.76
Merchant_B,Adyen,PIX,BR,6,0,3,3,0,1.0,149.28
Merchant_B,Adyen,PIX,BR,6,1,4,4,0,1.0,280.86
Merchant_B,Adyen,PIX,BR,6,2,4,4,0,1.0,330.68
Merchant_B,Adyen,PIX,BR,6,3,3,3,0,1.0,257.97
Merchant_B,Adyen,PIX,BR,6,5,7,7,0,1.0,308.51
Merchant_B,Adyen,PIX,BR,6,6,10,10,0,1.0,256.34
Merchant_B,Adyen,PIX,BR,6,7,17,17,0,1.0,324.11
Merchant_B,Adyen,PIX,BR,6,8,41,37,4,0.9024,269.52
Merchant_B,Adyen,PIX,BR,6,9,58,53,5,0.9138,291.05
Merchant_B,Adyen,PIX,BR,6,10,61,59,2,0.9672,287.74
Merchant_B,Adyen,PIX,BR,6,11,58,55,3,0.9483,278.89
Merchant_B,Adyen,PIX,BR,6,12,77,74,3,0.961,309.07
Merchant_B,Adyen,PIX,BR,6,13,57,55,2,0.9649,294.56
Merchant_B,Adyen,PIX,BR,6,14,58,55,3,0.9483,285.08
Merchant_B,Adyen,PIX,BR,6,15,58,57,1,0.9828,298.57
Merchant_B,Adyen,PIX,BR,6,16,44,42,2,0.9545,324.08
Merchant_B,Adyen,PIX,BR,6,17,50,49,1,0.98,310.13
Merchant_B,Adyen,PIX,BR,6,18,41,39,2,0.9512,284.78
Merchant_B,Adyen,PIX,BR,6,19,43,43,0,1.0,320.58
Merchant_B,Adyen,PIX,BR,6,20,20,19,1,0.95,273.21
Merchant_B,Adyen,PIX,BR,6,21,12,12,0,1.0,308.23
Merchant_B,Adyen,PIX,BR,6,22,5,4,1,0.8,278.4
Merchant_B,Adyen,PIX,BR,6,23,6,6,0,1.0,226.24
Merchant_B,Adyen,PSE,CO,0,0,9,7,2,0.7778,125320.15
Merchant_B,Adyen,PSE,CO,0,1,6,6,0,1.0,146369.6
Merchant_B,Adyen,PSE,CO,0,2,1,1,0,1.0,188548.87
Merchant_B,Adyen,PSE,CO,0,4,4,4,0,1.0,200488.22
Merchant_B,Adyen,PSE,CO,0,5,4,3,1,0.75,154278.6
Merchant_B,Adyen,PSE,CO,0,6,12,11,1,0.9167,144265.52
Merchant_B,Adyen,PSE,CO,0,7,23,18,5,0.7826,108863.83
Merchant_B,Adyen,PSE,CO,0,8,37,31,6,0.8378,109513.47
Merchant_B,Adyen,PSE,CO,0,9,47,42,5,0.8936,138418.32
Merchant_B,Adyen,PSE,CO,0,10,50,44,6,0.88,112721.39
Merchant_B,Adyen,PSE,CO,0,11,70,57,13,0.8143,125917.57
Merchant_B,Adyen,PSE,CO,0,12,58,51,7,0.8793,117092.14
Merchant_B,Adyen,PSE,CO,0,13,55,49,6,0.8909,109017.13
Merchant_B,Adyen,PSE,CO,0,14,57,48,9,0.8421,110584.18
Merchant_B,Adyen,PSE,CO,0,15,49,41,8,0.8367,118094.52
Merchant_B,Adyen,PSE,CO,0,16,36,32,4,0.8889,124748.05
Merchant_B,Adyen,PSE,CO,0,17,42,37,5,0.881,129848.31
Merchant_B,Adyen,PSE,CO,0,18,52,42,10,0.8077,110039.85
Merchant_B,Adyen,PSE,CO,0,19,41,36,5,0.878,101749.54
Merchant_B,Adyen,PSE,CO,0,20,27,21,6,0.7778,125238.95
Merchant_B,Adyen,PSE,CO,0,21,10,9,1,0.9,76426.76
Merchant_B,Adyen,PSE,CO,0,22,13,10,3,0.7692,133221.67
Merchant_B,Adyen,PSE,CO,0,23,4,4,0,1.0,89435.46
Merchant_B,Adyen,PSE,CO,1,0,9,7,2,0.7778,150443.47
Merchant_B,Adyen,PSE,CO,1,1,2,2,0,1.0,155122.65
Merchant_B,Adyen,PSE,CO,1,3,3,3,0,1.0,105455.88
Merchant_B,Adyen,PSE,CO,1,4,5,4,1,0.8,124896.95
Merchant_B,Adyen,PSE,CO,1,5,10,7,3,0.7,83646.56
Merchant_B,Adyen,PSE,CO,1,6,18,17,1,0.9444,120741.32
Merchant_B,Adyen,PSE,CO,1,7,31,29,2,0.9355,121285.44
Merchant_B,Adyen,PSE,CO,1,8,29,28,1,0.9655,127196.89
Merchant_B,Adyen,PSE,CO,1,9,48,41,7,0.8542,123959.02
Merchant_B,Adyen,PSE,CO,1,10,69,65,4,0.942,115974.01
Merchant_B,Adyen,PSE,CO,1,11,61,51,10,0.8361,127036.02
Merchant_B,Adyen,PSE,CO,1,12,70,61,9,0.8714,125138.57
Merchant_B,Adyen,PSE,CO,1,13,68,64,4,0.9412,109847.9
Merchant_B,Adyen,PSE,CO,1,14,53,49,4,0.9245,118900.11
Merchant_B,Adyen,PSE,CO,1,15,58,52,6,0.8966,116372.38
Merchant_B,Adyen,PSE,CO,1,16,50,44,6,0.88,120811.61
Merchant_B,Adyen,PSE,CO,1,17,51,46,5,0.902,122074.34
Merchant_B,Adyen,PSE,CO,1,18,38,33,5,0.8684,153237.16
Merchant_B,Adyen,PSE,CO,1,19,44,41,3,0.9318,114584.93
Merchant_B,Adyen,PSE,CO,1,20,24,20,4,0.8333,141169.85
Merchant_B,Adyen,PSE,CO,1,21,20,19,1,0.95,99318.19
Merchant_B,Adyen,PSE,CO,1,22,13,13,0,1.0,115059.73
Merchant_B,Adyen,PSE,CO,1,23,5,5,0,1.0,95487.02
Merchant_B,Adyen,PSE,CO,2,0,7,6,1,0.8571,104647.01
Merchant_B,Adyen,PSE,CO,2,1,3,3,0,1.0,123732.45
Merchant_B,Adyen,PSE,CO,2,2,2,2,0,1.0,107220.98
Merchant_B,Adyen,PSE,CO,2,3,2,2,0,1.0,105401.64
Merchant_B,Adyen,PSE,CO,2,4,5,4,1,0.8,150627.78
Merchant_B,Adyen,PSE,CO,2,5,7,7,0,1.0,90284.18
Merchant_B,Adyen,PSE,CO,2,6,14,14,0,1.0,128699.27
Merchant_B,Adyen,PSE,CO,2,7,31,26,5,0.8387,129686.44
Merchant_B,Adyen,PSE,CO,2,8,40,38,2,0.95,118136.35
Merchant_B,Adyen,PSE,CO,2,9,60,46,14,0.7667,117205.62
Merchant_B,Adyen,PSE,CO,2,10,77,68,9,0.8831,120340.02
Merchant_B,Adyen,PSE,CO,2,11,76,68,8,0.8947,135384.19
Merchant_B,Adyen,PSE,CO,2,12,66,61,5,0.9242,122128.19
Merchant_B,Adyen,PSE,CO,2,13,72,65,7,0.9028,125211.48
Merchant_B,Adyen,PSE,CO,2,14,57,51,6,0.8947,126441.88
Merchant_B,Adyen,PSE,CO,2,15,49,46,3,0.9388,126274.06
Merchant_B,Adyen,PSE,CO,2,16,61,56,5,0.918,119356.76
Merchant_B,Adyen,PSE,CO,2,17,51,43,8,0.8431,127922.23
Merchant_B,Adyen,PSE,CO,2,18,40,38,2,0.95,143778.27
Merchant_B,Adyen,PSE,CO,2,19,48,41,7,0.8542,119122.13
Merchant_B,Adyen,PSE,CO,2,20,24,21,3,0.875,106820.05
Merchant_B,Adyen,PSE,CO,2,21,15,13,2,0.8667,114290.53
Merchant_B,Adyen,PSE,CO,2,22,9,7,2,0.7778,100743.93
Merchant_B,Adyen,PSE,CO,2,23,11,10,1,0.9091,119613.02
Merchant_B,Adyen,PSE,CO,3,0,5,5,0,1.0,65410.62
Merchant_B,Adyen,PSE,CO,3,1,5,4,1,0.8,119365.91
Merchant_B,Adyen,PSE,CO,3,2,4,3,1,0.75,66506.62
Merchant_B,Adyen,PSE,CO,3,3,5,4,1,0.8,102597.78
Merchant_B,Adyen,PSE,CO,3,4,2,2,0,1.0,128970.82
Merchant_B,Adyen,PSE,CO,3,5,8,8,0,1.0,127526.18
Merchant_B,Adyen,PSE,CO,3,6,18,16,2,0.8889,152099.82
Merchant_B,Adyen,PSE,CO,3,7,25,23,2,0.92,114418.58
Merchant_B,Adyen,PSE,CO,3,8,53,49,4,0.9245,123663.29
Merchant_B,Adyen,PSE,CO,3,9,52,45,7,0.8654,122663.4
Merchant_B,Adyen,PSE,CO,3,10,57,49,8,0.8596,132700.27
Merchant_B,Adyen,PSE,CO,3,11,62,52,10,0.8387,116175.41
Merchant_B,Adyen,PSE,CO,3,12,72,60,12,0.8333,127529.31
Merchant_B,Adyen,PSE,CO,3,13,67,59,8,0.8806,119149.44
Merchant_B,Adyen,PSE,CO,3,14,70,60,10,0.8571,123885.52
Merchant_B,Adyen,PSE,CO,3,15,60,52,8,0.8667,126057.85
Merchant_B,Adyen,PSE,CO,3,16,64,53,11,0.8281,131563.1
Merchant_B,Adyen,PSE,CO,3,17,58,48,10,0.8276,122589.38
Merchant_B,Adyen,PSE,CO,3,18,45,40,5,0.8889,103516.41
Merchant_B,Adyen,PSE,CO,3,19,34,28,6,0.8235,114774.41
Merchant_B,Adyen,PSE,CO,3,20,28,22,6,0.7857,113787.38
Merchant_B,Adyen,PSE,CO,3,21,15,13,2,0.8667,125013.92
Merchant_B,Adyen,PSE,CO,3,22,8,7,1,0.875,145197.3
Merchant_B,Adyen,PSE,CO,3,23,6,5,1,0.8333,136388.12
Merchant_B,Adyen,PSE,CO,4,0,7,6,1,0.8571,107792.71
Merchant_B,Adyen,PSE,CO,4,1,2,2,0,1.0,159410.35
Merchant_B,Adyen,PSE,CO,4,2,5,5,0,1.0,131041.45
Merchant_B,Adyen,PSE,CO,4,3,1,1,0,1.0,89922.48
Merchant_B,Adyen,PSE,CO,4,4,2,2,0,1.0,123708.7
Merchant_B,Adyen,PSE,CO,4,5,4,3,1,0.75,195791.62
Merchant_B,Adyen,PSE,CO,4,6,18,16,2,0.8889,117477.96
Merchant_B,Adyen,PSE,CO,4,7,20,18,2,0.9,128447.3
Merchant_B,Adyen,PSE,CO,4,8,40,34,6,0.85,108595.73
Merchant_B,Adyen,PSE,CO,4,9,52,46,6,0.8846,129123.83
Merchant_B,Adyen,PSE,CO,4,10,74,69,5,0.9324,113507.26
Merchant_B,Adyen,PSE,CO,4,11,60,48,12,0.8,109182.3
Merchant_B,Adyen,PSE,CO,4,12,73,66,7,0.9041,137697.9
Merchant_B,Adyen,PSE,CO,4,13,61,56,5,0.918,117570.86
Merchant_B,Adyen,PSE,CO,4,14,55,47,8,0.8545,114652.28
Merchant_B,Adyen,PSE,CO,4,15,49,46,3,0.9388,128200.77
Merchant_B,Adyen,PSE,CO,4,16,56,51,5,0.9107,123532.71
Merchant_B,Adyen,PSE,CO,4,17,58,52,6,0.8966,121047.66
Merchant_B,Adyen,PSE,CO,4,18,45,43,2,0.9556,118754.11
Merchant_B,Adyen,PSE,CO,4,19,41,37,4,0.9024,116387.11
Merchant_B,Adyen,PSE,CO,4,20,26,25,1,0.9615,130641.28
Merchant_B,Adyen,PSE,CO,4,21,17,13,4,0.7647,94993.53
Merchant_B,Adyen,PSE,CO,4,22,16,16,0,1.0,105065.33
Merchant_B,Adyen,PSE,CO,4,23,9,8,1,0.8889,130798.87
Merchant_B,Adyen,PSE,CO,5,0,8,7,1,0.875,131378.11
Merchant_B,Adyen,PSE,CO,5,1,3,3,0,1.0,140960.89
Merchant_B,Adyen,PSE,CO,5,2,2,2,0,1.0,139832.49
Merchant_B,Adyen,PSE,CO,5,3,2,2,0,1.0,136102.53
Merchant_B,Adyen,PSE,CO,5,4,1,0,1,0.0,38032.14
Merchant_B,Adyen,PSE,CO,5,5,6,5,1,0.8333,113558.24
Merchant_B,Adyen,PSE,CO,5,6,16,15,1,0.9375,126538.5
Merchant_B,Adyen,PSE,CO,5,7,24,22,2,0.9167,126253.02
Merchant_B,Adyen,PSE,CO,5,8,30,27,3,0.9,104278.3
Merchant_B,Adyen,PSE,CO,5,9,61,57,4,0.9344,117124.56
Merchant_B,Adyen,PSE,CO,5,10,124,105,19,0.8468,122120.12
Merchant_B,Adyen,PSE,CO,5,11,61,57,4,0.9344,128405.53
Merchant_B,Adyen,PSE,CO,5,12,73,64,9,0.8767,116137.61
Merchant_B,Adyen,PSE,CO,5,13,60,53,7,0.8833,109035.3
Merchant_B,Adyen,PSE,CO,5,14,64,55,9,0.8594,126650.08
Merchant_B,Adyen,PSE,CO,5,15,56,54,2,0.9643,125362.67
Merchant_B,Adyen,PSE,CO,5,16,42,33,9,0.7857,121251.95
Merchant_B,Adyen,PSE,CO,5,17,47,39,8,0.8298,139633.42
Merchant_B,Adyen,PSE,CO,5,18,38,33,5,0.8684,141089.78
Merchant_B,Adyen,PSE,CO,5,19,50,47,3,0.94,115808.12
Merchant_B,Adyen,PSE,CO,5,20,21,16,5,0.7619,127793.09
Merchant_B,Adyen,PSE,CO,5,21,18,16,2,0.8889,153004.34
Merchant_B,Adyen,PSE,CO,5,22,9,7,2,0.7778,101934.26
Merchant_B,Adyen,PSE,CO,5,23,6,6,0,1.0,127427.03
Merchant_B,Adyen,PSE,CO,6,0,6,4,2,0.6667,160643.32
Merchant_B,Adyen,PSE,CO,6,1,7,6,1,0.8571,100270.56
Merchant_B,Adyen,PSE,CO,6,2,1,1,0,1.0,12000.0
Merchant_B,Adyen,PSE,CO,6,3,1,1,0,1.0,113569.68
Merchant_B,Adyen,PSE,CO,6,4,6,4,2,0.6667,115346.77
Merchant_B,Adyen,PSE,CO,6,5,7,5,2,0.7143,168701.87
Merchant_B,Adyen,PSE,CO,6,6,12,10,2,0.8333,125689.9
Merchant_B,Adyen,PSE,CO,6,7,21,19,2,0.9048,130267.17
Merchant_B,Adyen,PSE,CO,6,8,45,37,8,0.8222,125156.5
Merchant_B,Adyen,PSE,CO,6,9,46,37,9,0.8043,124099.47
Merchant_B,Adyen,PSE,CO,6,10,56,51,5,0.9107,124094.56
Merchant_B,Adyen,PSE,CO,6,11,52,47,5,0.9038,126788.91
Merchant_B,Adyen,PSE,CO,6,12,60,53,7,0.8833,122769.72
Merchant_B,Adyen,PSE,CO,6,13,52,41,11,0.7885,138522.81
Merchant_B,Adyen,PSE,CO,6,14,46,42,4,0.913,135446.73
Merchant_B,Adyen,PSE,CO,6,15,45,41,4,0.9111,131401.38
Merchant_B,Adyen,PSE,CO,6,16,58,49,9,0.8448,113888.77
Merchant_B,Adyen,PSE,CO,6,17,44,39,5,0.8864,119487.34
Merchant_B,Adyen,PSE,CO,6,18,48,42,6,0.875,140942.85
Merchant_B,Adyen,PSE,CO,6,19,27,22,5,0.8148,125259.46
Merchant_B,Adyen,PSE,CO,6,20,18,16,2,0.8889,88485.93
Merchant_B,Adyen,PSE,CO,6,21,15,11,4,0.7333,114118.49
Merchant_B,Adyen,PSE,CO,6,22,9,9,0,1.0,144413.6
Merchant_B,Adyen,PSE,CO,6,23,3,3,0,1.0,108313.33
Merchant_B,Adyen,card,BR,0,0,7,7,0,1.0,375.95
Merchant_B,Adyen,card,BR,0,1,2,2,0,1.0,248.54
Merchant_B,Adyen,card,BR,0,2,2,2,0,1.0,407.49
Merchant_B,Adyen,card,BR,0,3,3,3,0,1.0,124.62
Merchant_B,Adyen,card,BR,0,4,1,0,1,0.0,425.59
Merchant_B,Adyen,card,BR,0,5,4,4,0,1.0,302.45
Merchant_B,Adyen,card,BR,0,6,11,11,0,1.0,266.98
Merchant_B,Adyen,card,BR,0,7,24,24,0,1.0,332.03
Merchant_B,Adyen,card,BR,0,8,38,35,3,0.9211,280.58
Merchant_B,Adyen,card,BR,0,9,42,37,5,0.881,291.2
Merchant_B,Adyen,card,BR,0,10,61,58,3,0.9508,290.3
Merchant_B,Adyen,card,BR,0,11,57,53,4,0.9298,290.18
Merchant_B,Adyen,card,BR,0,12,81,76,5,0.9383,280.05
Merchant_B,Adyen,card,BR,0,13,80,73,7,0.9125,290.91
Merchant_B,Adyen,card,BR,0,14,69,64,5,0.9275,266.43
Merchant_B,Adyen,card,BR,0,15,58,57,1,0.9828,299.76
Merchant_B,Adyen,card,BR,0,16,41,39,2,0.9512,255.2
Merchant_B,Adyen,card,BR,0,17,50,44,6,0.88,267.4
Merchant_B,Adyen,card,BR,0,18,41,39,2,0.9512,280.97
Merchant_B,Adyen,card,BR,0,19,28,25,3,0.8929,254.85
Merchant_B,Adyen,card,BR,0,20,22,20,2,0.9091,262.12
Merchant_B,Adyen,card,BR,0,21,12,12,0,1.0,320.49
Merchant_B,Adyen,card,BR,0,22,7,6,1,0.8571,295.11
Merchant_B,Adyen,card,BR,0,23,1,1,0,1.0,572.78
Merchant_B,Adyen,card,BR,1,0,3,3,0,1.0,347.72
Merchant_B,Adyen,card,BR,1,1,2,2,0,1.0,119.26
Merchant_B,Adyen,card,BR,1,2,1,1,0,1.0,426.62
Merchant_B,Adyen,card,BR,1,3,5,5,0,1.0,288.82
Merchant_B,Adyen,card,BR,1,4,3,3,0,1.0,270.18
Merchant_B,Adyen,card,BR,1,5,4,4,0,1.0,193.63
Merchant_B,Adyen,card,BR,1,6,8,8,0,1.0,344.2
Merchant_B,Adyen,card,BR,1,7,19,19,0,1.0,295.2
Merchant_B,Adyen,card,BR,1,8,31,27,4,0.871,276.1
Merchant_B,Adyen,card,BR,1,9,40,35,5,0.875,257.41
Merchant_B,Adyen,card,BR,1,10,77,66,11,0.8571,287.65
Merchant_B,Adyen,card,BR,1,11,52,47,5,0.9038,269.86
Merchant_B,Adyen,card,BR,1,12,74,68,6,0.9189,292.77
Merchant_B,Adyen,card,BR,1,13,60,58,2,0.9667,259.72
Merchant_B,Adyen,card,BR,1,14,58,52,6,0.8966,306.55
Merchant_B,Adyen,card,BR,1,15,55,51,4,0.9273,310.99
Merchant_B,Adyen,card,BR,1,16,57,53,4,0.9298,286.85
Merchant_B,Adyen,card,BR,1,17,47,42,5,0.8936,289.0
Merchant_B,Adyen,card,BR,1,18,46,44,2,0.9565,296.13
Merchant_B,Adyen,card,BR,1,19,39,36,3,0.9231,261.37
Merchant_B,Adyen,card,BR,1,20,31,29,2,0.9355,303.34
Merchant_B,Adyen,card,BR,1,21,15,13,2,0.8667,297.86
Merchant_B,Adyen,card,BR,1,22,18,16,2,0.8889,286.76
Merchant_B,Adyen,card,BR,1,23,4,3,1,0.75,176.98
Merchant_B,Adyen,card,BR,2,0,5,5,0,1.0,115.09
Merchant_B,Adyen,card,BR,2,1,2,2,0,1.0,475.04
Merchant_B,Adyen,card,BR,2,2,2,1,1,0.5,493.97
Merchant_B,Adyen,card,BR,2,4,5,5,0,1.0,388.31
Merchant_B,Adyen,card,BR,2,5,7,7,0,1.0,296.65
Merchant_B,Adyen,card,BR,2,6,15,14,1,0.9333,235.39
Merchant_B,Adyen,card,BR,2,7,27,24,3,0.8889,308.31
Merchant_B,Adyen,card,BR,2,8,49,45,4,0.9184,299.71
Merchant_B,Adyen,card,BR,2,9,52,45,7,0.8654,265.31
Merchant_B,Adyen,card,BR,2,10,60,55,5,0.9167,264.73
Merchant_B,Adyen,card,BR,2,11,82,73,9,0.8902,256.91
Merchant_B,Adyen,card,BR,2,12,64,59,5,0.9219,302.39
Merchant_B,Adyen,card,BR,2,13,70,62,8,0.8857,280.51
Merchant_B,Adyen,card,BR,2,14,60,58,2,0.9667,276.14
Merchant_B,Adyen,card,BR,2,15,55,51,4,0.9273,277.08
Merchant_B,Adyen,card,BR,2,16,56,51,5,0.9107,256.25
Merchant_B,Adyen,card,BR,2,17,46,41,5,0.8913,262.72
Merchant_B,Adyen,card,BR,2,18,54,46,8,0.8519,288.59
Merchant_B,Adyen,card,BR,2,19,42,37,5,0.881,308.81
Merchant_B,Adyen,card,BR,2,20,32,31,1,0.9688,304.55
Merchant_B,Adyen,card,BR,2,21,19,17,2,0.8947,291.8
Merchant_B,Adyen,card,BR,2,22,15,15,0,1.0,288.15
Merchant_B,Adyen,card,BR,2,23,3,3,0,1.0,292.2
Merchant_B,Adyen,card,BR,3,0,10,10,0,1.0,167.37
Merchant_B,Adyen,card,BR,3,1,3,3,0,1.0,198.32
Merchant_B,Adyen,card,BR,3,2,3,3,0,1.0,477.42
Merchant_B,Adyen,card,BR,3,3,3,3,0,1.0,347.64
Merchant_B,Adyen,card,BR,3,4,5,5,0,1.0,245.08
Merchant_B,Adyen,card,BR,3,5,6,5,1,0.8333,287.29
Merchant_B,Adyen,card,BR,3,6,12,12,0,1.0,295.15
Merchant_B,Adyen,card,BR,3,7,28,25,3,0.8929,298.86
Merchant_B,Adyen,card,BR,3,8,36,32,4,0.8889,266.51
Merchant_B,Adyen,card,BR,3,9,66,65,1,0.9848,267.73
Merchant_B,Adyen,card,BR,3,10,57,52,5,0.9123,248.46
Merchant_B,Adyen,card,BR,3,11,84,77,7,0.9167,262.01
Merchant_B,Adyen,card,BR,3,12,69,64,5,0.9275,283.75
Merchant_B,Adyen,card,BR,3,13,75,68,7,0.9067,300.42
Merchant_B,Adyen,card,BR,3,14,56,44,12,0.7857,274.66
Merchant_B,Adyen,card,BR,3,15,70,65,5,0.9286,279.23
Merchant_B,Adyen,card,BR,3,16,52,43,9,0.8269,273.22
Merchant_B,Adyen,card,BR,3,17,59,52,7,0.8814,270.57
Merchant_B,Adyen,card,BR,3,18,41,38,3,0.9268,298.66
Merchant_B,Adyen,card,BR,3,19,52,46,6,0.8846,296.13
Merchant_B,Adyen,card,BR,3,20,35,34,1,0.9714,299.98
Merchant_B,Adyen,card,BR,3,21,20,19,1,0.95,261.45
Merchant_B,Adyen,card,BR,3,22,13,12,1,0.9231,324.18
Merchant_B,Adyen,card,BR,3,23,8,7,1,0.875,344.87
Merchant_B,Adyen,card,BR,4,0,4,3,1,0.75,250.87
Merchant_B,Adyen,card,BR,4,1,1,0,1,0.0,274.76
Merchant_B,Adyen,card,BR,4,2,5,4,1,0.8,157.38
Merchant_B,Adyen,card,BR,4,3,2,2,0,1.0,194.28
Merchant_B,Adyen,card,BR,4,4,5,5,0,1.0,298.12
Merchant_B,Adyen,card,BR,4,5,6,4,2,0.6667,278.24
Merchant_B,Adyen,card,BR,4,6,11,11,0,1.0,330.68
Merchant_B,Adyen,card,BR,4,7,28,26,2,0.9286,228.36
Merchant_B,Adyen,card,BR,4,8,35,32,3,0.9143,308.87
Merchant_B,Adyen,card,BR,4,9,50,47,3,0.94,291.72
Merchant_B,Adyen,card,BR,4,10,61,56,5,0.918,286.78
Merchant_B,Adyen,card,BR,4,11,67,60,7,0.8955,298.88
Merchant_B,Adyen,card,BR,4,12,82,77,5,0.939,268.86
Merchant_B,Adyen,card,BR,4,13,55,48,7,0.8727,331.83
Merchant_B,Adyen,card,BR,4,14,66,63,3,0.9545,243.9
Merchant_B,Adyen,card,BR,4,15,69,66,3,0.9565,266.78
Merchant_B,Adyen,card,BR,4,16,69,63,6,0.913,272.04
Merchant_B,Adyen,card,BR,4,17,53,52,1,0.9811,268.19
Merchant_B,Adyen,card,BR,4,18,46,45,1,0.9783,272.09
Merchant_B,Adyen,card,BR,4,19,51,48,3,0.9412,288.58
Merchant_B,Adyen,card,BR,4,20,29,26,3,0.8966,308.07
Merchant_B,Adyen,card,BR,4,21,10,7,3,0.7,308.16
Merchant_B,Adyen,card,BR,4,22,15,13,2,0.8667,346.44
Merchant_B,Adyen,card,BR,4,23,6,6,0,1.0,223.69
Merchant_B,Adyen,card,BR,5,0,5,4,1,0.8,260.39
Merchant_B,Adyen,card,BR,5,1,4,3,1,0.75,313.28
Merchant_B,Adyen,card,BR,5,2,4,2,2,0.5,227.5
Merchant_B,Adyen,card,BR,5,3,2,2,0,1.0,387.66
Merchant_B,Adyen,card,BR,5,4,2,2,0,1.0,122.32
Merchant_B,Adyen,card,BR,5,5,8,7,1,0.875,291.87
Merchant_B,Adyen,card,BR,5,6,14,14,0,1.0,321.87
Merchant_B,Adyen,card,BR,5,7,20,18,2,0.9,237.93
Merchant_B,Adyen,card,BR,5,8,39,37,2,0.9487,281.33
Merchant_B,Adyen,card,BR,5,9,62,57,5,0.9194,271.79
Merchant_B,Adyen,card,BR,5,10,151,142,9,0.9404,289.73
Merchant_B,Adyen,card,BR,5,11,64,57,7,0.8906,314.43
Merchant_B,Adyen,card,BR,5,12,75,67,8,0.8933,270.65
Merchant_B,Adyen,card,BR,5,13,50,48,2,0.96,272.91
Merchant_B,Adyen,card,BR,5,14,52,49,3,0.9423,307.14
Merchant_B,Adyen,card,BR,5,15,53,50,3,0.9434,282.64
Merchant_B,Adyen,card,BR,5,16,42,38,4,0.9048,316.19
Merchant_B,Adyen,card,BR,5,17,48,44,4,0.9167,272.49
Merchant_B,Adyen,card,BR,5,18,41,40,1,0.9756,300.32
Merchant_B,Adyen,card,BR,5,19,46,40,6,0.8696,280.64
Merchant_B,Adyen,card,BR,5,20,28,25,3,0.8929,277.29
Merchant_B,Adyen,card,BR,5,21,15,13,2,0.8667,211.13
Merchant_B,Adyen,card,BR,5,22,8,8,0,1.0,227.14
Merchant_B,Adyen,card,BR,5,23,10,10,0,1.0,290.96
Merchant_B,Adyen,card,BR,6,0,3,3,0,1.0,188.09
Merchant_B,Adyen,card,BR,6,1,2,2,0,1.0,285.61
Merchant_B,Adyen,card,BR,6,2,5,5,0,1.0,312.43
Merchant_B,Adyen,card,BR,6,3,3,3,0,1.0,305.14
Merchant_B,Adyen,card,BR,6,4,1,1,0,1.0,306.24
Merchant_B,Adyen,card,BR,6,5,6,6,0,1.0,362.78
Merchant_B,Adyen,card,BR,6,6,10,10,0,1.0,249.02
Merchant_B,Adyen,card,BR,6,7,21,21,0,1.0,309.4
Merchant_B,Adyen,card,BR,6,8,41,37,4,0.9024,307.05
Merchant_B,Adyen,card,BR,6,9,43,40,3,0.9302,290.29
Merchant_B,Adyen,card,BR,6,10,59,53,6,0.8983,299.85
Merchant_B,Adyen,card,BR,6,11,79,71,8,0.8987,275.99
Merchant_B,Adyen,card,BR,6,12,71,63,8,0.8873,282.57
Merchant_B,Adyen,card,BR,6,13,68,62,6,0.9118,275.73
Merchant_B,Adyen,card,BR,6,14,60,53,7,0.8833,310.45
Merchant_B,Adyen,card,BR,6,15,55,53,2,0.9636,305.73
Merchant_B,Adyen,card,BR,6,16,52,50,2,0.9615,251.3
Merchant_B,Adyen,card,BR,6,17,52,49,3,0.9423,285.64
Merchant_B,Adyen,card,BR,6,18,48,43,5,0.8958,289.35
Merchant_B,Adyen,card,BR,6,19,35,29,6,0.8286,255.93
Merchant_B,Adyen,card,BR,6,20,23,20,3,0.8696,279.47
Merchant_B,Adyen,card,BR,6,21,17,15,2,0.8824,291.62
Merchant_B,Adyen,card,BR,6,22,6,5,1,0.8333,342.93
Merchant_B,Adyen,card,BR,6,23,6,6,0,1.0,238.92
Merchant_B,Adyen,card,CO,0,0,6,6,0,1.0,175915.66
Merchant_B,Adyen,card,CO,0,1,2,2,0,1.0,77533.43
Merchant_B,Adyen,card,CO,0,2,4,4,0,1.0,79239.34
Merchant_B,Adyen,card,CO,0,3,3,2,1,0.6667,124434.38
Merchant_B,Adyen,card,CO,0,4,3,3,0,1.0,130867.98
Merchant_B,Adyen,card,CO,0,5,3,3,0,1.0,164198.06
Merchant_B,Adyen,card,CO,0,6,11,9,2,0.8182,80300.73
Merchant_B,Adyen,card,CO,0,7,18,18,0,1.0,99554.25
Merchant_B,Adyen,card,CO,0,8,37,35,2,0.9459,112711.66
Merchant_B,Adyen,card,CO,0,9,53,49,4,0.9245,129213.26
Merchant_B,Adyen,card,CO,0,10,53,47,6,0.8868,120836.88
Merchant_B,Adyen,card,CO,0,11,50,47,3,0.94,111267.51
Merchant_B,Adyen,card,CO,0,12,70,65,5,0.9286,134226.18
Merchant_B,Adyen,card,CO,0,13,82,73,9,0.8902,116352.04
Merchant_B,Adyen,card,CO,0,14,54,48,6,0.8889,121065.2
Merchant_B,Adyen,card,CO,0,15,63,57,6,0.9048,119949.42
Merchant_B,Adyen,card,CO,0,16,62,58,4,0.9355,121589.03
Merchant_B,Adyen,card,CO,0,17,49,47,2,0.9592,128203.01
Merchant_B,Adyen,card,CO,0,18,43,42,1,0.9767,134797.49
Merchant_B,Adyen,card,CO,0,19,37,35,2,0.9459,137258.52
Merchant_B,Adyen,card,CO,0,20,19,19,0,1.0,108277.27
Merchant_B,Adyen,card,CO,0,21,13,12,1,0.9231,124397.36
Merchant_B,Adyen,card,CO,0,22,7,7,0,1.0,172386.17
Merchant_B,Adyen,card,CO,0,23,4,3,1,0.75,73664.85
Merchant_B,Adyen,card,CO,1,0,3,3,0,1.0,150989.16
Merchant_B,Adyen,card,CO,1,1,3,2,1,0.6667,72303.6
Merchant_B,Adyen,card,CO,1,2,2,2,0,1.0,154370.53
Merchant_B,Adyen,card,CO,1,3,2,2,0,1.0,157884.62
Merchant_B,Adyen,card,CO,1,4,1,1,0,1.0,254182.2
Merchant_B,Adyen,card,CO,1,5,6,5,1,0.8333,85070.04
Merchant_B,Adyen,card,CO,1,6,11,11,0,1.0,144080.04
Merchant_B,Adyen,card,CO,1,7,16,16,0,1.0,126590.09
Merchant_B,Adyen,card,CO,1,8,30,25,5,0.8333,117972.28
Merchant_B,Adyen,card,CO,1,9,57,49,8,0.8596,131740.99
Merchant_B,Adyen,card,CO,1,10,83,77,6,0.9277,110276.92
Merchant_B,Adyen,card,CO,1,11,67,63,4,0.9403,120491.51
Merchant_B,Adyen,card,CO,1,12,86,81,5,0.9419,116007.31
Merchant_B,Adyen,card,CO,1,13,59,54,5,0.9153,112210.5
Merchant_B,Adyen,card,CO,1,14,74,69,5,0.9324,128198.63
Merchant_B,Adyen,card,CO,1,15,56,52,4,0.9286,122880.11
Merchant_B,Adyen,card,CO,1,16,46,40,6,0.8696,93461.56
Merchant_B,Adyen,card,CO,1,17,70,68,2,0.9714,115516.36
Merchant_B,Adyen,card,CO,1,18,41,39,2,0.9512,126438.6
Merchant_B,Adyen,card,CO,1,19,39,34,5,0.8718,131946.32
Merchant_B,Adyen,card,CO,1,20,26,25,1,0.9615,114005.96
Merchant_B,Adyen,card,CO,1,21,14,13,1,0.9286,124633.46
Merchant_B,Adyen,card,CO,1,22,14,13,1,0.9286,84375.43
Merchant_B,Adyen,card,CO,1,23,7,6,1,0.8571,90759.19
Merchant_B,Adyen,card,CO,2,0,6,5,1,0.8333,120414.31
Merchant_B,Adyen,card,CO,2,1,4,3,1,0.75,103099.55
Merchant_B,Adyen,card,CO,2,2,4,4,0,1.0,95638.87
Merchant_B,Adyen,card,CO,2,3,2,2,0,1.0,73545.3
Merchant_B,Adyen,card,CO,2,4,7,7,0,1.0,82472.01
Merchant_B,Adyen,card,CO,2,5,4,4,0,1.0,144100.67
Merchant_B,Adyen,card,CO,2,6,6,5,1,0.8333,78469.21
Merchant_B,Adyen,card,CO,2,7,26,24,2,0.9231,120559.51
Merchant_B,Adyen,card,CO,2,8,50,45,5,0.9,117500.16
Merchant_B,Adyen,card,CO,2,9,52,50,2,0.9615,124379.84
Merchant_B,Adyen,card,CO,2,10,70,65,5,0.9286,119717.55
Merchant_B,Adyen,card,CO,2,11,67,60,7,0.8955,118134.56
Merchant_B,Adyen,card,CO,2,12,76,68,8,0.8947,122900.91
Merchant_B,Adyen,card,CO,2,13,70,65,5,0.9286,120358.17
Merchant_B,Adyen,card,CO,2,14,54,48,6,0.8889,129333.13
Merchant_B,Adyen,card,CO,2,15,53,50,3,0.9434,120300.23
Merchant_B,Adyen,card,CO,2,16,64,59,5,0.9219,136819.04
Merchant_B,Adyen,card,CO,2,17,60,58,2,0.9667,112919.62
Merchant_B,Adyen,card,CO,2,18,49,44,5,0.898,110335.15
Merchant_B,Adyen,card,CO,2,19,49,39,10,0.7959,122974.32
Merchant_B,Adyen,card,CO,2,20,23,21,2,0.913,102693.65
Merchant_B,Adyen,card,CO,2,21,15,14,1,0.9333,141198.21
Merchant_B,Adyen,card,CO,2,22,10,10,0,1.0,90846.76
Merchant_B,Adyen,card,CO,2,23,9,9,0,1.0,127183.46
Merchant_B,Adyen,card,CO,3,0,3,3,0,1.0,117050.87
Merchant_B,Adyen,card,CO,3,2,2,2,0,1.0,95726.64
Merchant_B,Adyen,card,CO,3,3,4,4,0,1.0,81147.99
Merchant_B,Adyen,card,CO,3,4,1,1,0,1.0,154341.8
Merchant_B,Adyen,card,CO,3,5,7,6,1,0.8571,131510.08
Merchant_B,Adyen,card,CO,3,6,14,14,0,1.0,123977.81
Merchant_B,Adyen,card,CO,3,7,24,22,2,0.9167,116519.35
Merchant_B,Adyen,card,CO,3,8,37,35,2,0.9459,104546.91
Merchant_B,Adyen,card,CO,3,9,56,51,5,0.9107,123403.94
Merchant_B,Adyen,card,CO,3,10,73,60,13,0.8219,121312.87
Merchant_B,Adyen,card,CO,3,11,72,65,7,0.9028,121388.78
Merchant_B,Adyen,card,CO,3,12,63,55,8,0.873,125413.78
Merchant_B,Adyen,card,CO,3,13,70,65,5,0.9286,112756.01
Merchant_B,Adyen,card,CO,3,14,66,62,4,0.9394,124255.7
Merchant_B,Adyen,card,CO,3,15,75,66,9,0.88,129287.39
Merchant_B,Adyen,card,CO,3,16,51,43,8,0.8431,128918.93
Merchant_B,Adyen,card,CO,3,17,44,36,8,0.8182,95675.68
Merchant_B,Adyen,card,CO,3,18,42,40,2,0.9524,132658.51
Merchant_B,Adyen,card,CO,3,19,44,38,6,0.8636,130041.26
Merchant_B,Adyen,card,CO,3,20,23,22,1,0.9565,127682.93
Merchant_B,Adyen,card,CO,3,21,21,19,2,0.9048,114190.04
Merchant_B,Adyen,card,CO,3,22,13,9,4,0.6923,115371.23
Merchant_B,Adyen,card,CO,3,23,7,6,1,0.8571,134105.0
Merchant_B,Adyen,card,CO,4,0,9,5,4,0.5556,125574.07
Merchant_B,Adyen,card,CO,4,1,6,5,1,0.8333,106460.18
Merchant_B,Adyen,card,CO,4,2,2,1,1,0.5,111946.26
Merchant_B,Adyen,card,CO,4,3,1,1,0,1.0,232732.17
Merchant_B,Adyen,card,CO,4,4,2,2,0,1.0,145471.0
Merchant_B,Adyen,card,CO,4,5,7,5,2,0.7143,130374.43
Merchant_B,Adyen,card,CO,4,6,12,11,1,0.9167,154458.46
Merchant_B,Adyen,card,CO,4,7,24,24,0,1.0,139250.05
Merchant_B,Adyen,card,CO,4,8,40,38,2,0.95,131018.46
Merchant_B,Adyen,card,CO,4,9,49,46,3,0.9388,116490.33
Merchant_B,Adyen,card,CO,4,10,77,69,8,0.8961,118495.86
Merchant_B,Adyen,card,CO,4,11,77,68,9,0.8831,114086.81
Merchant_B,Adyen,card,CO,4,12,78,70,8,0.8974,124543.04
Merchant_B,Adyen,card,CO,4,13,66,63,3,0.9545,120322.5
Merchant_B,Adyen,card,CO,4,14,59,53,6,0.8983,124294.03
Merchant_B,Adyen,card,CO,4,15,52,48,4,0.9231,123397.99
Merchant_B,Adyen,card,CO,4,16,52,47,5,0.9038,96857.1
Merchant_B,Adyen,card,CO,4,17,61,56,5,0.918,130206.21
Merchant_B,Adyen,card,CO,4,18,68,59,9,0.8676,123566.83
Merchant_B,Adyen,card,CO,4,19,40,37,3,0.925,121763.22
Merchant_B,Adyen,card,CO,4,20,30,29,1,0.9667,152329.18
Merchant_B,Adyen,card,CO,4,21,19,17,2,0.8947,134805.43
Merchant_B,Adyen,card,CO,4,22,9,8,1,0.8889,93683.42
Merchant_B,Adyen,card,CO,4,23,3,3,0,1.0,171733.75
Merchant_B,Adyen,card,CO,5,0,4,4,0,1.0,111132.86
Merchant_B,Adyen,card,CO,5,1,5,5,0,1.0,143417.63
Merchant_B,Adyen,card,CO,5,2,4,4,0,1.0,133979.15
Merchant_B,Adyen,card,CO,5,3,2,2,0,1.0,145542.32
Merchant_B,Adyen,card,CO,5,4,2,2,0,1.0,187819.87
Merchant_B,Adyen,card,CO,5,5,7,7,0,1.0,84457.65
Merchant_B,Adyen,card,CO,5,6,5,5,0,1.0,133045.66
Merchant_B,Adyen,card,CO,5,7,29,28,1,0.9655,98201.74
Merchant_B,Adyen,card,CO,5,8,43,40,3,0.9302,124071.45
Merchant_B,Adyen,card,CO,5,9,54,53,1,0.9815,125170.19
Merchant_B,Adyen,card,CO,5,10,121,111,10,0.9174,120978.81
Merchant_B,Adyen,card,CO,5,11,56,54,2,0.9643,130446.68
Merchant_B,Adyen,card,CO,5,12,80,75,5,0.9375,110202.05
Merchant_B,Adyen,card,CO,5,13,77,69,8,0.8961,112655.09
Merchant_B,Adyen,card,CO,5,14,48,40,8,0.8333,132687.64
Merchant_B,Adyen,card,CO,5,15,56,52,4,0.9286,115793.66
Merchant_B,Adyen,card,CO,5,16,40,36,4,0.9,126758.48
Merchant_B,Adyen,card,CO,5,17,55,50,5,0.9091,113631.65
Merchant_B,Adyen,card,CO,5,18,43,40,3,0.9302,124221.75
Merchant_B,Adyen,card,CO,5,19,37,35,2,0.9459,111647.92
Merchant_B,Adyen,card,CO,5,20,26,23,3,0.8846,130958.43
Merchant_B,Adyen,card,CO,5,21,22,21,1,0.9545,137921.13
Merchant_B,Adyen,card,CO,5,22,11,10,1,0.9091,84887.82
Merchant_B,Adyen,card,CO,5,23,7,7,0,1.0,126434.55
Merchant_B,Adyen,card,CO,6,0,7,7,0,1.0,140332.68
Merchant_B,Adyen,card,CO,6,2,1,1,0,1.0,22040.84
Merchant_B,Adyen,card,CO,6,3,1,1,0,1.0,87410.69
Merchant_B,Adyen,card,CO,6,4,3,3,0,1.0,104007.35
Merchant_B,Adyen,card,CO,6,5,6,6,0,1.0,125784.43
Merchant_B,Adyen,card,CO,6,6,9,6,3,0.6667,116596.94
Merchant_B,Adyen,card,CO,6,7,39,35,4,0.8974,124764.84
Merchant_B,Adyen,card,CO,6,8,45,41,4,0.9111,118191.09
Merchant_B,Adyen,card,CO,6,9,44,37,7,0.8409,133548.11
Merchant_B,Adyen,card,CO,6,10,64,57,7,0.8906,113252.98
Merchant_B,Adyen,card,CO,6,11,52,48,4,0.9231,121496.18
Merchant_B,Adyen,card,CO,6,12,60,58,2,0.9667,127286.34
Merchant_B,Adyen,card,CO,6,13,55,51,4,0.9273,128958.95
Merchant_B,Adyen,card,CO,6,14,49,44,5,0.898,123505.4
Merchant_B,Adyen,card,CO,6,15,63,55,8,0.873,117357.78
Merchant_B,Adyen,card,CO,6,16,55,49,6,0.8909,101253.94
Merchant_B,Adyen,card,CO,6,17,47,45,2,0.9574,129718.6
Merchant_B,Adyen,card,CO,6,18,24,22,2,0.9167,118779.51
Merchant_B,Adyen,card,CO,6,19,46,41,5,0.8913,141481.13
Merchant_B,Adyen,card,CO,6,20,37,32,5,0.8649,93997.54
Merchant_B,Adyen,card,CO,6,21,17,17,0,1.0,85703.8
Merchant_B,Adyen,card,CO,6,22,10,9,1,0.9,136264.53
Merchant_B,Adyen,card,CO,6,23,5,5,0,1.0,138153.34
Merchant_B,Adyen,card,MX,0,0,5,5,0,1.0,900.38
Merchant_B,Adyen,card,MX,0,1,3,3,0,1.0,798.71
Merchant_B,Adyen,card,MX,0,2,4,3,1,0.75,992.57
Merchant_B,Adyen,card,MX,0,3,1,1,0,1.0,1443.95
Merchant_B,Adyen,card,MX,0,4,3,2,1,0.6667,852.3
Merchant_B,Adyen,card,MX,0,5,3,2,1,0.6667,882.39
Merchant_B,Adyen,card,MX,0,6,16,15,1,0.9375,816.87
Merchant_B,Adyen,card,MX,0,7,26,25,1,0.9615,969.94
Merchant_B,Adyen,card,MX,0,8,43,39,4,0.907,981.6
Merchant_B,Adyen,card,MX,0,9,42,35,7,0.8333,879.1
Merchant_B,Adyen,card,MX,0,10,43,42,1,0.9767,825.81
Merchant_B,Adyen,card,MX,0,11,67,63,4,0.9403,888.3
Merchant_B,Adyen,card,MX,0,12,62,59,3,0.9516,972.94
Merchant_B,Adyen,card,MX,0,13,56,52,4,0.9286,940.76
Merchant_B,Adyen,card,MX,0,14,55,51,4,0.9273,932.0
Merchant_B,Adyen,card,MX,0,15,54,51,3,0.9444,824.18
Merchant_B,Adyen,card,MX,0,16,64,63,1,0.9844,826.76
Merchant_B,Adyen,card,MX,0,17,39,38,1,0.9744,910.26
Merchant_B,Adyen,card,MX,0,18,37,37,0,1.0,979.74
Merchant_B,Adyen,card,MX,0,19,34,30,4,0.8824,911.8
Merchant_B,Adyen,card,MX,0,20,26,25,1,0.9615,822.33
Merchant_B,Adyen,card,MX,0,21,15,14,1,0.9333,1083.1
Merchant_B,Adyen,card,MX,0,22,13,13,0,1.0,927.12
Merchant_B,Adyen,card,MX,0,23,7,7,0,1.0,821.11
Merchant_B,Adyen,card,MX,1,0,7,7,0,1.0,1093.84
Merchant_B,Adyen,card,MX,1,1,4,4,0,1.0,1254.06
Merchant_B,Adyen,card,MX,1,2,1,1,0,1.0,1399.91
Merchant_B,Adyen,card,MX,1,3,2,2,0,1.0,380.42
Merchant_B,Adyen,card,MX,1,5,5,4,1,0.8,721.07
Merchant_B,Adyen,card,MX,1,6,11,10,1,0.9091,979.41
Merchant_B,Adyen,card,MX,1,7,26,24,2,0.9231,850.3
Merchant_B,Adyen,card,MX,1,8,27,25,2,0.9259,957.45
Merchant_B,Adyen,card,MX,1,9,47,44,3,0.9362,1048.35
Merchant_B,Adyen,card,MX,1,10,79,75,4,0.9494,932.88
Merchant_B,Adyen,card,MX,1,11,72,69,3,0.9583,1006.4
Merchant_B,Adyen,card,MX,1,12,80,71,9,0.8875,970.43
Merchant_B,Adyen,card,MX,1,13,76,73,3,0.9605,885.76
Merchant_B,Adyen,card,MX,1,14,62,59,3,0.9516,901.22
Merchant_B,Adyen,card,MX,1,15,71,64,7,0.9014,859.58
Merchant_B,Adyen,card,MX,1,16,49,47,2,0.9592,871.76
Merchant_B,Adyen,card,MX,1,17,53,52,1,0.9811,932.82
Merchant_B,Adyen,card,MX,1,18,40,35,5,0.875,917.22
Merchant_B,Adyen,card,MX,1,19,49,46,3,0.9388,889.7
Merchant_B,Adyen,card,MX,1,20,35,31,4,0.8857,890.04
Merchant_B,Adyen,card,MX,1,21,19,19,0,1.0,1185.6
Merchant_B,Adyen,card,MX,1,22,9,9,0,1.0,1124.72
Merchant_B,Adyen,card,MX,1,23,4,3,1,0.75,914.19
Merchant_B,Adyen,card,MX,2,0,6,5,1,0.8333,977.36
Merchant_B,Adyen,card,MX,2,1,5,4,1,0.8,892.68
Merchant_B,Adyen,card,MX,2,2,6,6,0,1.0,1031.32
Merchant_B,Adyen,card,MX,2,3,1,1,0,1.0,1365.35
Merchant_B,Adyen,card,MX,2,4,3,3,0,1.0,1189.25
Merchant_B,Adyen,card,MX,2,5,5,5,0,1.0,737.91
Merchant_B,Adyen,card,MX,2,6,12,11,1,0.9167,945.54
Merchant_B,Adyen,card,MX,2,7,27,26,1,0.963,947.03
Merchant_B,Adyen,card,MX,2,8,39,37,2,0.9487,789.47
Merchant_B,Adyen,card,MX,2,9,49,48,1,0.9796,965.0
Merchant_B,Adyen,card,MX,2,10,63,62,1,0.9841,965.17
Merchant_B,Adyen,card,MX,2,11,69,67,2,0.971,923.28
Merchant_B,Adyen,card,MX,2,12,77,73,4,0.9481,1017.56
Merchant_B,Adyen,card,MX,2,13,62,56,6,0.9032,954.21
Merchant_B,Adyen,card,MX,2,14,59,56,3,0.9492,875.05
Merchant_B,Adyen,card,MX,2,15,63,60,3,0.9524,994.63
Merchant_B,Adyen,card,MX,2,16,57,53,4,0.9298,1021.98
Merchant_B,Adyen,card,MX,2,17,65,60,5,0.9231,925.32
Merchant_B,Adyen,card,MX,2,18,60,58,2,0.9667,868.87
Merchant_B,Adyen,card,MX,2,19,43,42,1,0.9767,1035.85
Merchant_B,Adyen,card,MX,2,20,28,27,1,0.9643,978.03
Merchant_B,Adyen,card,MX,2,21,17,15,2,0.8824,987.65
Merchant_B,Adyen,card,MX,2,22,8,6,2,0.75,1253.95
Merchant_B,Adyen,card,MX,2,23,6,6,0,1.0,613.1
Merchant_B,Adyen,card,MX,3,0,9,9,0,1.0,715.95
Merchant_B,Adyen,card,MX,3,1,3,3,0,1.0,773.28
Merchant_B,Adyen,card,MX,3,2,7,7,0,1.0,1113.28
Merchant_B,Adyen,card,MX,3,3,6,5,1,0.8333,927.19
Merchant_B,Adyen,card,MX,3,4,4,4,0,1.0,997.92
Merchant_B,Adyen,card,MX,3,5,5,4,1,0.8,772.81
Merchant_B,Adyen,card,MX,3,6,15,14,1,0.9333,943.32
Merchant_B,Adyen,card,MX,3,7,33,30,3,0.9091,831.18
Merchant_B,Adyen,card,MX,3,8,42,38,4,0.9048,973.93
Merchant_B,Adyen,card,MX,3,9,55,52,3,0.9455,942.26
Merchant_B,Adyen,card,MX,3,10,59,56,3,0.9492,860.55
Merchant_B,Adyen,card,MX,3,11,60,58,2,0.9667,955.89
Merchant_B,Adyen,card,MX,3,12,77,70,7,0.9091,911.14
Merchant_B,Adyen,card,MX,3,13,69,61,8,0.8841,972.1
Merchant_B,Adyen,card,MX,3,14,71,66,5,0.9296,815.04
Merchant_B,Adyen,card,MX,3,15,68,63,5,0.9265,1061.54
Merchant_B,Adyen,card,MX,3,16,67,64,3,0.9552,874.51
Merchant_B,Adyen,card,MX,3,17,65,62,3,0.9538,908.43
Merchant_B,Adyen,card,MX,3,18,45,43,2,0.9556,785.15
Merchant_B,Adyen,card,MX,3,19,52,51,1,0.9808,854.99
Merchant_B,Adyen,card,MX,3,20,29,28,1,0.9655,987.93
Merchant_B,Adyen,card,MX,3,21,19,16,3,0.8421,904.91
Merchant_B,Adyen,card,MX,3,22,15,13,2,0.8667,802.18
Merchant_B,Adyen,card,MX,3,23,9,9,0,1.0,838.85
Merchant_B,Adyen,card,MX,4,0,9,9,0,1.0,1102.39
Merchant_B,Adyen,card,MX,4,1,4,4,0,1.0,1124.77
Merchant_B,Adyen,card,MX,4,2,6,5,1,0.8333,776.02
Merchant_B,Adyen,card,MX,4,3,1,1,0,1.0,90.0
Merchant_B,Adyen,card,MX,4,4,1,1,0,1.0,1228.77
Merchant_B,Adyen,card,MX,4,5,2,2,0,1.0,1041.01
Merchant_B,Adyen,card,MX,4,6,18,18,0,1.0,966.37
Merchant_B,Adyen,card,MX,4,7,33,32,1,0.9697,949.79
Merchant_B,Adyen,card,MX,4,8,39,37,2,0.9487,1002.98
Merchant_B,Adyen,card,MX,4,9,61,58,3,0.9508,893.59
Merchant_B,Adyen,card,MX,4,10,77,69,8,0.8961,941.54
Merchant_B,Adyen,card,MX,4,11,62,57,5,0.9194,936.84
Merchant_B,Adyen,card,MX,4,12,78,72,6,0.9231,898.81
Merchant_B,Adyen,card,MX,4,13,79,75,4,0.9494,881.87
Merchant_B,Adyen,card,MX,4,14,68,62,6,0.9118,812.93
Merchant_B,Adyen,card,MX,4,15,67,63,4,0.9403,993.95
Merchant_B,Adyen,card,MX,4,16,50,47,3,0.94,921.61
Merchant_B,Adyen,card,MX,4,17,62,61,1,0.9839,919.14
Merchant_B,Adyen,card,MX,4,18,44,41,3,0.9318,874.56
Merchant_B,Adyen,card,MX,4,19,47,43,4,0.9149,912.37
Merchant_B,Adyen,card,MX,4,20,21,21,0,1.0,819.14
Merchant_B,Adyen,card,MX,4,21,21,20,1,0.9524,866.14
Merchant_B,Adyen,card,MX,4,22,10,9,1,0.9,1045.96
Merchant_B,Adyen,card,MX,4,23,7,7,0,1.0,675.54
Merchant_B,Adyen,card,MX,5,0,4,4,0,1.0,1272.14
Merchant_B,Adyen,card,MX,5,1,6,4,2,0.6667,825.15
Merchant_B,Adyen,card,MX,5,2,1,1,0,1.0,1382.53
Merchant_B,Adyen,card,MX,5,3,2,1,1,0.5,1021.24
Merchant_B,Adyen,card,MX,5,5,6,6,0,1.0,894.43
Merchant_B,Adyen,card,MX,5,6,11,11,0,1.0,789.67
Merchant_B,Adyen,card,MX,5,7,24,22,2,0.9167,851.72
Merchant_B,Adyen,card,MX,5,8,43,40,3,0.9302,779.05
Merchant_B,Adyen,card,MX,5,9,54,50,4,0.9259,866.94
Merchant_B,Adyen,card,MX,5,10,140,134,6,0.9571,921.4
Merchant_B,Adyen,card,MX,5,11,65,61,4,0.9385,1018.88
Merchant_B,Adyen,card,MX,5,12,76,71,5,0.9342,915.96
Merchant_B,Adyen,card,MX,5,13,63,61,2,0.9683,923.72
Merchant_B,Adyen,card,MX,5,14,64,59,5,0.9219,922.63
Merchant_B,Adyen,card,MX,5,15,57,49,8,0.8596,889.43
Merchant_B,Adyen,card,MX,5,16,41,40,1,0.9756,929.75
Merchant_B,Adyen,card,MX,5,17,54,51,3,0.9444,957.61
Merchant_B,Adyen,card,MX,5,18,48,45,3,0.9375,915.32
Merchant_B,Adyen,card,MX,5,19,47,43,4,0.9149,976.69
Merchant_B,Adyen,card,MX,5,20,19,19,0,1.0,798.9
Merchant_B,Adyen,card,MX,5,21,17,17,0,1.0,880.51
Merchant_B,Adyen,card,MX,5,22,9,8,1,0.8889,972.52
Merchant_B,Adyen,card,MX,5,23,5,5,0,1.0,697.78
Merchant_B,Adyen,card,MX,6,0,7,5,2,0.7143,1105.03
Merchant_B,Adyen,card,MX,6,1,5,5,0,1.0,865.62
Merchant_B,Adyen,card,MX,6,2,1,1,0,1.0,2067.59
Merchant_B,Adyen,card,MX,6,3,1,1,0,1.0,328.9
Merchant_B,Adyen,card,MX,6,4,4,4,0,1.0,1370.64
Merchant_B,Adyen,card,MX,6,5,9,9,0,1.0,607.03
Merchant_B,Adyen,card,MX,6,6,13,10,3,0.7692,899.73
Merchant_B,Adyen,card,MX,6,7,26,26,0,1.0,1072.38
Merchant_B,Adyen,card,MX,6,8,38,36,2,0.9474,880.87
Merchant_B,Adyen,card,MX,6,9,50,48,2,0.96,948.48
Merchant_B,Adyen,card,MX,6,10,56,51,5,0.9107,829.69
Merchant_B,Adyen,card,MX,6,11,56,53,3,0.9464,1054.66
Merchant_B,Adyen,card,MX,6,12,71,63,8,0.8873,921.32
Merchant_B,Adyen,card,MX,6,13,53,52,1,0.9811,983.42
Merchant_B,Adyen,card,MX,6,14,57,56,1,0.9825,945.36
Merchant_B,Adyen,card,MX,6,15,46,42,4,0.913,940.52
Merchant_B,Adyen,card,MX,6,16,48,44,4,0.9167,876.35
Merchant_B,Adyen,card,MX,6,17,42,39,3,0.9286,857.07
Merchant_B,Adyen,card,MX,6,18,48,46,2,0.9583,982.24
Merchant_B,Adyen,card,MX,6,19,45,43,2,0.9556,922.6
Merchant_B,Adyen,card,MX,6,20,19,17,2,0.8947,820.06
Merchant_B,Adyen,card,MX,6,21,20,20,0,1.0,864.63
Merchant_B,Adyen,card,MX,6,22,7,6,1,0.8571,832.12
Merchant_B,Adyen,card,MX,6,23,8,8,0,1.0,1009.67
Merchant_B,Adyen,cash_in_store,MX,0,0,4,3,1,0.75,650.94
Merchant_B,Adyen,cash_in_store,MX,0,1,3,3,0,1.0,1022.88
Merchant_B,Adyen,cash_in_store,MX,0,2,2,1,1,0.5,1081.09
Merchant_B,Adyen,cash_in_store,MX,0,3,2,0,2,0.0,791.8
Merchant_B,Adyen,cash_in_store,MX,0,4,5,5,0,1.0,782.13
Merchant_B,Adyen,cash_in_store,MX,0,5,6,5,1,0.8333,1095.71
Merchant_B,Adyen,cash_in_store,MX,0,6,15,12,3,0.8,1081.41
Merchant_B,Adyen,cash_in_store,MX,0,7,16,14,2,0.875,1189.91
Merchant_B,Adyen,cash_in_store,MX,0,8,32,30,2,0.9375,956.89
Merchant_B,Adyen,cash_in_store,MX,0,9,42,34,8,0.8095,761.54
Merchant_B,Adyen,cash_in_store,MX,0,10,63,57,6,0.9048,930.01
Merchant_B,Adyen,cash_in_store,MX,0,11,68,60,8,0.8824,846.71
Merchant_B,Adyen,cash_in_store,MX,0,12,54,42,12,0.7778,975.79
Merchant_B,Adyen,cash_in_store,MX,0,13,44,39,5,0.8864,875.06
Merchant_B,Adyen,cash_in_store,MX,0,14,60,49,11,0.8167,953.39
Merchant_B,Adyen,cash_in_store,MX,0,15,53,38,15,0.717,938.7
Merchant_B,Adyen,cash_in_store,MX,0,16,44,37,7,0.8409,1021.13
Merchant_B,Adyen,cash_in_store,MX,0,17,48,39,9,0.8125,1027.43
Merchant_B,Adyen,cash_in_store,MX,0,18,39,33,6,0.8462,818.7
Merchant_B,Adyen,cash_in_store,MX,0,19,35,26,9,0.7429,820.94
Merchant_B,Adyen,cash_in_store,MX,0,20,25,21,4,0.84,858.91
Merchant_B,Adyen,cash_in_store,MX,0,21,10,9,1,0.9,945.32
Merchant_B,Adyen,cash_in_store,MX,0,22,10,8,2,0.8,801.66
Merchant_B,Adyen,cash_in_store,MX,0,23,6,6,0,1.0,719.12
Merchant_B,Adyen,cash_in_store,MX,1,0,13,11,2,0.8462,690.1
Merchant_B,Adyen,cash_in_store,MX,1,1,3,3,0,1.0,1380.06
Merchant_B,Adyen,cash_in_store,MX,1,2,4,3,1,0.75,742.62
Merchant_B,Adyen,cash_in_store,MX,1,3,3,2,1,0.6667,924.08
Merchant_B,Adyen,cash_in_store,MX,1,5,7,7,0,1.0,553.14
Merchant_B,Adyen,cash_in_store,MX,1,6,8,4,4,0.5,834.14
Merchant_B,Adyen,cash_in_store,MX,1,7,38,29,9,0.7632,844.9
Merchant_B,Adyen,cash_in_store,MX,1,8,34,29,5,0.8529,751.11
Merchant_B,Adyen,cash_in_store,MX,1,9,55,44,11,0.8,908.85
Merchant_B,Adyen,cash_in_store,MX,1,10,83,74,9,0.8916,878.03
Merchant_B,Adyen,cash_in_store,MX,1,11,85,69,16,0.8118,911.75
Merchant_B,Adyen,cash_in_store,MX,1,12,68,57,11,0.8382,883.97
Merchant_B,Adyen,cash_in_store,MX,1,13,70,57,13,0.8143,848.71
Merchant_B,Adyen,cash_in_store,MX,1,14,67,48,19,0.7164,975.79
Merchant_B,Adyen,cash_in_store,MX,1,15,63,51,12,0.8095,847.96
Merchant_B,Adyen,cash_in_store,MX,1,16,57,49,8,0.8596,954.78
Merchant_B,Adyen,cash_in_store,MX,1,17,72,63,9,0.875,926.37
Merchant_B,Adyen,cash_in_store,MX,1,18,50,44,6,0.88,842.02
Merchant_B,Adyen,cash_in_store,MX,1,19,45,37,8,0.8222,1016.2
Merchant_B,Adyen,cash_in_store,MX,1,20,27,21,6,0.7778,1009.81
Merchant_B,Adyen,cash_in_store,MX,1,21,18,14,4,0.7778,750.59
Merchant_B,Adyen,cash_in_store,MX,1,22,13,11,2,0.8462,945.72
Merchant_B,Adyen,cash_in_store,MX,1,23,7,5,2,0.7143,1169.95
Merchant_B,Adyen,cash_in_store,MX,2,0,5,4,1,0.8,1001.68
Merchant_B,Adyen,cash_in_store,MX,2,1,1,1,0,1.0,549.85
Merchant_B,Adyen,cash_in_store,MX,2,2,3,3,0,1.0,757.67
Merchant_B,Adyen,cash_in_store,MX,2,3,1,0,1,0.0,2133.5
Merchant_B,Adyen,cash_in_store,MX,2,4,2,1,1,0.5,655.6
Merchant_B,Adyen,cash_in_store,MX,2,5,9,8,1,0.8889,929.33
Merchant_B,Adyen,cash_in_store,MX,2,6,15,13,2,0.8667,819.27
Merchant_B,Adyen,cash_in_store,MX,2,7,29,26,3,0.8966,999.04
Merchant_B,Adyen,cash_in_store,MX,2,8,40,34,6,0.85,989.82
Merchant_B,Adyen,cash_in_store,MX,2,9,47,41,6,0.8723,886.59
Merchant_B,Adyen,cash_in_store,MX,2,10,60,52,8,0.8667,924.87
Merchant_B,Adyen,cash_in_store,MX,2,11,66,54,12,0.8182,899.84
Merchant_B,Adyen,cash_in_store,MX,2,12,79,70,9,0.8861,833.15
Merchant_B,Adyen,cash_in_store,MX,2,13,77,66,11,0.8571,839.11
Merchant_B,Adyen,cash_in_store,MX,2,14,62,51,11,0.8226,949.19
Merchant_B,Adyen,cash_in_store,MX,2,15,62,55,7,0.8871,928.74
Merchant_B,Adyen,cash_in_store,MX,2,16,58,45,13,0.7759,976.23
Merchant_B,Adyen,cash_in_store,MX,2,17,56,47,9,0.8393,929.32
Merchant_B,Adyen,cash_in_store,MX,2,18,54,48,6,0.8889,994.85
Merchant_B,Adyen,cash_in_store,MX,2,19,36,25,11,0.6944,837.06
Merchant_B,Adyen,cash_in_store,MX,2,20,28,24,4,0.8571,917.45
Merchant_B,Adyen,cash_in_store,MX,2,21,16,13,3,0.8125,998.76
Merchant_B,Adyen,cash_in_store,MX,2,22,7,7,0,1.0,912.78
Merchant_B,Adyen,cash_in_store,MX,2,23,5,4,1,0.8,1239.61
Merchant_B,Adyen,cash_in_store,MX,3,0,7,7,0,1.0,1133.59
Merchant_B,Adyen,cash_in_store,MX,3,1,4,4,0,1.0,997.45
Merchant_B,Adyen,cash_in_store,MX,3,2,2,1,1,0.5,1090.12
Merchant_B,Adyen,cash_in_store,MX,3,3,1,1,0,1.0,927.38
Merchant_B,Adyen,cash_in_store,MX,3,4,2,2,0,1.0,586.88
Merchant_B,Adyen,cash_in_store,MX,3,5,5,3,2,0.6,786.39
Merchant_B,Adyen,cash_in_store,MX,3,6,13,12,1,0.9231,896.2
Merchant_B,Adyen,cash_in_store,MX,3,7,23,19,4,0.8261,799.79
Merchant_B,Adyen,cash_in_store,MX,3,8,49,44,5,0.898,948.71
Merchant_B,Adyen,cash_in_store,MX,3,9,52,43,9,0.8269,892.83
Merchant_B,Adyen,cash_in_store,MX,3,10,59,47,12,0.7966,955.21
Merchant_B,Adyen,cash_in_store,MX,3,11,49,42,7,0.8571,931.84
Merchant_B,Adyen,cash_in_store,MX,3,12,87,78,9,0.8966,954.66
Merchant_B,Adyen,cash_in_store,MX,3,13,68,54,14,0.7941,1025.84
Merchant_B,Adyen,cash_in_store,MX,3,14,58,50,8,0.8621,933.33
Merchant_B,Adyen,cash_in_store,MX,3,15,60,54,6,0.9,1064.29
Merchant_B,Adyen,cash_in_store,MX,3,16,49,39,10,0.7959,847.81
Merchant_B,Adyen,cash_in_store,MX,3,17,52,45,7,0.8654,967.5
Merchant_B,Adyen,cash_in_store,MX,3,18,62,57,5,0.9194,831.89
Merchant_B,Adyen,cash_in_store,MX,3,19,35,25,10,0.7143,928.15
Merchant_B,Adyen,cash_in_store,MX,3,20,33,28,5,0.8485,1075.57
Merchant_B,Adyen,cash_in_store,MX,3,21,20,15,5,0.75,1062.39
Merchant_B,Adyen,cash_in_store,MX,3,22,4,1,3,0.25,795.18
Merchant_B,Adyen,cash_in_store,MX,3,23,9,8,1,0.8889,984.48
Merchant_B,Adyen,cash_in_store,MX,4,0,7,5,2,0.7143,1224.84
Merchant_B,Adyen,cash_in_store,MX,4,1,2,2,0,1.0,1619.6
Merchant_B,Adyen,cash_in_store,MX,4,2,3,3,0,1.0,1141.83
Merchant_B,Adyen,cash_in_store,MX,4,3,2,1,1,0.5,824.29
Merchant_B,Adyen,cash_in_store,MX,4,5,4,4,0,1.0,1048.18
Merchant_B,Adyen,cash_in_store,MX,4,6,13,11,2,0.8462,944.28
Merchant_B,Adyen,cash_in_store,MX,4,7,22,20,2,0.9091,1112.16
Merchant_B,Adyen,cash_in_store,MX,4,8,36,33,3,0.9167,998.14
Merchant_B,Adyen,cash_in_store,MX,4,9,43,35,8,0.814,984.81
Merchant_B,Adyen,cash_in_store,MX,4,10,72,60,12,0.8333,838.41
Merchant_B,Adyen,cash_in_store,MX,4,11,69,56,13,0.8116,916.84
Merchant_B,Adyen,cash_in_store,MX,4,12,84,69,15,0.8214,965.75
Merchant_B,Adyen,cash_in_store,MX,4,13,60,50,10,0.8333,840.44
Merchant_B,Adyen,cash_in_store,MX,4,14,67,55,12,0.8209,910.57
Merchant_B,Adyen,cash_in_store,MX,4,15,59,46,13,0.7797,827.79
Merchant_B,Adyen,cash_in_store,MX,4,16,41,30,11,0.7317,898.54
Merchant_B,Adyen,cash_in_store,MX,4,17,53,45,8,0.8491,1028.38
Merchant_B,Adyen,cash_in_store,MX,4,18,44,38,6,0.8636,933.88
Merchant_B,Adyen,cash_in_store,MX,4,19,45,38,7,0.8444,1002.9
Merchant_B,Adyen,cash_in_store,MX,4,20,28,26,2,0.9286,1001.03
Merchant_B,Adyen,cash_in_store,MX,4,21,17,15,2,0.8824,1034.01
Merchant_B,Adyen,cash_in_store,MX,4,22,7,4,3,0.5714,771.42
Merchant_B,Adyen,cash_in_store,MX,4,23,8,6,2,0.75,719.03
Merchant_B,Adyen,cash_in_store,MX,5,0,6,5,1,0.8333,931.63
Merchant_B,Adyen,cash_in_store,MX,5,1,3,3,0,1.0,665.86
Merchant_B,Adyen,cash_in_store,MX,5,2,2,1,1,0.5,821.08
Merchant_B,Adyen,cash_in_store,MX,5,3,1,1,0,1.0,1209.0
Merchant_B,Adyen,cash_in_store,MX,5,4,2,2,0,1.0,650.68
Merchant_B,Adyen,cash_in_store,MX,5,5,4,4,0,1.0,960.11
Merchant_B,Adyen,cash_in_store,MX,5,6,13,12,1,0.9231,963.04
Merchant_B,Adyen,cash_in_store,MX,5,7,25,21,4,0.84,937.63
Merchant_B,Adyen,cash_in_store,MX,5,8,47,35,12,0.7447,845.12
Merchant_B,Adyen,cash_in_store,MX,5,9,55,45,10,0.8182,843.42
Merchant_B,Adyen,cash_in_store,MX,5,10,126,115,11,0.9127,846.11
Merchant_B,Adyen,cash_in_store,MX,5,11,53,45,8,0.8491,866.54
Merchant_B,Adyen,cash_in_store,MX,5,12,89,79,10,0.8876,921.55
Merchant_B,Adyen,cash_in_store,MX,5,13,66,58,8,0.8788,1011.27
Merchant_B,Adyen,cash_in_store,MX,5,14,67,55,12,0.8209,921.4
Merchant_B,Adyen,cash_in_store,MX,5,15,53,44,9,0.8302,971.17
Merchant_B,Adyen,cash_in_store,MX,5,16,50,43,7,0.86,951.04
Merchant_B,Adyen,cash_in_store,MX,5,17,48,43,5,0.8958,811.95
Merchant_B,Adyen,cash_in_store,MX,5,18,43,38,5,0.8837,862.11
Merchant_B,Adyen,cash_in_store,MX,5,19,36,31,5,0.8611,897.34
Merchant_B,Adyen,cash_in_store,MX,5,20,31,24,7,0.7742,962.44
Merchant_B,Adyen,cash_in_store,MX,5,21,13,12,1,0.9231,814.38
Merchant_B,Adyen,cash_in_store,MX,5,22,8,8,0,1.0,952.92
Merchant_B,Adyen,cash_in_store,MX,5,23,6,5,1,0.8333,620.63
Merchant_B,Adyen,cash_in_store,MX,6,0,10,9,1,0.9,972.43
Merchant_B,Adyen,cash_in_store,MX,6,1,4,4,0,1.0,466.96
Merchant_B,Adyen,cash_in_store,MX,6,2,2,2,0,1.0,937.84
Merchant_B,Adyen,cash_in_store,MX,6,3,5,5,0,1.0,910.96
Merchant_B,Adyen,cash_in_store,MX,6,4,5,4,1,0.8,930.17
Merchant_B,Adyen,cash_in_store,MX,6,5,7,6,1,0.8571,1167.58
Merchant_B,Adyen,cash_in_store,MX,6,6,11,7,4,0.6364,877.83
Merchant_B,Adyen,cash_in_store,MX,6,7,31,26,5,0.8387,887.84
Merchant_B,Adyen,cash_in_store,MX,6,8,41,36,5,0.878,1044.05
Merchant_B,Adyen,cash_in_store,MX,6,9,53,43,10,0.8113,884.53
Merchant_B,Adyen,cash_in_store,MX,6,10,42,38,4,0.9048,819.85
Merchant_B,Adyen,cash_in_store,MX,6,11,66,55,11,0.8333,918.74
Merchant_B,Adyen,cash_in_store,MX,6,12,64,50,14,0.7812,855.74
Merchant_B,Adyen,cash_in_store,MX,6,13,63,51,12,0.8095,950.02
Merchant_B,Adyen,cash_in_store,MX,6,14,52,45,7,0.8654,860.99
Merchant_B,Adyen,cash_in_store,MX,6,15,59,52,7,0.8814,910.14
Merchant_B,Adyen,cash_in_store,MX,6,16,47,38,9,0.8085,947.89
Merchant_B,Adyen,cash_in_store,MX,6,17,43,37,6,0.8605,914.59
Merchant_B,Adyen,cash_in_store,MX,6,18,54,48,6,0.8889,982.69
Merchant_B,Adyen,cash_in_store,MX,6,19,38,31,7,0.8158,828.59
Merchant_B,Adyen,cash_in_store,MX,6,20,22,18,4,0.8182,898.55
Merchant_B,Adyen,cash_in_store,MX,6,21,16,16,0,1.0,805.73
Merchant_B,Adyen,cash_in_store,MX,6,22,12,11,1,0.9167,968.41
Merchant_B,Adyen,cash_in_store,MX,6,23,4,4,0,1.0,1071.8
Merchant_B,Adyen,wallet,BR,0,0,4,4,0,1.0,228.44
Merchant_B,Adyen,wallet,BR,0,1,3,3,0,1.0,481.07
Merchant_B,Adyen,wallet,BR,0,2,7,5,2,0.7143,238.63
Merchant_B,Adyen,wallet,BR,0,3,1,1,0,1.0,532.32
Merchant_B,Adyen,wallet,BR,0,4,1,1,0,1.0,302.13
Merchant_B,Adyen,wallet,BR,0,5,3,3,0,1.0,264.01
Merchant_B,Adyen,wallet,BR,0,6,8,7,1,0.875,263.12
Merchant_B,Adyen,wallet,BR,0,7,33,27,6,0.8182,325.4
Merchant_B,Adyen,wallet,BR,0,8,35,34,1,0.9714,248.94
Merchant_B,Adyen,wallet,BR,0,9,50,48,2,0.96,284.94
Merchant_B,Adyen,wallet,BR,0,10,50,45,5,0.9,268.13
Merchant_B,Adyen,wallet,BR,0,11,59,56,3,0.9492,301.92
Merchant_B,Adyen,wallet,BR,0,12,62,59,3,0.9516,289.23
Merchant_B,Adyen,wallet,BR,0,13,60,56,4,0.9333,321.69
Merchant_B,Adyen,wallet,BR,0,14,47,42,5,0.8936,320.07
Merchant_B,Adyen,wallet,BR,0,15,45,43,2,0.9556,286.3
Merchant_B,Adyen,wallet,BR,0,16,50,47,3,0.94,267.89
Merchant_B,Adyen,wallet,BR,0,17,47,43,4,0.9149,258.88
Merchant_B,Adyen,wallet,BR,0,18,54,48,6,0.8889,288.94
Merchant_B,Adyen,wallet,BR,0,19,41,37,4,0.9024,273.46
Merchant_B,Adyen,wallet,BR,0,20,27,26,1,0.963,249.98
Merchant_B,Adyen,wallet,BR,0,21,15,13,2,0.8667,265.74
Merchant_B,Adyen,wallet,BR,0,22,12,11,1,0.9167,358.68
Merchant_B,Adyen,wallet,BR,0,23,6,6,0,1.0,260.67
Merchant_B,Adyen,wallet,BR,1,0,4,3,1,0.75,255.13
Merchant_B,Adyen,wallet,BR,1,1,7,6,1,0.8571,214.91
Merchant_B,Adyen,wallet,BR,1,2,3,3,0,1.0,290.85
Merchant_B,Adyen,wallet,BR,1,3,2,2,0,1.0,242.2
Merchant_B,Adyen,wallet,BR,1,4,2,2,0,1.0,336.3
Merchant_B,Adyen,wallet,BR,1,5,1,0,1,0.0,319.15
Merchant_B,Adyen,wallet,BR,1,6,7,7,0,1.0,208.35
Merchant_B,Adyen,wallet,BR,1,7,26,26,0,1.0,272.47
Merchant_B,Adyen,wallet,BR,1,8,41,40,1,0.9756,247.38
Merchant_B,Adyen,wallet,BR,1,9,58,56,2,0.9655,291.02
Merchant_B,Adyen,wallet,BR,1,10,69,64,5,0.9275,265.93
Merchant_B,Adyen,wallet,BR,1,11,72,67,5,0.9306,282.18
Merchant_B,Adyen,wallet,BR,1,12,83,77,6,0.9277,289.7
Merchant_B,Adyen,wallet,BR,1,13,71,61,10,0.8592,323.85
Merchant_B,Adyen,wallet,BR,1,14,66,62,4,0.9394,312.14
Merchant_B,Adyen,wallet,BR,1,15,77,72,5,0.9351,248.4
Merchant_B,Adyen,wallet,BR,1,16,47,43,4,0.9149,290.18
Merchant_B,Adyen,wallet,BR,1,17,51,48,3,0.9412,285.35
Merchant_B,Adyen,wallet,BR,1,18,41,38,3,0.9268,314.16
Merchant_B,Adyen,wallet,BR,1,19,38,31,7,0.8158,321.18
Merchant_B,Adyen,wallet,BR,1,20,30,26,4,0.8667,340.37
Merchant_B,Adyen,wallet,BR,1,21,14,13,1,0.9286,269.23
Merchant_B,Adyen,wallet,BR,1,22,14,13,1,0.9286,269.5
Merchant_B,Adyen,wallet,BR,1,23,4,3,1,0.75,433.94
Merchant_B,Adyen,wallet,BR,2,0,5,3,2,0.6,253.93
Merchant_B,Adyen,wallet,BR,2,1,1,1,0,1.0,270.01
Merchant_B,Adyen,wallet,BR,2,2,4,2,2,0.5,228.54
Merchant_B,Adyen,wallet,BR,2,3,1,1,0,1.0,452.02
Merchant_B,Adyen,wallet,BR,2,4,2,2,0,1.0,165.49
Merchant_B,Adyen,wallet,BR,2,5,2,1,1,0.5,214.98
Merchant_B,Adyen,wallet,BR,2,6,17,16,1,0.9412,317.57
Merchant_B,Adyen,wallet,BR,2,7,23,19,4,0.8261,290.66
Merchant_B,Adyen,wallet,BR,2,8,41,37,4,0.9024,257.84
Merchant_B,Adyen,wallet,BR,2,9,57,54,3,0.9474,279.66
Merchant_B,Adyen,wallet,BR,2,10,58,54,4,0.931,302.38
Merchant_B,Adyen,wallet,BR,2,11,73,69,4,0.9452,298.04
Merchant_B,Adyen,wallet,BR,2,12,75,68,7,0.9067,256.7
Merchant_B,Adyen,wallet,BR,2,13,62,58,4,0.9355,265.96
Merchant_B,Adyen,wallet,BR,2,14,55,51,4,0.9273,300.85
Merchant_B,Adyen,wallet,BR,2,15,70,64,6,0.9143,297.15
Merchant_B,Adyen,wallet,BR,2,16,60,53,7,0.8833,299.4
Merchant_B,Adyen,wallet,BR,2,17,50,47,3,0.94,288.89
Merchant_B,Adyen,wallet,BR,2,18,57,51,6,0.8947,267.17
Merchant_B,Adyen,wallet,BR,2,19,47,43,4,0.9149,252.9
Merchant_B,Adyen,wallet,BR,2,20,22,20,2,0.9091,241.94
Merchant_B,Adyen,wallet,BR,2,21,22,21,1,0.9545,261.74
Merchant_B,Adyen,wallet,BR,2,22,8,7,1,0.875,274.32
Merchant_B,Adyen,wallet,BR,2,23,8,7,1,0.875,277.99
Merchant_B,Adyen,wallet,BR,3,0,9,9,0,1.0,325.34
Merchant_B,Adyen,wallet,BR,3,1,3,3,0,1.0,327.78
Merchant_B,Adyen,wallet,BR,3,2,3,3,0,1.0,173.38
Merchant_B,Adyen,wallet,BR,3,3,3,3,0,1.0,275.85
Merchant_B,Adyen,wallet,BR,3,4,3,3,0,1.0,364.86
Merchant_B,Adyen,wallet,BR,3,5,9,8,1,0.8889,373.43
Merchant_B,Adyen,wallet,BR,3,6,17,14,3,0.8235,207.69
Merchant_B,Adyen,wallet,BR,3,7,27,24,3,0.8889,294.85
Merchant_B,Adyen,wallet,BR,3,8,43,40,3,0.9302,255.48
Merchant_B,Adyen,wallet,BR,3,9,65,59,6,0.9077,294.78
Merchant_B,Adyen,wallet,BR,3,10,56,51,5,0.9107,264.18
Merchant_B,Adyen,wallet,BR,3,11,70,59,11,0.8429,299.01
Merchant_B,Adyen,wallet,BR,3,12,71,63,8,0.8873,257.57
Merchant_B,Adyen,wallet,BR,3,13,66,57,9,0.8636,271.02
Merchant_B,Adyen,wallet,BR,3,14,71,66,5,0.9296,302.06
Merchant_B,Adyen,wallet,BR,3,15,49,47,2,0.9592,274.5
Merchant_B,Adyen,wallet,BR,3,16,56,52,4,0.9286,293.26
Merchant_B,Adyen,wallet,BR,3,17,63,57,6,0.9048,268.19
Merchant_B,Adyen,wallet,BR,3,18,57,52,5,0.9123,281.0
Merchant_B,Adyen,wallet,BR,3,19,33,31,2,0.9394,319.68
Merchant_B,Adyen,wallet,BR,3,20,28,25,3,0.8929,301.57
Merchant_B,Adyen,wallet,BR,3,21,21,19,2,0.9048,256.33
Merchant_B,Adyen,wallet,BR,3,22,11,9,2,0.8182,251.18
Merchant_B,Adyen,wallet,BR,3,23,6,4,2,0.6667,256.48
Merchant_B,Adyen,wallet,BR,4,0,11,11,0,1.0,315.79
Merchant_B,Adyen,wallet,BR,4,1,3,3,0,1.0,340.08
Merchant_B,Adyen,wallet,BR,4,2,3,3,0,1.0,128.13
Merchant_B,Adyen,wallet,BR,4,3,3,2,1,0.6667,214.8
Merchant_B,Adyen,wallet,BR,4,4,5,5,0,1.0,364.63
Merchant_B,Adyen,wallet,BR,4,5,4,4,0,1.0,279.02
Merchant_B,Adyen,wallet,BR,4,6,18,18,0,1.0,257.95
Merchant_B,Adyen,wallet,BR,4,7,28,25,3,0.8929,283.23
Merchant_B,Adyen,wallet,BR,4,8,45,42,3,0.9333,271.71
Merchant_B,Adyen,wallet,BR,4,9,52,46,6,0.8846,285.08
Merchant_B,Adyen,wallet,BR,4,10,59,56,3,0.9492,272.73
Merchant_B,Adyen,wallet,BR,4,11,65,62,3,0.9538,310.44
Merchant_B,Adyen,wallet,BR,4,12,70,63,7,0.9,283.53
Merchant_B,Adyen,wallet,BR,4,13,59,51,8,0.8644,278.69
Merchant_B,Adyen,wallet,BR,4,14,70,64,6,0.9143,292.53
Merchant_B,Adyen,wallet,BR,4,15,59,52,7,0.8814,313.13
Merchant_B,Adyen,wallet,BR,4,16,45,43,2,0.9556,240.39
Merchant_B,Adyen,wallet,BR,4,17,58,56,2,0.9655,284.6
Merchant_B,Adyen,wallet,BR,4,18,52,49,3,0.9423,272.79
Merchant_B,Adyen,wallet,BR,4,19,45,43,2,0.9556,261.8
Merchant_B,Adyen,wallet,BR,4,20,22,19,3,0.8636,256.52
Merchant_B,Adyen,wallet,BR,4,21,28,27,1,0.9643,284.59
Merchant_B,Adyen,wallet,BR,4,22,13,13,0,1.0,288.6
Merchant_B,Adyen,wallet,BR,4,23,4,4,0,1.0,256.85
Merchant_B,Adyen,wallet,BR,5,0,4,4,0,1.0,230.47
Merchant_B,Adyen,wallet,BR,5,1,6,6,0,1.0,336.36
Merchant_B,Adyen,wallet,BR,5,2,3,3,0,1.0,202.08
Merchant_B,Adyen,wallet,BR,5,3,1,1,0,1.0,267.52
Merchant_B,Adyen,wallet,BR,5,4,4,3,1,0.75,322.1
Merchant_B,Adyen,wallet,BR,5,5,7,7,0,1.0,337.04
Merchant_B,Adyen,wallet,BR,5,6,9,7,2,0.7778,310.63
Merchant_B,Adyen,wallet,BR,5,7,27,25,2,0.9259,254.27
Merchant_B,Adyen,wallet,BR,5,8,33,28,5,0.8485,300.42
Merchant_B,Adyen,wallet,BR,5,9,59,51,8,0.8644,299.78
Merchant_B,Adyen,wallet,BR,5,10,128,123,5,0.9609,258.86
Merchant_B,Adyen,wallet,BR,5,11,62,61,1,0.9839,275.58
Merchant_B,Adyen,wallet,BR,5,12,59,52,7,0.8814,279.41
Merchant_B,Adyen,wallet,BR,5,13,55,52,3,0.9455,297.44
Merchant_B,Adyen,wallet,BR,5,14,71,69,2,0.9718,262.14
Merchant_B,Adyen,wallet,BR,5,15,50,46,4,0.92,271.48
Merchant_B,Adyen,wallet,BR,5,16,67,60,7,0.8955,300.76
Merchant_B,Adyen,wallet,BR,5,17,54,48,6,0.8889,258.2
Merchant_B,Adyen,wallet,BR,5,18,44,42,2,0.9545,292.69
Merchant_B,Adyen,wallet,BR,5,19,40,39,1,0.975,291.2
Merchant_B,Adyen,wallet,BR,5,20,26,26,0,1.0,284.76
Merchant_B,Adyen,wallet,BR,5,21,9,9,0,1.0,334.61
Merchant_B,Adyen,wallet,BR,5,22,6,6,0,1.0,313.27
Merchant_B,Adyen,wallet,BR,5,23,4,4,0,1.0,229.7
Merchant_B,Adyen,wallet,BR,6,0,12,12,0,1.0,231.48
Merchant_B,Adyen,wallet,BR,6,1,3,3,0,1.0,167.03
Merchant_B,Adyen,wallet,BR,6,2,2,2,0,1.0,168.62
Merchant_B,Adyen,wallet,BR,6,4,1,1,0,1.0,328.84
Merchant_B,Adyen,wallet,BR,6,5,3,2,1,0.6667,309.95
Merchant_B,Adyen,wallet,BR,6,6,12,11,1,0.9167,295.31
Merchant_B,Adyen,wallet,BR,6,7,34,31,3,0.9118,317.78
Merchant_B,Adyen,wallet,BR,6,8,35,32,3,0.9143,273.84
Merchant_B,Adyen,wallet,BR,6,9,52,47,5,0.9038,283.79
Merchant_B,Adyen,wallet,BR,6,10,59,55,4,0.9322,277.86
Merchant_B,Adyen,wallet,BR,6,11,54,53,1,0.9815,279.65
Merchant_B,Adyen,wallet,BR,6,12,84,77,7,0.9167,300.38
Merchant_B,Adyen,wallet,BR,6,13,50,46,4,0.92,258.86
Merchant_B,Adyen,wallet,BR,6,14,50,47,3,0.94,290.6
Merchant_B,Adyen,wallet,BR,6,15,61,56,5,0.918,315.16
Merchant_B,Adyen,wallet,BR,6,16,52,44,8,0.8462,283.88
Merchant_B,Adyen,wallet,BR,6,17,46,43,3,0.9348,272.85
Merchant_B,Adyen,wallet,BR,6,18,39,36,3,0.9231,275.86
Merchant_B,Adyen,wallet,BR,6,19,41,40,1,0.9756,286.2
Merchant_B,Adyen,wallet,BR,6,20,34,32,2,0.9412,301.13
Merchant_B,Adyen,wallet,BR,6,21,14,10,4,0.7143,255.37
Merchant_B,Adyen,wallet,BR,6,22,8,8,0,1.0,310.25
Merchant_B,Adyen,wallet,BR,6,23,5,5,0,1.0,404.68
Merchant_B,Adyen,wallet,CO,0,0,8,8,0,1.0,108777.75
Merchant_B,Adyen,wallet,CO,0,1,1,1,0,1.0,182081.89
Merchant_B,Adyen,wallet,CO,0,2,1,1,0,1.0,110553.08
Merchant_B,Adyen,wallet,CO,0,3,1,1,0,1.0,51938.35
Merchant_B,Adyen,wallet,CO,0,4,3,3,0,1.0,121506.87
Merchant_B,Adyen,wallet,CO,0,5,4,4,0,1.0,79969.04
Merchant_B,Adyen,wallet,CO,0,6,15,14,1,0.9333,152670.23
Merchant_B,Adyen,wallet,CO,0,7,24,24,0,1.0,122177.76
Merchant_B,Adyen,wallet,CO,0,8,33,30,3,0.9091,128772.6
Merchant_B,Adyen,wallet,CO,0,9,45,41,4,0.9111,118874.59
Merchant_B,Adyen,wallet,CO,0,10,60,54,6,0.9,127042.4
Merchant_B,Adyen,wallet,CO,0,11,55,52,3,0.9455,116106.51
Merchant_B,Adyen,wallet,CO,0,12,64,57,7,0.8906,119697.28
Merchant_B,Adyen,wallet,CO,0,13,78,69,9,0.8846,130509.25
Merchant_B,Adyen,wallet,CO,0,14,73,66,7,0.9041,121898.91
Merchant_B,Adyen,wallet,CO,0,15,67,65,2,0.9701,119178.6
Merchant_B,Adyen,wallet,CO,0,16,56,48,8,0.8571,128571.09
Merchant_B,Adyen,wallet,CO,0,17,54,51,3,0.9444,120635.46
Merchant_B,Adyen,wallet,CO,0,18,51,47,4,0.9216,118066.98
Merchant_B,Adyen,wallet,CO,0,19,31,28,3,0.9032,143126.52
Merchant_B,Adyen,wallet,CO,0,20,23,22,1,0.9565,116182.37
Merchant_B,Adyen,wallet,CO,0,21,14,12,2,0.8571,120450.8
Merchant_B,Adyen,wallet,CO,0,22,5,5,0,1.0,79347.8
Merchant_B,Adyen,wallet,CO,0,23,1,1,0,1.0,70447.09
Merchant_B,Adyen,wallet,CO,1,0,3,3,0,1.0,118547.86
Merchant_B,Adyen,wallet,CO,1,1,1,1,0,1.0,127104.8
Merchant_B,Adyen,wallet,CO,1,2,1,1,0,1.0,53248.05
Merchant_B,Adyen,wallet,CO,1,3,1,1,0,1.0,100998.87
Merchant_B,Adyen,wallet,CO,1,4,1,1,0,1.0,12000.0
Merchant_B,Adyen,wallet,CO,1,5,4,4,0,1.0,184591.48
Merchant_B,Adyen,wallet,CO,1,6,14,11,3,0.7857,130017.57
Merchant_B,Adyen,wallet,CO,1,7,17,17,0,1.0,94785.08
Merchant_B,Adyen,wallet,CO,1,8,34,33,1,0.9706,127031.39
Merchant_B,Adyen,wallet,CO,1,9,53,49,4,0.9245,137347.19
Merchant_B,Adyen,wallet,CO,1,10,82,74,8,0.9024,134496.29
Merchant_B,Adyen,wallet,CO,1,11,62,57,5,0.9194,116868.87
Merchant_B,Adyen,wallet,CO,1,12,77,72,5,0.9351,123985.84
Merchant_B,Adyen,wallet,CO,1,13,74,68,6,0.9189,120993.05
Merchant_B,Adyen,wallet,CO,1,14,54,50,4,0.9259,115456.18
Merchant_B,Adyen,wallet,CO,1,15,49,42,7,0.8571,128038.34
Merchant_B,Adyen,wallet,CO,1,16,62,55,7,0.8871,108680.54
Merchant_B,Adyen,wallet,CO,1,17,45,40,5,0.8889,123114.33
Merchant_B,Adyen,wallet,CO,1,18,41,40,1,0.9756,101323.71
Merchant_B,Adyen,wallet,CO,1,19,54,48,6,0.8889,133131.22
Merchant_B,Adyen,wallet,CO,1,20,27,26,1,0.963,112227.56
Merchant_B,Adyen,wallet,CO,1,21,18,18,0,1.0,126778.46
Merchant_B,Adyen,wallet,CO,1,22,10,10,0,1.0,112309.44
Merchant_B,Adyen,wallet,CO,1,23,3,3,0,1.0,187747.44
Merchant_B,Adyen,wallet,CO,2,0,3,2,1,0.6667,87038.46
Merchant_B,Adyen,wallet,CO,2,1,3,3,0,1.0,110061.18
Merchant_B,Adyen,wallet,CO,2,2,4,4,0,1.0,123138.69
Merchant_B,Adyen,wallet,CO,2,3,1,1,0,1.0,128683.71
Merchant_B,Adyen,wallet,CO,2,4,3,3,0,1.0,34527.34
Merchant_B,Adyen,wallet,CO,2,5,6,6,0,1.0,61897.62
Merchant_B,Adyen,wallet,CO,2,6,11,11,0,1.0,91058.43
Merchant_B,Adyen,wallet,CO,2,7,24,23,1,0.9583,123212.97
Merchant_B,Adyen,wallet,CO,2,8,36,30,6,0.8333,118186.55
Merchant_B,Adyen,wallet,CO,2,9,61,55,6,0.9016,122092.75
Merchant_B,Adyen,wallet,CO,2,10,61,57,4,0.9344,102876.95
Merchant_B,Adyen,wallet,CO,2,11,64,58,6,0.9062,127538.42
Merchant_B,Adyen,wallet,CO,2,12,68,60,8,0.8824,115220.11
Merchant_B,Adyen,wallet,CO,2,13,83,72,11,0.8675,112440.2
Merchant_B,Adyen,wallet,CO,2,14,75,68,7,0.9067,123886.14
Merchant_B,Adyen,wallet,CO,2,15,65,62,3,0.9538,140972.34
Merchant_B,Adyen,wallet,CO,2,16,54,52,2,0.963,135462.41
Merchant_B,Adyen,wallet,CO,2,17,69,63,6,0.913,120170.54
Merchant_B,Adyen,wallet,CO,2,18,51,49,2,0.9608,135580.49
Merchant_B,Adyen,wallet,CO,2,19,48,44,4,0.9167,116730.94
Merchant_B,Adyen,wallet,CO,2,20,28,28,0,1.0,118712.72
Merchant_B,Adyen,wallet,CO,2,21,23,20,3,0.8696,115015.8
Merchant_B,Adyen,wallet,CO,2,22,5,5,0,1.0,122971.08
Merchant_B,Adyen,wallet,CO,2,23,10,10,0,1.0,123325.01
Merchant_B,Adyen,wallet,CO,3,0,5,5,0,1.0,140782.18
Merchant_B,Adyen,wallet,CO,3,1,2,2,0,1.0,101941.86
Merchant_B,Adyen,wallet,CO,3,2,1,1,0,1.0,122786.53
Merchant_B,Adyen,wallet,CO,3,3,3,3,0,1.0,112772.96
Merchant_B,Adyen,wallet,CO,3,4,2,2,0,1.0,197510.68
Merchant_B,Adyen,wallet,CO,3,5,9,9,0,1.0,122754.86
Merchant_B,Adyen,wallet,CO,3,6,13,13,0,1.0,119559.37
Merchant_B,Adyen,wallet,CO,3,7,24,21,3,0.875,135049.67
Merchant_B,Adyen,wallet,CO,3,8,44,41,3,0.9318,112048.84
Merchant_B,Adyen,wallet,CO,3,9,44,39,5,0.8864,118880.88
Merchant_B,Adyen,wallet,CO,3,10,63,56,7,0.8889,139654.61
Merchant_B,Adyen,wallet,CO,3,11,80,66,14,0.825,121471.43
Merchant_B,Adyen,wallet,CO,3,12,86,81,5,0.9419,116512.39
Merchant_B,Adyen,wallet,CO,3,13,54,47,7,0.8704,126293.85
Merchant_B,Adyen,wallet,CO,3,14,61,61,0,1.0,132394.42
Merchant_B,Adyen,wallet,CO,3,15,75,69,6,0.92,132214.15
Merchant_B,Adyen,wallet,CO,3,16,67,65,2,0.9701,115494.04
Merchant_B,Adyen,wallet,CO,3,17,47,42,5,0.8936,106076.95
Merchant_B,Adyen,wallet,CO,3,18,48,44,4,0.9167,130573.38
Merchant_B,Adyen,wallet,CO,3,19,36,35,1,0.9722,121086.61
Merchant_B,Adyen,wallet,CO,3,20,40,34,6,0.85,133556.06
Merchant_B,Adyen,wallet,CO,3,21,13,12,1,0.9231,131957.22
Merchant_B,Adyen,wallet,CO,3,22,6,6,0,1.0,163243.6
Merchant_B,Adyen,wallet,CO,3,23,10,10,0,1.0,100151.0
Merchant_B,Adyen,wallet,CO,4,0,6,6,0,1.0,70843.06
Merchant_B,Adyen,wallet,CO,4,1,6,6,0,1.0,109969.74
Merchant_B,Adyen,wallet,CO,4,2,7,7,0,1.0,104540.57
Merchant_B,Adyen,wallet,CO,4,4,4,4,0,1.0,176212.32
Merchant_B,Adyen,wallet,CO,4,5,2,2,0,1.0,99861.82
Merchant_B,Adyen,wallet,CO,4,6,15,15,0,1.0,97468.83
Merchant_B,Adyen,wallet,CO,4,7,28,26,2,0.9286,123111.25
Merchant_B,Adyen,wallet,CO,4,8,42,37,5,0.881,101752.27
Merchant_B,Adyen,wallet,CO,4,9,61,55,6,0.9016,118517.31
Merchant_B,Adyen,wallet,CO,4,10,59,56,3,0.9492,121272.96
Merchant_B,Adyen,wallet,CO,4,11,74,70,4,0.9459,138369.65
Merchant_B,Adyen,wallet,CO,4,12,65,62,3,0.9538,120731.36
Merchant_B,Adyen,wallet,CO,4,13,78,73,5,0.9359,120005.18
Merchant_B,Adyen,wallet,CO,4,14,65,57,8,0.8769,137884.05
Merchant_B,Adyen,wallet,CO,4,15,76,70,6,0.9211,133256.14
Merchant_B,Adyen,wallet,CO,4,16,47,43,4,0.9149,130302.85
Merchant_B,Adyen,wallet,CO,4,17,49,45,4,0.9184,111254.37
Merchant_B,Adyen,wallet,CO,4,18,62,58,4,0.9355,111238.74
Merchant_B,Adyen,wallet,CO,4,19,47,45,2,0.9574,128744.16
Merchant_B,Adyen,wallet,CO,4,20,28,26,2,0.9286,141603.96
Merchant_B,Adyen,wallet,CO,4,21,14,11,3,0.7857,91752.34
Merchant_B,Adyen,wallet,CO,4,22,14,14,0,1.0,126059.24
Merchant_B,Adyen,wallet,CO,4,23,6,6,0,1.0,118920.87
Merchant_B,Adyen,wallet,CO,5,0,9,6,3,0.6667,112154.65
Merchant_B,Adyen,wallet,CO,5,1,3,3,0,1.0,99412.4
Merchant_B,Adyen,wallet,CO,5,2,1,1,0,1.0,169669.39
Merchant_B,Adyen,wallet,CO,5,4,3,3,0,1.0,107036.73
Merchant_B,Adyen,wallet,CO,5,5,3,3,0,1.0,71596.06
Merchant_B,Adyen,wallet,CO,5,6,11,10,1,0.9091,145897.08
Merchant_B,Adyen,wallet,CO,5,7,42,35,7,0.8333,122835.71
Merchant_B,Adyen,wallet,CO,5,8,33,32,1,0.9697,132159.6
Merchant_B,Adyen,wallet,CO,5,9,60,55,5,0.9167,125338.59
Merchant_B,Adyen,wallet,CO,5,10,135,121,14,0.8963,120676.74
Merchant_B,Adyen,wallet,CO,5,11,61,55,6,0.9016,130997.61
Merchant_B,Adyen,wallet,CO,5,12,58,53,5,0.9138,113165.95
Merchant_B,Adyen,wallet,CO,5,13,52,45,7,0.8654,126479.52
Merchant_B,Adyen,wallet,CO,5,14,60,53,7,0.8833,125275.59
Merchant_B,Adyen,wallet,CO,5,15,51,48,3,0.9412,119241.72
Merchant_B,Adyen,wallet,CO,5,16,51,46,5,0.902,120953.46
Merchant_B,Adyen,wallet,CO,5,17,60,51,9,0.85,113417.12
Merchant_B,Adyen,wallet,CO,5,18,52,50,2,0.9615,121657.8
Merchant_B,Adyen,wallet,CO,5,19,37,32,5,0.8649,120445.07
Merchant_B,Adyen,wallet,CO,5,20,25,24,1,0.96,126248.84
Merchant_B,Adyen,wallet,CO,5,21,23,22,1,0.9565,129562.29
Merchant_B,Adyen,wallet,CO,5,22,14,12,2,0.8571,83184.09
Merchant_B,Adyen,wallet,CO,5,23,3,3,0,1.0,106374.45
Merchant_B,Adyen,wallet,CO,6,0,6,5,1,0.8333,157961.39
Merchant_B,Adyen,wallet,CO,6,1,2,2,0,1.0,150219.06
Merchant_B,Adyen,wallet,CO,6,2,4,3,1,0.75,155699.74
Merchant_B,Adyen,wallet,CO,6,3,3,3,0,1.0,98043.76
Merchant_B,Adyen,wallet,CO,6,4,3,3,0,1.0,144989.75
Merchant_B,Adyen,wallet,CO,6,5,4,4,0,1.0,118584.0
Merchant_B,Adyen,wallet,CO,6,6,14,14,0,1.0,80081.36
Merchant_B,Adyen,wallet,CO,6,7,27,25,2,0.9259,102186.11
Merchant_B,Adyen,wallet,CO,6,8,28,25,3,0.8929,140576.19
Merchant_B,Adyen,wallet,CO,6,9,47,43,4,0.9149,118433.2
Merchant_B,Adyen,wallet,CO,6,10,57,51,6,0.8947,112200.17
Merchant_B,Adyen,wallet,CO,6,11,63,58,5,0.9206,117827.16
Merchant_B,Adyen,wallet,CO,6,12,55,52,3,0.9455,129879.03
Merchant_B,Adyen,wallet,CO,6,13,53,45,8,0.8491,108364.4
Merchant_B,Adyen,wallet,CO,6,14,37,35,2,0.9459,123161.3
Merchant_B,Adyen,wallet,CO,6,15,53,51,2,0.9623,130198.6
Merchant_B,Adyen,wallet,CO,6,16,61,57,4,0.9344,115373.06
Merchant_B,Adyen,wallet,CO,6,17,51,43,8,0.8431,127188.12
Merchant_B,Adyen,wallet,CO,6,18,48,44,4,0.9167,113668.65
Merchant_B,Adyen,wallet,CO,6,19,38,34,4,0.8947,100432.47
Merchant_B,Adyen,wallet,CO,6,20,26,25,1,0.9615,121824.94
Merchant_B,Adyen,wallet,CO,6,21,12,11,1,0.9167,104697.8
Merchant_B,Adyen,wallet,CO,6,22,7,6,1,0.8571,68422.25
Merchant_B,Adyen,wallet,CO,6,23,4,4,0,1.0,123069.63
Merchant_B,Adyen,wallet,MX,0,0,8,8,0,1.0,1012.36
Merchant_B,Adyen,wallet,MX,0,1,2,2,0,1.0,911.94
Merchant_B,Adyen,wallet,MX,0,2,6,6,0,1.0,819.56
Merchant_B,Adyen,wallet,MX,0,3,3,2,1,0.6667,585.57
Merchant_B,Adyen,wallet,MX,0,4,2,1,1,0.5,950.57
Merchant_B,Adyen,wallet,MX,0,5,5,4,1,0.8,1056.72
Merchant_B,Adyen,wallet,MX,0,6,8,6,2,0.75,915.16
Merchant_B,Adyen,wallet,MX,0,7,24,24,0,1.0,1052.72
Merchant_B,Adyen,wallet,MX,0,8,32,31,1,0.9688,875.56
Merchant_B,Adyen,wallet,MX,0,9,56,53,3,0.9464,865.91
Merchant_B,Adyen,wallet,MX,0,10,57,49,8,0.8596,919.54
Merchant_B,Adyen,wallet,MX,0,11,55,52,3,0.9455,874.0
Merchant_B,Adyen,wallet,MX,0,12,73,69,4,0.9452,954.27
Merchant_B,Adyen,wallet,MX,0,13,59,55,4,0.9322,929.91
Merchant_B,Adyen,wallet,MX,0,14,53,50,3,0.9434,939.25
Merchant_B,Adyen,wallet,MX,0,15,45,41,4,0.9111,790.15
Merchant_B,Adyen,wallet,MX,0,16,43,43,0,1.0,973.73
Merchant_B,Adyen,wallet,MX,0,17,43,38,5,0.8837,826.2
Merchant_B,Adyen,wallet,MX,0,18,52,51,1,0.9808,955.6
Merchant_B,Adyen,wallet,MX,0,19,37,36,1,0.973,886.95
Merchant_B,Adyen,wallet,MX,0,20,29,27,2,0.931,872.16
Merchant_B,Adyen,wallet,MX,0,21,16,15,1,0.9375,807.52
Merchant_B,Adyen,wallet,MX,0,22,4,3,1,0.75,1063.68
Merchant_B,Adyen,wallet,MX,0,23,2,2,0,1.0,281.24
Merchant_B,Adyen,wallet,MX,1,0,12,12,0,1.0,952.8
Merchant_B,Adyen,wallet,MX,1,1,1,1,0,1.0,553.1
Merchant_B,Adyen,wallet,MX,1,2,5,5,0,1.0,1095.48
Merchant_B,Adyen,wallet,MX,1,4,1,1,0,1.0,1293.43
Merchant_B,Adyen,wallet,MX,1,5,6,4,2,0.6667,900.75
Merchant_B,Adyen,wallet,MX,1,6,7,7,0,1.0,884.03
Merchant_B,Adyen,wallet,MX,1,7,28,25,3,0.8929,861.44
Merchant_B,Adyen,wallet,MX,1,8,30,26,4,0.8667,874.53
Merchant_B,Adyen,wallet,MX,1,9,44,41,3,0.9318,1021.13
Merchant_B,Adyen,wallet,MX,1,10,84,79,5,0.9405,927.68
Merchant_B,Adyen,wallet,MX,1,11,66,59,7,0.8939,937.58
Merchant_B,Adyen,wallet,MX,1,12,87,83,4,0.954,986.12
Merchant_B,Adyen,wallet,MX,1,13,79,69,10,0.8734,992.38
Merchant_B,Adyen,wallet,MX,1,14,71,65,6,0.9155,956.45
Merchant_B,Adyen,wallet,MX,1,15,68,63,5,0.9265,899.79
Merchant_B,Adyen,wallet,MX,1,16,60,55,5,0.9167,817.77
Merchant_B,Adyen,wallet,MX,1,17,54,48,6,0.8889,897.5
Merchant_B,Adyen,wallet,MX,1,18,48,43,5,0.8958,899.08
Merchant_B,Adyen,wallet,MX,1,19,36,33,3,0.9167,863.76
Merchant_B,Adyen,wallet,MX,1,20,29,26,3,0.8966,907.23
Merchant_B,Adyen,wallet,MX,1,21,15,14,1,0.9333,821.5
Merchant_B,Adyen,wallet,MX,1,22,5,5,0,1.0,813.16
Merchant_B,Adyen,wallet,MX,1,23,3,3,0,1.0,496.94
Merchant_B,Adyen,wallet,MX,2,0,6,5,1,0.8333,853.64
Merchant_B,Adyen,wallet,MX,2,1,2,2,0,1.0,766.56
Merchant_B,Adyen,wallet,MX,2,2,2,2,0,1.0,702.34
Merchant_B,Adyen,wallet,MX,2,3,3,3,0,1.0,783.15
Merchant_B,Adyen,wallet,MX,2,4,3,3,0,1.0,1148.01
Merchant_B,Adyen,wallet,MX,2,5,9,9,0,1.0,581.73
Merchant_B,Adyen,wallet,MX,2,6,6,6,0,1.0,907.22
Merchant_B,Adyen,wallet,MX,2,7,31,27,4,0.871,874.5
Merchant_B,Adyen,wallet,MX,2,8,36,36,0,1.0,971.81
Merchant_B,Adyen,wallet,MX,2,9,53,50,3,0.9434,954.99
Merchant_B,Adyen,wallet,MX,2,10,70,64,6,0.9143,905.19
Merchant_B,Adyen,wallet,MX,2,11,80,73,7,0.9125,842.62
Merchant_B,Adyen,wallet,MX,2,12,75,66,9,0.88,939.72
Merchant_B,Adyen,wallet,MX,2,13,78,69,9,0.8846,961.16
Merchant_B,Adyen,wallet,MX,2,14,55,55,0,1.0,869.39
Merchant_B,Adyen,wallet,MX,2,15,50,42,8,0.84,886.43
Merchant_B,Adyen,wallet,MX,2,16,62,52,10,0.8387,899.81
Merchant_B,Adyen,wallet,MX,2,17,60,58,2,0.9667,983.59
Merchant_B,Adyen,wallet,MX,2,18,52,46,6,0.8846,988.18
Merchant_B,Adyen,wallet,MX,2,19,38,37,1,0.9737,953.85
Merchant_B,Adyen,wallet,MX,2,20,36,35,1,0.9722,935.31
Merchant_B,Adyen,wallet,MX,2,21,16,16,0,1.0,900.84
Merchant_B,Adyen,wallet,MX,2,22,4,3,1,0.75,657.98
Merchant_B,Adyen,wallet,MX,2,23,3,3,0,1.0,953.14
Merchant_B,Adyen,wallet,MX,3,0,4,4,0,1.0,744.09
Merchant_B,Adyen,wallet,MX,3,1,3,3,0,1.0,732.48
Merchant_B,Adyen,wallet,MX,3,2,3,3,0,1.0,944.45
Merchant_B,Adyen,wallet,MX,3,3,3,3,0,1.0,1128.81
Merchant_B,Adyen,wallet,MX,3,4,4,4,0,1.0,1073.28
Merchant_B,Adyen,wallet,MX,3,5,2,2,0,1.0,963.75
Merchant_B,Adyen,wallet,MX,3,6,16,16,0,1.0,773.71
Merchant_B,Adyen,wallet,MX,3,7,31,30,1,0.9677,1003.75
Merchant_B,Adyen,wallet,MX,3,8,34,33,1,0.9706,835.53
Merchant_B,Adyen,wallet,MX,3,9,52,46,6,0.8846,831.53
Merchant_B,Adyen,wallet,MX,3,10,69,67,2,0.971,875.33
Merchant_B,Adyen,wallet,MX,3,11,90,82,8,0.9111,931.58
Merchant_B,Adyen,wallet,MX,3,12,67,63,4,0.9403,926.73
Merchant_B,Adyen,wallet,MX,3,13,78,73,5,0.9359,921.77
Merchant_B,Adyen,wallet,MX,3,14,58,48,10,0.8276,938.29
Merchant_B,Adyen,wallet,MX,3,15,63,55,8,0.873,937.02
Merchant_B,Adyen,wallet,MX,3,16,55,49,6,0.8909,932.0
Merchant_B,Adyen,wallet,MX,3,17,51,48,3,0.9412,868.43
Merchant_B,Adyen,wallet,MX,3,18,50,47,3,0.94,911.91
Merchant_B,Adyen,wallet,MX,3,19,35,32,3,0.9143,1129.59
Merchant_B,Adyen,wallet,MX,3,20,16,15,1,0.9375,979.63
Merchant_B,Adyen,wallet,MX,3,21,15,15,0,1.0,941.95
Merchant_B,Adyen,wallet,MX,3,22,8,8,0,1.0,1078.4
Merchant_B,Adyen,wallet,MX,3,23,12,11,1,0.9167,939.28
Merchant_B,Adyen,wallet,MX,4,0,6,6,0,1.0,982.6
Merchant_B,Adyen,wallet,MX,4,1,4,4,0,1.0,669.28
Merchant_B,Adyen,wallet,MX,4,2,3,3,0,1.0,1123.7
Merchant_B,Adyen,wallet,MX,4,3,2,2,0,1.0,1564.28
Merchant_B,Adyen,wallet,MX,4,4,2,2,0,1.0,509.75
Merchant_B,Adyen,wallet,MX,4,5,4,4,0,1.0,575.26
Merchant_B,Adyen,wallet,MX,4,6,14,13,1,0.9286,910.23
Merchant_B,Adyen,wallet,MX,4,7,35,33,2,0.9429,890.45
Merchant_B,Adyen,wallet,MX,4,8,40,36,4,0.9,917.05
Merchant_B,Adyen,wallet,MX,4,9,64,58,6,0.9062,921.5
Merchant_B,Adyen,wallet,MX,4,10,68,61,7,0.8971,902.97
Merchant_B,Adyen,wallet,MX,4,11,67,62,5,0.9254,1033.38
Merchant_B,Adyen,wallet,MX,4,12,93,85,8,0.914,914.83
Merchant_B,Adyen,wallet,MX,4,13,87,76,11,0.8736,893.79
Merchant_B,Adyen,wallet,MX,4,14,64,60,4,0.9375,881.88
Merchant_B,Adyen,wallet,MX,4,15,69,63,6,0.913,925.59
Merchant_B,Adyen,wallet,MX,4,16,67,60,7,0.8955,975.14
Merchant_B,Adyen,wallet,MX,4,17,50,47,3,0.94,980.95
Merchant_B,Adyen,wallet,MX,4,18,50,45,5,0.9,914.32
Merchant_B,Adyen,wallet,MX,4,19,42,38,4,0.9048,859.72
Merchant_B,Adyen,wallet,MX,4,20,39,37,2,0.9487,942.13
Merchant_B,Adyen,wallet,MX,4,21,16,15,1,0.9375,849.75
Merchant_B,Adyen,wallet,MX,4,22,13,11,2,0.8462,1051.01
Merchant_B,Adyen,wallet,MX,4,23,4,4,0,1.0,890.1
Merchant_B,Adyen,wallet,MX,5,0,13,12,1,0.9231,1067.95
Merchant_B,Adyen,wallet,MX,5,1,1,1,0,1.0,910.07
Merchant_B,Adyen,wallet,MX,5,2,2,2,0,1.0,1019.07
Merchant_B,Adyen,wallet,MX,5,3,3,3,0,1.0,891.85
Merchant_B,Adyen,wallet,MX,5,4,5,4,1,0.8,1026.69
Merchant_B,Adyen,wallet,MX,5,5,10,9,1,0.9,1010.65
Merchant_B,Adyen,wallet,MX,5,6,15,15,0,1.0,870.78
Merchant_B,Adyen,wallet,MX,5,7,30,26,4,0.8667,917.75
Merchant_B,Adyen,wallet,MX,5,8,37,33,4,0.8919,900.0
Merchant_B,Adyen,wallet,MX,5,9,60,53,7,0.8833,883.8
Merchant_B,Adyen,wallet,MX,5,10,114,107,7,0.9386,960.2
Merchant_B,Adyen,wallet,MX,5,11,69,66,3,0.9565,1038.03
Merchant_B,Adyen,wallet,MX,5,12,71,65,6,0.9155,888.11
Merchant_B,Adyen,wallet,MX,5,13,62,56,6,0.9032,1010.74
Merchant_B,Adyen,wallet,MX,5,14,56,52,4,0.9286,884.47
Merchant_B,Adyen,wallet,MX,5,15,61,52,9,0.8525,792.48
Merchant_B,Adyen,wallet,MX,5,16,42,38,4,0.9048,1022.08
Merchant_B,Adyen,wallet,MX,5,17,56,50,6,0.8929,885.47
Merchant_B,Adyen,wallet,MX,5,18,27,23,4,0.8519,860.61
Merchant_B,Adyen,wallet,MX,5,19,44,43,1,0.9773,890.56
Merchant_B,Adyen,wallet,MX,5,20,22,19,3,0.8636,1036.46
Merchant_B,Adyen,wallet,MX,5,21,11,9,2,0.8182,620.41
Merchant_B,Adyen,wallet,MX,5,22,8,8,0,1.0,714.22
Merchant_B,Adyen,wallet,MX,5,23,6,6,0,1.0,975.24
Merchant_B,Adyen,wallet,MX,6,0,6,6,0,1.0,963.52
Merchant_B,Adyen,wallet,MX,6,1,3,3,0,1.0,1081.0
Merchant_B,Adyen,wallet,MX,6,2,3,3,0,1.0,705.77
Merchant_B,Adyen,wallet,MX,6,3,4,3,1,0.75,575.19
Merchant_B,Adyen,wallet,MX,6,4,2,2,0,1.0,1711.8
Merchant_B,Adyen,wallet,MX,6,5,3,3,0,1.0,956.93
Merchant_B,Adyen,wallet,MX,6,6,13,13,0,1.0,1056.47
Merchant_B,Adyen,wallet,MX,6,7,26,26,0,1.0,796.96
Merchant_B,Adyen,wallet,MX,6,8,38,35,3,0.9211,773.89
Merchant_B,Adyen,wallet,MX,6,9,67,64,3,0.9552,885.82
Merchant_B,Adyen,wallet,MX,6,10,57,53,4,0.9298,889.68
Merchant_B,Adyen,wallet,MX,6,11,62,58,4,0.9355,1067.09
Merchant_B,Adyen,wallet,MX,6,12,71,64,7,0.9014,901.07
Merchant_B,Adyen,wallet,MX,6,13,65,58,7,0.8923,901.22
Merchant_B,Adyen,wallet,MX,6,14,61,56,5,0.918,881.95
Merchant_B,Adyen,wallet,MX,6,15,55,50,5,0.9091,912.96
Merchant_B,Adyen,wallet,MX,6,16,48,45,3,0.9375,885.09
Merchant_B,Adyen,wallet,MX,6,17,45,41,4,0.9111,900.95
Merchant_B,Adyen,wallet,MX,6,18,43,42,1,0.9767,915.15
Merchant_B,Adyen,wallet,MX,6,19,36,35,1,0.9722,900.76
Merchant_B,Adyen,wallet,MX,6,20,18,18,0,1.0,904.2
Merchant_B,Adyen,wallet,MX,6,21,21,20,1,0.9524,816.94
Merchant_B,Adyen,wallet,MX,6,22,9,8,1,0.8889,622.54
Merchant_B,Adyen,wallet,MX,6,23,3,3,0,1.0,1034.33
Merchant_B,Stripe,PIX,BR,0,0,4,4,0,1.0,237.22
Merchant_B,Stripe,PIX,BR,0,1,3,3,0,1.0,400.37
Merchant_B,Stripe,PIX,BR,0,2,1,1,0,1.0,188.68
Merchant_B,Stripe,PIX,BR,0,3,1,1,0,1.0,159.18
Merchant_B,Stripe,PIX,BR,0,4,5,5,0,1.0,256.53
Merchant_B,Stripe,PIX,BR,0,5,2,2,0,1.0,216.53
Merchant_B,Stripe,PIX,BR,0,6,10,10,0,1.0,347.5
Merchant_B,Stripe,PIX,BR,0,7,23,22,1,0.9565,269.77
Merchant_B,Stripe,PIX,BR,0,8,24,22,2,0.9167,292.43
Merchant_B,Stripe,PIX,BR,0,9,57,55,2,0.9649,271.01
Merchant_B,Stripe,PIX,BR,0,10,57,56,1,0.9825,279.36
Merchant_B,Stripe,PIX,BR,0,11,67,65,2,0.9701,288.49
Merchant_B,Stripe,PIX,BR,0,12,60,56,4,0.9333,284.56
Merchant_B,Stripe,PIX,BR,0,13,52,46,6,0.8846,285.53
Merchant_B,Stripe,PIX,BR,0,14,52,49,3,0.9423,266.08
Merchant_B,Stripe,PIX,BR,0,15,50,47,3,0.94,274.21
Merchant_B,Stripe,PIX,BR,0,16,53,51,2,0.9623,262.15
Merchant_B,Stripe,PIX,BR,0,17,36,34,2,0.9444,309.51
Merchant_B,Stripe,PIX,BR,0,18,37,37,0,1.0,298.63
Merchant_B,Stripe,PIX,BR,0,19,36,35,1,0.9722,273.03
Merchant_B,Stripe,PIX,BR,0,20,31,30,1,0.9677,255.46
Merchant_B,Stripe,PIX,BR,0,21,13,13,0,1.0,274.76
Merchant_B,Stripe,PIX,BR,0,22,10,9,1,0.9,285.34
Merchant_B,Stripe,PIX,BR,0,23,3,3,0,1.0,382.4
Merchant_B,Stripe,PIX,BR,1,0,2,2,0,1.0,391.06
Merchant_B,Stripe,PIX,BR,1,2,2,2,0,1.0,319.0
Merchant_B,Stripe,PIX,BR,1,3,1,1,0,1.0,533.22
Merchant_B,Stripe,PIX,BR,1,4,4,3,1,0.75,289.74
Merchant_B,Stripe,PIX,BR,1,5,4,4,0,1.0,316.71
Merchant_B,Stripe,PIX,BR,1,6,10,10,0,1.0,320.06
Merchant_B,Stripe,PIX,BR,1,7,18,17,1,0.9444,291.15
Merchant_B,Stripe,PIX,BR,1,8,42,40,2,0.9524,265.69
Merchant_B,Stripe,PIX,BR,1,9,55,54,1,0.9818,283.01
Merchant_B,Stripe,PIX,BR,1,10,79,73,6,0.9241,288.64
Merchant_B,Stripe,PIX,BR,1,11,65,64,1,0.9846,287.67
Merchant_B,Stripe,PIX,BR,1,12,72,70,2,0.9722,321.73
Merchant_B,Stripe,PIX,BR,1,13,68,63,5,0.9265,294.69
Merchant_B,Stripe,PIX,BR,1,14,63,61,2,0.9683,285.07
Merchant_B,Stripe,PIX,BR,1,15,60,58,2,0.9667,271.07
Merchant_B,Stripe,PIX,BR,1,16,64,60,4,0.9375,279.37
Merchant_B,Stripe,PIX,BR,1,17,47,45,2,0.9574,290.98
Merchant_B,Stripe,PIX,BR,1,18,47,45,2,0.9574,266.59
Merchant_B,Stripe,PIX,BR,1,19,49,48,1,0.9796,299.46
Merchant_B,Stripe,PIX,BR,1,20,29,27,2,0.931,308.94
Merchant_B,Stripe,PIX,BR,1,21,22,21,1,0.9545,331.84
Merchant_B,Stripe,PIX,BR,1,22,8,8,0,1.0,252.28
Merchant_B,Stripe,PIX,BR,1,23,4,4,0,1.0,277.47
Merchant_B,Stripe,PIX,BR,2,0,3,3,0,1.0,324.17
Merchant_B,Stripe,PIX,BR,2,1,3,3,0,1.0,352.72
Merchant_B,Stripe,PIX,BR,2,2,1,1,0,1.0,416.69
Merchant_B,Stripe,PIX,BR,2,3,3,3,0,1.0,264.87
Merchant_B,Stripe,PIX,BR,2,4,2,2,0,1.0,463.84
Merchant_B,Stripe,PIX,BR,2,5,7,7,0,1.0,230.72
Merchant_B,Stripe,PIX,BR,2,6,22,22,0,1.0,342.76
Merchant_B,Stripe,PIX,BR,2,7,40,40,0,1.0,302.33
Merchant_B,Stripe,PIX,BR,2,8,49,47,2,0.9592,321.52
Merchant_B,Stripe,PIX,BR,2,9,50,49,1,0.98,310.76
Merchant_B,Stripe,PIX,BR,2,10,59,55,4,0.9322,275.27
Merchant_B,Stripe,PIX,BR,2,11,70,68,2,0.9714,253.65
Merchant_B,Stripe,PIX,BR,2,12,68,64,4,0.9412,258.5
Merchant_B,Stripe,PIX,BR,2,13,79,74,5,0.9367,292.2
Merchant_B,Stripe,PIX,BR,2,14,61,54,7,0.8852,282.52
Merchant_B,Stripe,PIX,BR,2,15,73,70,3,0.9589,293.17
Merchant_B,Stripe,PIX,BR,2,16,57,54,3,0.9474,235.76
Merchant_B,Stripe,PIX,BR,2,17,46,46,0,1.0,286.13
Merchant_B,Stripe,PIX,BR,2,18,45,44,1,0.9778,272.18
Merchant_B,Stripe,PIX,BR,2,19,41,40,1,0.9756,295.46
Merchant_B,Stripe,PIX,BR,2,20,28,28,0,1.0,234.48
Merchant_B,Stripe,PIX,BR,2,21,16,14,2,0.875,249.62
Merchant_B,Stripe,PIX,BR,2,22,10,9,1,0.9,296.08
Merchant_B,Stripe,PIX,BR,2,23,9,9,0,1.0,219.62
Merchant_B,Stripe,PIX,BR,3,0,9,8,1,0.8889,227.16
Merchant_B,Stripe,PIX,BR,3,1,5,5,0,1.0,370.9
Merchant_B,Stripe,PIX,BR,3,2,3,3,0,1.0,245.18
Merchant_B,Stripe,PIX,BR,3,3,1,1,0,1.0,291.76
Merchant_B,Stripe,PIX,BR,3,4,4,4,0,1.0,317.23
Merchant_B,Stripe,PIX,BR,3,5,5,4,1,0.8,311.14
Merchant_B,Stripe,PIX,BR,3,6,18,18,0,1.0,278.91
Merchant_B,Stripe,PIX,BR,3,7,19,18,1,0.9474,241.51
Merchant_B,Stripe,PIX,BR,3,8,36,34,2,0.9444,296.74
Merchant_B,Stripe,PIX,BR,3,9,49,46,3,0.9388,264.35
Merchant_B,Stripe,PIX,BR,3,10,64,58,6,0.9062,278.88
Merchant_B,Stripe,PIX,BR,3,11,61,57,4,0.9344,290.82
Merchant_B,Stripe,PIX,BR,3,12,79,74,5,0.9367,278.56
Merchant_B,Stripe,PIX,BR,3,13,64,60,4,0.9375,274.43
Merchant_B,Stripe,PIX,BR,3,14,43,40,3,0.9302,268.65
Merchant_B,Stripe,PIX,BR,3,15,50,46,4,0.92,306.14
Merchant_B,Stripe,PIX,BR,3,16,61,58,3,0.9508,277.38
Merchant_B,Stripe,PIX,BR,3,17,52,49,3,0.9423,271.45
Merchant_B,Stripe,PIX,BR,3,18,35,35,0,1.0,239.08
Merchant_B,Stripe,PIX,BR,3,19,55,53,2,0.9636,295.58
Merchant_B,Stripe,PIX,BR,3,20,30,29,1,0.9667,251.88
Merchant_B,Stripe,PIX,BR,3,21,16,15,1,0.9375,260.65
Merchant_B,Stripe,PIX,BR,3,22,12,12,0,1.0,282.94
Merchant_B,Stripe,PIX,BR,3,23,11,10,1,0.9091,324.89
Merchant_B,Stripe,PIX,BR,4,0,13,12,1,0.9231,327.16
Merchant_B,Stripe,PIX,BR,4,1,5,5,0,1.0,226.42
Merchant_B,Stripe,PIX,BR,4,2,1,1,0,1.0,322.54
Merchant_B,Stripe,PIX,BR,4,3,1,1,0,1.0,350.06
Merchant_B,Stripe,PIX,BR,4,4,4,4,0,1.0,224.44
Merchant_B,Stripe,PIX,BR,4,5,10,10,0,1.0,308.71
Merchant_B,Stripe,PIX,BR,4,6,11,11,0,1.0,280.5
Merchant_B,Stripe,PIX,BR,4,7,21,21,0,1.0,288.83
Merchant_B,Stripe,PIX,BR,4,8,42,41,1,0.9762,268.2
Merchant_B,Stripe,PIX,BR,4,9,57,54,3,0.9474,292.48
Merchant_B,Stripe,PIX,BR,4,10,64,62,2,0.9688,285.07
Merchant_B,Stripe,PIX,BR,4,11,71,67,4,0.9437,265.34
Merchant_B,Stripe,PIX,BR,4,12,64,64,0,1.0,285.21
Merchant_B,Stripe,PIX,BR,4,13,50,48,2,0.96,292.48
Merchant_B,Stripe,PIX,BR,4,14,64,58,6,0.9062,265.77
Merchant_B,Stripe,PIX,BR,4,15,68,63,5,0.9265,273.8
Merchant_B,Stripe,PIX,BR,4,16,54,51,3,0.9444,259.58
Merchant_B,Stripe,PIX,BR,4,17,63,58,5,0.9206,294.99
Merchant_B,Stripe,PIX,BR,4,18,61,54,7,0.8852,309.87
Merchant_B,Stripe,PIX,BR,4,19,36,35,1,0.9722,292.65
Merchant_B,Stripe,PIX,BR,4,20,31,30,1,0.9677,293.51
Merchant_B,Stripe,PIX,BR,4,21,17,17,0,1.0,275.38
Merchant_B,Stripe,PIX,BR,4,22,14,13,1,0.9286,239.1
Merchant_B,Stripe,PIX,BR,4,23,9,9,0,1.0,261.43
Merchant_B,Stripe,PIX,BR,5,0,3,3,0,1.0,137.98
Merchant_B,Stripe,PIX,BR,5,1,9,8,1,0.8889,293.64
Merchant_B,Stripe,PIX,BR,5,2,3,3,0,1.0,156.46
Merchant_B,Stripe,PIX,BR,5,3,1,1,0,1.0,321.93
Merchant_B,Stripe,PIX,BR,5,4,1,0,1,0.0,543.44
Merchant_B,Stripe,PIX,BR,5,5,7,7,0,1.0,300.22
Merchant_B,Stripe,PIX,BR,5,6,14,14,0,1.0,294.47
Merchant_B,Stripe,PIX,BR,5,7,22,21,1,0.9545,255.89
Merchant_B,Stripe,PIX,BR,5,8,40,37,3,0.925,281.41
Merchant_B,Stripe,PIX,BR,5,9,54,45,9,0.8333,295.55
Merchant_B,Stripe,PIX,BR,5,10,138,131,7,0.9493,279.88
Merchant_B,Stripe,PIX,BR,5,11,65,59,6,0.9077,281.34
Merchant_B,Stripe,PIX,BR,5,12,75,73,2,0.9733,286.0
Merchant_B,Stripe,PIX,BR,5,13,68,62,6,0.9118,261.54
Merchant_B,Stripe,PIX,BR,5,14,61,61,0,1.0,282.27
Merchant_B,Stripe,PIX,BR,5,15,41,41,0,1.0,279.71
Merchant_B,Stripe,PIX,BR,5,16,51,49,2,0.9608,274.72
Merchant_B,Stripe,PIX,BR,5,17,58,57,1,0.9828,285.06
Merchant_B,Stripe,PIX,BR,5,18,48,47,1,0.9792,289.27
Merchant_B,Stripe,PIX,BR,5,19,36,30,6,0.8333,275.17
Merchant_B,Stripe,PIX,BR,5,20,31,31,0,1.0,317.93
Merchant_B,Stripe,PIX,BR,5,21,16,14,2,0.875,274.47
Merchant_B,Stripe,PIX,BR,5,22,6,6,0,1.0,294.36
Merchant_B,Stripe,PIX,BR,5,23,2,2,0,1.0,235.89
Merchant_B,Stripe,PIX,BR,6,0,6,6,0,1.0,176.61
Merchant_B,Stripe,PIX,BR,6,1,4,4,0,1.0,485.1
Merchant_B,Stripe,PIX,BR,6,2,2,2,0,1.0,391.9
Merchant_B,Stripe,PIX,BR,6,3,3,3,0,1.0,248.2
Merchant_B,Stripe,PIX,BR,6,4,2,2,0,1.0,364.08
Merchant_B,Stripe,PIX,BR,6,5,2,2,0,1.0,205.4
Merchant_B,Stripe,PIX,BR,6,6,10,9,1,0.9,302.94
Merchant_B,Stripe,PIX,BR,6,7,31,30,1,0.9677,263.3
Merchant_B,Stripe,PIX,BR,6,8,37,35,2,0.9459,265.19
Merchant_B,Stripe,PIX,BR,6,9,46,43,3,0.9348,307.33
Merchant_B,Stripe,PIX,BR,6,10,64,61,3,0.9531,281.93
Merchant_B,Stripe,PIX,BR,6,11,66,63,3,0.9545,268.28
Merchant_B,Stripe,PIX,BR,6,12,74,73,1,0.9865,280.88
Merchant_B,Stripe,PIX,BR,6,13,68,63,5,0.9265,271.18
Merchant_B,Stripe,PIX,BR,6,14,66,61,5,0.9242,271.91
Merchant_B,Stripe,PIX,BR,6,15,61,55,6,0.9016,286.64
Merchant_B,Stripe,PIX,BR,6,16,51,46,5,0.902,306.26
Merchant_B,Stripe,PIX,BR,6,17,56,54,2,0.9643,288.74
Merchant_B,Stripe,PIX,BR,6,18,41,39,2,0.9512,321.57
Merchant_B,Stripe,PIX,BR,6,19,39,38,1,0.9744,308.72
Merchant_B,Stripe,PIX,BR,6,20,30,26,4,0.8667,261.69
Merchant_B,Stripe,PIX,BR,6,21,17,17,0,1.0,241.04
Merchant_B,Stripe,PIX,BR,6,22,8,8,0,1.0,273.84
Merchant_B,Stripe,PIX,BR,6,23,7,6,1,0.8571,360.37
Merchant_B,Stripe,PSE,CO,0,0,6,4,2,0.6667,61500.85
Merchant_B,Stripe,PSE,CO,0,1,3,3,0,1.0,171854.01
Merchant_B,Stripe,PSE,CO,0,2,3,3,0,1.0,160113.02
Merchant_B,Stripe,PSE,CO,0,3,2,1,1,0.5,80428.8
Merchant_B,Stripe,PSE,CO,0,4,5,3,2,0.6,92050.37
Merchant_B,Stripe,PSE,CO,0,5,3,2,1,0.6667,115218.51
Merchant_B,Stripe,PSE,CO,0,6,14,12,2,0.8571,117088.13
Merchant_B,Stripe,PSE,CO,0,7,18,17,1,0.9444,117927.97
Merchant_B,Stripe,PSE,CO,0,8,37,28,9,0.7568,139106.84
Merchant_B,Stripe,PSE,CO,0,9,49,43,6,0.8776,114476.89
Merchant_B,Stripe,PSE,CO,0,10,42,39,3,0.9286,146152.98
Merchant_B,Stripe,PSE,CO,0,11,73,59,14,0.8082,117686.57
Merchant_B,Stripe,PSE,CO,0,12,69,57,12,0.8261,114195.28
Merchant_B,Stripe,PSE,CO,0,13,75,72,3,0.96,126561.34
Merchant_B,Stripe,PSE,CO,0,14,48,41,7,0.8542,119094.08
Merchant_B,Stripe,PSE,CO,0,15,60,48,12,0.8,128706.18
Merchant_B,Stripe,PSE,CO,0,16,56,51,5,0.9107,118651.57
Merchant_B,Stripe,PSE,CO,0,17,45,38,7,0.8444,130544.56
Merchant_B,Stripe,PSE,CO,0,18,53,46,7,0.8679,106241.51
Merchant_B,Stripe,PSE,CO,0,19,42,38,4,0.9048,129579.25
Merchant_B,Stripe,PSE,CO,0,20,28,24,4,0.8571,132194.97
Merchant_B,Stripe,PSE,CO,0,21,10,8,2,0.8,124222.17
Merchant_B,Stripe,PSE,CO,0,22,8,5,3,0.625,121811.44
Merchant_B,Stripe,PSE,CO,0,23,5,5,0,1.0,89121.44
Merchant_B,Stripe,PSE,CO,1,0,3,3,0,1.0,140785.68
Merchant_B,Stripe,PSE,CO,1,1,1,1,0,1.0,136991.3
Merchant_B,Stripe,PSE,CO,1,2,2,1,1,0.5,97703.83
Merchant_B,Stripe,PSE,CO,1,3,4,4,0,1.0,156831.91
Merchant_B,Stripe,PSE,CO,1,4,4,4,0,1.0,142431.64
Merchant_B,Stripe,PSE,CO,1,5,8,7,1,0.875,109717.4
Merchant_B,Stripe,PSE,CO,1,6,11,9,2,0.8182,139312.95
Merchant_B,Stripe,PSE,CO,1,7,17,15,2,0.8824,123577.48
Merchant_B,Stripe,PSE,CO,1,8,33,24,9,0.7273,121725.27
Merchant_B,Stripe,PSE,CO,1,9,52,43,9,0.8269,119926.71
Merchant_B,Stripe,PSE,CO,1,10,104,87,17,0.8365,125393.34
Merchant_B,Stripe,PSE,CO,1,11,70,62,8,0.8857,119166.35
Merchant_B,Stripe,PSE,CO,1,12,63,56,7,0.8889,122987.96
Merchant_B,Stripe,PSE,CO,1,13,80,70,10,0.875,128905.53
Merchant_B,Stripe,PSE,CO,1,14,74,64,10,0.8649,134817.0
Merchant_B,Stripe,PSE,CO,1,15,70,66,4,0.9429,136616.53
Merchant_B,Stripe,PSE,CO,1,16,58,47,11,0.8103,101224.58
Merchant_B,Stripe,PSE,CO,1,17,53,41,12,0.7736,138959.8
Merchant_B,Stripe,PSE,CO,1,18,56,55,1,0.9821,116926.34
Merchant_B,Stripe,PSE,CO,1,19,41,37,4,0.9024,123002.54
Merchant_B,Stripe,PSE,CO,1,20,21,18,3,0.8571,105408.26
Merchant_B,Stripe,PSE,CO,1,21,15,15,0,1.0,101370.1
Merchant_B,Stripe,PSE,CO,1,22,11,11,0,1.0,108365.77
Merchant_B,Stripe,PSE,CO,1,23,8,8,0,1.0,142057.23
Merchant_B,Stripe,PSE,CO,2,0,5,4,1,0.8,130520.08
Merchant_B,Stripe,PSE,CO,2,1,3,3,0,1.0,160187.87
Merchant_B,Stripe,PSE,CO,2,2,2,1,1,0.5,176629.58
Merchant_B,Stripe,PSE,CO,2,4,2,2,0,1.0,87091.22
Merchant_B,Stripe,PSE,CO,2,5,7,5,2,0.7143,126546.02
Merchant_B,Stripe,PSE,CO,2,6,13,13,0,1.0,126867.33
Merchant_B,Stripe,PSE,CO,2,7,36,31,5,0.8611,107171.46
Merchant_B,Stripe,PSE,CO,2,8,50,47,3,0.94,131801.42
Merchant_B,Stripe,PSE,CO,2,9,44,42,2,0.9545,126023.8
Merchant_B,Stripe,PSE,CO,2,10,64,58,6,0.9062,123719.93
Merchant_B,Stripe,PSE,CO,2,11,82,72,10,0.878,120631.07
Merchant_B,Stripe,PSE,CO,2,12,81,73,8,0.9012,135606.0
Merchant_B,Stripe,PSE,CO,2,13,65,56,9,0.8615,119364.46
Merchant_B,Stripe,PSE,CO,2,14,56,46,10,0.8214,117574.02
Merchant_B,Stripe,PSE,CO,2,15,62,56,6,0.9032,117658.22
Merchant_B,Stripe,PSE,CO,2,16,53,48,5,0.9057,118009.52
Merchant_B,Stripe,PSE,CO,2,17,53,51,2,0.9623,107381.95
Merchant_B,Stripe,PSE,CO,2,18,43,36,7,0.8372,109733.82
Merchant_B,Stripe,PSE,CO,2,19,37,30,7,0.8108,129041.1
Merchant_B,Stripe,PSE,CO,2,20,25,24,1,0.96,132067.61
Merchant_B,Stripe,PSE,CO,2,21,14,13,1,0.9286,148179.07
Merchant_B,Stripe,PSE,CO,2,22,11,9,2,0.8182,78211.95
Merchant_B,Stripe,PSE,CO,2,23,8,7,1,0.875,141339.92
Merchant_B,Stripe,PSE,CO,3,1,5,4,1,0.8,138736.82
Merchant_B,Stripe,PSE,CO,3,2,4,3,1,0.75,160837.55
Merchant_B,Stripe,PSE,CO,3,3,5,4,1,0.8,107653.53
Merchant_B,Stripe,PSE,CO,3,4,2,2,0,1.0,127825.37
Merchant_B,Stripe,PSE,CO,3,5,5,5,0,1.0,138533.05
Merchant_B,Stripe,PSE,CO,3,6,17,13,4,0.7647,122927.02
Merchant_B,Stripe,PSE,CO,3,7,36,28,8,0.7778,114659.14
Merchant_B,Stripe,PSE,CO,3,8,51,43,8,0.8431,118820.09
Merchant_B,Stripe,PSE,CO,3,9,62,45,17,0.7258,120006.93
Merchant_B,Stripe,PSE,CO,3,10,63,55,8,0.873,116999.23
Merchant_B,Stripe,PSE,CO,3,11,84,71,13,0.8452,114522.92
Merchant_B,Stripe,PSE,CO,3,12,59,53,6,0.8983,128514.63
Merchant_B,Stripe,PSE,CO,3,13,80,68,12,0.85,119888.28
Merchant_B,Stripe,PSE,CO,3,14,61,50,11,0.8197,142307.09
Merchant_B,Stripe,PSE,CO,3,15,78,63,15,0.8077,118415.0
Merchant_B,Stripe,PSE,CO,3,16,67,58,9,0.8657,116988.16
Merchant_B,Stripe,PSE,CO,3,17,53,40,13,0.7547,121358.64
Merchant_B,Stripe,PSE,CO,3,18,50,44,6,0.88,140150.64
Merchant_B,Stripe,PSE,CO,3,19,42,35,7,0.8333,121922.71
Merchant_B,Stripe,PSE,CO,3,20,29,26,3,0.8966,127630.01
Merchant_B,Stripe,PSE,CO,3,21,20,16,4,0.8,124924.94
Merchant_B,Stripe,PSE,CO,3,22,10,9,1,0.9,99525.22
Merchant_B,Stripe,PSE,CO,3,23,5,5,0,1.0,118175.28
Merchant_B,Stripe,PSE,CO,4,0,8,7,1,0.875,119690.32
Merchant_B,Stripe,PSE,CO,4,1,4,4,0,1.0,133936.79
Merchant_B,Stripe,PSE,CO,4,2,3,3,0,1.0,104299.16
Merchant_B,Stripe,PSE,CO,4,3,2,2,0,1.0,84773.8
Merchant_B,Stripe,PSE,CO,4,4,1,1,0,1.0,164334.35
Merchant_B,Stripe,PSE,CO,4,5,7,6,1,0.8571,107222.14
Merchant_B,Stripe,PSE,CO,4,6,15,10,5,0.6667,124174.42
Merchant_B,Stripe,PSE,CO,4,7,23,22,1,0.9565,144091.84
Merchant_B,Stripe,PSE,CO,4,8,31,28,3,0.9032,99949.05
Merchant_B,Stripe,PSE,CO,4,9,65,60,5,0.9231,131932.01
Merchant_B,Stripe,PSE,CO,4,10,75,67,8,0.8933,123855.2
Merchant_B,Stripe,PSE,CO,4,11,71,63,8,0.8873,135860.57
Merchant_B,Stripe,PSE,CO,4,12,68,58,10,0.8529,121556.83
Merchant_B,Stripe,PSE,CO,4,13,64,49,15,0.7656,138007.28
Merchant_B,Stripe,PSE,CO,4,14,69,61,8,0.8841,133481.85
Merchant_B,Stripe,PSE,CO,4,15,54,48,6,0.8889,131146.72
Merchant_B,Stripe,PSE,CO,4,16,49,38,11,0.7755,127076.11
Merchant_B,Stripe,PSE,CO,4,17,59,49,10,0.8305,109324.11
Merchant_B,Stripe,PSE,CO,4,18,54,47,7,0.8704,115488.25
Merchant_B,Stripe,PSE,CO,4,19,39,35,4,0.8974,115258.05
Merchant_B,Stripe,PSE,CO,4,20,25,21,4,0.84,126188.13
Merchant_B,Stripe,PSE,CO,4,21,20,18,2,0.9,121097.76
Merchant_B,Stripe,PSE,CO,4,22,16,15,1,0.9375,109402.14
Merchant_B,Stripe,PSE,CO,4,23,9,9,0,1.0,98814.26
Merchant_B,Stripe,PSE,CO,5,0,8,7,1,0.875,134699.45
Merchant_B,Stripe,PSE,CO,5,1,2,2,0,1.0,135958.84
Merchant_B,Stripe,PSE,CO,5,2,2,2,0,1.0,41273.7
Merchant_B,Stripe,PSE,CO,5,4,3,2,1,0.6667,154980.99
Merchant_B,Stripe,PSE,CO,5,5,6,6,0,1.0,50074.44
Merchant_B,Stripe,PSE,CO,5,6,16,12,4,0.75,122862.98
Merchant_B,Stripe,PSE,CO,5,7,42,37,5,0.881,110192.54
Merchant_B,Stripe,PSE,CO,5,8,40,37,3,0.925,122034.48
Merchant_B,Stripe,PSE,CO,5,9,68,58,10,0.8529,115701.88
Merchant_B,Stripe,PSE,CO,5,10,145,118,27,0.8138,121687.5
Merchant_B,Stripe,PSE,CO,5,11,55,50,5,0.9091,112899.95
Merchant_B,Stripe,PSE,CO,5,12,68,62,6,0.9118,115889.41
Merchant_B,Stripe,PSE,CO,5,13,61,45,16,0.7377,129630.08
Merchant_B,Stripe,PSE,CO,5,14,60,55,5,0.9167,122958.15
Merchant_B,Stripe,PSE,CO,5,15,54,48,6,0.8889,110857.22
Merchant_B,Stripe,PSE,CO,5,16,48,43,5,0.8958,121519.19
Merchant_B,Stripe,PSE,CO,5,17,50,46,4,0.92,134360.05
Merchant_B,Stripe,PSE,CO,5,18,39,33,6,0.8462,116001.02
Merchant_B,Stripe,PSE,CO,5,19,48,45,3,0.9375,131084.57
Merchant_B,Stripe,PSE,CO,5,20,24,20,4,0.8333,130788.63
Merchant_B,Stripe,PSE,CO,5,21,14,13,1,0.9286,114102.72
Merchant_B,Stripe,PSE,CO,5,22,4,4,0,1.0,109385.52
Merchant_B,Stripe,PSE,CO,5,23,5,2,3,0.4,106364.73
Merchant_B,Stripe,PSE,CO,6,0,5,5,0,1.0,172527.31
Merchant_B,Stripe,PSE,CO,6,1,3,3,0,1.0,117201.39
Merchant_B,Stripe,PSE,CO,6,2,3,3,0,1.0,138126.74
Merchant_B,Stripe,PSE,CO,6,4,1,1,0,1.0,106571.07
Merchant_B,Stripe,PSE,CO,6,5,3,2,1,0.6667,58845.94
Merchant_B,Stripe,PSE,CO,6,6,18,15,3,0.8333,118353.84
Merchant_B,Stripe,PSE,CO,6,7,15,14,1,0.9333,118163.33
Merchant_B,Stripe,PSE,CO,6,8,32,28,4,0.875,126098.95
Merchant_B,Stripe,PSE,CO,6,9,49,37,12,0.7551,130231.47
Merchant_B,Stripe,PSE,CO,6,10,50,46,4,0.92,106852.32
Merchant_B,Stripe,PSE,CO,6,11,51,47,4,0.9216,112643.81
Merchant_B,Stripe,PSE,CO,6,12,66,60,6,0.9091,117022.42
Merchant_B,Stripe,PSE,CO,6,13,58,51,7,0.8793,115453.02
Merchant_B,Stripe,PSE,CO,6,14,54,42,12,0.7778,122408.54
Merchant_B,Stripe,PSE,CO,6,15,52,47,5,0.9038,103623.22
Merchant_B,Stripe,PSE,CO,6,16,49,36,13,0.7347,134903.58
Merchant_B,Stripe,PSE,CO,6,17,60,48,12,0.8,122351.52
Merchant_B,Stripe,PSE,CO,6,18,45,39,6,0.8667,137112.2
Merchant_B,Stripe,PSE,CO,6,19,34,31,3,0.9118,121485.88
Merchant_B,Stripe,PSE,CO,6,20,25,23,2,0.92,107539.93
Merchant_B,Stripe,PSE,CO,6,21,12,12,0,1.0,146513.94
Merchant_B,Stripe,PSE,CO,6,22,9,7,2,0.7778,106236.52
Merchant_B,Stripe,PSE,CO,6,23,9,9,0,1.0,147302.18
Merchant_B,Stripe,card,BR,0,0,5,5,0,1.0,332.83
Merchant_B,Stripe,card,BR,0,5,3,1,2,0.3333,238.3
Merchant_B,Stripe,card,BR,0,6,10,10,0,1.0,199.71
Merchant_B,Stripe,card,BR,0,7,27,25,2,0.9259,284.73
Merchant_B,Stripe,card,BR,0,8,27,24,3,0.8889,330.7
Merchant_B,Stripe,card,BR,0,9,50,42,8,0.84,288.38
Merchant_B,Stripe,card,BR,0,10,47,40,7,0.8511,332.33
Merchant_B,Stripe,card,BR,0,11,64,56,8,0.875,255.76
Merchant_B,Stripe,card,BR,0,12,72,62,10,0.8611,264.72
Merchant_B,Stripe,card,BR,0,13,73,66,7,0.9041,289.12
Merchant_B,Stripe,card,BR,0,14,51,48,3,0.9412,281.51
Merchant_B,Stripe,card,BR,0,15,65,57,8,0.8769,286.04
Merchant_B,Stripe,card,BR,0,16,47,41,6,0.8723,284.11
Merchant_B,Stripe,card,BR,0,17,43,36,7,0.8372,310.31
Merchant_B,Stripe,card,BR,0,18,46,38,8,0.8261,304.42
Merchant_B,Stripe,card,BR,0,19,42,38,4,0.9048,293.17
Merchant_B,Stripe,card,BR,0,20,20,17,3,0.85,316.18
Merchant_B,Stripe,card,BR,0,21,19,18,1,0.9474,256.77
Merchant_B,Stripe,card,BR,0,22,13,13,0,1.0,255.5
Merchant_B,Stripe,card,BR,0,23,8,7,1,0.875,298.79
Merchant_B,Stripe,card,BR,1,0,7,6,1,0.8571,309.93
Merchant_B,Stripe,card,BR,1,1,4,4,0,1.0,343.96
Merchant_B,Stripe,card,BR,1,2,2,2,0,1.0,370.58
Merchant_B,Stripe,card,BR,1,3,2,2,0,1.0,321.84
Merchant_B,Stripe,card,BR,1,5,6,4,2,0.6667,223.66
Merchant_B,Stripe,card,BR,1,6,11,11,0,1.0,331.4
Merchant_B,Stripe,card,BR,1,7,21,19,2,0.9048,326.16
Merchant_B,Stripe,card,BR,1,8,28,26,2,0.9286,266.05
Merchant_B,Stripe,card,BR,1,9,54,53,1,0.9815,297.03
Merchant_B,Stripe,card,BR,1,10,63,57,6,0.9048,295.69
Merchant_B,Stripe,card,BR,1,11,70,59,11,0.8429,292.12
Merchant_B,Stripe,card,BR,1,12,63,55,8,0.873,244.88
Merchant_B,Stripe,card,BR,1,13,57,53,4,0.9298,279.65
Merchant_B,Stripe,card,BR,1,14,68,61,7,0.8971,285.19
Merchant_B,Stripe,card,BR,1,15,54,53,1,0.9815,297.06
Merchant_B,Stripe,card,BR,1,16,42,37,5,0.881,272.14
Merchant_B,Stripe,card,BR,1,17,56,52,4,0.9286,276.46
Merchant_B,Stripe,card,BR,1,18,59,50,9,0.8475,248.88
Merchant_B,Stripe,card,BR,1,19,50,46,4,0.92,271.12
Merchant_B,Stripe,card,BR,1,20,30,27,3,0.9,279.61
Merchant_B,Stripe,card,BR,1,21,27,25,2,0.9259,314.47
Merchant_B,Stripe,card,BR,1,22,8,7,1,0.875,237.9
Merchant_B,Stripe,card,BR,1,23,6,6,0,1.0,261.1
Merchant_B,Stripe,card,BR,2,0,4,3,1,0.75,205.77
Merchant_B,Stripe,card,BR,2,1,1,1,0,1.0,151.84
Merchant_B,Stripe,card,BR,2,2,1,1,0,1.0,244.8
Merchant_B,Stripe,card,BR,2,3,1,1,0,1.0,219.61
Merchant_B,Stripe,card,BR,2,4,4,4,0,1.0,367.98
Merchant_B,Stripe,card,BR,2,5,4,2,2,0.5,288.23
Merchant_B,Stripe,card,BR,2,6,14,14,0,1.0,290.17
Merchant_B,Stripe,card,BR,2,7,20,19,1,0.95,308.79
Merchant_B,Stripe,card,BR,2,8,32,27,5,0.8438,283.3
Merchant_B,Stripe,card,BR,2,9,45,42,3,0.9333,312.4
Merchant_B,Stripe,card,BR,2,10,56,46,10,0.8214,291.07
Merchant_B,Stripe,card,BR,2,11,73,61,12,0.8356,286.99
Merchant_B,Stripe,card,BR,2,12,69,59,10,0.8551,277.68
Merchant_B,Stripe,card,BR,2,13,78,67,11,0.859,293.97
Merchant_B,Stripe,card,BR,2,14,55,51,4,0.9273,259.18
Merchant_B,Stripe,card,BR,2,15,78,68,10,0.8718,279.92
Merchant_B,Stripe,card,BR,2,16,68,55,13,0.8088,263.54
Merchant_B,Stripe,card,BR,2,17,47,47,0,1.0,279.89
Merchant_B,Stripe,card,BR,2,18,53,48,5,0.9057,260.69
Merchant_B,Stripe,card,BR,2,19,52,49,3,0.9423,277.79
Merchant_B,Stripe,card,BR,2,20,37,32,5,0.8649,326.46
Merchant_B,Stripe,card,BR,2,21,17,15,2,0.8824,330.68
Merchant_B,Stripe,card,BR,2,22,6,6,0,1.0,222.79
Merchant_B,Stripe,card,BR,2,23,12,11,1,0.9167,366.38
Merchant_B,Stripe,card,BR,3,0,5,5,0,1.0,376.24
Merchant_B,Stripe,card,BR,3,1,1,1,0,1.0,327.1
Merchant_B,Stripe,card,BR,3,2,3,3,0,1.0,297.37
Merchant_B,Stripe,card,BR,3,3,2,2,0,1.0,149.89
Merchant_B,Stripe,card,BR,3,4,1,1,0,1.0,503.17
Merchant_B,Stripe,card,BR,3,5,5,4,1,0.8,184.69
Merchant_B,Stripe,card,BR,3,6,21,17,4,0.8095,229.26
Merchant_B,Stripe,card,BR,3,7,32,29,3,0.9062,324.83
Merchant_B,Stripe,card,BR,3,8,31,29,2,0.9355,316.04
Merchant_B,Stripe,card,BR,3,9,57,52,5,0.9123,285.5
Merchant_B,Stripe,card,BR,3,10,53,50,3,0.9434,284.05
Merchant_B,Stripe,card,BR,3,11,65,56,9,0.8615,255.46
Merchant_B,Stripe,card,BR,3,12,76,68,8,0.8947,267.62
Merchant_B,Stripe,card,BR,3,13,61,54,7,0.8852,294.76
Merchant_B,Stripe,card,BR,3,14,52,51,1,0.9808,297.51
Merchant_B,Stripe,card,BR,3,15,55,48,7,0.8727,264.7
Merchant_B,Stripe,card,BR,3,16,43,40,3,0.9302,255.31
Merchant_B,Stripe,card,BR,3,17,53,48,5,0.9057,295.32
Merchant_B,Stripe,card,BR,3,18,47,42,5,0.8936,266.65
Merchant_B,Stripe,card,BR,3,19,37,33,4,0.8919,277.85
Merchant_B,Stripe,card,BR,3,20,19,18,1,0.9474,367.36
Merchant_B,Stripe,card,BR,3,21,19,18,1,0.9474,286.89
Merchant_B,Stripe,card,BR,3,22,8,8,0,1.0,244.56
Merchant_B,Stripe,card,BR,3,23,5,5,0,1.0,179.69
Merchant_B,Stripe,card,BR,4,0,10,9,1,0.9,245.83
Merchant_B,Stripe,card,BR,4,1,2,2,0,1.0,263.57
Merchant_B,Stripe,card,BR,4,2,3,3,0,1.0,321.7
Merchant_B,Stripe,card,BR,4,3,3,1,2,0.3333,331.8
Merchant_B,Stripe,card,BR,4,4,6,6,0,1.0,330.0
Merchant_B,Stripe,card,BR,4,5,7,7,0,1.0,236.42
Merchant_B,Stripe,card,BR,4,6,24,22,2,0.9167,272.67
Merchant_B,Stripe,card,BR,4,7,43,40,3,0.9302,271.75
Merchant_B,Stripe,card,BR,4,8,48,43,5,0.8958,259.84
Merchant_B,Stripe,card,BR,4,9,41,39,2,0.9512,259.26
Merchant_B,Stripe,card,BR,4,10,59,47,12,0.7966,250.7
Merchant_B,Stripe,card,BR,4,11,76,63,13,0.8289,306.69
Merchant_B,Stripe,card,BR,4,12,78,68,10,0.8718,269.1
Merchant_B,Stripe,card,BR,4,13,63,54,9,0.8571,288.12
Merchant_B,Stripe,card,BR,4,14,64,57,7,0.8906,287.56
Merchant_B,Stripe,card,BR,4,15,50,48,2,0.96,261.0
Merchant_B,Stripe,card,BR,4,16,56,51,5,0.9107,272.84
Merchant_B,Stripe,card,BR,4,17,57,50,7,0.8772,279.55
Merchant_B,Stripe,card,BR,4,18,46,42,4,0.913,270.93
Merchant_B,Stripe,card,BR,4,19,36,31,5,0.8611,293.12
Merchant_B,Stripe,card,BR,4,20,33,31,2,0.9394,302.31
Merchant_B,Stripe,card,BR,4,21,14,12,2,0.8571,267.87
Merchant_B,Stripe,card,BR,4,22,8,7,1,0.875,297.66
Merchant_B,Stripe,card,BR,4,23,9,8,1,0.8889,252.18
Merchant_B,Stripe,card,BR,5,0,5,5,0,1.0,264.95
Merchant_B,Stripe,card,BR,5,1,5,5,0,1.0,251.03
Merchant_B,Stripe,card,BR,5,2,3,3,0,1.0,211.76
Merchant_B,Stripe,card,BR,5,3,3,3,0,1.0,191.31
Merchant_B,Stripe,card,BR,5,4,7,6,1,0.8571,339.62
Merchant_B,Stripe,card,BR,5,5,5,4,1,0.8,212.15
Merchant_B,Stripe,card,BR,5,6,14,13,1,0.9286,265.19
Merchant_B,Stripe,card,BR,5,7,30,28,2,0.9333,268.51
Merchant_B,Stripe,card,BR,5,8,41,38,3,0.9268,326.53
Merchant_B,Stripe,card,BR,5,9,56,52,4,0.9286,277.61
Merchant_B,Stripe,card,BR,5,10,144,125,19,0.8681,276.08
Merchant_B,Stripe,card,BR,5,11,64,60,4,0.9375,280.74
Merchant_B,Stripe,card,BR,5,12,53,48,5,0.9057,305.25
Merchant_B,Stripe,card,BR,5,13,59,52,7,0.8814,312.37
Merchant_B,Stripe,card,BR,5,14,70,60,10,0.8571,308.6
Merchant_B,Stripe,card,BR,5,15,65,60,5,0.9231,242.87
Merchant_B,Stripe,card,BR,5,16,53,45,8,0.8491,254.08
Merchant_B,Stripe,card,BR,5,17,50,47,3,0.94,312.26
Merchant_B,Stripe,card,BR,5,18,59,52,7,0.8814,268.49
Merchant_B,Stripe,card,BR,5,19,36,31,5,0.8611,290.85
Merchant_B,Stripe,card,BR,5,20,17,15,2,0.8824,337.41
Merchant_B,Stripe,card,BR,5,21,16,16,0,1.0,302.54
Merchant_B,Stripe,card,BR,5,22,13,13,0,1.0,267.89
Merchant_B,Stripe,card,BR,5,23,7,6,1,0.8571,250.11
Merchant_B,Stripe,card,BR,6,0,6,5,1,0.8333,249.28
Merchant_B,Stripe,card,BR,6,1,3,3,0,1.0,282.27
Merchant_B,Stripe,card,BR,6,2,2,2,0,1.0,211.19
Merchant_B,Stripe,card,BR,6,3,3,3,0,1.0,216.51
Merchant_B,Stripe,card,BR,6,4,2,2,0,1.0,357.72
Merchant_B,Stripe,card,BR,6,5,4,4,0,1.0,304.76
Merchant_B,Stripe,card,BR,6,6,8,6,2,0.75,306.78
Merchant_B,Stripe,card,BR,6,7,23,20,3,0.8696,229.64
Merchant_B,Stripe,card,BR,6,8,47,41,6,0.8723,273.58
Merchant_B,Stripe,card,BR,6,9,56,47,9,0.8393,306.79
Merchant_B,Stripe,card,BR,6,10,50,45,5,0.9,246.69
Merchant_B,Stripe,card,BR,6,11,47,44,3,0.9362,305.6
Merchant_B,Stripe,card,BR,6,12,64,61,3,0.9531,259.12
Merchant_B,Stripe,card,BR,6,13,49,41,8,0.8367,267.9
Merchant_B,Stripe,card,BR,6,14,61,56,5,0.918,289.77
Merchant_B,Stripe,card,BR,6,15,48,41,7,0.8542,298.33
Merchant_B,Stripe,card,BR,6,16,50,46,4,0.92,251.75
Merchant_B,Stripe,card,BR,6,17,46,41,5,0.8913,297.78
Merchant_B,Stripe,card,BR,6,18,46,42,4,0.913,264.52
Merchant_B,Stripe,card,BR,6,19,41,38,3,0.9268,276.11
Merchant_B,Stripe,card,BR,6,20,20,18,2,0.9,250.2
Merchant_B,Stripe,card,BR,6,21,14,14,0,1.0,242.2
Merchant_B,Stripe,card,BR,6,22,4,3,1,0.75,435.5
Merchant_B,Stripe,card,BR,6,23,7,7,0,1.0,230.11
Merchant_B,Stripe,card,CO,0,0,7,7,0,1.0,111094.18
Merchant_B,Stripe,card,CO,0,1,5,5,0,1.0,140848.46
Merchant_B,Stripe,card,CO,0,2,1,1,0,1.0,100392.12
Merchant_B,Stripe,card,CO,0,3,1,1,0,1.0,210791.11
Merchant_B,Stripe,card,CO,0,4,2,1,1,0.5,122145.59
Merchant_B,Stripe,card,CO,0,5,10,10,0,1.0,149347.58
Merchant_B,Stripe,card,CO,0,6,5,5,0,1.0,126001.98
Merchant_B,Stripe,card,CO,0,7,22,22,0,1.0,103440.81
Merchant_B,Stripe,card,CO,0,8,35,31,4,0.8857,121497.83
Merchant_B,Stripe,card,CO,0,9,47,42,5,0.8936,122521.15
Merchant_B,Stripe,card,CO,0,10,55,49,6,0.8909,108889.49
Merchant_B,Stripe,card,CO,0,11,74,68,6,0.9189,125264.29
Merchant_B,Stripe,card,CO,0,12,66,58,8,0.8788,123537.04
Merchant_B,Stripe,card,CO,0,13,78,72,6,0.9231,127235.94
Merchant_B,Stripe,card,CO,0,14,78,66,12,0.8462,118249.47
Merchant_B,Stripe,card,CO,0,15,49,45,4,0.9184,121206.38
Merchant_B,Stripe,card,CO,0,16,55,50,5,0.9091,117831.9
Merchant_B,Stripe,card,CO,0,17,42,35,7,0.8333,126346.25
Merchant_B,Stripe,card,CO,0,18,37,32,5,0.8649,138120.11
Merchant_B,Stripe,card,CO,0,19,43,37,6,0.8605,110422.48
Merchant_B,Stripe,card,CO,0,20,30,24,6,0.8,114077.42
Merchant_B,Stripe,card,CO,0,21,15,15,0,1.0,104232.49
Merchant_B,Stripe,card,CO,0,22,8,5,3,0.625,150279.89
Merchant_B,Stripe,card,CO,0,23,9,7,2,0.7778,144359.32
Merchant_B,Stripe,card,CO,1,0,5,4,1,0.8,78734.89
Merchant_B,Stripe,card,CO,1,1,2,2,0,1.0,156970.56
Merchant_B,Stripe,card,CO,1,2,4,4,0,1.0,68847.57
Merchant_B,Stripe,card,CO,1,3,3,1,2,0.3333,107407.19
Merchant_B,Stripe,card,CO,1,4,1,1,0,1.0,157639.83
Merchant_B,Stripe,card,CO,1,5,5,4,1,0.8,94684.92
Merchant_B,Stripe,card,CO,1,6,17,15,2,0.8824,101474.27
Merchant_B,Stripe,card,CO,1,7,28,28,0,1.0,103838.13
Merchant_B,Stripe,card,CO,1,8,34,29,5,0.8529,121042.6
Merchant_B,Stripe,card,CO,1,9,57,53,4,0.9298,108187.28
Merchant_B,Stripe,card,CO,1,10,63,60,3,0.9524,125337.3
Merchant_B,Stripe,card,CO,1,11,66,60,6,0.9091,123764.95
Merchant_B,Stripe,card,CO,1,12,82,73,9,0.8902,135505.44
Merchant_B,Stripe,card,CO,1,13,69,63,6,0.913,117723.89
Merchant_B,Stripe,card,CO,1,14,64,57,7,0.8906,115001.65
Merchant_B,Stripe,card,CO,1,15,56,48,8,0.8571,123799.04
Merchant_B,Stripe,card,CO,1,16,50,49,1,0.98,123588.21
Merchant_B,Stripe,card,CO,1,17,49,40,9,0.8163,118062.64
Merchant_B,Stripe,card,CO,1,18,51,47,4,0.9216,115594.12
Merchant_B,Stripe,card,CO,1,19,44,40,4,0.9091,119865.99
Merchant_B,Stripe,card,CO,1,20,26,21,5,0.8077,138868.24
Merchant_B,Stripe,card,CO,1,21,20,19,1,0.95,101420.27
Merchant_B,Stripe,card,CO,1,22,9,8,1,0.8889,167274.46
Merchant_B,Stripe,card,CO,1,23,6,5,1,0.8333,129672.52
Merchant_B,Stripe,card,CO,2,0,8,8,0,1.0,144986.98
Merchant_B,Stripe,card,CO,2,1,8,8,0,1.0,103732.56
Merchant_B,Stripe,card,CO,2,2,2,2,0,1.0,163711.67
Merchant_B,Stripe,card,CO,2,3,2,2,0,1.0,51109.08
Merchant_B,Stripe,card,CO,2,5,2,2,0,1.0,70942.28
Merchant_B,Stripe,card,CO,2,6,16,14,2,0.875,125475.07
Merchant_B,Stripe,card,CO,2,7,35,31,4,0.8857,148989.36
Merchant_B,Stripe,card,CO,2,8,44,41,3,0.9318,121584.52
Merchant_B,Stripe,card,CO,2,9,54,51,3,0.9444,139010.22
Merchant_B,Stripe,card,CO,2,10,49,45,4,0.9184,99777.19
Merchant_B,Stripe,card,CO,2,11,68,58,10,0.8529,121608.5
Merchant_B,Stripe,card,CO,2,12,77,71,6,0.9221,125212.28
Merchant_B,Stripe,card,CO,2,13,72,63,9,0.875,113943.86
Merchant_B,Stripe,card,CO,2,14,78,72,6,0.9231,122296.72
Merchant_B,Stripe,card,CO,2,15,58,56,2,0.9655,131217.09
Merchant_B,Stripe,card,CO,2,16,73,62,11,0.8493,111941.92
Merchant_B,Stripe,card,CO,2,17,47,42,5,0.8936,130734.4
Merchant_B,Stripe,card,CO,2,18,47,41,6,0.8723,131103.46
Merchant_B,Stripe,card,CO,2,19,40,37,3,0.925,128561.46
Merchant_B,Stripe,card,CO,2,20,29,26,3,0.8966,115889.87
Merchant_B,Stripe,card,CO,2,21,15,14,1,0.9333,111542.11
Merchant_B,Stripe,card,CO,2,22,8,7,1,0.875,84675.79
Merchant_B,Stripe,card,CO,2,23,7,7,0,1.0,97610.9
Merchant_B,Stripe,card,CO,3,0,7,6,1,0.8571,116281.46
Merchant_B,Stripe,card,CO,3,1,4,4,0,1.0,104493.57
Merchant_B,Stripe,card,CO,3,2,2,2,0,1.0,63888.7
Merchant_B,Stripe,card,CO,3,3,2,2,0,1.0,78509.91
Merchant_B,Stripe,card,CO,3,4,2,2,0,1.0,199239.44
Merchant_B,Stripe,card,CO,3,5,7,7,0,1.0,90379.67
Merchant_B,Stripe,card,CO,3,6,12,11,1,0.9167,81170.74
Merchant_B,Stripe,card,CO,3,7,23,20,3,0.8696,102991.04
Merchant_B,Stripe,card,CO,3,8,38,35,3,0.9211,129207.21
Merchant_B,Stripe,card,CO,3,9,53,48,5,0.9057,95756.58
Merchant_B,Stripe,card,CO,3,10,67,60,7,0.8955,113763.64
Merchant_B,Stripe,card,CO,3,11,66,59,7,0.8939,131271.35
Merchant_B,Stripe,card,CO,3,12,62,57,5,0.9194,115429.17
Merchant_B,Stripe,card,CO,3,13,61,52,9,0.8525,122271.01
Merchant_B,Stripe,card,CO,3,14,65,62,3,0.9538,116957.99
Merchant_B,Stripe,card,CO,3,15,60,52,8,0.8667,117896.8
Merchant_B,Stripe,card,CO,3,16,69,61,8,0.8841,117775.5
Merchant_B,Stripe,card,CO,3,17,51,48,3,0.9412,121132.49
Merchant_B,Stripe,card,CO,3,18,33,29,4,0.8788,122047.88
Merchant_B,Stripe,card,CO,3,19,43,38,5,0.8837,110011.21
Merchant_B,Stripe,card,CO,3,20,22,18,4,0.8182,141669.77
Merchant_B,Stripe,card,CO,3,21,14,14,0,1.0,112293.18
Merchant_B,Stripe,card,CO,3,22,6,6,0,1.0,131892.91
Merchant_B,Stripe,card,CO,3,23,4,3,1,0.75,148452.25
Merchant_B,Stripe,card,CO,4,0,3,3,0,1.0,110273.86
Merchant_B,Stripe,card,CO,4,1,5,5,0,1.0,120010.96
Merchant_B,Stripe,card,CO,4,2,2,2,0,1.0,95618.75
Merchant_B,Stripe,card,CO,4,3,4,4,0,1.0,129705.06
Merchant_B,Stripe,card,CO,4,4,3,2,1,0.6667,72134.13
Merchant_B,Stripe,card,CO,4,5,8,8,0,1.0,106105.45
Merchant_B,Stripe,card,CO,4,6,14,10,4,0.7143,92569.57
Merchant_B,Stripe,card,CO,4,7,33,29,4,0.8788,139821.55
Merchant_B,Stripe,card,CO,4,8,55,52,3,0.9455,129619.81
Merchant_B,Stripe,card,CO,4,9,58,55,3,0.9483,120745.85
Merchant_B,Stripe,card,CO,4,10,72,63,9,0.875,120680.5
Merchant_B,Stripe,card,CO,4,11,56,52,4,0.9286,116818.06
Merchant_B,Stripe,card,CO,4,12,78,69,9,0.8846,128485.4
Merchant_B,Stripe,card,CO,4,13,67,57,10,0.8507,103618.26
Merchant_B,Stripe,card,CO,4,14,60,54,6,0.9,118272.65
Merchant_B,Stripe,card,CO,4,15,63,55,8,0.873,118818.77
Merchant_B,Stripe,card,CO,4,16,62,55,7,0.8871,127335.65
Merchant_B,Stripe,card,CO,4,17,60,51,9,0.85,116655.42
Merchant_B,Stripe,card,CO,4,18,48,41,7,0.8542,129544.59
Merchant_B,Stripe,card,CO,4,19,44,36,8,0.8182,114673.11
Merchant_B,Stripe,card,CO,4,20,33,29,4,0.8788,120140.83
Merchant_B,Stripe,card,CO,4,21,23,21,2,0.913,109759.21
Merchant_B,Stripe,card,CO,4,22,11,9,2,0.8182,131000.58
Merchant_B,Stripe,card,CO,4,23,8,6,2,0.75,107769.89
Merchant_B,Stripe,card,CO,5,0,10,9,1,0.9,142906.48
Merchant_B,Stripe,card,CO,5,1,5,5,0,1.0,93813.03
Merchant_B,Stripe,card,CO,5,2,3,3,0,1.0,88895.59
Merchant_B,Stripe,card,CO,5,3,4,4,0,1.0,128830.56
Merchant_B,Stripe,card,CO,5,4,2,2,0,1.0,180726.19
Merchant_B,Stripe,card,CO,5,5,3,3,0,1.0,118958.37
Merchant_B,Stripe,card,CO,5,6,20,19,1,0.95,135160.51
Merchant_B,Stripe,card,CO,5,7,35,32,3,0.9143,123265.41
Merchant_B,Stripe,card,CO,5,8,46,33,13,0.7174,131335.09
Merchant_B,Stripe,card,CO,5,9,59,55,4,0.9322,130276.13
Merchant_B,Stripe,card,CO,5,10,134,119,15,0.8881,125613.63
Merchant_B,Stripe,card,CO,5,11,58,55,3,0.9483,118239.9
Merchant_B,Stripe,card,CO,5,12,72,65,7,0.9028,123881.28
Merchant_B,Stripe,card,CO,5,13,58,53,5,0.9138,113533.71
Merchant_B,Stripe,card,CO,5,14,57,47,10,0.8246,121768.49
Merchant_B,Stripe,card,CO,5,15,56,51,5,0.9107,111498.93
Merchant_B,Stripe,card,CO,5,16,51,45,6,0.8824,121039.23
Merchant_B,Stripe,card,CO,5,17,51,44,7,0.8627,137378.49
Merchant_B,Stripe,card,CO,5,18,55,50,5,0.9091,110782.51
Merchant_B,Stripe,card,CO,5,19,48,42,6,0.875,115598.34
Merchant_B,Stripe,card,CO,5,20,15,14,1,0.9333,127896.3
Merchant_B,Stripe,card,CO,5,21,16,13,3,0.8125,109629.98
Merchant_B,Stripe,card,CO,5,22,9,7,2,0.7778,82085.91
Merchant_B,Stripe,card,CO,5,23,7,6,1,0.8571,123448.43
Merchant_B,Stripe,card,CO,6,0,9,8,1,0.8889,117802.98
Merchant_B,Stripe,card,CO,6,1,3,2,1,0.6667,103364.91
Merchant_B,Stripe,card,CO,6,2,4,4,0,1.0,63495.77
Merchant_B,Stripe,card,CO,6,3,5,5,0,1.0,106975.76
Merchant_B,Stripe,card,CO,6,4,1,1,0,1.0,178974.16
Merchant_B,Stripe,card,CO,6,5,3,3,0,1.0,135546.0
Merchant_B,Stripe,card,CO,6,6,15,15,0,1.0,96388.91
Merchant_B,Stripe,card,CO,6,7,31,29,2,0.9355,119965.74
Merchant_B,Stripe,card,CO,6,8,34,33,1,0.9706,107839.03
Merchant_B,Stripe,card,CO,6,9,47,45,2,0.9574,134759.54
Merchant_B,Stripe,card,CO,6,10,65,57,8,0.8769,131898.6
Merchant_B,Stripe,card,CO,6,11,55,51,4,0.9273,117587.0
Merchant_B,Stripe,card,CO,6,12,71,63,8,0.8873,128080.03
Merchant_B,Stripe,card,CO,6,13,61,55,6,0.9016,122538.13
Merchant_B,Stripe,card,CO,6,14,62,53,9,0.8548,120325.77
Merchant_B,Stripe,card,CO,6,15,54,49,5,0.9074,131119.81
Merchant_B,Stripe,card,CO,6,16,50,47,3,0.94,117540.59
Merchant_B,Stripe,card,CO,6,17,51,47,4,0.9216,100218.11
Merchant_B,Stripe,card,CO,6,18,43,35,8,0.814,110052.18
Merchant_B,Stripe,card,CO,6,19,25,22,3,0.88,131810.18
Merchant_B,Stripe,card,CO,6,20,23,21,2,0.913,117684.84
Merchant_B,Stripe,card,CO,6,21,18,15,3,0.8333,132323.79
Merchant_B,Stripe,card,CO,6,22,6,6,0,1.0,105650.43
Merchant_B,Stripe,card,CO,6,23,6,6,0,1.0,97787.72
Merchant_B,Stripe,card,MX,0,0,4,3,1,0.75,941.67
Merchant_B,Stripe,card,MX,0,2,2,2,0,1.0,675.3
Merchant_B,Stripe,card,MX,0,4,3,3,0,1.0,548.0
Merchant_B,Stripe,card,MX,0,5,5,5,0,1.0,918.65
Merchant_B,Stripe,card,MX,0,6,20,18,2,0.9,972.08
Merchant_B,Stripe,card,MX,0,7,23,22,1,0.9565,909.64
Merchant_B,Stripe,card,MX,0,8,50,48,2,0.96,838.85
Merchant_B,Stripe,card,MX,0,9,47,43,4,0.9149,830.29
Merchant_B,Stripe,card,MX,0,10,66,61,5,0.9242,862.4
Merchant_B,Stripe,card,MX,0,11,60,56,4,0.9333,981.08
Merchant_B,Stripe,card,MX,0,12,64,59,5,0.9219,917.6
Merchant_B,Stripe,card,MX,0,13,65,62,3,0.9538,935.18
Merchant_B,Stripe,card,MX,0,14,72,64,8,0.8889,886.06
Merchant_B,Stripe,card,MX,0,15,51,44,7,0.8627,873.43
Merchant_B,Stripe,card,MX,0,16,48,41,7,0.8542,1019.33
Merchant_B,Stripe,card,MX,0,17,62,57,5,0.9194,904.92
Merchant_B,Stripe,card,MX,0,18,29,27,2,0.931,1011.09
Merchant_B,Stripe,card,MX,0,19,34,32,2,0.9412,906.25
Merchant_B,Stripe,card,MX,0,20,27,25,2,0.9259,911.67
Merchant_B,Stripe,card,MX,0,21,18,17,1,0.9444,1187.77
Merchant_B,Stripe,card,MX,0,22,6,6,0,1.0,1148.72
Merchant_B,Stripe,card,MX,0,23,5,4,1,0.8,1270.47
Merchant_B,Stripe,card,MX,1,0,5,5,0,1.0,840.09
Merchant_B,Stripe,card,MX,1,1,3,3,0,1.0,886.89
Merchant_B,Stripe,card,MX,1,2,4,4,0,1.0,837.46
Merchant_B,Stripe,card,MX,1,3,3,2,1,0.6667,353.08
Merchant_B,Stripe,card,MX,1,4,2,2,0,1.0,590.18
Merchant_B,Stripe,card,MX,1,5,8,6,2,0.75,744.62
Merchant_B,Stripe,card,MX,1,6,18,17,1,0.9444,1111.46
Merchant_B,Stripe,card,MX,1,7,29,26,3,0.8966,831.42
Merchant_B,Stripe,card,MX,1,8,39,36,3,0.9231,999.54
Merchant_B,Stripe,card,MX,1,9,55,50,5,0.9091,872.14
Merchant_B,Stripe,card,MX,1,10,87,81,6,0.931,902.43
Merchant_B,Stripe,card,MX,1,11,80,74,6,0.925,890.12
Merchant_B,Stripe,card,MX,1,12,87,81,6,0.931,872.46
Merchant_B,Stripe,card,MX,1,13,56,51,5,0.9107,978.52
Merchant_B,Stripe,card,MX,1,14,62,56,6,0.9032,951.66
Merchant_B,Stripe,card,MX,1,15,70,60,10,0.8571,879.38
Merchant_B,Stripe,card,MX,1,16,50,44,6,0.88,828.28
Merchant_B,Stripe,card,MX,1,17,65,59,6,0.9077,890.41
Merchant_B,Stripe,card,MX,1,18,48,44,4,0.9167,847.69
Merchant_B,Stripe,card,MX,1,19,43,35,8,0.814,1014.89
Merchant_B,Stripe,card,MX,1,20,16,16,0,1.0,859.43
Merchant_B,Stripe,card,MX,1,21,18,17,1,0.9444,722.28
Merchant_B,Stripe,card,MX,1,22,16,13,3,0.8125,812.65
Merchant_B,Stripe,card,MX,1,23,5,5,0,1.0,907.4
Merchant_B,Stripe,card,MX,2,0,8,7,1,0.875,1013.98
Merchant_B,Stripe,card,MX,2,1,2,2,0,1.0,651.86
Merchant_B,Stripe,card,MX,2,2,1,1,0,1.0,1629.67
Merchant_B,Stripe,card,MX,2,3,1,0,1,0.0,1130.17
Merchant_B,Stripe,card,MX,2,4,2,2,0,1.0,749.94
Merchant_B,Stripe,card,MX,2,5,6,3,3,0.5,872.74
Merchant_B,Stripe,card,MX,2,6,11,10,1,0.9091,863.41
Merchant_B,Stripe,card,MX,2,7,16,14,2,0.875,867.76
Merchant_B,Stripe,card,MX,2,8,44,41,3,0.9318,781.1
Merchant_B,Stripe,card,MX,2,9,65,56,9,0.8615,862.59
Merchant_B,Stripe,card,MX,2,10,64,61,3,0.9531,906.01
Merchant_B,Stripe,card,MX,2,11,65,62,3,0.9538,895.92
Merchant_B,Stripe,card,MX,2,12,73,66,7,0.9041,967.94
Merchant_B,Stripe,card,MX,2,13,63,56,7,0.8889,833.28
Merchant_B,Stripe,card,MX,2,14,57,50,7,0.8772,927.37
Merchant_B,Stripe,card,MX,2,15,60,53,7,0.8833,891.9
Merchant_B,Stripe,card,MX,2,16,46,44,2,0.9565,909.79
Merchant_B,Stripe,card,MX,2,17,56,51,5,0.9107,966.27
Merchant_B,Stripe,card,MX,2,18,58,47,11,0.8103,749.4
Merchant_B,Stripe,card,MX,2,19,41,38,3,0.9268,947.49
Merchant_B,Stripe,card,MX,2,20,24,21,3,0.875,805.07
Merchant_B,Stripe,card,MX,2,21,20,18,2,0.9,937.62
Merchant_B,Stripe,card,MX,2,22,17,16,1,0.9412,952.75
Merchant_B,Stripe,card,MX,2,23,5,4,1,0.8,685.5
Merchant_B,Stripe,card,MX,3,0,5,4,1,0.8,972.97
Merchant_B,Stripe,card,MX,3,1,2,2,0,1.0,1028.07
Merchant_B,Stripe,card,MX,3,3,4,4,0,1.0,1203.3
Merchant_B,Stripe,card,MX,3,4,2,2,0,1.0,935.26
Merchant_B,Stripe,card,MX,3,5,8,8,0,1.0,660.21
Merchant_B,Stripe,card,MX,3,6,12,12,0,1.0,1030.19
Merchant_B,Stripe,card,MX,3,7,29,27,2,0.931,725.9
Merchant_B,Stripe,card,MX,3,8,43,39,4,0.907,969.15
Merchant_B,Stripe,card,MX,3,9,58,57,1,0.9828,866.58
Merchant_B,Stripe,card,MX,3,10,60,52,8,0.8667,963.29
Merchant_B,Stripe,card,MX,3,11,52,48,4,0.9231,910.5
Merchant_B,Stripe,card,MX,3,12,106,90,16,0.8491,1002.91
Merchant_B,Stripe,card,MX,3,13,70,66,4,0.9429,896.48
Merchant_B,Stripe,card,MX,3,14,67,63,4,0.9403,878.99
Merchant_B,Stripe,card,MX,3,15,48,43,5,0.8958,930.03
Merchant_B,Stripe,card,MX,3,16,56,49,7,0.875,792.91
Merchant_B,Stripe,card,MX,3,17,53,44,9,0.8302,868.82
Merchant_B,Stripe,card,MX,3,18,33,31,2,0.9394,922.1
Merchant_B,Stripe,card,MX,3,19,38,36,2,0.9474,1035.27
Merchant_B,Stripe,card,MX,3,20,33,28,5,0.8485,891.31
Merchant_B,Stripe,card,MX,3,21,16,12,4,0.75,1069.32
Merchant_B,Stripe,card,MX,3,22,15,14,1,0.9333,743.9
Merchant_B,Stripe,card,MX,3,23,5,4,1,0.8,948.3
Merchant_B,Stripe,card,MX,4,0,5,3,2,0.6,816.69
Merchant_B,Stripe,card,MX,4,1,2,2,0,1.0,483.62
Merchant_B,Stripe,card,MX,4,2,5,5,0,1.0,1362.94
Merchant_B,Stripe,card,MX,4,3,1,1,0,1.0,408.41
Merchant_B,Stripe,card,MX,4,4,2,1,1,0.5,312.18
Merchant_B,Stripe,card,MX,4,5,4,4,0,1.0,967.38
Merchant_B,Stripe,card,MX,4,6,15,15,0,1.0,816.87
Merchant_B,Stripe,card,MX,4,7,22,21,1,0.9545,803.6
Merchant_B,Stripe,card,MX,4,8,35,32,3,0.9143,860.7
Merchant_B,Stripe,card,MX,4,9,51,45,6,0.8824,761.94
Merchant_B,Stripe,card,MX,4,10,60,50,10,0.8333,852.96
Merchant_B,Stripe,card,MX,4,11,61,56,5,0.918,852.17
Merchant_B,Stripe,card,MX,4,12,79,71,8,0.8987,881.34
Merchant_B,Stripe,card,MX,4,13,57,53,4,0.9298,863.34
Merchant_B,Stripe,card,MX,4,14,51,43,8,0.8431,1001.29
Merchant_B,Stripe,card,MX,4,15,70,63,7,0.9,912.44
Merchant_B,Stripe,card,MX,4,16,45,40,5,0.8889,902.63
Merchant_B,Stripe,card,MX,4,17,39,33,6,0.8462,873.89
Merchant_B,Stripe,card,MX,4,18,51,49,2,0.9608,975.79
Merchant_B,Stripe,card,MX,4,19,36,34,2,0.9444,845.59
Merchant_B,Stripe,card,MX,4,20,32,26,6,0.8125,907.13
Merchant_B,Stripe,card,MX,4,21,15,14,1,0.9333,981.53
Merchant_B,Stripe,card,MX,4,22,12,12,0,1.0,955.81
Merchant_B,Stripe,card,MX,4,23,6,6,0,1.0,631.07
Merchant_B,Stripe,card,MX,5,0,5,5,0,1.0,883.77
Merchant_B,Stripe,card,MX,5,1,6,6,0,1.0,973.34
Merchant_B,Stripe,card,MX,5,2,1,1,0,1.0,768.38
Merchant_B,Stripe,card,MX,5,3,1,1,0,1.0,840.69
Merchant_B,Stripe,card,MX,5,4,4,4,0,1.0,839.89
Merchant_B,Stripe,card,MX,5,5,4,4,0,1.0,972.51
Merchant_B,Stripe,card,MX,5,6,8,7,1,0.875,960.96
Merchant_B,Stripe,card,MX,5,7,25,20,5,0.8,820.65
Merchant_B,Stripe,card,MX,5,8,44,36,8,0.8182,860.98
Merchant_B,Stripe,card,MX,5,9,45,41,4,0.9111,950.79
Merchant_B,Stripe,card,MX,5,10,128,113,15,0.8828,857.69
Merchant_B,Stripe,card,MX,5,11,51,46,5,0.902,910.11
Merchant_B,Stripe,card,MX,5,12,63,55,8,0.873,931.91
Merchant_B,Stripe,card,MX,5,13,72,69,3,0.9583,955.94
Merchant_B,Stripe,card,MX,5,14,62,54,8,0.871,944.54
Merchant_B,Stripe,card,MX,5,15,54,49,5,0.9074,949.0
Merchant_B,Stripe,card,MX,5,16,52,45,7,0.8654,936.3
Merchant_B,Stripe,card,MX,5,17,48,45,3,0.9375,973.37
Merchant_B,Stripe,card,MX,5,18,42,37,5,0.881,977.1
Merchant_B,Stripe,card,MX,5,19,33,29,4,0.8788,826.91
Merchant_B,Stripe,card,MX,5,20,24,22,2,0.9167,991.92
Merchant_B,Stripe,card,MX,5,21,17,15,2,0.8824,1041.91
Merchant_B,Stripe,card,MX,5,22,11,11,0,1.0,663.75
Merchant_B,Stripe,card,MX,5,23,5,4,1,0.8,969.76
Merchant_B,Stripe,card,MX,6,0,7,6,1,0.8571,1077.19
Merchant_B,Stripe,card,MX,6,1,1,1,0,1.0,1204.72
Merchant_B,Stripe,card,MX,6,2,2,2,0,1.0,610.6
Merchant_B,Stripe,card,MX,6,3,3,3,0,1.0,612.55
Merchant_B,Stripe,card,MX,6,4,5,4,1,0.8,1051.4
Merchant_B,Stripe,card,MX,6,5,5,4,1,0.8,743.27
Merchant_B,Stripe,card,MX,6,6,6,6,0,1.0,1417.58
Merchant_B,Stripe,card,MX,6,7,36,34,2,0.9444,924.19
Merchant_B,Stripe,card,MX,6,8,37,35,2,0.9459,993.8
Merchant_B,Stripe,card,MX,6,9,44,39,5,0.8864,895.77
Merchant_B,Stripe,card,MX,6,10,55,55,0,1.0,933.5
Merchant_B,Stripe,card,MX,6,11,76,69,7,0.9079,806.84
Merchant_B,Stripe,card,MX,6,12,79,75,4,0.9494,931.18
Merchant_B,Stripe,card,MX,6,13,72,66,6,0.9167,944.87
Merchant_B,Stripe,card,MX,6,14,55,49,6,0.8909,930.42
Merchant_B,Stripe,card,MX,6,15,56,54,2,0.9643,928.93
Merchant_B,Stripe,card,MX,6,16,47,44,3,0.9362,823.9
Merchant_B,Stripe,card,MX,6,17,49,45,4,0.9184,910.05
Merchant_B,Stripe,card,MX,6,18,52,48,4,0.9231,902.49
Merchant_B,Stripe,card,MX,6,19,32,28,4,0.875,951.0
Merchant_B,Stripe,card,MX,6,20,33,30,3,0.9091,1022.83
Merchant_B,Stripe,card,MX,6,21,14,11,3,0.7857,667.3
Merchant_B,Stripe,card,MX,6,22,6,5,1,0.8333,857.74
Merchant_B,Stripe,card,MX,6,23,7,6,1,0.8571,896.3
Merchant_B,Stripe,cash_in_store,MX,0,0,7,6,1,0.8571,697.5
Merchant_B,Stripe,cash_in_store,MX,0,1,1,1,0,1.0,652.25
Merchant_B,Stripe,cash_in_store,MX,0,3,2,2,0,1.0,680.32
Merchant_B,Stripe,cash_in_store,MX,0,4,1,1,0,1.0,950.06
Merchant_B,Stripe,cash_in_store,MX,0,5,6,5,1,0.8333,903.92
Merchant_B,Stripe,cash_in_store,MX,0,6,15,9,6,0.6,825.91
Merchant_B,Stripe,cash_in_store,MX,0,7,22,20,2,0.9091,963.24
Merchant_B,Stripe,cash_in_store,MX,0,8,38,32,6,0.8421,917.33
Merchant_B,Stripe,cash_in_store,MX,0,9,55,49,6,0.8909,904.74
Merchant_B,Stripe,cash_in_store,MX,0,10,54,43,11,0.7963,1035.47
Merchant_B,Stripe,cash_in_store,MX,0,11,69,60,9,0.8696,882.95
Merchant_B,Stripe,cash_in_store,MX,0,12,58,49,9,0.8448,861.87
Merchant_B,Stripe,cash_in_store,MX,0,13,65,58,7,0.8923,943.19
Merchant_B,Stripe,cash_in_store,MX,0,14,50,38,12,0.76,919.08
Merchant_B,Stripe,cash_in_store,MX,0,15,49,43,6,0.8776,988.84
Merchant_B,Stripe,cash_in_store,MX,0,16,47,42,5,0.8936,982.25
Merchant_B,Stripe,cash_in_store,MX,0,17,46,41,5,0.8913,1038.77
Merchant_B,Stripe,cash_in_store,MX,0,18,44,32,12,0.7273,905.87
Merchant_B,Stripe,cash_in_store,MX,0,19,26,24,2,0.9231,665.01
Merchant_B,Stripe,cash_in_store,MX,0,20,23,18,5,0.7826,758.85
Merchant_B,Stripe,cash_in_store,MX,0,21,26,21,5,0.8077,886.28
Merchant_B,Stripe,cash_in_store,MX,0,22,9,9,0,1.0,1039.69
Merchant_B,Stripe,cash_in_store,MX,0,23,3,3,0,1.0,576.1
Merchant_B,Stripe,cash_in_store,MX,1,0,9,8,1,0.8889,864.79
Merchant_B,Stripe,cash_in_store,MX,1,1,1,1,0,1.0,784.56
Merchant_B,Stripe,cash_in_store,MX,1,2,1,1,0,1.0,532.68
Merchant_B,Stripe,cash_in_store,MX,1,3,4,4,0,1.0,796.86
Merchant_B,Stripe,cash_in_store,MX,1,4,3,3,0,1.0,685.15
Merchant_B,Stripe,cash_in_store,MX,1,5,3,3,0,1.0,578.85
Merchant_B,Stripe,cash_in_store,MX,1,6,14,12,2,0.8571,872.11
Merchant_B,Stripe,cash_in_store,MX,1,7,11,9,2,0.8182,1121.5
Merchant_B,Stripe,cash_in_store,MX,1,8,31,29,2,0.9355,957.58
Merchant_B,Stripe,cash_in_store,MX,1,9,49,44,5,0.898,957.82
Merchant_B,Stripe,cash_in_store,MX,1,10,60,48,12,0.8,952.73
Merchant_B,Stripe,cash_in_store,MX,1,11,75,68,7,0.9067,996.86
Merchant_B,Stripe,cash_in_store,MX,1,12,78,65,13,0.8333,839.87
Merchant_B,Stripe,cash_in_store,MX,1,13,62,52,10,0.8387,900.14
Merchant_B,Stripe,cash_in_store,MX,1,14,67,55,12,0.8209,941.67
Merchant_B,Stripe,cash_in_store,MX,1,15,68,57,11,0.8382,910.01
Merchant_B,Stripe,cash_in_store,MX,1,16,76,64,12,0.8421,975.55
Merchant_B,Stripe,cash_in_store,MX,1,17,58,47,11,0.8103,922.36
Merchant_B,Stripe,cash_in_store,MX,1,18,53,43,10,0.8113,990.27
Merchant_B,Stripe,cash_in_store,MX,1,19,43,35,8,0.814,1040.3
Merchant_B,Stripe,cash_in_store,MX,1,20,30,27,3,0.9,1023.71
Merchant_B,Stripe,cash_in_store,MX,1,21,23,18,5,0.7826,1090.9
Merchant_B,Stripe,cash_in_store,MX,1,22,9,6,3,0.6667,948.86
Merchant_B,Stripe,cash_in_store,MX,1,23,7,7,0,1.0,863.04
Merchant_B,Stripe,cash_in_store,MX,2,0,5,4,1,0.8,853.73
Merchant_B,Stripe,cash_in_store,MX,2,1,2,1,1,0.5,726.29
Merchant_B,Stripe,cash_in_store,MX,2,2,3,3,0,1.0,1182.24
Merchant_B,Stripe,cash_in_store,MX,2,3,1,1,0,1.0,1320.06
Merchant_B,Stripe,cash_in_store,MX,2,4,3,2,1,0.6667,688.43
Merchant_B,Stripe,cash_in_store,MX,2,5,5,5,0,1.0,924.29
Merchant_B,Stripe,cash_in_store,MX,2,6,11,9,2,0.8182,920.06
Merchant_B,Stripe,cash_in_store,MX,2,7,30,23,7,0.7667,868.7
Merchant_B,Stripe,cash_in_store,MX,2,8,44,32,12,0.7273,926.73
Merchant_B,Stripe,cash_in_store,MX,2,9,55,49,6,0.8909,1005.98
Merchant_B,Stripe,cash_in_store,MX,2,10,67,57,10,0.8507,794.19
Merchant_B,Stripe,cash_in_store,MX,2,11,66,58,8,0.8788,899.22
Merchant_B,Stripe,cash_in_store,MX,2,12,73,58,15,0.7945,999.17
Merchant_B,Stripe,cash_in_store,MX,2,13,77,66,11,0.8571,952.63
Merchant_B,Stripe,cash_in_store,MX,2,14,55,50,5,0.9091,981.82
Merchant_B,Stripe,cash_in_store,MX,2,15,55,43,12,0.7818,1059.08
Merchant_B,Stripe,cash_in_store,MX,2,16,63,54,9,0.8571,956.09
Merchant_B,Stripe,cash_in_store,MX,2,17,45,40,5,0.8889,961.02
Merchant_B,Stripe,cash_in_store,MX,2,18,56,51,5,0.9107,920.22
Merchant_B,Stripe,cash_in_store,MX,2,19,31,25,6,0.8065,877.06
Merchant_B,Stripe,cash_in_store,MX,2,20,29,25,4,0.8621,954.33
Merchant_B,Stripe,cash_in_store,MX,2,21,15,12,3,0.8,764.9
Merchant_B,Stripe,cash_in_store,MX,2,22,8,7,1,0.875,951.24
Merchant_B,Stripe,cash_in_store,MX,2,23,7,7,0,1.0,711.68
Merchant_B,Stripe,cash_in_store,MX,3,0,10,9,1,0.9,1015.53
Merchant_B,Stripe,cash_in_store,MX,3,1,6,5,1,0.8333,773.26
Merchant_B,Stripe,cash_in_store,MX,3,2,1,1,0,1.0,1303.3
Merchant_B,Stripe,cash_in_store,MX,3,3,1,1,0,1.0,112.98
Merchant_B,Stripe,cash_in_store,MX,3,4,3,1,2,0.3333,1060.55
Merchant_B,Stripe,cash_in_store,MX,3,5,4,2,2,0.5,954.75
Merchant_B,Stripe,cash_in_store,MX,3,6,10,9,1,0.9,1015.71
Merchant_B,Stripe,cash_in_store,MX,3,7,29,24,5,0.8276,669.7
Merchant_B,Stripe,cash_in_store,MX,3,8,30,27,3,0.9,1047.95
Merchant_B,Stripe,cash_in_store,MX,3,9,59,51,8,0.8644,902.14
Merchant_B,Stripe,cash_in_store,MX,3,10,57,54,3,0.9474,988.72
Merchant_B,Stripe,cash_in_store,MX,3,11,61,52,9,0.8525,1037.34
Merchant_B,Stripe,cash_in_store,MX,3,12,84,67,17,0.7976,935.09
Merchant_B,Stripe,cash_in_store,MX,3,13,72,58,14,0.8056,940.12
Merchant_B,Stripe,cash_in_store,MX,3,14,55,47,8,0.8545,910.81
Merchant_B,Stripe,cash_in_store,MX,3,15,64,56,8,0.875,891.16
Merchant_B,Stripe,cash_in_store,MX,3,16,54,46,8,0.8519,988.24
Merchant_B,Stripe,cash_in_store,MX,3,17,60,55,5,0.9167,941.39
Merchant_B,Stripe,cash_in_store,MX,3,18,43,38,5,0.8837,1014.97
Merchant_B,Stripe,cash_in_store,MX,3,19,31,24,7,0.7742,763.46
Merchant_B,Stripe,cash_in_store,MX,3,20,37,27,10,0.7297,837.83
Merchant_B,Stripe,cash_in_store,MX,3,21,20,17,3,0.85,950.62
Merchant_B,Stripe,cash_in_store,MX,3,22,7,7,0,1.0,1076.44
Merchant_B,Stripe,cash_in_store,MX,3,23,6,4,2,0.6667,690.03
Merchant_B,Stripe,cash_in_store,MX,4,0,7,6,1,0.8571,793.31
Merchant_B,Stripe,cash_in_store,MX,4,1,1,1,0,1.0,843.44
Merchant_B,Stripe,cash_in_store,MX,4,2,2,1,1,0.5,634.93
Merchant_B,Stripe,cash_in_store,MX,4,3,1,1,0,1.0,830.4
Merchant_B,Stripe,cash_in_store,MX,4,4,3,3,0,1.0,1093.22
Merchant_B,Stripe,cash_in_store,MX,4,5,4,3,1,0.75,493.59
Merchant_B,Stripe,cash_in_store,MX,4,6,24,12,12,0.5,929.15
Merchant_B,Stripe,cash_in_store,MX,4,7,28,25,3,0.8929,1015.92
Merchant_B,Stripe,cash_in_store,MX,4,8,41,37,4,0.9024,943.01
Merchant_B,Stripe,cash_in_store,MX,4,9,55,45,10,0.8182,962.97
Merchant_B,Stripe,cash_in_store,MX,4,10,63,50,13,0.7937,811.34
Merchant_B,Stripe,cash_in_store,MX,4,11,92,77,15,0.837,862.02
Merchant_B,Stripe,cash_in_store,MX,4,12,79,64,15,0.8101,901.19
Merchant_B,Stripe,cash_in_store,MX,4,13,80,66,14,0.825,865.7
Merchant_B,Stripe,cash_in_store,MX,4,14,53,44,9,0.8302,894.1
Merchant_B,Stripe,cash_in_store,MX,4,15,54,48,6,0.8889,957.24
Merchant_B,Stripe,cash_in_store,MX,4,16,66,56,10,0.8485,921.53
Merchant_B,Stripe,cash_in_store,MX,4,17,59,44,15,0.7458,1004.67
Merchant_B,Stripe,cash_in_store,MX,4,18,50,41,9,0.82,878.16
Merchant_B,Stripe,cash_in_store,MX,4,19,46,38,8,0.8261,897.0
Merchant_B,Stripe,cash_in_store,MX,4,20,26,21,5,0.8077,910.21
Merchant_B,Stripe,cash_in_store,MX,4,21,24,20,4,0.8333,917.54
Merchant_B,Stripe,cash_in_store,MX,4,22,8,6,2,0.75,1170.9
Merchant_B,Stripe,cash_in_store,MX,4,23,9,9,0,1.0,943.89
Merchant_B,Stripe,cash_in_store,MX,5,0,12,12,0,1.0,1100.63
Merchant_B,Stripe,cash_in_store,MX,5,1,2,2,0,1.0,917.87
Merchant_B,Stripe,cash_in_store,MX,5,2,1,0,1,0.0,550.67
Merchant_B,Stripe,cash_in_store,MX,5,3,2,2,0,1.0,745.38
Merchant_B,Stripe,cash_in_store,MX,5,4,5,3,2,0.6,920.69
Merchant_B,Stripe,cash_in_store,MX,5,5,11,10,1,0.9091,787.56
Merchant_B,Stripe,cash_in_store,MX,5,6,8,4,4,0.5,853.29
Merchant_B,Stripe,cash_in_store,MX,5,7,32,25,7,0.7812,778.08
Merchant_B,Stripe,cash_in_store,MX,5,8,42,35,7,0.8333,885.32
Merchant_B,Stripe,cash_in_store,MX,5,9,53,44,9,0.8302,961.14
Merchant_B,Stripe,cash_in_store,MX,5,10,118,105,13,0.8898,924.54
Merchant_B,Stripe,cash_in_store,MX,5,11,69,57,12,0.8261,1028.79
Merchant_B,Stripe,cash_in_store,MX,5,12,71,57,14,0.8028,853.6
Merchant_B,Stripe,cash_in_store,MX,5,13,47,40,7,0.8511,948.32
Merchant_B,Stripe,cash_in_store,MX,5,14,62,52,10,0.8387,920.26
Merchant_B,Stripe,cash_in_store,MX,5,15,66,57,9,0.8636,904.04
Merchant_B,Stripe,cash_in_store,MX,5,16,39,37,2,0.9487,904.11
Merchant_B,Stripe,cash_in_store,MX,5,17,45,37,8,0.8222,964.11
Merchant_B,Stripe,cash_in_store,MX,5,18,43,35,8,0.814,898.24
Merchant_B,Stripe,cash_in_store,MX,5,19,47,40,7,0.8511,823.67
Merchant_B,Stripe,cash_in_store,MX,5,20,20,18,2,0.9,903.23
Merchant_B,Stripe,cash_in_store,MX,5,21,20,14,6,0.7,811.31
Merchant_B,Stripe,cash_in_store,MX,5,22,8,8,0,1.0,1157.92
Merchant_B,Stripe,cash_in_store,MX,5,23,8,7,1,0.875,1111.22
Merchant_B,Stripe,cash_in_store,MX,6,0,6,4,2,0.6667,1042.54
Merchant_B,Stripe,cash_in_store,MX,6,1,2,2,0,1.0,980.7
Merchant_B,Stripe,cash_in_store,MX,6,2,2,2,0,1.0,1179.99
Merchant_B,Stripe,cash_in_store,MX,6,3,2,2,0,1.0,1434.46
Merchant_B,Stripe,cash_in_store,MX,6,4,4,3,1,0.75,955.79
Merchant_B,Stripe,cash_in_store,MX,6,5,8,6,2,0.75,798.02
Merchant_B,Stripe,cash_in_store,MX,6,6,15,11,4,0.7333,873.77
Merchant_B,Stripe,cash_in_store,MX,6,7,31,30,1,0.9677,832.75
Merchant_B,Stripe,cash_in_store,MX,6,8,25,21,4,0.84,858.58
Merchant_B,Stripe,cash_in_store,MX,6,9,48,41,7,0.8542,869.02
Merchant_B,Stripe,cash_in_store,MX,6,10,52,46,6,0.8846,846.22
Merchant_B,Stripe,cash_in_store,MX,6,11,74,68,6,0.9189,935.18
Merchant_B,Stripe,cash_in_store,MX,6,12,69,51,18,0.7391,922.34
Merchant_B,Stripe,cash_in_store,MX,6,13,67,56,11,0.8358,1037.93
Merchant_B,Stripe,cash_in_store,MX,6,14,55,49,6,0.8909,968.53
Merchant_B,Stripe,cash_in_store,MX,6,15,68,62,6,0.9118,923.0
Merchant_B,Stripe,cash_in_store,MX,6,16,53,44,9,0.8302,922.83
Merchant_B,Stripe,cash_in_store,MX,6,17,49,40,9,0.8163,845.07
Merchant_B,Stripe,cash_in_store,MX,6,18,52,40,12,0.7692,881.49
Merchant_B,Stripe,cash_in_store,MX,6,19,38,31,7,0.8158,1011.76
Merchant_B,Stripe,cash_in_store,MX,6,20,19,14,5,0.7368,1023.15
Merchant_B,Stripe,cash_in_store,MX,6,21,13,13,0,1.0,968.83
Merchant_B,Stripe,cash_in_store,MX,6,22,6,5,1,0.8333,889.61
Merchant_B,Stripe,cash_in_store,MX,6,23,6,5,1,0.8333,859.93
Merchant_B,Stripe,wallet,BR,0,0,8,7,1,0.875,147.9
Merchant_B,Stripe,wallet,BR,0,1,4,3,1,0.75,209.1
Merchant_B,Stripe,wallet,BR,0,4,1,1,0,1.0,102.64
Merchant_B,Stripe,wallet,BR,0,5,2,2,0,1.0,470.91
Merchant_B,Stripe,wallet,BR,0,6,11,10,1,0.9091,215.58
Merchant_B,Stripe,wallet,BR,0,7,22,21,1,0.9545,298.51
Merchant_B,Stripe,wallet,BR,0,8,35,32,3,0.9143,292.55
Merchant_B,Stripe,wallet,BR,0,9,51,46,5,0.902,289.08
Merchant_B,Stripe,wallet,BR,0,10,63,60,3,0.9524,288.44
Merchant_B,Stripe,wallet,BR,0,11,66,63,3,0.9545,272.5
Merchant_B,Stripe,wallet,BR,0,12,67,60,7,0.8955,279.06
Merchant_B,Stripe,wallet,BR,0,13,75,65,10,0.8667,269.1
Merchant_B,Stripe,wallet,BR,0,14,64,59,5,0.9219,304.4
Merchant_B,Stripe,wallet,BR,0,15,58,48,10,0.8276,288.44
Merchant_B,Stripe,wallet,BR,0,16,52,52,0,1.0,234.14
Merchant_B,Stripe,wallet,BR,0,17,45,41,4,0.9111,318.6
Merchant_B,Stripe,wallet,BR,0,18,34,30,4,0.8824,262.81
Merchant_B,Stripe,wallet,BR,0,19,27,24,3,0.8889,301.11
Merchant_B,Stripe,wallet,BR,0,20,20,19,1,0.95,217.93
Merchant_B,Stripe,wallet,BR,0,21,14,10,4,0.7143,305.17
Merchant_B,Stripe,wallet,BR,0,22,11,11,0,1.0,346.0
Merchant_B,Stripe,wallet,BR,0,23,7,6,1,0.8571,185.87
Merchant_B,Stripe,wallet,BR,1,0,4,4,0,1.0,323.91
Merchant_B,Stripe,wallet,BR,1,1,7,6,1,0.8571,268.62
Merchant_B,Stripe,wallet,BR,1,2,2,1,1,0.5,564.01
Merchant_B,Stripe,wallet,BR,1,3,4,4,0,1.0,296.56
Merchant_B,Stripe,wallet,BR,1,4,1,1,0,1.0,335.15
Merchant_B,Stripe,wallet,BR,1,5,4,4,0,1.0,275.46
Merchant_B,Stripe,wallet,BR,1,6,14,14,0,1.0,258.32
Merchant_B,Stripe,wallet,BR,1,7,27,25,2,0.9259,257.12
Merchant_B,Stripe,wallet,BR,1,8,36,33,3,0.9167,301.04
Merchant_B,Stripe,wallet,BR,1,9,50,47,3,0.94,337.03
Merchant_B,Stripe,wallet,BR,1,10,93,86,7,0.9247,304.1
Merchant_B,Stripe,wallet,BR,1,11,81,72,9,0.8889,293.94
Merchant_B,Stripe,wallet,BR,1,12,84,79,5,0.9405,278.54
Merchant_B,Stripe,wallet,BR,1,13,60,52,8,0.8667,273.41
Merchant_B,Stripe,wallet,BR,1,14,63,53,10,0.8413,268.19
Merchant_B,Stripe,wallet,BR,1,15,67,61,6,0.9104,252.51
Merchant_B,Stripe,wallet,BR,1,16,62,56,6,0.9032,276.64
Merchant_B,Stripe,wallet,BR,1,17,40,35,5,0.875,263.98
Merchant_B,Stripe,wallet,BR,1,18,49,48,1,0.9796,250.19
Merchant_B,Stripe,wallet,BR,1,19,48,44,4,0.9167,311.93
Merchant_B,Stripe,wallet,BR,1,20,27,27,0,1.0,347.38
Merchant_B,Stripe,wallet,BR,1,21,24,23,1,0.9583,329.61
Merchant_B,Stripe,wallet,BR,1,22,15,13,2,0.8667,314.58
Merchant_B,Stripe,wallet,BR,1,23,6,5,1,0.8333,230.07
Merchant_B,Stripe,wallet,BR,2,0,8,6,2,0.75,292.96
Merchant_B,Stripe,wallet,BR,2,1,6,6,0,1.0,170.83
Merchant_B,Stripe,wallet,BR,2,2,3,3,0,1.0,317.05
Merchant_B,Stripe,wallet,BR,2,3,4,3,1,0.75,264.76
Merchant_B,Stripe,wallet,BR,2,4,4,4,0,1.0,274.84
Merchant_B,Stripe,wallet,BR,2,5,4,4,0,1.0,316.06
Merchant_B,Stripe,wallet,BR,2,6,18,13,5,0.7222,279.51
Merchant_B,Stripe,wallet,BR,2,7,25,24,1,0.96,262.05
Merchant_B,Stripe,wallet,BR,2,8,30,27,3,0.9,304.51
Merchant_B,Stripe,wallet,BR,2,9,50,46,4,0.92,287.63
Merchant_B,Stripe,wallet,BR,2,10,59,56,3,0.9492,294.69
Merchant_B,Stripe,wallet,BR,2,11,71,64,7,0.9014,261.3
Merchant_B,Stripe,wallet,BR,2,12,55,51,4,0.9273,282.51
Merchant_B,Stripe,wallet,BR,2,13,72,67,5,0.9306,286.23
Merchant_B,Stripe,wallet,BR,2,14,67,63,4,0.9403,309.18
Merchant_B,Stripe,wallet,BR,2,15,68,64,4,0.9412,332.39
Merchant_B,Stripe,wallet,BR,2,16,55,53,2,0.9636,276.87
Merchant_B,Stripe,wallet,BR,2,17,54,46,8,0.8519,309.29
Merchant_B,Stripe,wallet,BR,2,18,53,48,5,0.9057,302.4
Merchant_B,Stripe,wallet,BR,2,19,35,30,5,0.8571,249.99
Merchant_B,Stripe,wallet,BR,2,20,31,29,2,0.9355,284.58
Merchant_B,Stripe,wallet,BR,2,21,13,13,0,1.0,357.11
Merchant_B,Stripe,wallet,BR,2,22,7,7,0,1.0,227.9
Merchant_B,Stripe,wallet,BR,2,23,9,9,0,1.0,199.55
Merchant_B,Stripe,wallet,BR,3,0,7,7,0,1.0,297.58
Merchant_B,Stripe,wallet,BR,3,1,5,5,0,1.0,381.62
Merchant_B,Stripe,wallet,BR,3,2,3,3,0,1.0,302.46
Merchant_B,Stripe,wallet,BR,3,3,5,4,1,0.8,281.99
Merchant_B,Stripe,wallet,BR,3,4,1,1,0,1.0,394.99
Merchant_B,Stripe,wallet,BR,3,5,7,5,2,0.7143,278.88
Merchant_B,Stripe,wallet,BR,3,6,20,17,3,0.85,331.82
Merchant_B,Stripe,wallet,BR,3,7,31,29,2,0.9355,294.78
Merchant_B,Stripe,wallet,BR,3,8,44,35,9,0.7955,308.38
Merchant_B,Stripe,wallet,BR,3,9,47,45,2,0.9574,306.01
Merchant_B,Stripe,wallet,BR,3,10,62,56,6,0.9032,283.31
Merchant_B,Stripe,wallet,BR,3,11,71,66,5,0.9296,285.19
Merchant_B,Stripe,wallet,BR,3,12,75,68,7,0.9067,264.48
Merchant_B,Stripe,wallet,BR,3,13,69,62,7,0.8986,283.38
Merchant_B,Stripe,wallet,BR,3,14,55,52,3,0.9455,268.14
Merchant_B,Stripe,wallet,BR,3,15,52,47,5,0.9038,291.69
Merchant_B,Stripe,wallet,BR,3,16,58,55,3,0.9483,250.81
Merchant_B,Stripe,wallet,BR,3,17,47,42,5,0.8936,300.11
Merchant_B,Stripe,wallet,BR,3,18,62,53,9,0.8548,265.21
Merchant_B,Stripe,wallet,BR,3,19,36,36,0,1.0,272.48
Merchant_B,Stripe,wallet,BR,3,20,33,31,2,0.9394,275.5
Merchant_B,Stripe,wallet,BR,3,21,17,16,1,0.9412,303.77
Merchant_B,Stripe,wallet,BR,3,22,12,11,1,0.9167,318.09
Merchant_B,Stripe,wallet,BR,3,23,6,6,0,1.0,259.38
Merchant_B,Stripe,wallet,BR,4,0,9,9,0,1.0,262.69
Merchant_B,Stripe,wallet,BR,4,1,5,5,0,1.0,258.86
Merchant_B,Stripe,wallet,BR,4,3,4,4,0,1.0,348.28
Merchant_B,Stripe,wallet,BR,4,4,5,5,0,1.0,318.78
Merchant_B,Stripe,wallet,BR,4,5,3,2,1,0.6667,234.09
Merchant_B,Stripe,wallet,BR,4,6,11,10,1,0.9091,251.32
Merchant_B,Stripe,wallet,BR,4,7,30,27,3,0.9,274.92
Merchant_B,Stripe,wallet,BR,4,8,47,44,3,0.9362,279.04
Merchant_B,Stripe,wallet,BR,4,9,62,58,4,0.9355,273.51
Merchant_B,Stripe,wallet,BR,4,10,70,66,4,0.9429,283.0
Merchant_B,Stripe,wallet,BR,4,11,66,57,9,0.8636,276.24
Merchant_B,Stripe,wallet,BR,4,12,70,65,5,0.9286,293.6
Merchant_B,Stripe,wallet,BR,4,13,57,53,4,0.9298,262.98
Merchant_B,Stripe,wallet,BR,4,14,62,57,5,0.9194,286.43
Merchant_B,Stripe,wallet,BR,4,15,63,54,9,0.8571,301.89
Merchant_B,Stripe,wallet,BR,4,16,54,51,3,0.9444,286.6
Merchant_B,Stripe,wallet,BR,4,17,55,52,3,0.9455,258.02
Merchant_B,Stripe,wallet,BR,4,18,45,41,4,0.9111,255.59
Merchant_B,Stripe,wallet,BR,4,19,34,31,3,0.9118,317.1
Merchant_B,Stripe,wallet,BR,4,20,29,25,4,0.8621,273.11
Merchant_B,Stripe,wallet,BR,4,21,15,15,0,1.0,268.06
Merchant_B,Stripe,wallet,BR,4,22,8,8,0,1.0,301.57
Merchant_B,Stripe,wallet,BR,4,23,8,8,0,1.0,327.86
Merchant_B,Stripe,wallet,BR,5,0,4,3,1,0.75,274.84
Merchant_B,Stripe,wallet,BR,5,1,4,4,0,1.0,261.8
Merchant_B,Stripe,wallet,BR,5,2,2,2,0,1.0,325.08
Merchant_B,Stripe,wallet,BR,5,3,3,3,0,1.0,327.4
Merchant_B,Stripe,wallet,BR,5,4,2,2,0,1.0,258.48
Merchant_B,Stripe,wallet,BR,5,5,6,6,0,1.0,238.69
Merchant_B,Stripe,wallet,BR,5,6,11,9,2,0.8182,242.49
Merchant_B,Stripe,wallet,BR,5,7,29,29,0,1.0,223.16
Merchant_B,Stripe,wallet,BR,5,8,44,39,5,0.8864,304.84
Merchant_B,Stripe,wallet,BR,5,9,47,42,5,0.8936,307.21
Merchant_B,Stripe,wallet,BR,5,10,127,117,10,0.9213,283.37
Merchant_B,Stripe,wallet,BR,5,11,56,51,5,0.9107,296.52
Merchant_B,Stripe,wallet,BR,5,12,67,62,5,0.9254,266.85
Merchant_B,Stripe,wallet,BR,5,13,83,73,10,0.8795,251.66
Merchant_B,Stripe,wallet,BR,5,14,49,45,4,0.9184,258.62
Merchant_B,Stripe,wallet,BR,5,15,36,35,1,0.9722,297.74
Merchant_B,Stripe,wallet,BR,5,16,50,43,7,0.86,294.98
Merchant_B,Stripe,wallet,BR,5,17,52,48,4,0.9231,283.45
Merchant_B,Stripe,wallet,BR,5,18,36,31,5,0.8611,329.86
Merchant_B,Stripe,wallet,BR,5,19,33,27,6,0.8182,299.86
Merchant_B,Stripe,wallet,BR,5,20,16,16,0,1.0,219.24
Merchant_B,Stripe,wallet,BR,5,21,12,11,1,0.9167,300.39
Merchant_B,Stripe,wallet,BR,5,22,12,11,1,0.9167,245.1
Merchant_B,Stripe,wallet,BR,5,23,6,5,1,0.8333,407.42
Merchant_B,Stripe,wallet,BR,6,0,10,10,0,1.0,227.15
Merchant_B,Stripe,wallet,BR,6,2,1,1,0,1.0,377.16
Merchant_B,Stripe,wallet,BR,6,3,6,6,0,1.0,230.44
Merchant_B,Stripe,wallet,BR,6,4,5,4,1,0.8,191.81
Merchant_B,Stripe,wallet,BR,6,5,2,2,0,1.0,70.11
Merchant_B,Stripe,wallet,BR,6,6,11,10,1,0.9091,386.65
Merchant_B,Stripe,wallet,BR,6,7,20,18,2,0.9,262.0
Merchant_B,Stripe,wallet,BR,6,8,42,37,5,0.881,234.3
Merchant_B,Stripe,wallet,BR,6,9,52,48,4,0.9231,285.65
Merchant_B,Stripe,wallet,BR,6,10,63,60,3,0.9524,310.74
Merchant_B,Stripe,wallet,BR,6,11,55,48,7,0.8727,264.78
Merchant_B,Stripe,wallet,BR,6,12,63,59,4,0.9365,268.94
Merchant_B,Stripe,wallet,BR,6,13,68,63,5,0.9265,281.61
Merchant_B,Stripe,wallet,BR,6,14,50,46,4,0.92,264.58
Merchant_B,Stripe,wallet,BR,6,15,65,61,4,0.9385,260.84
Merchant_B,Stripe,wallet,BR,6,16,52,50,2,0.9615,307.78
Merchant_B,Stripe,wallet,BR,6,17,59,53,6,0.8983,295.71
Merchant_B,Stripe,wallet,BR,6,18,46,43,3,0.9348,295.23
Merchant_B,Stripe,wallet,BR,6,19,43,36,7,0.8372,299.92
Merchant_B,Stripe,wallet,BR,6,20,21,21,0,1.0,347.91
Merchant_B,Stripe,wallet,BR,6,21,19,18,1,0.9474,205.22
Merchant_B,Stripe,wallet,BR,6,22,1,1,0,1.0,392.14
Merchant_B,Stripe,wallet,BR,6,23,4,4,0,1.0,189.94
Merchant_B,Stripe,wallet,CO,0,0,3,2,1,0.6667,95833.15
Merchant_B,Stripe,wallet,CO,0,1,2,2,0,1.0,173507.92
Merchant_B,Stripe,wallet,CO,0,4,3,3,0,1.0,153546.05
Merchant_B,Stripe,wallet,CO,0,5,4,4,0,1.0,88018.34
Merchant_B,Stripe,wallet,CO,0,6,9,8,1,0.8889,112653.52
Merchant_B,Stripe,wallet,CO,0,7,29,25,4,0.8621,141034.15
Merchant_B,Stripe,wallet,CO,0,8,34,34,0,1.0,97733.1
Merchant_B,Stripe,wallet,CO,0,9,38,32,6,0.8421,111583.12
Merchant_B,Stripe,wallet,CO,0,10,61,56,5,0.918,121025.05
Merchant_B,Stripe,wallet,CO,0,11,65,60,5,0.9231,120156.75
Merchant_B,Stripe,wallet,CO,0,12,72,62,10,0.8611,114830.92
Merchant_B,Stripe,wallet,CO,0,13,53,51,2,0.9623,115736.55
Merchant_B,Stripe,wallet,CO,0,14,54,50,4,0.9259,119180.84
Merchant_B,Stripe,wallet,CO,0,15,66,60,6,0.9091,128815.33
Merchant_B,Stripe,wallet,CO,0,16,52,47,5,0.9038,100471.04
Merchant_B,Stripe,wallet,CO,0,17,55,53,2,0.9636,119278.96
Merchant_B,Stripe,wallet,CO,0,18,57,55,2,0.9649,121972.52
Merchant_B,Stripe,wallet,CO,0,19,36,33,3,0.9167,124791.81
Merchant_B,Stripe,wallet,CO,0,20,20,17,3,0.85,99253.76
Merchant_B,Stripe,wallet,CO,0,21,10,7,3,0.7,96190.19
Merchant_B,Stripe,wallet,CO,0,22,4,3,1,0.75,124617.63
Merchant_B,Stripe,wallet,CO,0,23,7,7,0,1.0,123524.82
Merchant_B,Stripe,wallet,CO,1,0,5,5,0,1.0,87559.64
Merchant_B,Stripe,wallet,CO,1,1,3,3,0,1.0,67593.71
Merchant_B,Stripe,wallet,CO,1,2,3,3,0,1.0,100022.52
Merchant_B,Stripe,wallet,CO,1,4,2,2,0,1.0,117842.64
Merchant_B,Stripe,wallet,CO,1,5,8,8,0,1.0,126471.96
Merchant_B,Stripe,wallet,CO,1,6,12,12,0,1.0,143618.56
Merchant_B,Stripe,wallet,CO,1,7,24,24,0,1.0,129305.28
Merchant_B,Stripe,wallet,CO,1,8,44,42,2,0.9545,143491.87
Merchant_B,Stripe,wallet,CO,1,9,43,38,5,0.8837,132767.84
Merchant_B,Stripe,wallet,CO,1,10,95,91,4,0.9579,113597.39
Merchant_B,Stripe,wallet,CO,1,11,84,79,5,0.9405,117774.49
Merchant_B,Stripe,wallet,CO,1,12,75,66,9,0.88,119371.6
Merchant_B,Stripe,wallet,CO,1,13,68,60,8,0.8824,97295.93
Merchant_B,Stripe,wallet,CO,1,14,64,57,7,0.8906,120929.18
Merchant_B,Stripe,wallet,CO,1,15,65,60,5,0.9231,114361.9
Merchant_B,Stripe,wallet,CO,1,16,63,61,2,0.9683,125322.4
Merchant_B,Stripe,wallet,CO,1,17,54,49,5,0.9074,113328.54
Merchant_B,Stripe,wallet,CO,1,18,67,63,4,0.9403,126853.43
Merchant_B,Stripe,wallet,CO,1,19,29,22,7,0.7586,133864.39
Merchant_B,Stripe,wallet,CO,1,20,24,22,2,0.9167,137013.99
Merchant_B,Stripe,wallet,CO,1,21,18,14,4,0.7778,102937.75
Merchant_B,Stripe,wallet,CO,1,22,19,18,1,0.9474,125909.46
Merchant_B,Stripe,wallet,CO,1,23,6,6,0,1.0,108953.65
Merchant_B,Stripe,wallet,CO,2,0,5,5,0,1.0,130671.56
Merchant_B,Stripe,wallet,CO,2,1,3,2,1,0.6667,121484.1
Merchant_B,Stripe,wallet,CO,2,2,6,6,0,1.0,133568.83
Merchant_B,Stripe,wallet,CO,2,3,1,1,0,1.0,104988.97
Merchant_B,Stripe,wallet,CO,2,4,2,1,1,0.5,88814.28
Merchant_B,Stripe,wallet,CO,2,5,7,7,0,1.0,149950.14
Merchant_B,Stripe,wallet,CO,2,6,11,11,0,1.0,117753.23
Merchant_B,Stripe,wallet,CO,2,7,34,28,6,0.8235,126309.96
Merchant_B,Stripe,wallet,CO,2,8,44,37,7,0.8409,126037.18
Merchant_B,Stripe,wallet,CO,2,9,50,45,5,0.9,140415.8
Merchant_B,Stripe,wallet,CO,2,10,63,61,2,0.9683,130481.34
Merchant_B,Stripe,wallet,CO,2,11,73,70,3,0.9589,118320.33
Merchant_B,Stripe,wallet,CO,2,12,81,74,7,0.9136,133816.92
Merchant_B,Stripe,wallet,CO,2,13,64,59,5,0.9219,124770.32
Merchant_B,Stripe,wallet,CO,2,14,61,58,3,0.9508,128399.24
Merchant_B,Stripe,wallet,CO,2,15,66,62,4,0.9394,128336.94
Merchant_B,Stripe,wallet,CO,2,16,59,54,5,0.9153,112753.35
Merchant_B,Stripe,wallet,CO,2,17,62,59,3,0.9516,136260.74
Merchant_B,Stripe,wallet,CO,2,18,38,35,3,0.9211,143131.57
Merchant_B,Stripe,wallet,CO,2,19,44,41,3,0.9318,126686.66
Merchant_B,Stripe,wallet,CO,2,20,19,18,1,0.9474,116523.17
Merchant_B,Stripe,wallet,CO,2,21,19,17,2,0.8947,98832.91
Merchant_B,Stripe,wallet,CO,2,22,6,6,0,1.0,104922.65
Merchant_B,Stripe,wallet,CO,2,23,5,5,0,1.0,183888.59
Merchant_B,Stripe,wallet,CO,3,0,6,6,0,1.0,159447.06
Merchant_B,Stripe,wallet,CO,3,1,4,4,0,1.0,97215.2
Merchant_B,Stripe,wallet,CO,3,2,3,3,0,1.0,105254.46
Merchant_B,Stripe,wallet,CO,3,3,2,2,0,1.0,114123.84
Merchant_B,Stripe,wallet,CO,3,4,7,7,0,1.0,117907.43
Merchant_B,Stripe,wallet,CO,3,5,7,7,0,1.0,106874.78
Merchant_B,Stripe,wallet,CO,3,6,7,7,0,1.0,99223.52
Merchant_B,Stripe,wallet,CO,3,7,27,24,3,0.8889,130739.1
Merchant_B,Stripe,wallet,CO,3,8,42,38,4,0.9048,118166.26
Merchant_B,Stripe,wallet,CO,3,9,63,56,7,0.8889,116396.31
Merchant_B,Stripe,wallet,CO,3,10,55,52,3,0.9455,127983.1
Merchant_B,Stripe,wallet,CO,3,11,67,61,6,0.9104,125601.28
Merchant_B,Stripe,wallet,CO,3,12,86,78,8,0.907,129084.87
Merchant_B,Stripe,wallet,CO,3,13,73,69,4,0.9452,113087.78
Merchant_B,Stripe,wallet,CO,3,14,63,57,6,0.9048,117592.58
Merchant_B,Stripe,wallet,CO,3,15,48,43,5,0.8958,130358.25
Merchant_B,Stripe,wallet,CO,3,16,66,62,4,0.9394,141169.81
Merchant_B,Stripe,wallet,CO,3,17,52,50,2,0.9615,121517.13
Merchant_B,Stripe,wallet,CO,3,18,45,42,3,0.9333,131072.99
Merchant_B,Stripe,wallet,CO,3,19,33,32,1,0.9697,112329.79
Merchant_B,Stripe,wallet,CO,3,20,18,16,2,0.8889,111735.14
Merchant_B,Stripe,wallet,CO,3,21,19,18,1,0.9474,142040.43
Merchant_B,Stripe,wallet,CO,3,22,10,10,0,1.0,127861.15
Merchant_B,Stripe,wallet,CO,3,23,4,4,0,1.0,120781.63
Merchant_B,Stripe,wallet,CO,4,0,14,14,0,1.0,121801.38
Merchant_B,Stripe,wallet,CO,4,1,2,2,0,1.0,109819.1
Merchant_B,Stripe,wallet,CO,4,2,3,3,0,1.0,61510.88
Merchant_B,Stripe,wallet,CO,4,4,1,1,0,1.0,256137.1
Merchant_B,Stripe,wallet,CO,4,5,3,3,0,1.0,145356.99
Merchant_B,Stripe,wallet,CO,4,6,13,13,0,1.0,138456.3
Merchant_B,Stripe,wallet,CO,4,7,29,27,2,0.931,120110.75
Merchant_B,Stripe,wallet,CO,4,8,51,48,3,0.9412,133632.34
Merchant_B,Stripe,wallet,CO,4,9,46,44,2,0.9565,124937.89
Merchant_B,Stripe,wallet,CO,4,10,54,49,5,0.9074,117291.08
Merchant_B,Stripe,wallet,CO,4,11,66,57,9,0.8636,131012.15
Merchant_B,Stripe,wallet,CO,4,12,53,48,5,0.9057,120230.07
Merchant_B,Stripe,wallet,CO,4,13,72,67,5,0.9306,113840.74
Merchant_B,Stripe,wallet,CO,4,14,68,61,7,0.8971,111363.02
Merchant_B,Stripe,wallet,CO,4,15,76,73,3,0.9605,120905.25
Merchant_B,Stripe,wallet,CO,4,16,69,58,11,0.8406,116259.33
Merchant_B,Stripe,wallet,CO,4,17,59,56,3,0.9492,125202.81
Merchant_B,Stripe,wallet,CO,4,18,38,35,3,0.9211,137765.15
Merchant_B,Stripe,wallet,CO,4,19,43,39,4,0.907,114296.38
Merchant_B,Stripe,wallet,CO,4,20,27,25,2,0.9259,111982.45
Merchant_B,Stripe,wallet,CO,4,21,20,20,0,1.0,135251.81
Merchant_B,Stripe,wallet,CO,4,22,13,11,2,0.8462,133388.54
Merchant_B,Stripe,wallet,CO,4,23,6,6,0,1.0,133603.86
Merchant_B,Stripe,wallet,CO,5,0,5,5,0,1.0,136570.1
Merchant_B,Stripe,wallet,CO,5,1,4,4,0,1.0,103639.49
Merchant_B,Stripe,wallet,CO,5,2,4,4,0,1.0,63877.48
Merchant_B,Stripe,wallet,CO,5,3,3,3,0,1.0,107627.15
Merchant_B,Stripe,wallet,CO,5,4,1,1,0,1.0,51525.78
Merchant_B,Stripe,wallet,CO,5,5,5,5,0,1.0,158697.64
Merchant_B,Stripe,wallet,CO,5,6,13,13,0,1.0,93837.25
Merchant_B,Stripe,wallet,CO,5,7,19,18,1,0.9474,81402.07
Merchant_B,Stripe,wallet,CO,5,8,50,48,2,0.96,131372.01
Merchant_B,Stripe,wallet,CO,5,9,53,48,5,0.9057,106584.71
Merchant_B,Stripe,wallet,CO,5,10,126,113,13,0.8968,116519.89
Merchant_B,Stripe,wallet,CO,5,11,51,50,1,0.9804,130073.08
Merchant_B,Stripe,wallet,CO,5,12,78,72,6,0.9231,119918.5
Merchant_B,Stripe,wallet,CO,5,13,56,54,2,0.9643,121928.12
Merchant_B,Stripe,wallet,CO,5,14,54,49,5,0.9074,125057.58
Merchant_B,Stripe,wallet,CO,5,15,57,54,3,0.9474,130467.18
Merchant_B,Stripe,wallet,CO,5,16,45,41,4,0.9111,122090.18
Merchant_B,Stripe,wallet,CO,5,17,46,41,5,0.8913,115217.32
Merchant_B,Stripe,wallet,CO,5,18,37,33,4,0.8919,120389.99
Merchant_B,Stripe,wallet,CO,5,19,34,33,1,0.9706,115262.42
Merchant_B,Stripe,wallet,CO,5,20,15,14,1,0.9333,137121.95
Merchant_B,Stripe,wallet,CO,5,21,20,19,1,0.95,111696.94
Merchant_B,Stripe,wallet,CO,5,22,10,10,0,1.0,129274.94
Merchant_B,Stripe,wallet,CO,5,23,3,3,0,1.0,132449.77
Merchant_B,Stripe,wallet,CO,6,0,7,7,0,1.0,137876.5
Merchant_B,Stripe,wallet,CO,6,1,2,2,0,1.0,75257.9
Merchant_B,Stripe,wallet,CO,6,3,1,1,0,1.0,57858.95
Merchant_B,Stripe,wallet,CO,6,5,4,4,0,1.0,135430.48
Merchant_B,Stripe,wallet,CO,6,6,13,11,2,0.8462,105476.23
Merchant_B,Stripe,wallet,CO,6,7,29,28,1,0.9655,125093.16
Merchant_B,Stripe,wallet,CO,6,8,35,33,2,0.9429,119578.84
Merchant_B,Stripe,wallet,CO,6,9,54,51,3,0.9444,125059.45
Merchant_B,Stripe,wallet,CO,6,10,64,60,4,0.9375,126071.12
Merchant_B,Stripe,wallet,CO,6,11,68,65,3,0.9559,140388.1
Merchant_B,Stripe,wallet,CO,6,12,64,58,6,0.9062,128966.88
Merchant_B,Stripe,wallet,CO,6,13,59,57,2,0.9661,113455.39
Merchant_B,Stripe,wallet,CO,6,14,51,46,5,0.902,121372.3
Merchant_B,Stripe,wallet,CO,6,15,74,68,6,0.9189,128038.58
Merchant_B,Stripe,wallet,CO,6,16,41,34,7,0.8293,130453.88
Merchant_B,Stripe,wallet,CO,6,17,50,45,5,0.9,120073.03
Merchant_B,Stripe,wallet,CO,6,18,38,38,0,1.0,123820.21
Merchant_B,Stripe,wallet,CO,6,19,38,36,2,0.9474,117493.13
Merchant_B,Stripe,wallet,CO,6,20,16,16,0,1.0,129525.78
Merchant_B,Stripe,wallet,CO,6,21,20,19,1,0.95,133135.62
Merchant_B,Stripe,wallet,CO,6,22,8,7,1,0.875,115408.06
Merchant_B,Stripe,wallet,CO,6,23,3,3,0,1.0,103240.1
Merchant_B,Stripe,wallet,MX,0,0,12,12,0,1.0,929.46
Merchant_B,Stripe,wallet,MX,0,1,3,3,0,1.0,1053.65
Merchant_B,Stripe,wallet,MX,0,2,4,4,0,1.0,517.54
Merchant_B,Stripe,wallet,MX,0,3,4,4,0,1.0,982.87
Merchant_B,Stripe,wallet,MX,0,4,2,2,0,1.0,958.59
Merchant_B,Stripe,wallet,MX,0,5,6,6,0,1.0,961.58
Merchant_B,Stripe,wallet,MX,0,6,14,12,2,0.8571,900.41
Merchant_B,Stripe,wallet,MX,0,7,22,21,1,0.9545,885.28
Merchant_B,Stripe,wallet,MX,0,8,35,34,1,0.9714,790.75
Merchant_B,Stripe,wallet,MX,0,9,46,43,3,0.9348,866.28
Merchant_B,Stripe,wallet,MX,0,10,51,46,5,0.902,945.19
Merchant_B,Stripe,wallet,MX,0,11,62,57,5,0.9194,869.73
Merchant_B,Stripe,wallet,MX,0,12,77,70,7,0.9091,880.99
Merchant_B,Stripe,wallet,MX,0,13,68,64,4,0.9412,848.3
Merchant_B,Stripe,wallet,MX,0,14,49,46,3,0.9388,949.75
Merchant_B,Stripe,wallet,MX,0,15,69,62,7,0.8986,902.9
Merchant_B,Stripe,wallet,MX,0,16,40,34,6,0.85,950.32
Merchant_B,Stripe,wallet,MX,0,17,50,42,8,0.84,977.79
Merchant_B,Stripe,wallet,MX,0,18,58,54,4,0.931,994.61
Merchant_B,Stripe,wallet,MX,0,19,32,30,2,0.9375,788.04
Merchant_B,Stripe,wallet,MX,0,20,25,24,1,0.96,749.38
Merchant_B,Stripe,wallet,MX,0,21,12,12,0,1.0,824.46
Merchant_B,Stripe,wallet,MX,0,22,5,4,1,0.8,865.53
Merchant_B,Stripe,wallet,MX,0,23,5,5,0,1.0,830.6
Merchant_B,Stripe,wallet,MX,1,0,6,5,1,0.8333,1136.65
Merchant_B,Stripe,wallet,MX,1,1,2,2,0,1.0,1280.8
Merchant_B,Stripe,wallet,MX,1,2,1,1,0,1.0,2163.99
Merchant_B,Stripe,wallet,MX,1,3,2,2,0,1.0,1015.76
Merchant_B,Stripe,wallet,MX,1,4,2,1,1,0.5,653.43
Merchant_B,Stripe,wallet,MX,1,5,4,3,1,0.75,847.17
Merchant_B,Stripe,wallet,MX,1,6,11,9,2,0.8182,847.49
Merchant_B,Stripe,wallet,MX,1,7,29,28,1,0.9655,1017.74
Merchant_B,Stripe,wallet,MX,1,8,40,38,2,0.95,895.24
Merchant_B,Stripe,wallet,MX,1,9,49,47,2,0.9592,874.05
Merchant_B,Stripe,wallet,MX,1,10,89,85,4,0.9551,940.31
Merchant_B,Stripe,wallet,MX,1,11,72,68,4,0.9444,921.47
Merchant_B,Stripe,wallet,MX,1,12,76,72,4,0.9474,909.47
Merchant_B,Stripe,wallet,MX,1,13,55,52,3,0.9455,859.73
Merchant_B,Stripe,wallet,MX,1,14,67,62,5,0.9254,888.44
Merchant_B,Stripe,wallet,MX,1,15,78,73,5,0.9359,882.07
Merchant_B,Stripe,wallet,MX,1,16,58,57,1,0.9828,875.6
Merchant_B,Stripe,wallet,MX,1,17,53,49,4,0.9245,1009.05
Merchant_B,Stripe,wallet,MX,1,18,50,47,3,0.94,816.98
Merchant_B,Stripe,wallet,MX,1,19,38,35,3,0.9211,958.48
Merchant_B,Stripe,wallet,MX,1,20,25,24,1,0.96,1063.41
Merchant_B,Stripe,wallet,MX,1,21,21,21,0,1.0,827.36
Merchant_B,Stripe,wallet,MX,1,22,6,5,1,0.8333,778.8
Merchant_B,Stripe,wallet,MX,1,23,5,5,0,1.0,723.03
Merchant_B,Stripe,wallet,MX,2,0,8,6,2,0.75,1014.99
Merchant_B,Stripe,wallet,MX,2,1,8,7,1,0.875,968.06
Merchant_B,Stripe,wallet,MX,2,2,6,6,0,1.0,1270.03
Merchant_B,Stripe,wallet,MX,2,3,2,2,0,1.0,528.72
Merchant_B,Stripe,wallet,MX,2,4,2,2,0,1.0,967.96
Merchant_B,Stripe,wallet,MX,2,5,1,1,0,1.0,1712.66
Merchant_B,Stripe,wallet,MX,2,6,13,13,0,1.0,970.93
Merchant_B,Stripe,wallet,MX,2,7,33,31,2,0.9394,953.53
Merchant_B,Stripe,wallet,MX,2,8,47,46,1,0.9787,963.95
Merchant_B,Stripe,wallet,MX,2,9,61,57,4,0.9344,819.44
Merchant_B,Stripe,wallet,MX,2,10,60,54,6,0.9,799.69
Merchant_B,Stripe,wallet,MX,2,11,72,68,4,0.9444,813.05
Merchant_B,Stripe,wallet,MX,2,12,85,78,7,0.9176,818.83
Merchant_B,Stripe,wallet,MX,2,13,68,64,4,0.9412,861.25
Merchant_B,Stripe,wallet,MX,2,14,66,62,4,0.9394,888.83
Merchant_B,Stripe,wallet,MX,2,15,63,53,10,0.8413,836.36
Merchant_B,Stripe,wallet,MX,2,16,56,51,5,0.9107,953.19
Merchant_B,Stripe,wallet,MX,2,17,49,45,4,0.9184,1113.8
Merchant_B,Stripe,wallet,MX,2,18,49,47,2,0.9592,905.15
Merchant_B,Stripe,wallet,MX,2,19,43,39,4,0.907,918.16
Merchant_B,Stripe,wallet,MX,2,20,34,32,2,0.9412,970.07
Merchant_B,Stripe,wallet,MX,2,21,17,16,1,0.9412,981.0
Merchant_B,Stripe,wallet,MX,2,22,12,11,1,0.9167,967.79
Merchant_B,Stripe,wallet,MX,2,23,4,4,0,1.0,1011.5
Merchant_B,Stripe,wallet,MX,3,0,4,4,0,1.0,1159.54
Merchant_B,Stripe,wallet,MX,3,1,5,4,1,0.8,802.16
Merchant_B,Stripe,wallet,MX,3,2,2,2,0,1.0,1147.34
Merchant_B,Stripe,wallet,MX,3,3,2,2,0,1.0,137.06
Merchant_B,Stripe,wallet,MX,3,4,3,3,0,1.0,390.77
Merchant_B,Stripe,wallet,MX,3,5,9,8,1,0.8889,940.69
Merchant_B,Stripe,wallet,MX,3,6,11,10,1,0.9091,1025.09
Merchant_B,Stripe,wallet,MX,3,7,33,33,0,1.0,951.71
Merchant_B,Stripe,wallet,MX,3,8,43,41,2,0.9535,837.57
Merchant_B,Stripe,wallet,MX,3,9,43,41,2,0.9535,990.21
Merchant_B,Stripe,wallet,MX,3,10,58,56,2,0.9655,885.82
Merchant_B,Stripe,wallet,MX,3,11,57,55,2,0.9649,887.16
Merchant_B,Stripe,wallet,MX,3,12,72,62,10,0.8611,904.7
Merchant_B,Stripe,wallet,MX,3,13,71,64,7,0.9014,955.8
Merchant_B,Stripe,wallet,MX,3,14,72,62,10,0.8611,950.21
Merchant_B,Stripe,wallet,MX,3,15,69,64,5,0.9275,897.96
Merchant_B,Stripe,wallet,MX,3,16,55,52,3,0.9455,890.53
Merchant_B,Stripe,wallet,MX,3,17,54,44,10,0.8148,980.06
Merchant_B,Stripe,wallet,MX,3,18,36,34,2,0.9444,920.39
Merchant_B,Stripe,wallet,MX,3,19,47,44,3,0.9362,876.76
Merchant_B,Stripe,wallet,MX,3,20,18,17,1,0.9444,777.33
Merchant_B,Stripe,wallet,MX,3,21,28,25,3,0.8929,866.99
Merchant_B,Stripe,wallet,MX,3,22,13,11,2,0.8462,807.16
Merchant_B,Stripe,wallet,MX,3,23,6,5,1,0.8333,749.09
Merchant_B,Stripe,wallet,MX,4,0,3,3,0,1.0,895.57
Merchant_B,Stripe,wallet,MX,4,1,3,2,1,0.6667,777.2
Merchant_B,Stripe,wallet,MX,4,2,5,5,0,1.0,791.48
Merchant_B,Stripe,wallet,MX,4,3,4,3,1,0.75,539.58
Merchant_B,Stripe,wallet,MX,4,4,5,5,0,1.0,1278.29
Merchant_B,Stripe,wallet,MX,4,5,4,4,0,1.0,1187.41
Merchant_B,Stripe,wallet,MX,4,6,13,13,0,1.0,847.43
Merchant_B,Stripe,wallet,MX,4,7,28,24,4,0.8571,841.84
Merchant_B,Stripe,wallet,MX,4,8,46,43,3,0.9348,957.28
Merchant_B,Stripe,wallet,MX,4,9,59,55,4,0.9322,882.98
Merchant_B,Stripe,wallet,MX,4,10,83,81,2,0.9759,951.11
Merchant_B,Stripe,wallet,MX,4,11,72,66,6,0.9167,913.48
Merchant_B,Stripe,wallet,MX,4,12,80,70,10,0.875,924.98
Merchant_B,Stripe,wallet,MX,4,13,71,63,8,0.8873,907.14
Merchant_B,Stripe,wallet,MX,4,14,71,63,8,0.8873,892.8
Merchant_B,Stripe,wallet,MX,4,15,78,73,5,0.9359,824.89
Merchant_B,Stripe,wallet,MX,4,16,49,49,0,1.0,1050.38
Merchant_B,Stripe,wallet,MX,4,17,50,49,1,0.98,993.48
Merchant_B,Stripe,wallet,MX,4,18,49,45,4,0.9184,1094.7
Merchant_B,Stripe,wallet,MX,4,19,34,31,3,0.9118,819.71
Merchant_B,Stripe,wallet,MX,4,20,23,22,1,0.9565,944.03
Merchant_B,Stripe,wallet,MX,4,21,13,13,0,1.0,1001.01
Merchant_B,Stripe,wallet,MX,4,22,9,8,1,0.8889,1050.46
Merchant_B,Stripe,wallet,MX,4,23,12,11,1,0.9167,939.54
Merchant_B,Stripe,wallet,MX,5,0,7,7,0,1.0,1031.58
Merchant_B,Stripe,wallet,MX,5,1,5,5,0,1.0,790.28
Merchant_B,Stripe,wallet,MX,5,2,3,3,0,1.0,486.32
Merchant_B,Stripe,wallet,MX,5,3,2,2,0,1.0,799.77
Merchant_B,Stripe,wallet,MX,5,4,3,3,0,1.0,732.59
Merchant_B,Stripe,wallet,MX,5,5,3,3,0,1.0,908.78
Merchant_B,Stripe,wallet,MX,5,6,12,11,1,0.9167,919.52
Merchant_B,Stripe,wallet,MX,5,7,28,25,3,0.8929,1097.18
Merchant_B,Stripe,wallet,MX,5,8,34,33,1,0.9706,882.47
Merchant_B,Stripe,wallet,MX,5,9,45,42,3,0.9333,903.31
Merchant_B,Stripe,wallet,MX,5,10,124,108,16,0.871,896.04
Merchant_B,Stripe,wallet,MX,5,11,76,70,6,0.9211,884.33
Merchant_B,Stripe,wallet,MX,5,12,66,61,5,0.9242,918.31
Merchant_B,Stripe,wallet,MX,5,13,71,67,4,0.9437,830.33
Merchant_B,Stripe,wallet,MX,5,14,64,61,3,0.9531,907.1
Merchant_B,Stripe,wallet,MX,5,15,58,49,9,0.8448,1006.47
Merchant_B,Stripe,wallet,MX,5,16,55,50,5,0.9091,961.82
Merchant_B,Stripe,wallet,MX,5,17,55,52,3,0.9455,863.91
Merchant_B,Stripe,wallet,MX,5,18,46,41,5,0.8913,964.45
Merchant_B,Stripe,wallet,MX,5,19,36,30,6,0.8333,966.71
Merchant_B,Stripe,wallet,MX,5,20,24,22,2,0.9167,880.73
Merchant_B,Stripe,wallet,MX,5,21,5,5,0,1.0,1167.27
Merchant_B,Stripe,wallet,MX,5,22,7,7,0,1.0,1101.24
Merchant_B,Stripe,wallet,MX,5,23,6,5,1,0.8333,909.4
Merchant_B,Stripe,wallet,MX,6,0,7,7,0,1.0,1132.61
Merchant_B,Stripe,wallet,MX,6,1,2,2,0,1.0,1078.78
Merchant_B,Stripe,wallet,MX,6,2,7,6,1,0.8571,863.64
Merchant_B,Stripe,wallet,MX,6,3,1,1,0,1.0,1368.65
Merchant_B,Stripe,wallet,MX,6,4,2,1,1,0.5,718.57
Merchant_B,Stripe,wallet,MX,6,5,6,6,0,1.0,896.2
Merchant_B,Stripe,wallet,MX,6,6,11,11,0,1.0,802.9
Merchant_B,Stripe,wallet,MX,6,7,26,23,3,0.8846,912.36
Merchant_B,Stripe,wallet,MX,6,8,39,34,5,0.8718,986.59
Merchant_B,Stripe,wallet,MX,6,9,50,46,4,0.92,803.22
Merchant_B,Stripe,wallet,MX,6,10,53,48,5,0.9057,948.77
Merchant_B,Stripe,wallet,MX,6,11,60,54,6,0.9,941.48
Merchant_B,Stripe,wallet,MX,6,12,77,70,7,0.9091,974.19
Merchant_B,Stripe,wallet,MX,6,13,70,70,0,1.0,971.4
Merchant_B,Stripe,wallet,MX,6,14,58,53,5,0.9138,866.82
Merchant_B,Stripe,wallet,MX,6,15,76,66,10,0.8684,968.81
Merchant_B,Stripe,wallet,MX,6,16,49,47,2,0.9592,763.04
Merchant_B,Stripe,wallet,MX,6,17,39,38,1,0.9744,874.49
Merchant_B,Stripe,wallet,MX,6,18,43,41,2,0.9535,951.96
Merchant_B,Stripe,wallet,MX,6,19,30,28,2,0.9333,909.27
Merchant_B,Stripe,wallet,MX,6,20,27,27,0,1.0,849.29
Merchant_B,Stripe,wallet,MX,6,21,9,8,1,0.8889,966.81
Merchant_B,Stripe,wallet,MX,6,22,9,7,2,0.7778,833.4
Merchant_B,Stripe,wallet,MX,6,23,5,5,0,1.0,672.08
Merchant_B,dLocal,PIX,BR,0,0,4,3,1,0.75,225.59
Merchant_B,dLocal,PIX,BR,0,1,3,3,0,1.0,176.78
Merchant_B,dLocal,PIX,BR,0,2,4,4,0,1.0,319.47
Merchant_B,dLocal,PIX,BR,0,4,2,2,0,1.0,429.68
Merchant_B,dLocal,PIX,BR,0,5,6,6,0,1.0,280.5
Merchant_B,dLocal,PIX,BR,0,6,13,12,1,0.9231,313.0
Merchant_B,dLocal,PIX,BR,0,7,23,22,1,0.9565,296.41
Merchant_B,dLocal,PIX,BR,0,8,43,42,1,0.9767,269.08
Merchant_B,dLocal,PIX,BR,0,9,51,48,3,0.9412,240.78
Merchant_B,dLocal,PIX,BR,0,10,63,60,3,0.9524,311.22
Merchant_B,dLocal,PIX,BR,0,11,73,70,3,0.9589,307.05
Merchant_B,dLocal,PIX,BR,0,12,53,47,6,0.8868,276.16
Merchant_B,dLocal,PIX,BR,0,13,38,37,1,0.9737,338.35
Merchant_B,dLocal,PIX,BR,0,14,63,60,3,0.9524,262.93
Merchant_B,dLocal,PIX,BR,0,15,63,63,0,1.0,281.79
Merchant_B,dLocal,PIX,BR,0,16,42,38,4,0.9048,317.35
Merchant_B,dLocal,PIX,BR,0,17,40,40,0,1.0,278.83
Merchant_B,dLocal,PIX,BR,0,18,41,40,1,0.9756,295.1
Merchant_B,dLocal,PIX,BR,0,19,36,35,1,0.9722,269.15
Merchant_B,dLocal,PIX,BR,0,20,14,13,1,0.9286,325.42
Merchant_B,dLocal,PIX,BR,0,21,12,10,2,0.8333,218.89
Merchant_B,dLocal,PIX,BR,0,22,14,14,0,1.0,289.35
Merchant_B,dLocal,PIX,BR,0,23,3,3,0,1.0,220.37
Merchant_B,dLocal,PIX,BR,1,0,7,7,0,1.0,278.21
Merchant_B,dLocal,PIX,BR,1,1,3,3,0,1.0,282.36
Merchant_B,dLocal,PIX,BR,1,2,2,2,0,1.0,400.86
Merchant_B,dLocal,PIX,BR,1,3,2,2,0,1.0,229.85
Merchant_B,dLocal,PIX,BR,1,4,4,4,0,1.0,193.91
Merchant_B,dLocal,PIX,BR,1,5,11,10,1,0.9091,272.94
Merchant_B,dLocal,PIX,BR,1,6,18,17,1,0.9444,352.47
Merchant_B,dLocal,PIX,BR,1,7,21,21,0,1.0,280.25
Merchant_B,dLocal,PIX,BR,1,8,37,34,3,0.9189,329.83
Merchant_B,dLocal,PIX,BR,1,9,54,51,3,0.9444,251.15
Merchant_B,dLocal,PIX,BR,1,10,63,61,2,0.9683,289.01
Merchant_B,dLocal,PIX,BR,1,11,60,58,2,0.9667,299.5
Merchant_B,dLocal,PIX,BR,1,12,80,74,6,0.925,273.24
Merchant_B,dLocal,PIX,BR,1,13,63,61,2,0.9683,299.54
Merchant_B,dLocal,PIX,BR,1,14,65,62,3,0.9538,256.41
Merchant_B,dLocal,PIX,BR,1,15,49,44,5,0.898,308.57
Merchant_B,dLocal,PIX,BR,1,16,57,56,1,0.9825,276.69
Merchant_B,dLocal,PIX,BR,1,17,43,40,3,0.9302,271.11
Merchant_B,dLocal,PIX,BR,1,18,49,45,4,0.9184,277.31
Merchant_B,dLocal,PIX,BR,1,19,51,48,3,0.9412,290.49
Merchant_B,dLocal,PIX,BR,1,20,31,29,2,0.9355,245.21
Merchant_B,dLocal,PIX,BR,1,21,21,21,0,1.0,355.27
Merchant_B,dLocal,PIX,BR,1,22,9,8,1,0.8889,311.33
Merchant_B,dLocal,PIX,BR,1,23,2,2,0,1.0,146.98
Merchant_B,dLocal,PIX,BR,2,0,7,7,0,1.0,308.93
Merchant_B,dLocal,PIX,BR,2,1,4,4,0,1.0,252.99
Merchant_B,dLocal,PIX,BR,2,2,6,6,0,1.0,285.34
Merchant_B,dLocal,PIX,BR,2,3,1,1,0,1.0,69.13
Merchant_B,dLocal,PIX,BR,2,4,1,1,0,1.0,387.07
Merchant_B,dLocal,PIX,BR,2,5,6,6,0,1.0,293.28
Merchant_B,dLocal,PIX,BR,2,6,16,15,1,0.9375,265.75
Merchant_B,dLocal,PIX,BR,2,7,29,27,2,0.931,315.14
Merchant_B,dLocal,PIX,BR,2,8,32,32,0,1.0,284.25
Merchant_B,dLocal,PIX,BR,2,9,42,40,2,0.9524,301.31
Merchant_B,dLocal,PIX,BR,2,10,70,68,2,0.9714,280.21
Merchant_B,dLocal,PIX,BR,2,11,62,57,5,0.9194,273.26
Merchant_B,dLocal,PIX,BR,2,12,83,79,4,0.9518,282.97
Merchant_B,dLocal,PIX,BR,2,13,87,82,5,0.9425,299.64
Merchant_B,dLocal,PIX,BR,2,14,65,63,2,0.9692,303.11
Merchant_B,dLocal,PIX,BR,2,15,63,55,8,0.873,306.12
Merchant_B,dLocal,PIX,BR,2,16,62,60,2,0.9677,296.55
Merchant_B,dLocal,PIX,BR,2,17,51,48,3,0.9412,299.29
Merchant_B,dLocal,PIX,BR,2,18,53,52,1,0.9811,314.49
Merchant_B,dLocal,PIX,BR,2,19,38,35,3,0.9211,266.2
Merchant_B,dLocal,PIX,BR,2,20,28,27,1,0.9643,301.27
Merchant_B,dLocal,PIX,BR,2,21,16,16,0,1.0,276.34
Merchant_B,dLocal,PIX,BR,2,22,8,8,0,1.0,322.32
Merchant_B,dLocal,PIX,BR,2,23,9,9,0,1.0,375.04
Merchant_B,dLocal,PIX,BR,3,0,2,2,0,1.0,283.08
Merchant_B,dLocal,PIX,BR,3,1,3,3,0,1.0,200.26
Merchant_B,dLocal,PIX,BR,3,2,3,3,0,1.0,365.0
Merchant_B,dLocal,PIX,BR,3,3,1,1,0,1.0,255.83
Merchant_B,dLocal,PIX,BR,3,4,2,2,0,1.0,294.56
Merchant_B,dLocal,PIX,BR,3,5,10,10,0,1.0,298.54
Merchant_B,dLocal,PIX,BR,3,6,15,14,1,0.9333,335.03
Merchant_B,dLocal,PIX,BR,3,7,37,36,1,0.973,285.22
Merchant_B,dLocal,PIX,BR,3,8,57,54,3,0.9474,269.47
Merchant_B,dLocal,PIX,BR,3,9,49,49,0,1.0,300.45
Merchant_B,dLocal,PIX,BR,3,10,72,70,2,0.9722,275.74
Merchant_B,dLocal,PIX,BR,3,11,60,57,3,0.95,288.3
Merchant_B,dLocal,PIX,BR,3,12,61,59,2,0.9672,259.91
Merchant_B,dLocal,PIX,BR,3,13,70,64,6,0.9143,293.76
Merchant_B,dLocal,PIX,BR,3,14,67,65,2,0.9701,282.94
Merchant_B,dLocal,PIX,BR,3,15,69,68,1,0.9855,293.77
Merchant_B,dLocal,PIX,BR,3,16,35,34,1,0.9714,277.91
Merchant_B,dLocal,PIX,BR,3,17,57,54,3,0.9474,273.54
Merchant_B,dLocal,PIX,BR,3,18,40,37,3,0.925,277.52
Merchant_B,dLocal,PIX,BR,3,19,34,33,1,0.9706,325.27
Merchant_B,dLocal,PIX,BR,3,20,22,20,2,0.9091,301.34
Merchant_B,dLocal,PIX,BR,3,21,19,19,0,1.0,314.1
Merchant_B,dLocal,PIX,BR,3,22,8,8,0,1.0,389.88
Merchant_B,dLocal,PIX,BR,3,23,6,6,0,1.0,261.52
Merchant_B,dLocal,PIX,BR,4,0,9,9,0,1.0,250.46
Merchant_B,dLocal,PIX,BR,4,1,1,1,0,1.0,247.8
Merchant_B,dLocal,PIX,BR,4,2,4,4,0,1.0,266.14
Merchant_B,dLocal,PIX,BR,4,3,4,4,0,1.0,294.15
Merchant_B,dLocal,PIX,BR,4,4,6,6,0,1.0,363.12
Merchant_B,dLocal,PIX,BR,4,5,6,6,0,1.0,262.4
Merchant_B,dLocal,PIX,BR,4,6,15,14,1,0.9333,269.8
Merchant_B,dLocal,PIX,BR,4,7,20,19,1,0.95,253.77
Merchant_B,dLocal,PIX,BR,4,8,53,50,3,0.9434,340.3
Merchant_B,dLocal,PIX,BR,4,9,51,47,4,0.9216,303.05
Merchant_B,dLocal,PIX,BR,4,10,61,55,6,0.9016,277.12
Merchant_B,dLocal,PIX,BR,4,11,78,75,3,0.9615,270.71
Merchant_B,dLocal,PIX,BR,4,12,76,72,4,0.9474,293.21
Merchant_B,dLocal,PIX,BR,4,13,67,65,2,0.9701,303.82
Merchant_B,dLocal,PIX,BR,4,14,57,53,4,0.9298,276.55
Merchant_B,dLocal,PIX,BR,4,15,54,50,4,0.9259,284.98
Merchant_B,dLocal,PIX,BR,4,16,49,46,3,0.9388,221.04
Merchant_B,dLocal,PIX,BR,4,17,74,67,7,0.9054,312.47
Merchant_B,dLocal,PIX,BR,4,18,50,50,0,1.0,275.51
Merchant_B,dLocal,PIX,BR,4,19,43,40,3,0.9302,254.46
Merchant_B,dLocal,PIX,BR,4,20,31,28,3,0.9032,299.07
Merchant_B,dLocal,PIX,BR,4,21,13,13,0,1.0,297.79
Merchant_B,dLocal,PIX,BR,4,22,11,11,0,1.0,323.93
Merchant_B,dLocal,PIX,BR,4,23,9,8,1,0.8889,270.88
Merchant_B,dLocal,PIX,BR,5,0,4,4,0,1.0,358.45
Merchant_B,dLocal,PIX,BR,5,1,3,3,0,1.0,129.91
Merchant_B,dLocal,PIX,BR,5,2,2,2,0,1.0,264.32
Merchant_B,dLocal,PIX,BR,5,3,3,3,0,1.0,235.03
Merchant_B,dLocal,PIX,BR,5,4,1,1,0,1.0,253.39
Merchant_B,dLocal,PIX,BR,5,5,8,8,0,1.0,257.99
Merchant_B,dLocal,PIX,BR,5,6,20,20,0,1.0,302.3
Merchant_B,dLocal,PIX,BR,5,7,24,22,2,0.9167,337.55
Merchant_B,dLocal,PIX,BR,5,8,47,43,4,0.9149,293.3
Merchant_B,dLocal,PIX,BR,5,9,56,53,3,0.9464,308.02
Merchant_B,dLocal,PIX,BR,5,10,124,120,4,0.9677,271.08
Merchant_B,dLocal,PIX,BR,5,11,68,64,4,0.9412,282.05
Merchant_B,dLocal,PIX,BR,5,12,64,60,4,0.9375,276.87
Merchant_B,dLocal,PIX,BR,5,13,46,41,5,0.8913,277.56
Merchant_B,dLocal,PIX,BR,5,14,51,50,1,0.9804,266.85
Merchant_B,dLocal,PIX,BR,5,15,67,62,5,0.9254,292.54
Merchant_B,dLocal,PIX,BR,5,16,49,45,4,0.9184,291.23
Merchant_B,dLocal,PIX,BR,5,17,49,48,1,0.9796,289.57
Merchant_B,dLocal,PIX,BR,5,18,42,40,2,0.9524,259.92
Merchant_B,dLocal,PIX,BR,5,19,38,34,4,0.8947,294.25
Merchant_B,dLocal,PIX,BR,5,20,30,30,0,1.0,272.88
Merchant_B,dLocal,PIX,BR,5,21,14,14,0,1.0,265.4
Merchant_B,dLocal,PIX,BR,5,22,6,5,1,0.8333,227.21
Merchant_B,dLocal,PIX,BR,5,23,5,5,0,1.0,175.4
Merchant_B,dLocal,PIX,BR,6,0,5,5,0,1.0,289.06
Merchant_B,dLocal,PIX,BR,6,1,1,1,0,1.0,154.32
Merchant_B,dLocal,PIX,BR,6,2,4,4,0,1.0,471.2
Merchant_B,dLocal,PIX,BR,6,4,3,3,0,1.0,511.54
Merchant_B,dLocal,PIX,BR,6,5,4,4,0,1.0,265.27
Merchant_B,dLocal,PIX,BR,6,6,10,9,1,0.9,284.8
Merchant_B,dLocal,PIX,BR,6,7,25,24,1,0.96,335.28
Merchant_B,dLocal,PIX,BR,6,8,34,33,1,0.9706,274.38
Merchant_B,dLocal,PIX,BR,6,9,51,48,3,0.9412,288.56
Merchant_B,dLocal,PIX,BR,6,10,72,69,3,0.9583,294.41
Merchant_B,dLocal,PIX,BR,6,11,67,66,1,0.9851,293.97
Merchant_B,dLocal,PIX,BR,6,12,85,82,3,0.9647,268.43
Merchant_B,dLocal,PIX,BR,6,13,59,57,2,0.9661,274.34
Merchant_B,dLocal,PIX,BR,6,14,56,53,3,0.9464,284.25
Merchant_B,dLocal,PIX,BR,6,15,54,52,2,0.963,299.0
Merchant_B,dLocal,PIX,BR,6,16,70,68,2,0.9714,272.2
Merchant_B,dLocal,PIX,BR,6,17,41,39,2,0.9512,252.47
Merchant_B,dLocal,PIX,BR,6,18,37,36,1,0.973,284.21
Merchant_B,dLocal,PIX,BR,6,19,30,29,1,0.9667,299.19
Merchant_B,dLocal,PIX,BR,6,20,24,24,0,1.0,308.71
Merchant_B,dLocal,PIX,BR,6,21,20,20,0,1.0,313.05
Merchant_B,dLocal,PIX,BR,6,22,7,7,0,1.0,311.43
Merchant_B,dLocal,PIX,BR,6,23,7,6,1,0.8571,317.08
Merchant_B,dLocal,PSE,CO,0,0,5,4,1,0.8,200171.35
Merchant_B,dLocal,PSE,CO,0,1,4,3,1,0.75,131364.23
Merchant_B,dLocal,PSE,CO,0,2,6,6,0,1.0,113221.5
Merchant_B,dLocal,PSE,CO,0,3,2,1,1,0.5,183047.5
Merchant_B,dLocal,PSE,CO,0,4,2,2,0,1.0,68479.39
Merchant_B,dLocal,PSE,CO,0,5,8,7,1,0.875,169600.17
Merchant_B,dLocal,PSE,CO,0,6,14,12,2,0.8571,99174.51
Merchant_B,dLocal,PSE,CO,0,7,22,18,4,0.8182,120757.28
Merchant_B,dLocal,PSE,CO,0,8,36,32,4,0.8889,121357.85
Merchant_B,dLocal,PSE,CO,0,9,45,39,6,0.8667,114571.54
Merchant_B,dLocal,PSE,CO,0,10,40,38,2,0.95,118788.59
Merchant_B,dLocal,PSE,CO,0,11,58,55,3,0.9483,134901.07
Merchant_B,dLocal,PSE,CO,0,12,55,49,6,0.8909,118565.55
Merchant_B,dLocal,PSE,CO,0,13,61,55,6,0.9016,112982.25
Merchant_B,dLocal,PSE,CO,0,14,52,47,5,0.9038,126967.27
Merchant_B,dLocal,PSE,CO,0,15,50,45,5,0.9,123486.46
Merchant_B,dLocal,PSE,CO,0,16,52,44,8,0.8462,112514.11
Merchant_B,dLocal,PSE,CO,0,17,53,45,8,0.8491,132007.24
Merchant_B,dLocal,PSE,CO,0,18,50,44,6,0.88,126270.9
Merchant_B,dLocal,PSE,CO,0,19,28,28,0,1.0,121054.31
Merchant_B,dLocal,PSE,CO,0,20,23,20,3,0.8696,117982.77
Merchant_B,dLocal,PSE,CO,0,21,14,14,0,1.0,112142.27
Merchant_B,dLocal,PSE,CO,0,22,10,9,1,0.9,138797.9
Merchant_B,dLocal,PSE,CO,0,23,9,9,0,1.0,135607.67
Merchant_B,dLocal,PSE,CO,1,0,6,2,4,0.3333,112833.61
Merchant_B,dLocal,PSE,CO,1,1,5,3,2,0.6,98574.78
Merchant_B,dLocal,PSE,CO,1,2,3,3,0,1.0,87597.66
Merchant_B,dLocal,PSE,CO,1,3,3,3,0,1.0,160368.92
Merchant_B,dLocal,PSE,CO,1,4,4,3,1,0.75,75799.78
Merchant_B,dLocal,PSE,CO,1,5,6,5,1,0.8333,150706.96
Merchant_B,dLocal,PSE,CO,1,6,11,9,2,0.8182,111404.29
Merchant_B,dLocal,PSE,CO,1,7,20,19,1,0.95,146953.57
Merchant_B,dLocal,PSE,CO,1,8,37,35,2,0.9459,122855.7
Merchant_B,dLocal,PSE,CO,1,9,44,41,3,0.9318,116704.54
Merchant_B,dLocal,PSE,CO,1,10,105,93,12,0.8857,111819.48
Merchant_B,dLocal,PSE,CO,1,11,60,53,7,0.8833,118798.07
Merchant_B,dLocal,PSE,CO,1,12,78,67,11,0.859,118748.92
Merchant_B,dLocal,PSE,CO,1,13,59,49,10,0.8305,126807.23
Merchant_B,dLocal,PSE,CO,1,14,56,43,13,0.7679,112520.31
Merchant_B,dLocal,PSE,CO,1,15,55,51,4,0.9273,127687.63
Merchant_B,dLocal,PSE,CO,1,16,52,43,9,0.8269,114975.02
Merchant_B,dLocal,PSE,CO,1,17,57,48,9,0.8421,118424.52
Merchant_B,dLocal,PSE,CO,1,18,55,46,9,0.8364,130486.58
Merchant_B,dLocal,PSE,CO,1,19,37,34,3,0.9189,127673.11
Merchant_B,dLocal,PSE,CO,1,20,32,28,4,0.875,126887.32
Merchant_B,dLocal,PSE,CO,1,21,22,21,1,0.9545,120501.74
Merchant_B,dLocal,PSE,CO,1,22,7,7,0,1.0,159799.26
Merchant_B,dLocal,PSE,CO,1,23,3,3,0,1.0,134249.71
Merchant_B,dLocal,PSE,CO,2,0,6,5,1,0.8333,193225.97
Merchant_B,dLocal,PSE,CO,2,1,5,5,0,1.0,114429.29
Merchant_B,dLocal,PSE,CO,2,2,1,1,0,1.0,127755.95
Merchant_B,dLocal,PSE,CO,2,3,1,1,0,1.0,176142.71
Merchant_B,dLocal,PSE,CO,2,4,3,3,0,1.0,66798.86
Merchant_B,dLocal,PSE,CO,2,5,3,3,0,1.0,161096.32
Merchant_B,dLocal,PSE,CO,2,6,8,7,1,0.875,114208.86
Merchant_B,dLocal,PSE,CO,2,7,28,24,4,0.8571,114370.92
Merchant_B,dLocal,PSE,CO,2,8,36,33,3,0.9167,127586.34
Merchant_B,dLocal,PSE,CO,2,9,53,44,9,0.8302,105285.82
Merchant_B,dLocal,PSE,CO,2,10,56,47,9,0.8393,129371.43
Merchant_B,dLocal,PSE,CO,2,11,62,57,5,0.9194,117160.12
Merchant_B,dLocal,PSE,CO,2,12,71,60,11,0.8451,131816.15
Merchant_B,dLocal,PSE,CO,2,13,59,51,8,0.8644,115600.13
Merchant_B,dLocal,PSE,CO,2,14,75,65,10,0.8667,123576.29
Merchant_B,dLocal,PSE,CO,2,15,66,61,5,0.9242,118353.17
Merchant_B,dLocal,PSE,CO,2,16,52,46,6,0.8846,122201.25
Merchant_B,dLocal,PSE,CO,2,17,66,60,6,0.9091,119760.01
Merchant_B,dLocal,PSE,CO,2,18,34,29,5,0.8529,95417.12
Merchant_B,dLocal,PSE,CO,2,19,38,33,5,0.8684,127404.03
Merchant_B,dLocal,PSE,CO,2,20,22,19,3,0.8636,118607.81
Merchant_B,dLocal,PSE,CO,2,21,14,13,1,0.9286,125662.8
Merchant_B,dLocal,PSE,CO,2,22,6,6,0,1.0,152116.05
Merchant_B,dLocal,PSE,CO,2,23,8,7,1,0.875,82473.23
Merchant_B,dLocal,PSE,CO,3,0,5,5,0,1.0,80823.26
Merchant_B,dLocal,PSE,CO,3,1,2,2,0,1.0,83487.4
Merchant_B,dLocal,PSE,CO,3,2,1,0,1,0.0,98854.07
Merchant_B,dLocal,PSE,CO,3,4,3,3,0,1.0,134120.38
Merchant_B,dLocal,PSE,CO,3,5,2,2,0,1.0,105351.23
Merchant_B,dLocal,PSE,CO,3,6,8,8,0,1.0,103309.06
Merchant_B,dLocal,PSE,CO,3,7,23,22,1,0.9565,128746.07
Merchant_B,dLocal,PSE,CO,3,8,45,41,4,0.9111,119578.58
Merchant_B,dLocal,PSE,CO,3,9,54,47,7,0.8704,122620.72
Merchant_B,dLocal,PSE,CO,3,10,56,50,6,0.8929,130000.22
Merchant_B,dLocal,PSE,CO,3,11,85,76,9,0.8941,115047.74
Merchant_B,dLocal,PSE,CO,3,12,64,57,7,0.8906,119093.29
Merchant_B,dLocal,PSE,CO,3,13,58,48,10,0.8276,123025.49
Merchant_B,dLocal,PSE,CO,3,14,57,52,5,0.9123,131830.37
Merchant_B,dLocal,PSE,CO,3,15,58,51,7,0.8793,127328.12
Merchant_B,dLocal,PSE,CO,3,16,52,41,11,0.7885,115151.57
Merchant_B,dLocal,PSE,CO,3,17,55,49,6,0.8909,122320.04
Merchant_B,dLocal,PSE,CO,3,18,47,43,4,0.9149,97629.27
Merchant_B,dLocal,PSE,CO,3,19,43,37,6,0.8605,121474.14
Merchant_B,dLocal,PSE,CO,3,20,34,31,3,0.9118,118945.39
Merchant_B,dLocal,PSE,CO,3,21,16,15,1,0.9375,123873.53
Merchant_B,dLocal,PSE,CO,3,22,9,9,0,1.0,122537.39
Merchant_B,dLocal,PSE,CO,3,23,5,4,1,0.8,116916.74
Merchant_B,dLocal,PSE,CO,4,0,5,5,0,1.0,213199.25
Merchant_B,dLocal,PSE,CO,4,1,3,2,1,0.6667,137630.1
Merchant_B,dLocal,PSE,CO,4,2,2,1,1,0.5,129865.38
Merchant_B,dLocal,PSE,CO,4,3,1,0,1,0.0,88716.42
Merchant_B,dLocal,PSE,CO,4,4,1,1,0,1.0,228002.06
Merchant_B,dLocal,PSE,CO,4,5,4,3,1,0.75,96761.1
Merchant_B,dLocal,PSE,CO,4,6,13,12,1,0.9231,121734.66
Merchant_B,dLocal,PSE,CO,4,7,31,28,3,0.9032,120892.76
Merchant_B,dLocal,PSE,CO,4,8,48,42,6,0.875,126265.5
Merchant_B,dLocal,PSE,CO,4,9,51,42,9,0.8235,127516.41
Merchant_B,dLocal,PSE,CO,4,10,66,57,9,0.8636,115404.1
Merchant_B,dLocal,PSE,CO,4,11,85,70,15,0.8235,119907.4
Merchant_B,dLocal,PSE,CO,4,12,64,57,7,0.8906,132871.23
Merchant_B,dLocal,PSE,CO,4,13,66,56,10,0.8485,129479.6
Merchant_B,dLocal,PSE,CO,4,14,54,45,9,0.8333,116785.82
Merchant_B,dLocal,PSE,CO,4,15,73,63,10,0.863,128866.81
Merchant_B,dLocal,PSE,CO,4,16,45,33,12,0.7333,116990.45
Merchant_B,dLocal,PSE,CO,4,17,51,43,8,0.8431,127149.32
Merchant_B,dLocal,PSE,CO,4,18,54,47,7,0.8704,107594.24
Merchant_B,dLocal,PSE,CO,4,19,37,32,5,0.8649,121421.31
Merchant_B,dLocal,PSE,CO,4,20,25,24,1,0.96,106063.5
Merchant_B,dLocal,PSE,CO,4,21,19,18,1,0.9474,95350.04
Merchant_B,dLocal,PSE,CO,4,22,12,9,3,0.75,82540.04
Merchant_B,dLocal,PSE,CO,4,23,9,9,0,1.0,130596.34
Merchant_B,dLocal,PSE,CO,5,0,11,8,3,0.7273,114301.14
Merchant_B,dLocal,PSE,CO,5,1,5,5,0,1.0,155130.59
Merchant_B,dLocal,PSE,CO,5,3,1,1,0,1.0,52679.39
Merchant_B,dLocal,PSE,CO,5,4,3,2,1,0.6667,125572.78
Merchant_B,dLocal,PSE,CO,5,5,7,7,0,1.0,110444.19
Merchant_B,dLocal,PSE,CO,5,6,14,12,2,0.8571,112387.18
Merchant_B,dLocal,PSE,CO,5,7,26,18,8,0.6923,139636.51
Merchant_B,dLocal,PSE,CO,5,8,43,38,5,0.8837,115990.41
Merchant_B,dLocal,PSE,CO,5,9,63,57,6,0.9048,135262.51
Merchant_B,dLocal,PSE,CO,5,10,134,115,19,0.8582,116733.07
Merchant_B,dLocal,PSE,CO,5,11,57,47,10,0.8246,119220.3
Merchant_B,dLocal,PSE,CO,5,12,65,59,6,0.9077,103410.48
Merchant_B,dLocal,PSE,CO,5,13,59,55,4,0.9322,124940.94
Merchant_B,dLocal,PSE,CO,5,14,43,34,9,0.7907,149695.82
Merchant_B,dLocal,PSE,CO,5,15,60,54,6,0.9,124564.63
Merchant_B,dLocal,PSE,CO,5,16,53,44,9,0.8302,134055.05
Merchant_B,dLocal,PSE,CO,5,17,50,46,4,0.92,119942.36
Merchant_B,dLocal,PSE,CO,5,18,34,32,2,0.9412,139903.86
Merchant_B,dLocal,PSE,CO,5,19,36,34,2,0.9444,138177.44
Merchant_B,dLocal,PSE,CO,5,20,29,27,2,0.931,127932.85
Merchant_B,dLocal,PSE,CO,5,21,10,9,1,0.9,99070.75
Merchant_B,dLocal,PSE,CO,5,22,7,3,4,0.4286,138209.33
Merchant_B,dLocal,PSE,CO,5,23,5,3,2,0.6,133221.15
Merchant_B,dLocal,PSE,CO,6,0,3,3,0,1.0,122546.84
Merchant_B,dLocal,PSE,CO,6,1,3,3,0,1.0,66044.63
Merchant_B,dLocal,PSE,CO,6,2,2,2,0,1.0,118034.92
Merchant_B,dLocal,PSE,CO,6,4,3,3,0,1.0,108585.06
Merchant_B,dLocal,PSE,CO,6,5,6,5,1,0.8333,112443.75
Merchant_B,dLocal,PSE,CO,6,6,12,10,2,0.8333,129510.33
Merchant_B,dLocal,PSE,CO,6,7,19,16,3,0.8421,127450.7
Merchant_B,dLocal,PSE,CO,6,8,42,37,5,0.881,122814.83
Merchant_B,dLocal,PSE,CO,6,9,48,43,5,0.8958,109589.61
Merchant_B,dLocal,PSE,CO,6,10,65,58,7,0.8923,110522.28
Merchant_B,dLocal,PSE,CO,6,11,79,71,8,0.8987,120059.73
Merchant_B,dLocal,PSE,CO,6,12,71,66,5,0.9296,127759.7
Merchant_B,dLocal,PSE,CO,6,13,72,59,13,0.8194,125126.78
Merchant_B,dLocal,PSE,CO,6,14,44,38,6,0.8636,126631.75
Merchant_B,dLocal,PSE,CO,6,15,60,50,10,0.8333,142227.95
Merchant_B,dLocal,PSE,CO,6,16,45,40,5,0.8889,125009.35
Merchant_B,dLocal,PSE,CO,6,17,51,43,8,0.8431,115558.87
Merchant_B,dLocal,PSE,CO,6,18,44,36,8,0.8182,113669.8
Merchant_B,dLocal,PSE,CO,6,19,35,28,7,0.8,121074.94
Merchant_B,dLocal,PSE,CO,6,20,19,19,0,1.0,89025.66
Merchant_B,dLocal,PSE,CO,6,21,14,13,1,0.9286,101874.95
Merchant_B,dLocal,PSE,CO,6,22,9,6,3,0.6667,86020.65
Merchant_B,dLocal,PSE,CO,6,23,5,5,0,1.0,139712.09
Merchant_B,dLocal,card,BR,0,0,8,7,1,0.875,277.44
Merchant_B,dLocal,card,BR,0,1,3,2,1,0.6667,198.48
Merchant_B,dLocal,card,BR,0,2,4,4,0,1.0,250.08
Merchant_B,dLocal,card,BR,0,3,1,1,0,1.0,495.1
Merchant_B,dLocal,card,BR,0,4,5,5,0,1.0,287.88
Merchant_B,dLocal,card,BR,0,5,11,11,0,1.0,172.87
Merchant_B,dLocal,card,BR,0,6,13,12,1,0.9231,308.82
Merchant_B,dLocal,card,BR,0,7,29,23,6,0.7931,268.29
Merchant_B,dLocal,card,BR,0,8,39,34,5,0.8718,262.54
Merchant_B,dLocal,card,BR,0,9,41,37,4,0.9024,265.3
Merchant_B,dLocal,card,BR,0,10,59,48,11,0.8136,307.36
Merchant_B,dLocal,card,BR,0,11,58,50,8,0.8621,322.59
Merchant_B,dLocal,card,BR,0,12,64,58,6,0.9062,272.52
Merchant_B,dLocal,card,BR,0,13,61,54,7,0.8852,307.88
Merchant_B,dLocal,card,BR,0,14,52,49,3,0.9423,289.96
Merchant_B,dLocal,card,BR,0,15,54,43,11,0.7963,256.03
Merchant_B,dLocal,card,BR,0,16,52,46,6,0.8846,287.44
Merchant_B,dLocal,card,BR,0,17,68,60,8,0.8824,284.33
Merchant_B,dLocal,card,BR,0,18,47,43,4,0.9149,302.24
Merchant_B,dLocal,card,BR,0,19,34,34,0,1.0,274.59
Merchant_B,dLocal,card,BR,0,20,28,26,2,0.9286,281.51
Merchant_B,dLocal,card,BR,0,21,14,10,4,0.7143,294.67
Merchant_B,dLocal,card,BR,0,22,11,8,3,0.7273,301.37
Merchant_B,dLocal,card,BR,0,23,8,8,0,1.0,283.95
Merchant_B,dLocal,card,BR,1,0,7,7,0,1.0,251.41
Merchant_B,dLocal,card,BR,1,1,2,2,0,1.0,234.08
Merchant_B,dLocal,card,BR,1,2,2,2,0,1.0,94.2
Merchant_B,dLocal,card,BR,1,3,1,1,0,1.0,474.07
Merchant_B,dLocal,card,BR,1,4,2,2,0,1.0,271.51
Merchant_B,dLocal,card,BR,1,5,2,2,0,1.0,568.66
Merchant_B,dLocal,card,BR,1,6,8,8,0,1.0,384.48
Merchant_B,dLocal,card,BR,1,7,29,29,0,1.0,313.63
Merchant_B,dLocal,card,BR,1,8,28,25,3,0.8929,299.57
Merchant_B,dLocal,card,BR,1,9,52,45,7,0.8654,300.19
Merchant_B,dLocal,card,BR,1,10,93,85,8,0.914,310.46
Merchant_B,dLocal,card,BR,1,11,61,54,7,0.8852,272.85
Merchant_B,dLocal,card,BR,1,12,84,78,6,0.9286,251.74
Merchant_B,dLocal,card,BR,1,13,65,61,4,0.9385,258.52
Merchant_B,dLocal,card,BR,1,14,69,60,9,0.8696,282.26
Merchant_B,dLocal,card,BR,1,15,68,62,6,0.9118,262.31
Merchant_B,dLocal,card,BR,1,16,55,48,7,0.8727,265.0
Merchant_B,dLocal,card,BR,1,17,66,62,4,0.9394,277.14
Merchant_B,dLocal,card,BR,1,18,45,41,4,0.9111,272.55
Merchant_B,dLocal,card,BR,1,19,55,51,4,0.9273,253.52
Merchant_B,dLocal,card,BR,1,20,21,20,1,0.9524,333.53
Merchant_B,dLocal,card,BR,1,21,21,19,2,0.9048,304.5
Merchant_B,dLocal,card,BR,1,22,8,7,1,0.875,246.58
Merchant_B,dLocal,card,BR,1,23,5,4,1,0.8,208.1
Merchant_B,dLocal,card,BR,2,0,8,7,1,0.875,324.33
Merchant_B,dLocal,card,BR,2,1,3,3,0,1.0,270.4
Merchant_B,dLocal,card,BR,2,2,3,3,0,1.0,248.08
Merchant_B,dLocal,card,BR,2,3,3,3,0,1.0,372.27
Merchant_B,dLocal,card,BR,2,4,2,2,0,1.0,333.9
Merchant_B,dLocal,card,BR,2,5,4,4,0,1.0,328.78
Merchant_B,dLocal,card,BR,2,6,16,15,1,0.9375,306.6
Merchant_B,dLocal,card,BR,2,7,34,29,5,0.8529,279.33
Merchant_B,dLocal,card,BR,2,8,49,48,1,0.9796,270.7
Merchant_B,dLocal,card,BR,2,9,68,65,3,0.9559,309.33
Merchant_B,dLocal,card,BR,2,10,79,73,6,0.9241,297.58
Merchant_B,dLocal,card,BR,2,11,72,64,8,0.8889,302.97
Merchant_B,dLocal,card,BR,2,12,80,73,7,0.9125,312.79
Merchant_B,dLocal,card,BR,2,13,66,61,5,0.9242,305.86
Merchant_B,dLocal,card,BR,2,14,63,54,9,0.8571,286.86
Merchant_B,dLocal,card,BR,2,15,64,61,3,0.9531,276.71
Merchant_B,dLocal,card,BR,2,16,43,38,5,0.8837,248.78
Merchant_B,dLocal,card,BR,2,17,53,49,4,0.9245,302.4
Merchant_B,dLocal,card,BR,2,18,52,48,4,0.9231,265.19
Merchant_B,dLocal,card,BR,2,19,46,39,7,0.8478,308.42
Merchant_B,dLocal,card,BR,2,20,38,34,4,0.8947,298.44
Merchant_B,dLocal,card,BR,2,21,16,14,2,0.875,290.66
Merchant_B,dLocal,card,BR,2,22,11,9,2,0.8182,238.76
Merchant_B,dLocal,card,BR,2,23,11,11,0,1.0,259.36
Merchant_B,dLocal,card,BR,3,0,7,6,1,0.8571,200.27
Merchant_B,dLocal,card,BR,3,1,3,2,1,0.6667,361.05
Merchant_B,dLocal,card,BR,3,2,4,4,0,1.0,222.12
Merchant_B,dLocal,card,BR,3,3,2,1,1,0.5,269.1
Merchant_B,dLocal,card,BR,3,4,1,1,0,1.0,320.36
Merchant_B,dLocal,card,BR,3,5,6,6,0,1.0,240.28
Merchant_B,dLocal,card,BR,3,6,14,11,3,0.7857,332.75
Merchant_B,dLocal,card,BR,3,7,38,35,3,0.9211,305.11
Merchant_B,dLocal,card,BR,3,8,27,26,1,0.963,329.33
Merchant_B,dLocal,card,BR,3,9,57,49,8,0.8596,265.15
Merchant_B,dLocal,card,BR,3,10,65,61,4,0.9385,303.16
Merchant_B,dLocal,card,BR,3,11,80,76,4,0.95,286.29
Merchant_B,dLocal,card,BR,3,12,68,62,6,0.9118,305.95
Merchant_B,dLocal,card,BR,3,13,67,60,7,0.8955,274.0
Merchant_B,dLocal,card,BR,3,14,64,53,11,0.8281,316.8
Merchant_B,dLocal,card,BR,3,15,65,55,10,0.8462,263.99
Merchant_B,dLocal,card,BR,3,16,62,49,13,0.7903,260.26
Merchant_B,dLocal,card,BR,3,17,50,43,7,0.86,291.77
Merchant_B,dLocal,card,BR,3,18,52,47,5,0.9038,312.79
Merchant_B,dLocal,card,BR,3,19,47,44,3,0.9362,268.83
Merchant_B,dLocal,card,BR,3,20,32,29,3,0.9062,265.54
Merchant_B,dLocal,card,BR,3,21,19,16,3,0.8421,220.81
Merchant_B,dLocal,card,BR,3,22,11,8,3,0.7273,405.62
Merchant_B,dLocal,card,BR,3,23,8,6,2,0.75,251.42
Merchant_B,dLocal,card,BR,4,0,2,2,0,1.0,128.89
Merchant_B,dLocal,card,BR,4,1,4,4,0,1.0,344.57
Merchant_B,dLocal,card,BR,4,2,3,2,1,0.6667,297.17
Merchant_B,dLocal,card,BR,4,3,2,1,1,0.5,222.44
Merchant_B,dLocal,card,BR,4,4,4,4,0,1.0,195.27
Merchant_B,dLocal,card,BR,4,5,4,3,1,0.75,234.08
Merchant_B,dLocal,card,BR,4,6,13,10,3,0.7692,302.93
Merchant_B,dLocal,card,BR,4,7,20,19,1,0.95,321.48
Merchant_B,dLocal,card,BR,4,8,40,36,4,0.9,249.52
Merchant_B,dLocal,card,BR,4,9,57,51,6,0.8947,261.27
Merchant_B,dLocal,card,BR,4,10,68,61,7,0.8971,293.18
Merchant_B,dLocal,card,BR,4,11,72,66,6,0.9167,299.77
Merchant_B,dLocal,card,BR,4,12,67,62,5,0.9254,288.04
Merchant_B,dLocal,card,BR,4,13,62,54,8,0.871,292.96
Merchant_B,dLocal,card,BR,4,14,61,56,5,0.918,288.56
Merchant_B,dLocal,card,BR,4,15,69,58,11,0.8406,260.66
Merchant_B,dLocal,card,BR,4,16,64,55,9,0.8594,284.97
Merchant_B,dLocal,card,BR,4,17,47,43,4,0.9149,270.65
Merchant_B,dLocal,card,BR,4,18,47,44,3,0.9362,292.36
Merchant_B,dLocal,card,BR,4,19,45,40,5,0.8889,291.39
Merchant_B,dLocal,card,BR,4,20,26,25,1,0.9615,213.53
Merchant_B,dLocal,card,BR,4,21,9,8,1,0.8889,307.54
Merchant_B,dLocal,card,BR,4,22,10,9,1,0.9,283.18
Merchant_B,dLocal,card,BR,4,23,7,6,1,0.8571,301.99
Merchant_B,dLocal,card,BR,5,0,3,3,0,1.0,331.25
Merchant_B,dLocal,card,BR,5,1,5,4,1,0.8,234.53
Merchant_B,dLocal,card,BR,5,2,2,0,2,0.0,233.58
Merchant_B,dLocal,card,BR,5,3,2,2,0,1.0,145.6
Merchant_B,dLocal,card,BR,5,5,4,4,0,1.0,202.75
Merchant_B,dLocal,card,BR,5,6,13,10,3,0.7692,310.53
Merchant_B,dLocal,card,BR,5,7,22,20,2,0.9091,277.14
Merchant_B,dLocal,card,BR,5,8,50,43,7,0.86,304.72
Merchant_B,dLocal,card,BR,5,9,54,50,4,0.9259,306.52
Merchant_B,dLocal,card,BR,5,10,118,109,9,0.9237,292.78
Merchant_B,dLocal,card,BR,5,11,64,62,2,0.9688,250.6
Merchant_B,dLocal,card,BR,5,12,70,59,11,0.8429,291.59
Merchant_B,dLocal,card,BR,5,13,59,56,3,0.9492,288.29
Merchant_B,dLocal,card,BR,5,14,43,38,5,0.8837,237.08
Merchant_B,dLocal,card,BR,5,15,60,50,10,0.8333,306.63
Merchant_B,dLocal,card,BR,5,16,49,44,5,0.898,321.88
Merchant_B,dLocal,card,BR,5,17,49,43,6,0.8776,297.88
Merchant_B,dLocal,card,BR,5,18,43,40,3,0.9302,246.04
Merchant_B,dLocal,card,BR,5,19,44,42,2,0.9545,294.1
Merchant_B,dLocal,card,BR,5,20,21,19,2,0.9048,255.49
Merchant_B,dLocal,card,BR,5,21,10,9,1,0.9,300.3
Merchant_B,dLocal,card,BR,5,22,10,10,0,1.0,285.52
Merchant_B,dLocal,card,BR,5,23,3,3,0,1.0,333.24
Merchant_B,dLocal,card,BR,6,0,2,2,0,1.0,373.8
Merchant_B,dLocal,card,BR,6,1,7,6,1,0.8571,320.22
Merchant_B,dLocal,card,BR,6,2,3,3,0,1.0,286.71
Merchant_B,dLocal,card,BR,6,4,3,2,1,0.6667,276.55
Merchant_B,dLocal,card,BR,6,5,12,11,1,0.9167,298.29
Merchant_B,dLocal,card,BR,6,6,9,7,2,0.7778,362.8
Merchant_B,dLocal,card,BR,6,7,23,20,3,0.8696,313.21
Merchant_B,dLocal,card,BR,6,8,25,21,4,0.84,272.68
Merchant_B,dLocal,card,BR,6,9,37,26,11,0.7027,267.92
Merchant_B,dLocal,card,BR,6,10,61,54,7,0.8852,263.79
Merchant_B,dLocal,card,BR,6,11,55,49,6,0.8909,318.09
Merchant_B,dLocal,card,BR,6,12,67,59,8,0.8806,261.59
Merchant_B,dLocal,card,BR,6,13,70,60,10,0.8571,288.3
Merchant_B,dLocal,card,BR,6,14,46,39,7,0.8478,296.35
Merchant_B,dLocal,card,BR,6,15,62,57,5,0.9194,324.69
Merchant_B,dLocal,card,BR,6,16,56,50,6,0.8929,272.34
Merchant_B,dLocal,card,BR,6,17,48,41,7,0.8542,281.24
Merchant_B,dLocal,card,BR,6,18,43,39,4,0.907,273.73
Merchant_B,dLocal,card,BR,6,19,35,31,4,0.8857,281.58
Merchant_B,dLocal,card,BR,6,20,31,28,3,0.9032,268.14
Merchant_B,dLocal,card,BR,6,21,22,18,4,0.8182,254.98
Merchant_B,dLocal,card,BR,6,22,6,5,1,0.8333,349.52
Merchant_B,dLocal,card,CO,0,0,5,3,2,0.6,106434.57
Merchant_B,dLocal,card,CO,0,1,3,3,0,1.0,75667.36
Merchant_B,dLocal,card,CO,0,2,2,1,1,0.5,162113.55
Merchant_B,dLocal,card,CO,0,3,3,3,0,1.0,61586.75
Merchant_B,dLocal,card,CO,0,4,3,3,0,1.0,70092.85
Merchant_B,dLocal,card,CO,0,5,3,3,0,1.0,74069.26
Merchant_B,dLocal,card,CO,0,6,15,11,4,0.7333,129508.97
Merchant_B,dLocal,card,CO,0,7,20,19,1,0.95,106580.41
Merchant_B,dLocal,card,CO,0,8,50,39,11,0.78,121921.37
Merchant_B,dLocal,card,CO,0,9,43,39,4,0.907,133162.56
Merchant_B,dLocal,card,CO,0,10,54,45,9,0.8333,111742.39
Merchant_B,dLocal,card,CO,0,11,71,61,10,0.8592,116250.49
Merchant_B,dLocal,card,CO,0,12,68,61,7,0.8971,125323.99
Merchant_B,dLocal,card,CO,0,13,73,64,9,0.8767,113888.79
Merchant_B,dLocal,card,CO,0,14,52,45,7,0.8654,111996.74
Merchant_B,dLocal,card,CO,0,15,55,51,4,0.9273,99476.45
Merchant_B,dLocal,card,CO,0,16,55,49,6,0.8909,127140.95
Merchant_B,dLocal,card,CO,0,17,45,40,5,0.8889,116363.62
Merchant_B,dLocal,card,CO,0,18,40,35,5,0.875,116818.71
Merchant_B,dLocal,card,CO,0,19,34,32,2,0.9412,142286.88
Merchant_B,dLocal,card,CO,0,20,24,18,6,0.75,86057.1
Merchant_B,dLocal,card,CO,0,21,9,9,0,1.0,111459.31
Merchant_B,dLocal,card,CO,0,22,13,11,2,0.8462,127565.37
Merchant_B,dLocal,card,CO,0,23,3,2,1,0.6667,117664.8
Merchant_B,dLocal,card,CO,1,0,4,4,0,1.0,88349.54
Merchant_B,dLocal,card,CO,1,1,2,2,0,1.0,141562.48
Merchant_B,dLocal,card,CO,1,2,4,4,0,1.0,127177.64
Merchant_B,dLocal,card,CO,1,3,4,4,0,1.0,100369.26
Merchant_B,dLocal,card,CO,1,4,3,3,0,1.0,107571.72
Merchant_B,dLocal,card,CO,1,5,8,7,1,0.875,120146.66
Merchant_B,dLocal,card,CO,1,6,13,10,3,0.7692,124728.49
Merchant_B,dLocal,card,CO,1,7,19,18,1,0.9474,117771.21
Merchant_B,dLocal,card,CO,1,8,27,25,2,0.9259,120066.74
Merchant_B,dLocal,card,CO,1,9,47,42,5,0.8936,123732.77
Merchant_B,dLocal,card,CO,1,10,92,85,7,0.9239,123710.52
Merchant_B,dLocal,card,CO,1,11,61,51,10,0.8361,122866.62
Merchant_B,dLocal,card,CO,1,12,77,71,6,0.9221,127031.37
Merchant_B,dLocal,card,CO,1,13,70,63,7,0.9,130362.71
Merchant_B,dLocal,card,CO,1,14,55,47,8,0.8545,106830.04
Merchant_B,dLocal,card,CO,1,15,67,59,8,0.8806,123318.79
Merchant_B,dLocal,card,CO,1,16,49,46,3,0.9388,115547.84
Merchant_B,dLocal,card,CO,1,17,54,50,4,0.9259,118129.25
Merchant_B,dLocal,card,CO,1,18,54,49,5,0.9074,112199.21
Merchant_B,dLocal,card,CO,1,19,41,35,6,0.8537,120507.22
Merchant_B,dLocal,card,CO,1,20,29,27,2,0.931,116920.0
Merchant_B,dLocal,card,CO,1,21,20,20,0,1.0,114417.81
Merchant_B,dLocal,card,CO,1,22,13,13,0,1.0,98077.65
Merchant_B,dLocal,card,CO,1,23,9,7,2,0.7778,157454.91
Merchant_B,dLocal,card,CO,2,0,7,7,0,1.0,135519.2
Merchant_B,dLocal,card,CO,2,1,3,3,0,1.0,136713.64
Merchant_B,dLocal,card,CO,2,2,5,5,0,1.0,149415.95
Merchant_B,dLocal,card,CO,2,4,3,3,0,1.0,116739.95
Merchant_B,dLocal,card,CO,2,5,7,6,1,0.8571,99686.2
Merchant_B,dLocal,card,CO,2,6,13,11,2,0.8462,125901.68
Merchant_B,dLocal,card,CO,2,7,30,26,4,0.8667,114223.38
Merchant_B,dLocal,card,CO,2,8,41,37,4,0.9024,127524.1
Merchant_B,dLocal,card,CO,2,9,56,50,6,0.8929,117683.17
Merchant_B,dLocal,card,CO,2,10,68,60,8,0.8824,121556.8
Merchant_B,dLocal,card,CO,2,11,77,68,9,0.8831,130779.99
Merchant_B,dLocal,card,CO,2,12,75,67,8,0.8933,128535.63
Merchant_B,dLocal,card,CO,2,13,67,59,8,0.8806,121061.2
Merchant_B,dLocal,card,CO,2,14,71,58,13,0.8169,125653.81
Merchant_B,dLocal,card,CO,2,15,76,69,7,0.9079,133823.03
Merchant_B,dLocal,card,CO,2,16,53,46,7,0.8679,119774.2
Merchant_B,dLocal,card,CO,2,17,49,45,4,0.9184,111997.25
Merchant_B,dLocal,card,CO,2,18,47,41,6,0.8723,110238.42
Merchant_B,dLocal,card,CO,2,19,35,33,2,0.9429,108954.12
Merchant_B,dLocal,card,CO,2,20,33,29,4,0.8788,134570.38
Merchant_B,dLocal,card,CO,2,21,23,22,1,0.9565,123334.71
Merchant_B,dLocal,card,CO,2,22,7,7,0,1.0,117506.53
Merchant_B,dLocal,card,CO,2,23,7,7,0,1.0,134318.58
Merchant_B,dLocal,card,CO,3,0,7,6,1,0.8571,127577.61
Merchant_B,dLocal,card,CO,3,1,7,6,1,0.8571,132136.71
Merchant_B,dLocal,card,CO,3,2,1,0,1,0.0,214922.12
Merchant_B,dLocal,card,CO,3,3,4,3,1,0.75,133701.84
Merchant_B,dLocal,card,CO,3,5,9,9,0,1.0,116178.32
Merchant_B,dLocal,card,CO,3,6,7,7,0,1.0,107480.19
Merchant_B,dLocal,card,CO,3,7,37,32,5,0.8649,105018.71
Merchant_B,dLocal,card,CO,3,8,46,42,4,0.913,125911.02
Merchant_B,dLocal,card,CO,3,9,55,53,2,0.9636,122402.72
Merchant_B,dLocal,card,CO,3,10,62,54,8,0.871,119638.87
Merchant_B,dLocal,card,CO,3,11,61,55,6,0.9016,115772.43
Merchant_B,dLocal,card,CO,3,12,85,80,5,0.9412,125693.86
Merchant_B,dLocal,card,CO,3,13,57,50,7,0.8772,104385.82
Merchant_B,dLocal,card,CO,3,14,54,49,5,0.9074,121500.99
Merchant_B,dLocal,card,CO,3,15,71,61,10,0.8592,138503.2
Merchant_B,dLocal,card,CO,3,16,56,50,6,0.8929,108450.83
Merchant_B,dLocal,card,CO,3,17,55,51,4,0.9273,125543.3
Merchant_B,dLocal,card,CO,3,18,43,38,5,0.8837,121411.45
Merchant_B,dLocal,card,CO,3,19,40,33,7,0.825,119388.44
Merchant_B,dLocal,card,CO,3,20,20,18,2,0.9,157591.56
Merchant_B,dLocal,card,CO,3,21,11,10,1,0.9091,157918.12
Merchant_B,dLocal,card,CO,3,22,14,10,4,0.7143,144383.84
Merchant_B,dLocal,card,CO,3,23,8,8,0,1.0,138382.93
Merchant_B,dLocal,card,CO,4,0,10,9,1,0.9,115432.65
Merchant_B,dLocal,card,CO,4,1,2,2,0,1.0,140701.99
Merchant_B,dLocal,card,CO,4,2,1,1,0,1.0,54256.64
Merchant_B,dLocal,card,CO,4,4,4,4,0,1.0,138839.4
Merchant_B,dLocal,card,CO,4,5,5,4,1,0.8,107059.89
Merchant_B,dLocal,card,CO,4,6,9,9,0,1.0,102757.15
Merchant_B,dLocal,card,CO,4,7,19,17,2,0.8947,118131.65
Merchant_B,dLocal,card,CO,4,8,42,37,5,0.881,121511.49
Merchant_B,dLocal,card,CO,4,9,65,60,5,0.9231,113351.02
Merchant_B,dLocal,card,CO,4,10,69,64,5,0.9275,115908.04
Merchant_B,dLocal,card,CO,4,11,63,62,1,0.9841,132443.77
Merchant_B,dLocal,card,CO,4,12,75,71,4,0.9467,130308.01
Merchant_B,dLocal,card,CO,4,13,56,49,7,0.875,129138.0
Merchant_B,dLocal,card,CO,4,14,69,65,4,0.942,110877.43
Merchant_B,dLocal,card,CO,4,15,59,55,4,0.9322,125780.74
Merchant_B,dLocal,card,CO,4,16,53,49,4,0.9245,114886.14
Merchant_B,dLocal,card,CO,4,17,45,39,6,0.8667,115548.94
Merchant_B,dLocal,card,CO,4,18,52,42,10,0.8077,119449.52
Merchant_B,dLocal,card,CO,4,19,38,32,6,0.8421,134900.5
Merchant_B,dLocal,card,CO,4,20,20,17,3,0.85,110896.18
Merchant_B,dLocal,card,CO,4,21,14,14,0,1.0,106691.56
Merchant_B,dLocal,card,CO,4,22,8,7,1,0.875,127259.22
Merchant_B,dLocal,card,CO,4,23,8,7,1,0.875,100442.64
Merchant_B,dLocal,card,CO,5,0,3,3,0,1.0,111556.46
Merchant_B,dLocal,card,CO,5,1,5,4,1,0.8,110483.69
Merchant_B,dLocal,card,CO,5,2,1,1,0,1.0,78019.72
Merchant_B,dLocal,card,CO,5,3,1,1,0,1.0,53317.96
Merchant_B,dLocal,card,CO,5,4,4,4,0,1.0,124367.9
Merchant_B,dLocal,card,CO,5,5,6,6,0,1.0,126062.66
Merchant_B,dLocal,card,CO,5,6,15,14,1,0.9333,101847.98
Merchant_B,dLocal,card,CO,5,7,28,24,4,0.8571,140422.61
Merchant_B,dLocal,card,CO,5,8,39,35,4,0.8974,110178.45
Merchant_B,dLocal,card,CO,5,9,60,48,12,0.8,119036.04
Merchant_B,dLocal,card,CO,5,10,136,125,11,0.9191,123396.12
Merchant_B,dLocal,card,CO,5,11,53,51,2,0.9623,126582.68
Merchant_B,dLocal,card,CO,5,12,65,60,5,0.9231,119201.16
Merchant_B,dLocal,card,CO,5,13,62,59,3,0.9516,117319.43
Merchant_B,dLocal,card,CO,5,14,53,50,3,0.9434,130379.48
Merchant_B,dLocal,card,CO,5,15,61,55,6,0.9016,124515.55
Merchant_B,dLocal,card,CO,5,16,50,45,5,0.9,99164.05
Merchant_B,dLocal,card,CO,5,17,43,39,4,0.907,110130.94
Merchant_B,dLocal,card,CO,5,18,48,42,6,0.875,119479.59
Merchant_B,dLocal,card,CO,5,19,46,41,5,0.8913,113465.12
Merchant_B,dLocal,card,CO,5,20,14,13,1,0.9286,116211.43
Merchant_B,dLocal,card,CO,5,21,15,15,0,1.0,88238.34
Merchant_B,dLocal,card,CO,5,22,14,11,3,0.7857,107360.89
Merchant_B,dLocal,card,CO,5,23,7,6,1,0.8571,99971.74
Merchant_B,dLocal,card,CO,6,0,8,8,0,1.0,123669.62
Merchant_B,dLocal,card,CO,6,1,5,5,0,1.0,92116.88
Merchant_B,dLocal,card,CO,6,2,4,4,0,1.0,116859.87
Merchant_B,dLocal,card,CO,6,3,3,3,0,1.0,147226.97
Merchant_B,dLocal,card,CO,6,4,1,1,0,1.0,104894.61
Merchant_B,dLocal,card,CO,6,5,5,5,0,1.0,165385.31
Merchant_B,dLocal,card,CO,6,6,17,17,0,1.0,116632.77
Merchant_B,dLocal,card,CO,6,7,24,22,2,0.9167,137838.65
Merchant_B,dLocal,card,CO,6,8,43,38,5,0.8837,108450.84
Merchant_B,dLocal,card,CO,6,9,52,45,7,0.8654,129260.61
Merchant_B,dLocal,card,CO,6,10,43,38,5,0.8837,114190.66
Merchant_B,dLocal,card,CO,6,11,63,56,7,0.8889,137901.96
Merchant_B,dLocal,card,CO,6,12,82,77,5,0.939,116766.11
Merchant_B,dLocal,card,CO,6,13,61,50,11,0.8197,119006.16
Merchant_B,dLocal,card,CO,6,14,49,45,4,0.9184,110410.15
Merchant_B,dLocal,card,CO,6,15,52,45,7,0.8654,122592.47
Merchant_B,dLocal,card,CO,6,16,56,52,4,0.9286,113325.51
Merchant_B,dLocal,card,CO,6,17,43,37,6,0.8605,109926.85
Merchant_B,dLocal,card,CO,6,18,42,38,4,0.9048,143924.06
Merchant_B,dLocal,card,CO,6,19,42,39,3,0.9286,129804.06
Merchant_B,dLocal,card,CO,6,20,25,23,2,0.92,125541.58
Merchant_B,dLocal,card,CO,6,21,11,10,1,0.9091,144537.01
Merchant_B,dLocal,card,CO,6,22,5,5,0,1.0,103952.08
Merchant_B,dLocal,card,CO,6,23,7,6,1,0.8571,133076.29
Merchant_B,dLocal,card,MX,0,0,10,10,0,1.0,725.81
Merchant_B,dLocal,card,MX,0,1,2,2,0,1.0,1033.64
Merchant_B,dLocal,card,MX,0,2,1,1,0,1.0,1689.57
Merchant_B,dLocal,card,MX,0,3,6,6,0,1.0,993.89
Merchant_B,dLocal,card,MX,0,4,3,3,0,1.0,638.78
Merchant_B,dLocal,card,MX,0,5,2,2,0,1.0,776.97
Merchant_B,dLocal,card,MX,0,6,10,8,2,0.8,1008.6
Merchant_B,dLocal,card,MX,0,7,31,28,3,0.9032,908.99
Merchant_B,dLocal,card,MX,0,8,30,28,2,0.9333,871.69
Merchant_B,dLocal,card,MX,0,9,57,53,4,0.9298,996.79
Merchant_B,dLocal,card,MX,0,10,64,58,6,0.9062,892.31
Merchant_B,dLocal,card,MX,0,11,62,58,4,0.9355,850.23
Merchant_B,dLocal,card,MX,0,12,63,56,7,0.8889,938.55
Merchant_B,dLocal,card,MX,0,13,63,51,12,0.8095,965.63
Merchant_B,dLocal,card,MX,0,14,55,48,7,0.8727,858.11
Merchant_B,dLocal,card,MX,0,15,53,48,5,0.9057,955.31
Merchant_B,dLocal,card,MX,0,16,48,43,5,0.8958,951.73
Merchant_B,dLocal,card,MX,0,17,41,34,7,0.8293,952.15
Merchant_B,dLocal,card,MX,0,18,34,32,2,0.9412,929.24
Merchant_B,dLocal,card,MX,0,19,41,37,4,0.9024,830.06
Merchant_B,dLocal,card,MX,0,20,25,22,3,0.88,989.84
Merchant_B,dLocal,card,MX,0,21,23,21,2,0.913,1034.08
Merchant_B,dLocal,card,MX,0,22,10,10,0,1.0,670.94
Merchant_B,dLocal,card,MX,0,23,3,3,0,1.0,1085.69
Merchant_B,dLocal,card,MX,1,0,11,11,0,1.0,917.75
Merchant_B,dLocal,card,MX,1,1,2,1,1,0.5,1472.03
Merchant_B,dLocal,card,MX,1,2,3,2,1,0.6667,716.35
Merchant_B,dLocal,card,MX,1,3,1,0,1,0.0,1111.13
Merchant_B,dLocal,card,MX,1,5,3,3,0,1.0,631.06
Merchant_B,dLocal,card,MX,1,6,15,14,1,0.9333,1109.2
Merchant_B,dLocal,card,MX,1,7,27,25,2,0.9259,922.82
Merchant_B,dLocal,card,MX,1,8,40,36,4,0.9,972.78
Merchant_B,dLocal,card,MX,1,9,44,38,6,0.8636,864.09
Merchant_B,dLocal,card,MX,1,10,80,75,5,0.9375,890.79
Merchant_B,dLocal,card,MX,1,11,73,66,7,0.9041,898.75
Merchant_B,dLocal,card,MX,1,12,73,65,8,0.8904,992.09
Merchant_B,dLocal,card,MX,1,13,45,41,4,0.9111,1037.39
Merchant_B,dLocal,card,MX,1,14,66,61,5,0.9242,948.63
Merchant_B,dLocal,card,MX,1,15,69,61,8,0.8841,880.5
Merchant_B,dLocal,card,MX,1,16,63,59,4,0.9365,852.2
Merchant_B,dLocal,card,MX,1,17,49,47,2,0.9592,948.25
Merchant_B,dLocal,card,MX,1,18,49,45,4,0.9184,876.87
Merchant_B,dLocal,card,MX,1,19,43,37,6,0.8605,958.19
Merchant_B,dLocal,card,MX,1,20,32,25,7,0.7812,899.4
Merchant_B,dLocal,card,MX,1,21,14,12,2,0.8571,955.47
Merchant_B,dLocal,card,MX,1,22,9,8,1,0.8889,919.39
Merchant_B,dLocal,card,MX,1,23,12,10,2,0.8333,870.98
Merchant_B,dLocal,card,MX,2,0,3,3,0,1.0,964.87
Merchant_B,dLocal,card,MX,2,1,4,4,0,1.0,1479.47
Merchant_B,dLocal,card,MX,2,2,2,1,1,0.5,1148.88
Merchant_B,dLocal,card,MX,2,3,2,1,1,0.5,1008.48
Merchant_B,dLocal,card,MX,2,4,1,1,0,1.0,265.95
Merchant_B,dLocal,card,MX,2,5,5,4,1,0.8,1056.05
Merchant_B,dLocal,card,MX,2,6,19,14,5,0.7368,791.36
Merchant_B,dLocal,card,MX,2,7,34,28,6,0.8235,787.3
Merchant_B,dLocal,card,MX,2,8,38,32,6,0.8421,912.5
Merchant_B,dLocal,card,MX,2,9,59,51,8,0.8644,863.48
Merchant_B,dLocal,card,MX,2,10,62,54,8,0.871,836.0
Merchant_B,dLocal,card,MX,2,11,63,55,8,0.873,867.43
Merchant_B,dLocal,card,MX,2,12,107,90,17,0.8411,881.54
Merchant_B,dLocal,card,MX,2,13,71,61,10,0.8592,921.74
Merchant_B,dLocal,card,MX,2,14,63,57,6,0.9048,945.99
Merchant_B,dLocal,card,MX,2,15,75,65,10,0.8667,877.85
Merchant_B,dLocal,card,MX,2,16,57,52,5,0.9123,977.39
Merchant_B,dLocal,card,MX,2,17,51,46,5,0.902,859.74
Merchant_B,dLocal,card,MX,2,18,51,47,4,0.9216,763.37
Merchant_B,dLocal,card,MX,2,19,37,33,4,0.8919,898.27
Merchant_B,dLocal,card,MX,2,20,20,18,2,0.9,1125.03
Merchant_B,dLocal,card,MX,2,21,11,8,3,0.7273,1077.12
Merchant_B,dLocal,card,MX,2,22,12,12,0,1.0,1053.32
Merchant_B,dLocal,card,MX,2,23,9,8,1,0.8889,1006.51
Merchant_B,dLocal,card,MX,3,0,12,11,1,0.9167,1046.07
Merchant_B,dLocal,card,MX,3,1,7,7,0,1.0,863.83
Merchant_B,dLocal,card,MX,3,2,1,0,1,0.0,90.0
Merchant_B,dLocal,card,MX,3,3,1,0,1,0.0,1370.72
Merchant_B,dLocal,card,MX,3,4,1,1,0,1.0,521.13
Merchant_B,dLocal,card,MX,3,5,7,6,1,0.8571,934.31
Merchant_B,dLocal,card,MX,3,6,7,7,0,1.0,1117.81
Merchant_B,dLocal,card,MX,3,7,39,35,4,0.8974,893.48
Merchant_B,dLocal,card,MX,3,8,36,28,8,0.7778,854.81
Merchant_B,dLocal,card,MX,3,9,52,43,9,0.8269,983.14
Merchant_B,dLocal,card,MX,3,10,82,70,12,0.8537,1017.7
Merchant_B,dLocal,card,MX,3,11,83,71,12,0.8554,866.08
Merchant_B,dLocal,card,MX,3,12,85,77,8,0.9059,961.36
Merchant_B,dLocal,card,MX,3,13,70,59,11,0.8429,896.09
Merchant_B,dLocal,card,MX,3,14,61,56,5,0.918,889.38
Merchant_B,dLocal,card,MX,3,15,58,53,5,0.9138,989.13
Merchant_B,dLocal,card,MX,3,16,51,44,7,0.8627,848.5
Merchant_B,dLocal,card,MX,3,17,54,50,4,0.9259,936.89
Merchant_B,dLocal,card,MX,3,18,43,35,8,0.814,814.18
Merchant_B,dLocal,card,MX,3,19,43,39,4,0.907,816.66
Merchant_B,dLocal,card,MX,3,20,24,22,2,0.9167,676.34
Merchant_B,dLocal,card,MX,3,21,23,21,2,0.913,848.75
Merchant_B,dLocal,card,MX,3,22,14,13,1,0.9286,901.98
Merchant_B,dLocal,card,MX,3,23,10,9,1,0.9,736.96
Merchant_B,dLocal,card,MX,4,0,5,5,0,1.0,958.08
Merchant_B,dLocal,card,MX,4,1,5,5,0,1.0,669.36
Merchant_B,dLocal,card,MX,4,2,5,5,0,1.0,1028.99
Merchant_B,dLocal,card,MX,4,3,1,1,0,1.0,1326.07
Merchant_B,dLocal,card,MX,4,4,2,2,0,1.0,327.64
Merchant_B,dLocal,card,MX,4,5,9,7,2,0.7778,911.81
Merchant_B,dLocal,card,MX,4,6,20,15,5,0.75,1025.01
Merchant_B,dLocal,card,MX,4,7,24,18,6,0.75,888.71
Merchant_B,dLocal,card,MX,4,8,38,34,4,0.8947,1001.06
Merchant_B,dLocal,card,MX,4,9,60,50,10,0.8333,890.52
Merchant_B,dLocal,card,MX,4,10,58,49,9,0.8448,1001.05
Merchant_B,dLocal,card,MX,4,11,63,54,9,0.8571,976.66
Merchant_B,dLocal,card,MX,4,12,71,66,5,0.9296,938.72
Merchant_B,dLocal,card,MX,4,13,64,53,11,0.8281,891.62
Merchant_B,dLocal,card,MX,4,14,73,64,9,0.8767,1009.12
Merchant_B,dLocal,card,MX,4,15,47,43,4,0.9149,927.61
Merchant_B,dLocal,card,MX,4,16,48,44,4,0.9167,924.01
Merchant_B,dLocal,card,MX,4,17,64,53,11,0.8281,963.58
Merchant_B,dLocal,card,MX,4,18,63,58,5,0.9206,850.41
Merchant_B,dLocal,card,MX,4,19,44,36,8,0.8182,911.5
Merchant_B,dLocal,card,MX,4,20,30,26,4,0.8667,927.04
Merchant_B,dLocal,card,MX,4,21,15,13,2,0.8667,772.0
Merchant_B,dLocal,card,MX,4,22,17,12,5,0.7059,878.7
Merchant_B,dLocal,card,MX,4,23,7,7,0,1.0,770.88
Merchant_B,dLocal,card,MX,5,0,4,3,1,0.75,1560.92
Merchant_B,dLocal,card,MX,5,1,7,7,0,1.0,926.82
Merchant_B,dLocal,card,MX,5,2,5,4,1,0.8,1229.49
Merchant_B,dLocal,card,MX,5,4,1,0,1,0.0,1908.49
Merchant_B,dLocal,card,MX,5,5,5,4,1,0.8,706.92
Merchant_B,dLocal,card,MX,5,6,14,12,2,0.8571,945.19
Merchant_B,dLocal,card,MX,5,7,24,20,4,0.8333,817.83
Merchant_B,dLocal,card,MX,5,8,29,24,5,0.8276,1005.82
Merchant_B,dLocal,card,MX,5,9,67,62,5,0.9254,773.88
Merchant_B,dLocal,card,MX,5,10,122,106,16,0.8689,897.58
Merchant_B,dLocal,card,MX,5,11,79,69,10,0.8734,944.55
Merchant_B,dLocal,card,MX,5,12,67,60,7,0.8955,951.0
Merchant_B,dLocal,card,MX,5,13,68,61,7,0.8971,985.58
Merchant_B,dLocal,card,MX,5,14,66,57,9,0.8636,966.74
Merchant_B,dLocal,card,MX,5,15,50,44,6,0.88,875.92
Merchant_B,dLocal,card,MX,5,16,53,45,8,0.8491,891.46
Merchant_B,dLocal,card,MX,5,17,55,52,3,0.9455,937.55
Merchant_B,dLocal,card,MX,5,18,44,40,4,0.9091,935.83
Merchant_B,dLocal,card,MX,5,19,38,32,6,0.8421,899.52
Merchant_B,dLocal,card,MX,5,20,29,28,1,0.9655,968.05
Merchant_B,dLocal,card,MX,5,21,11,9,2,0.8182,831.4
Merchant_B,dLocal,card,MX,5,22,11,10,1,0.9091,1191.09
Merchant_B,dLocal,card,MX,5,23,8,8,0,1.0,597.76
Merchant_B,dLocal,card,MX,6,0,4,4,0,1.0,1320.42
Merchant_B,dLocal,card,MX,6,1,2,2,0,1.0,786.58
Merchant_B,dLocal,card,MX,6,2,4,3,1,0.75,544.14
Merchant_B,dLocal,card,MX,6,3,1,1,0,1.0,547.59
Merchant_B,dLocal,card,MX,6,4,2,2,0,1.0,513.55
Merchant_B,dLocal,card,MX,6,5,6,5,1,0.8333,864.92
Merchant_B,dLocal,card,MX,6,6,13,13,0,1.0,785.73
Merchant_B,dLocal,card,MX,6,7,34,30,4,0.8824,751.14
Merchant_B,dLocal,card,MX,6,8,44,38,6,0.8636,915.63
Merchant_B,dLocal,card,MX,6,9,47,40,7,0.8511,807.83
Merchant_B,dLocal,card,MX,6,10,64,56,8,0.875,894.8
Merchant_B,dLocal,card,MX,6,11,55,49,6,0.8909,785.59
Merchant_B,dLocal,card,MX,6,12,66,57,9,0.8636,950.99
Merchant_B,dLocal,card,MX,6,13,64,57,7,0.8906,988.77
Merchant_B,dLocal,card,MX,6,14,44,39,5,0.8864,971.08
Merchant_B,dLocal,card,MX,6,15,44,32,12,0.7273,980.98
Merchant_B,dLocal,card,MX,6,16,49,44,5,0.898,789.42
Merchant_B,dLocal,card,MX,6,17,55,47,8,0.8545,954.73
Merchant_B,dLocal,card,MX,6,18,42,34,8,0.8095,829.83
Merchant_B,dLocal,card,MX,6,19,37,32,5,0.8649,954.55
Merchant_B,dLocal,card,MX,6,20,21,19,2,0.9048,890.46
Merchant_B,dLocal,card,MX,6,21,13,9,4,0.6923,881.7
Merchant_B,dLocal,card,MX,6,22,15,14,1,0.9333,895.57
Merchant_B,dLocal,card,MX,6,23,5,4,1,0.8,976.01
Merchant_B,dLocal,cash_in_store,MX,0,0,9,7,2,0.7778,824.44
Merchant_B,dLocal,cash_in_store,MX,0,1,4,2,2,0.5,723.38
Merchant_B,dLocal,cash_in_store,MX,0,2,5,4,1,0.8,590.14
Merchant_B,dLocal,cash_in_store,MX,0,3,1,0,1,0.0,554.92
Merchant_B,dLocal,cash_in_store,MX,0,4,4,2,2,0.5,893.85
Merchant_B,dLocal,cash_in_store,MX,0,5,5,5,0,1.0,1166.65
Merchant_B,dLocal,cash_in_store,MX,0,6,8,6,2,0.75,1155.76
Merchant_B,dLocal,cash_in_store,MX,0,7,25,24,1,0.96,895.94
Merchant_B,dLocal,cash_in_store,MX,0,8,35,30,5,0.8571,977.75
Merchant_B,dLocal,cash_in_store,MX,0,9,45,41,4,0.9111,912.85
Merchant_B,dLocal,cash_in_store,MX,0,10,48,38,10,0.7917,879.52
Merchant_B,dLocal,cash_in_store,MX,0,11,53,43,10,0.8113,861.33
Merchant_B,dLocal,cash_in_store,MX,0,12,77,65,12,0.8442,869.52
Merchant_B,dLocal,cash_in_store,MX,0,13,73,60,13,0.8219,882.02
Merchant_B,dLocal,cash_in_store,MX,0,14,68,61,7,0.8971,882.47
Merchant_B,dLocal,cash_in_store,MX,0,15,52,41,11,0.7885,876.88
Merchant_B,dLocal,cash_in_store,MX,0,16,58,49,9,0.8448,947.57
Merchant_B,dLocal,cash_in_store,MX,0,17,50,42,8,0.84,1034.93
Merchant_B,dLocal,cash_in_store,MX,0,18,44,37,7,0.8409,911.16
Merchant_B,dLocal,cash_in_store,MX,0,19,30,27,3,0.9,1079.85
Merchant_B,dLocal,cash_in_store,MX,0,20,16,15,1,0.9375,1029.73
Merchant_B,dLocal,cash_in_store,MX,0,21,17,14,3,0.8235,817.46
Merchant_B,dLocal,cash_in_store,MX,0,22,8,6,2,0.75,718.6
Merchant_B,dLocal,cash_in_store,MX,0,23,11,9,2,0.8182,846.51
Merchant_B,dLocal,cash_in_store,MX,1,0,5,4,1,0.8,686.0
Merchant_B,dLocal,cash_in_store,MX,1,1,2,1,1,0.5,1090.46
Merchant_B,dLocal,cash_in_store,MX,1,2,4,4,0,1.0,462.69
Merchant_B,dLocal,cash_in_store,MX,1,3,1,1,0,1.0,864.73
Merchant_B,dLocal,cash_in_store,MX,1,4,1,1,0,1.0,121.09
Merchant_B,dLocal,cash_in_store,MX,1,5,3,2,1,0.6667,1476.82
Merchant_B,dLocal,cash_in_store,MX,1,6,7,5,2,0.7143,899.66
Merchant_B,dLocal,cash_in_store,MX,1,7,26,20,6,0.7692,1073.73
Merchant_B,dLocal,cash_in_store,MX,1,8,31,28,3,0.9032,849.08
Merchant_B,dLocal,cash_in_store,MX,1,9,50,44,6,0.88,932.56
Merchant_B,dLocal,cash_in_store,MX,1,10,79,62,17,0.7848,969.94
Merchant_B,dLocal,cash_in_store,MX,1,11,69,53,16,0.7681,826.75
Merchant_B,dLocal,cash_in_store,MX,1,12,74,60,14,0.8108,839.8
Merchant_B,dLocal,cash_in_store,MX,1,13,68,52,16,0.7647,979.5
Merchant_B,dLocal,cash_in_store,MX,1,14,58,51,7,0.8793,853.13
Merchant_B,dLocal,cash_in_store,MX,1,15,64,51,13,0.7969,786.23
Merchant_B,dLocal,cash_in_store,MX,1,16,56,49,7,0.875,878.76
Merchant_B,dLocal,cash_in_store,MX,1,17,57,49,8,0.8596,854.75
Merchant_B,dLocal,cash_in_store,MX,1,18,55,46,9,0.8364,980.92
Merchant_B,dLocal,cash_in_store,MX,1,19,48,43,5,0.8958,924.35
Merchant_B,dLocal,cash_in_store,MX,1,20,32,29,3,0.9062,852.85
Merchant_B,dLocal,cash_in_store,MX,1,21,7,6,1,0.8571,752.73
Merchant_B,dLocal,cash_in_store,MX,1,22,12,9,3,0.75,1300.73
Merchant_B,dLocal,cash_in_store,MX,1,23,7,7,0,1.0,1102.67
Merchant_B,dLocal,cash_in_store,MX,2,0,10,8,2,0.8,806.97
Merchant_B,dLocal,cash_in_store,MX,2,1,5,5,0,1.0,1107.55
Merchant_B,dLocal,cash_in_store,MX,2,2,1,0,1,0.0,492.15
Merchant_B,dLocal,cash_in_store,MX,2,4,5,2,3,0.4,816.65
Merchant_B,dLocal,cash_in_store,MX,2,5,4,4,0,1.0,690.5
Merchant_B,dLocal,cash_in_store,MX,2,6,12,9,3,0.75,1062.66
Merchant_B,dLocal,cash_in_store,MX,2,7,26,23,3,0.8846,918.19
Merchant_B,dLocal,cash_in_store,MX,2,8,43,36,7,0.8372,775.93
Merchant_B,dLocal,cash_in_store,MX,2,9,53,45,8,0.8491,1045.48
Merchant_B,dLocal,cash_in_store,MX,2,10,68,59,9,0.8676,888.48
Merchant_B,dLocal,cash_in_store,MX,2,11,76,67,9,0.8816,862.47
Merchant_B,dLocal,cash_in_store,MX,2,12,65,59,6,0.9077,1047.79
Merchant_B,dLocal,cash_in_store,MX,2,13,72,59,13,0.8194,861.06
Merchant_B,dLocal,cash_in_store,MX,2,14,55,47,8,0.8545,985.01
Merchant_B,dLocal,cash_in_store,MX,2,15,60,51,9,0.85,888.14
Merchant_B,dLocal,cash_in_store,MX,2,16,63,57,6,0.9048,966.15
Merchant_B,dLocal,cash_in_store,MX,2,17,60,53,7,0.8833,868.23
Merchant_B,dLocal,cash_in_store,MX,2,18,44,34,10,0.7727,958.15
Merchant_B,dLocal,cash_in_store,MX,2,19,30,24,6,0.8,864.55
Merchant_B,dLocal,cash_in_store,MX,2,20,39,32,7,0.8205,927.27
Merchant_B,dLocal,cash_in_store,MX,2,21,8,7,1,0.875,1146.22
Merchant_B,dLocal,cash_in_store,MX,2,22,8,7,1,0.875,896.28
Merchant_B,dLocal,cash_in_store,MX,2,23,5,4,1,0.8,735.79
Merchant_B,dLocal,cash_in_store,MX,3,0,10,8,2,0.8,575.96
Merchant_B,dLocal,cash_in_store,MX,3,1,4,3,1,0.75,501.85
Merchant_B,dLocal,cash_in_store,MX,3,2,2,2,0,1.0,90.0
Merchant_B,dLocal,cash_in_store,MX,3,3,2,2,0,1.0,614.87
Merchant_B,dLocal,cash_in_store,MX,3,4,4,3,1,0.75,803.02
Merchant_B,dLocal,cash_in_store,MX,3,5,5,4,1,0.8,745.61
Merchant_B,dLocal,cash_in_store,MX,3,6,13,10,3,0.7692,739.62
Merchant_B,dLocal,cash_in_store,MX,3,7,42,39,3,0.9286,1017.62
Merchant_B,dLocal,cash_in_store,MX,3,8,41,31,10,0.7561,757.78
Merchant_B,dLocal,cash_in_store,MX,3,9,61,51,10,0.8361,934.93
Merchant_B,dLocal,cash_in_store,MX,3,10,63,57,6,0.9048,904.11
Merchant_B,dLocal,cash_in_store,MX,3,11,68,60,8,0.8824,968.41
Merchant_B,dLocal,cash_in_store,MX,3,12,79,61,18,0.7722,878.57
Merchant_B,dLocal,cash_in_store,MX,3,13,71,62,9,0.8732,851.43
Merchant_B,dLocal,cash_in_store,MX,3,14,59,52,7,0.8814,880.09
Merchant_B,dLocal,cash_in_store,MX,3,15,57,48,9,0.8421,920.34
Merchant_B,dLocal,cash_in_store,MX,3,16,59,51,8,0.8644,890.34
Merchant_B,dLocal,cash_in_store,MX,3,17,50,43,7,0.86,846.3
Merchant_B,dLocal,cash_in_store,MX,3,18,53,46,7,0.8679,931.42
Merchant_B,dLocal,cash_in_store,MX,3,19,37,31,6,0.8378,949.19
Merchant_B,dLocal,cash_in_store,MX,3,20,27,25,2,0.9259,1042.21
Merchant_B,dLocal,cash_in_store,MX,3,21,20,15,5,0.75,852.19
Merchant_B,dLocal,cash_in_store,MX,3,22,10,9,1,0.9,886.27
Merchant_B,dLocal,cash_in_store,MX,3,23,5,4,1,0.8,1026.24
Merchant_B,dLocal,cash_in_store,MX,4,0,13,13,0,1.0,957.36
Merchant_B,dLocal,cash_in_store,MX,4,1,4,4,0,1.0,909.72
Merchant_B,dLocal,cash_in_store,MX,4,2,5,3,2,0.6,1345.42
Merchant_B,dLocal,cash_in_store,MX,4,3,1,1,0,1.0,154.12
Merchant_B,dLocal,cash_in_store,MX,4,4,1,1,0,1.0,313.0
Merchant_B,dLocal,cash_in_store,MX,4,5,9,6,3,0.6667,1172.88
Merchant_B,dLocal,cash_in_store,MX,4,6,13,11,2,0.8462,1036.31
Merchant_B,dLocal,cash_in_store,MX,4,7,24,22,2,0.9167,917.26
Merchant_B,dLocal,cash_in_store,MX,4,8,42,39,3,0.9286,953.42
Merchant_B,dLocal,cash_in_store,MX,4,9,66,56,10,0.8485,958.65
Merchant_B,dLocal,cash_in_store,MX,4,10,50,46,4,0.92,1015.04
Merchant_B,dLocal,cash_in_store,MX,4,11,86,75,11,0.8721,879.37
Merchant_B,dLocal,cash_in_store,MX,4,12,60,50,10,0.8333,950.28
Merchant_B,dLocal,cash_in_store,MX,4,13,77,65,12,0.8442,817.88
Merchant_B,dLocal,cash_in_store,MX,4,14,55,46,9,0.8364,951.95
Merchant_B,dLocal,cash_in_store,MX,4,15,65,54,11,0.8308,922.52
Merchant_B,dLocal,cash_in_store,MX,4,16,52,42,10,0.8077,933.09
Merchant_B,dLocal,cash_in_store,MX,4,17,55,47,8,0.8545,878.59
Merchant_B,dLocal,cash_in_store,MX,4,18,55,44,11,0.8,985.08
Merchant_B,dLocal,cash_in_store,MX,4,19,28,23,5,0.8214,976.38
Merchant_B,dLocal,cash_in_store,MX,4,20,36,33,3,0.9167,841.19
Merchant_B,dLocal,cash_in_store,MX,4,21,17,12,5,0.7059,928.93
Merchant_B,dLocal,cash_in_store,MX,4,22,13,13,0,1.0,844.93
Merchant_B,dLocal,cash_in_store,MX,4,23,9,7,2,0.7778,943.54
Merchant_B,dLocal,cash_in_store,MX,5,0,6,3,3,0.5,748.06
Merchant_B,dLocal,cash_in_store,MX,5,1,3,3,0,1.0,1006.62
Merchant_B,dLocal,cash_in_store,MX,5,2,7,4,3,0.5714,843.23
Merchant_B,dLocal,cash_in_store,MX,5,3,4,4,0,1.0,486.1
Merchant_B,dLocal,cash_in_store,MX,5,4,3,3,0,1.0,898.23
Merchant_B,dLocal,cash_in_store,MX,5,5,5,5,0,1.0,979.32
Merchant_B,dLocal,cash_in_store,MX,5,6,14,13,1,0.9286,705.72
Merchant_B,dLocal,cash_in_store,MX,5,7,34,30,4,0.8824,927.81
Merchant_B,dLocal,cash_in_store,MX,5,8,35,25,10,0.7143,959.15
Merchant_B,dLocal,cash_in_store,MX,5,9,59,51,8,0.8644,900.09
Merchant_B,dLocal,cash_in_store,MX,5,10,125,103,22,0.824,942.37
Merchant_B,dLocal,cash_in_store,MX,5,11,69,60,9,0.8696,909.22
Merchant_B,dLocal,cash_in_store,MX,5,12,74,61,13,0.8243,902.95
Merchant_B,dLocal,cash_in_store,MX,5,13,59,54,5,0.9153,901.85
Merchant_B,dLocal,cash_in_store,MX,5,14,49,38,11,0.7755,845.68
Merchant_B,dLocal,cash_in_store,MX,5,15,63,53,10,0.8413,933.91
Merchant_B,dLocal,cash_in_store,MX,5,16,40,37,3,0.925,842.24
Merchant_B,dLocal,cash_in_store,MX,5,17,47,40,7,0.8511,944.74
Merchant_B,dLocal,cash_in_store,MX,5,18,48,39,9,0.8125,921.04
Merchant_B,dLocal,cash_in_store,MX,5,19,37,34,3,0.9189,845.8
Merchant_B,dLocal,cash_in_store,MX,5,20,26,23,3,0.8846,818.07
Merchant_B,dLocal,cash_in_store,MX,5,21,20,17,3,0.85,903.48
Merchant_B,dLocal,cash_in_store,MX,5,22,17,15,2,0.8824,860.13
Merchant_B,dLocal,cash_in_store,MX,5,23,6,6,0,1.0,737.73
Merchant_B,dLocal,cash_in_store,MX,6,0,3,2,1,0.6667,1041.09
Merchant_B,dLocal,cash_in_store,MX,6,1,4,2,2,0.5,873.74
Merchant_B,dLocal,cash_in_store,MX,6,2,2,2,0,1.0,607.02
Merchant_B,dLocal,cash_in_store,MX,6,3,2,1,1,0.5,676.06
Merchant_B,dLocal,cash_in_store,MX,6,4,5,4,1,0.8,1079.8
Merchant_B,dLocal,cash_in_store,MX,6,6,12,11,1,0.9167,991.35
Merchant_B,dLocal,cash_in_store,MX,6,7,30,24,6,0.8,917.74
Merchant_B,dLocal,cash_in_store,MX,6,8,40,34,6,0.85,866.59
Merchant_B,dLocal,cash_in_store,MX,6,9,38,31,7,0.8158,850.13
Merchant_B,dLocal,cash_in_store,MX,6,10,50,41,9,0.82,932.37
Merchant_B,dLocal,cash_in_store,MX,6,11,69,64,5,0.9275,943.36
Merchant_B,dLocal,cash_in_store,MX,6,12,68,57,11,0.8382,951.84
Merchant_B,dLocal,cash_in_store,MX,6,13,66,54,12,0.8182,832.97
Merchant_B,dLocal,cash_in_store,MX,6,14,41,32,9,0.7805,870.19
Merchant_B,dLocal,cash_in_store,MX,6,15,40,33,7,0.825,800.42
Merchant_B,dLocal,cash_in_store,MX,6,16,55,53,2,0.9636,894.49
Merchant_B,dLocal,cash_in_store,MX,6,17,43,35,8,0.814,859.51
Merchant_B,dLocal,cash_in_store,MX,6,18,49,42,7,0.8571,898.29
Merchant_B,dLocal,cash_in_store,MX,6,19,49,40,9,0.8163,848.36
Merchant_B,dLocal,cash_in_store,MX,6,20,25,22,3,0.88,1086.9
Merchant_B,dLocal,cash_in_store,MX,6,21,16,14,2,0.875,995.3
Merchant_B,dLocal,cash_in_store,MX,6,22,8,6,2,0.75,1051.85
Merchant_B,dLocal,cash_in_store,MX,6,23,2,1,1,0.5,694.86
Merchant_B,dLocal,wallet,BR,0,0,10,9,1,0.9,322.63
Merchant_B,dLocal,wallet,BR,0,1,4,4,0,1.0,223.06
Merchant_B,dLocal,wallet,BR,0,2,4,4,0,1.0,198.44
Merchant_B,dLocal,wallet,BR,0,3,1,1,0,1.0,441.68
Merchant_B,dLocal,wallet,BR,0,4,4,4,0,1.0,270.38
Merchant_B,dLocal,wallet,BR,0,5,8,8,0,1.0,320.28
Merchant_B,dLocal,wallet,BR,0,6,14,13,1,0.9286,240.84
Merchant_B,dLocal,wallet,BR,0,7,19,18,1,0.9474,307.69
Merchant_B,dLocal,wallet,BR,0,8,34,34,0,1.0,293.58
Merchant_B,dLocal,wallet,BR,0,9,53,52,1,0.9811,298.2
Merchant_B,dLocal,wallet,BR,0,10,62,55,7,0.8871,292.9
Merchant_B,dLocal,wallet,BR,0,11,63,52,11,0.8254,300.95
Merchant_B,dLocal,wallet,BR,0,12,85,75,10,0.8824,256.36
Merchant_B,dLocal,wallet,BR,0,13,78,73,5,0.9359,272.17
Merchant_B,dLocal,wallet,BR,0,14,55,50,5,0.9091,304.54
Merchant_B,dLocal,wallet,BR,0,15,55,51,4,0.9273,283.91
Merchant_B,dLocal,wallet,BR,0,16,54,50,4,0.9259,303.33
Merchant_B,dLocal,wallet,BR,0,17,53,50,3,0.9434,243.43
Merchant_B,dLocal,wallet,BR,0,18,51,48,3,0.9412,329.68
Merchant_B,dLocal,wallet,BR,0,19,32,29,3,0.9062,256.26
Merchant_B,dLocal,wallet,BR,0,20,17,16,1,0.9412,264.46
Merchant_B,dLocal,wallet,BR,0,21,7,7,0,1.0,267.82
Merchant_B,dLocal,wallet,BR,0,22,9,9,0,1.0,289.84
Merchant_B,dLocal,wallet,BR,0,23,9,9,0,1.0,258.05
Merchant_B,dLocal,wallet,BR,1,0,1,1,0,1.0,558.65
Merchant_B,dLocal,wallet,BR,1,1,2,2,0,1.0,435.82
Merchant_B,dLocal,wallet,BR,1,2,2,2,0,1.0,197.34
Merchant_B,dLocal,wallet,BR,1,4,2,2,0,1.0,205.1
Merchant_B,dLocal,wallet,BR,1,5,2,2,0,1.0,349.72
Merchant_B,dLocal,wallet,BR,1,6,11,10,1,0.9091,248.75
Merchant_B,dLocal,wallet,BR,1,7,31,30,1,0.9677,220.27
Merchant_B,dLocal,wallet,BR,1,8,41,38,3,0.9268,294.62
Merchant_B,dLocal,wallet,BR,1,9,61,51,10,0.8361,282.79
Merchant_B,dLocal,wallet,BR,1,10,94,85,9,0.9043,270.63
Merchant_B,dLocal,wallet,BR,1,11,70,65,5,0.9286,277.57
Merchant_B,dLocal,wallet,BR,1,12,65,63,2,0.9692,272.62
Merchant_B,dLocal,wallet,BR,1,13,86,80,6,0.9302,280.63
Merchant_B,dLocal,wallet,BR,1,14,49,45,4,0.9184,311.81
Merchant_B,dLocal,wallet,BR,1,15,62,57,5,0.9194,270.45
Merchant_B,dLocal,wallet,BR,1,16,57,51,6,0.8947,270.76
Merchant_B,dLocal,wallet,BR,1,17,49,44,5,0.898,281.15
Merchant_B,dLocal,wallet,BR,1,18,57,50,7,0.8772,298.56
Merchant_B,dLocal,wallet,BR,1,19,49,47,2,0.9592,263.0
Merchant_B,dLocal,wallet,BR,1,20,31,29,2,0.9355,284.52
Merchant_B,dLocal,wallet,BR,1,21,14,11,3,0.7857,279.96
Merchant_B,dLocal,wallet,BR,1,22,14,14,0,1.0,285.26
Merchant_B,dLocal,wallet,BR,1,23,10,10,0,1.0,288.52
Merchant_B,dLocal,wallet,BR,2,0,5,5,0,1.0,160.88
Merchant_B,dLocal,wallet,BR,2,1,3,3,0,1.0,430.67
Merchant_B,dLocal,wallet,BR,2,2,1,1,0,1.0,117.85
Merchant_B,dLocal,wallet,BR,2,4,4,3,1,0.75,273.32
Merchant_B,dLocal,wallet,BR,2,5,5,5,0,1.0,214.07
Merchant_B,dLocal,wallet,BR,2,6,14,14,0,1.0,289.54
Merchant_B,dLocal,wallet,BR,2,7,37,32,5,0.8649,287.99
Merchant_B,dLocal,wallet,BR,2,8,35,32,3,0.9143,281.04
Merchant_B,dLocal,wallet,BR,2,9,41,39,2,0.9512,324.22
Merchant_B,dLocal,wallet,BR,2,10,58,55,3,0.9483,313.12
Merchant_B,dLocal,wallet,BR,2,11,59,57,2,0.9661,277.33
Merchant_B,dLocal,wallet,BR,2,12,79,74,5,0.9367,248.37
Merchant_B,dLocal,wallet,BR,2,13,73,63,10,0.863,255.8
Merchant_B,dLocal,wallet,BR,2,14,58,55,3,0.9483,312.85
Merchant_B,dLocal,wallet,BR,2,15,53,47,6,0.8868,314.84
Merchant_B,dLocal,wallet,BR,2,16,43,38,5,0.8837,264.43
Merchant_B,dLocal,wallet,BR,2,17,48,42,6,0.875,276.08
Merchant_B,dLocal,wallet,BR,2,18,53,48,5,0.9057,305.46
Merchant_B,dLocal,wallet,BR,2,19,28,23,5,0.8214,306.37
Merchant_B,dLocal,wallet,BR,2,20,31,27,4,0.871,282.58
Merchant_B,dLocal,wallet,BR,2,21,13,13,0,1.0,288.34
Merchant_B,dLocal,wallet,BR,2,22,6,6,0,1.0,311.68
Merchant_B,dLocal,wallet,BR,2,23,7,6,1,0.8571,175.75
Merchant_B,dLocal,wallet,BR,3,0,8,8,0,1.0,305.7
Merchant_B,dLocal,wallet,BR,3,1,4,3,1,0.75,185.22
Merchant_B,dLocal,wallet,BR,3,2,4,3,1,0.75,279.34
Merchant_B,dLocal,wallet,BR,3,3,2,2,0,1.0,231.6
Merchant_B,dLocal,wallet,BR,3,4,1,1,0,1.0,236.42
Merchant_B,dLocal,wallet,BR,3,5,6,6,0,1.0,246.22
Merchant_B,dLocal,wallet,BR,3,6,10,9,1,0.9,329.53
Merchant_B,dLocal,wallet,BR,3,7,32,27,5,0.8438,285.55
Merchant_B,dLocal,wallet,BR,3,8,33,28,5,0.8485,314.33
Merchant_B,dLocal,wallet,BR,3,9,58,48,10,0.8276,244.23
Merchant_B,dLocal,wallet,BR,3,10,70,65,5,0.9286,286.88
Merchant_B,dLocal,wallet,BR,3,11,67,58,9,0.8657,279.11
Merchant_B,dLocal,wallet,BR,3,12,63,57,6,0.9048,305.11
Merchant_B,dLocal,wallet,BR,3,13,72,70,2,0.9722,270.8
Merchant_B,dLocal,wallet,BR,3,14,55,48,7,0.8727,277.09
Merchant_B,dLocal,wallet,BR,3,15,62,58,4,0.9355,307.32
Merchant_B,dLocal,wallet,BR,3,16,52,46,6,0.8846,249.73
Merchant_B,dLocal,wallet,BR,3,17,56,47,9,0.8393,248.57
Merchant_B,dLocal,wallet,BR,3,18,47,44,3,0.9362,286.03
Merchant_B,dLocal,wallet,BR,3,19,42,38,4,0.9048,250.54
Merchant_B,dLocal,wallet,BR,3,20,29,28,1,0.9655,365.14
Merchant_B,dLocal,wallet,BR,3,21,17,16,1,0.9412,282.78
Merchant_B,dLocal,wallet,BR,3,22,5,5,0,1.0,228.95
Merchant_B,dLocal,wallet,BR,3,23,10,9,1,0.9,270.24
Merchant_B,dLocal,wallet,BR,4,0,4,4,0,1.0,197.99
Merchant_B,dLocal,wallet,BR,4,1,5,5,0,1.0,254.06
Merchant_B,dLocal,wallet,BR,4,4,5,5,0,1.0,280.9
Merchant_B,dLocal,wallet,BR,4,5,8,7,1,0.875,219.0
Merchant_B,dLocal,wallet,BR,4,6,10,10,0,1.0,191.81
Merchant_B,dLocal,wallet,BR,4,7,29,27,2,0.931,293.83
Merchant_B,dLocal,wallet,BR,4,8,50,43,7,0.86,268.77
Merchant_B,dLocal,wallet,BR,4,9,57,53,4,0.9298,295.96
Merchant_B,dLocal,wallet,BR,4,10,62,61,1,0.9839,249.73
Merchant_B,dLocal,wallet,BR,4,11,72,66,6,0.9167,315.32
Merchant_B,dLocal,wallet,BR,4,12,98,92,6,0.9388,305.45
Merchant_B,dLocal,wallet,BR,4,13,66,62,4,0.9394,275.45
Merchant_B,dLocal,wallet,BR,4,14,70,67,3,0.9571,303.3
Merchant_B,dLocal,wallet,BR,4,15,63,61,2,0.9683,317.3
Merchant_B,dLocal,wallet,BR,4,16,54,54,0,1.0,335.99
Merchant_B,dLocal,wallet,BR,4,17,42,38,4,0.9048,304.7
Merchant_B,dLocal,wallet,BR,4,18,60,58,2,0.9667,281.95
Merchant_B,dLocal,wallet,BR,4,19,38,35,3,0.9211,246.6
Merchant_B,dLocal,wallet,BR,4,20,23,22,1,0.9565,316.36
Merchant_B,dLocal,wallet,BR,4,21,13,12,1,0.9231,223.4
Merchant_B,dLocal,wallet,BR,4,22,6,5,1,0.8333,257.59
Merchant_B,dLocal,wallet,BR,4,23,5,5,0,1.0,348.41
Merchant_B,dLocal,wallet,BR,5,0,11,10,1,0.9091,296.83
Merchant_B,dLocal,wallet,BR,5,1,2,2,0,1.0,279.6
Merchant_B,dLocal,wallet,BR,5,2,3,2,1,0.6667,302.75
Merchant_B,dLocal,wallet,BR,5,3,1,1,0,1.0,96.55
Merchant_B,dLocal,wallet,BR,5,4,2,2,0,1.0,455.85
Merchant_B,dLocal,wallet,BR,5,5,7,6,1,0.8571,396.08
Merchant_B,dLocal,wallet,BR,5,6,18,17,1,0.9444,230.56
Merchant_B,dLocal,wallet,BR,5,7,27,24,3,0.8889,268.91
Merchant_B,dLocal,wallet,BR,5,8,41,40,1,0.9756,301.4
Merchant_B,dLocal,wallet,BR,5,9,46,42,4,0.913,272.3
Merchant_B,dLocal,wallet,BR,5,10,154,139,15,0.9026,295.43
Merchant_B,dLocal,wallet,BR,5,11,60,53,7,0.8833,274.75
Merchant_B,dLocal,wallet,BR,5,12,73,67,6,0.9178,266.47
Merchant_B,dLocal,wallet,BR,5,13,71,67,4,0.9437,261.74
Merchant_B,dLocal,wallet,BR,5,14,54,49,5,0.9074,277.63
Merchant_B,dLocal,wallet,BR,5,15,52,45,7,0.8654,291.28
Merchant_B,dLocal,wallet,BR,5,16,57,56,1,0.9825,291.04
Merchant_B,dLocal,wallet,BR,5,17,50,49,1,0.98,250.52
Merchant_B,dLocal,wallet,BR,5,18,38,34,4,0.8947,284.56
Merchant_B,dLocal,wallet,BR,5,19,37,33,4,0.8919,231.93
Merchant_B,dLocal,wallet,BR,5,20,27,23,4,0.8519,228.48
Merchant_B,dLocal,wallet,BR,5,21,20,16,4,0.8,287.69
Merchant_B,dLocal,wallet,BR,5,22,9,9,0,1.0,273.4
Merchant_B,dLocal,wallet,BR,5,23,7,6,1,0.8571,314.26
Merchant_B,dLocal,wallet,BR,6,0,6,6,0,1.0,234.16
Merchant_B,dLocal,wallet,BR,6,1,5,5,0,1.0,270.54
Merchant_B,dLocal,wallet,BR,6,2,3,3,0,1.0,361.09
Merchant_B,dLocal,wallet,BR,6,3,1,1,0,1.0,456.67
Merchant_B,dLocal,wallet,BR,6,4,2,2,0,1.0,191.66
Merchant_B,dLocal,wallet,BR,6,5,7,6,1,0.8571,488.43
Merchant_B,dLocal,wallet,BR,6,6,16,15,1,0.9375,302.35
Merchant_B,dLocal,wallet,BR,6,7,20,18,2,0.9,266.9
Merchant_B,dLocal,wallet,BR,6,8,46,42,4,0.913,288.86
Merchant_B,dLocal,wallet,BR,6,9,56,52,4,0.9286,296.73
Merchant_B,dLocal,wallet,BR,6,10,54,54,0,1.0,289.67
Merchant_B,dLocal,wallet,BR,6,11,55,53,2,0.9636,268.03
Merchant_B,dLocal,wallet,BR,6,12,59,57,2,0.9661,314.35
Merchant_B,dLocal,wallet,BR,6,13,77,71,6,0.9221,270.74
Merchant_B,dLocal,wallet,BR,6,14,59,53,6,0.8983,273.39
Merchant_B,dLocal,wallet,BR,6,15,67,60,7,0.8955,279.19
Merchant_B,dLocal,wallet,BR,6,16,47,45,2,0.9574,265.21
Merchant_B,dLocal,wallet,BR,6,17,60,52,8,0.8667,265.55
Merchant_B,dLocal,wallet,BR,6,18,35,27,8,0.7714,260.28
Merchant_B,dLocal,wallet,BR,6,19,42,42,0,1.0,314.17
Merchant_B,dLocal,wallet,BR,6,20,32,30,2,0.9375,299.79
Merchant_B,dLocal,wallet,BR,6,21,15,13,2,0.8667,322.92
Merchant_B,dLocal,wallet,BR,6,22,13,11,2,0.8462,297.22
Merchant_B,dLocal,wallet,BR,6,23,6,5,1,0.8333,317.72
Merchant_B,dLocal,wallet,CO,0,0,5,5,0,1.0,162089.0
Merchant_B,dLocal,wallet,CO,0,1,10,10,0,1.0,127391.01
Merchant_B,dLocal,wallet,CO,0,2,6,6,0,1.0,81118.8
Merchant_B,dLocal,wallet,CO,0,3,3,3,0,1.0,133668.32
Merchant_B,dLocal,wallet,CO,0,4,3,3,0,1.0,125687.92
Merchant_B,dLocal,wallet,CO,0,5,8,8,0,1.0,86924.1
Merchant_B,dLocal,wallet,CO,0,6,8,8,0,1.0,106806.71
Merchant_B,dLocal,wallet,CO,0,7,17,16,1,0.9412,127381.84
Merchant_B,dLocal,wallet,CO,0,8,32,29,3,0.9062,113686.66
Merchant_B,dLocal,wallet,CO,0,9,48,45,3,0.9375,124319.48
Merchant_B,dLocal,wallet,CO,0,10,51,45,6,0.8824,131465.81
Merchant_B,dLocal,wallet,CO,0,11,73,64,9,0.8767,126701.86
Merchant_B,dLocal,wallet,CO,0,12,67,62,5,0.9254,131580.83
Merchant_B,dLocal,wallet,CO,0,13,70,66,4,0.9429,119398.78
Merchant_B,dLocal,wallet,CO,0,14,56,53,3,0.9464,126395.81
Merchant_B,dLocal,wallet,CO,0,15,43,38,5,0.8837,109867.26
Merchant_B,dLocal,wallet,CO,0,16,54,53,1,0.9815,124604.77
Merchant_B,dLocal,wallet,CO,0,17,48,45,3,0.9375,133608.56
Merchant_B,dLocal,wallet,CO,0,18,37,34,3,0.9189,134490.2
Merchant_B,dLocal,wallet,CO,0,19,28,28,0,1.0,160498.88
Merchant_B,dLocal,wallet,CO,0,20,23,22,1,0.9565,128953.64
Merchant_B,dLocal,wallet,CO,0,21,13,11,2,0.8462,151202.15
Merchant_B,dLocal,wallet,CO,0,22,7,7,0,1.0,112066.38
Merchant_B,dLocal,wallet,CO,0,23,8,8,0,1.0,122012.13
Merchant_B,dLocal,wallet,CO,1,0,2,2,0,1.0,115943.26
Merchant_B,dLocal,wallet,CO,1,1,3,3,0,1.0,87136.38
Merchant_B,dLocal,wallet,CO,1,2,3,3,0,1.0,165703.0
Merchant_B,dLocal,wallet,CO,1,3,1,1,0,1.0,213483.63
Merchant_B,dLocal,wallet,CO,1,4,1,1,0,1.0,134471.35
Merchant_B,dLocal,wallet,CO,1,5,2,1,1,0.5,93497.17
Merchant_B,dLocal,wallet,CO,1,6,12,11,1,0.9167,118072.93
Merchant_B,dLocal,wallet,CO,1,7,25,23,2,0.92,139701.49
Merchant_B,dLocal,wallet,CO,1,8,32,30,2,0.9375,126367.11
Merchant_B,dLocal,wallet,CO,1,9,53,51,2,0.9623,116459.02
Merchant_B,dLocal,wallet,CO,1,10,94,88,6,0.9362,118562.39
Merchant_B,dLocal,wallet,CO,1,11,68,61,7,0.8971,143328.76
Merchant_B,dLocal,wallet,CO,1,12,70,60,10,0.8571,120367.15
Merchant_B,dLocal,wallet,CO,1,13,76,71,5,0.9342,125049.33
Merchant_B,dLocal,wallet,CO,1,14,62,56,6,0.9032,116154.96
Merchant_B,dLocal,wallet,CO,1,15,79,75,4,0.9494,130692.63
Merchant_B,dLocal,wallet,CO,1,16,62,55,7,0.8871,127049.58
Merchant_B,dLocal,wallet,CO,1,17,57,52,5,0.9123,116527.63
Merchant_B,dLocal,wallet,CO,1,18,59,58,1,0.9831,134005.22
Merchant_B,dLocal,wallet,CO,1,19,43,40,3,0.9302,126411.07
Merchant_B,dLocal,wallet,CO,1,20,19,18,1,0.9474,98467.86
Merchant_B,dLocal,wallet,CO,1,21,19,19,0,1.0,103321.92
Merchant_B,dLocal,wallet,CO,1,22,12,12,0,1.0,124274.64
Merchant_B,dLocal,wallet,CO,1,23,9,9,0,1.0,114035.35
Merchant_B,dLocal,wallet,CO,2,0,8,7,1,0.875,163215.91
Merchant_B,dLocal,wallet,CO,2,1,2,2,0,1.0,165486.32
Merchant_B,dLocal,wallet,CO,2,2,9,8,1,0.8889,165725.41
Merchant_B,dLocal,wallet,CO,2,3,1,1,0,1.0,127382.11
Merchant_B,dLocal,wallet,CO,2,4,3,3,0,1.0,66052.8
Merchant_B,dLocal,wallet,CO,2,5,10,9,1,0.9,108122.45
Merchant_B,dLocal,wallet,CO,2,6,14,13,1,0.9286,120487.88
Merchant_B,dLocal,wallet,CO,2,7,37,36,1,0.973,112728.57
Merchant_B,dLocal,wallet,CO,2,8,42,37,5,0.881,127104.85
Merchant_B,dLocal,wallet,CO,2,9,48,41,7,0.8542,109140.2
Merchant_B,dLocal,wallet,CO,2,10,64,60,4,0.9375,120616.51
Merchant_B,dLocal,wallet,CO,2,11,84,75,9,0.8929,121226.66
Merchant_B,dLocal,wallet,CO,2,12,89,79,10,0.8876,117658.33
Merchant_B,dLocal,wallet,CO,2,13,64,52,12,0.8125,112021.15
Merchant_B,dLocal,wallet,CO,2,14,75,66,9,0.88,121475.36
Merchant_B,dLocal,wallet,CO,2,15,61,57,4,0.9344,120408.85
Merchant_B,dLocal,wallet,CO,2,16,47,47,0,1.0,125194.2
Merchant_B,dLocal,wallet,CO,2,17,61,58,3,0.9508,121667.92
Merchant_B,dLocal,wallet,CO,2,18,50,46,4,0.92,125725.87
Merchant_B,dLocal,wallet,CO,2,19,51,44,7,0.8627,116911.29
Merchant_B,dLocal,wallet,CO,2,20,30,27,3,0.9,112554.48
Merchant_B,dLocal,wallet,CO,2,21,20,17,3,0.85,143075.24
Merchant_B,dLocal,wallet,CO,2,22,13,13,0,1.0,119952.39
Merchant_B,dLocal,wallet,CO,2,23,8,8,0,1.0,79036.74
Merchant_B,dLocal,wallet,CO,3,0,8,7,1,0.875,129499.74
Merchant_B,dLocal,wallet,CO,3,1,4,4,0,1.0,82074.93
Merchant_B,dLocal,wallet,CO,3,2,4,3,1,0.75,182851.04
Merchant_B,dLocal,wallet,CO,3,3,4,4,0,1.0,110327.27
Merchant_B,dLocal,wallet,CO,3,4,4,4,0,1.0,65342.88
Merchant_B,dLocal,wallet,CO,3,5,4,4,0,1.0,139593.08
Merchant_B,dLocal,wallet,CO,3,6,18,15,3,0.8333,117121.62
Merchant_B,dLocal,wallet,CO,3,7,34,32,2,0.9412,105371.42
Merchant_B,dLocal,wallet,CO,3,8,54,50,4,0.9259,112161.66
Merchant_B,dLocal,wallet,CO,3,9,59,53,6,0.8983,111891.16
Merchant_B,dLocal,wallet,CO,3,10,71,64,7,0.9014,112635.7
Merchant_B,dLocal,wallet,CO,3,11,68,59,9,0.8676,112379.14
Merchant_B,dLocal,wallet,CO,3,12,77,73,4,0.9481,129915.07
Merchant_B,dLocal,wallet,CO,3,13,83,78,5,0.9398,119567.39
Merchant_B,dLocal,wallet,CO,3,14,51,49,2,0.9608,103085.75
Merchant_B,dLocal,wallet,CO,3,15,62,50,12,0.8065,127310.83
Merchant_B,dLocal,wallet,CO,3,16,49,45,4,0.9184,115783.27
Merchant_B,dLocal,wallet,CO,3,17,60,53,7,0.8833,116545.97
Merchant_B,dLocal,wallet,CO,3,18,67,63,4,0.9403,118889.09
Merchant_B,dLocal,wallet,CO,3,19,35,34,1,0.9714,107219.93
Merchant_B,dLocal,wallet,CO,3,20,25,21,4,0.84,109358.84
Merchant_B,dLocal,wallet,CO,3,21,20,19,1,0.95,128431.3
Merchant_B,dLocal,wallet,CO,3,22,13,13,0,1.0,89946.28
Merchant_B,dLocal,wallet,CO,3,23,5,5,0,1.0,101799.84
Merchant_B,dLocal,wallet,CO,4,0,10,9,1,0.9,147419.32
Merchant_B,dLocal,wallet,CO,4,1,7,7,0,1.0,127822.38
Merchant_B,dLocal,wallet,CO,4,2,2,2,0,1.0,123462.72
Merchant_B,dLocal,wallet,CO,4,3,4,4,0,1.0,125970.57
Merchant_B,dLocal,wallet,CO,4,4,1,1,0,1.0,22762.92
Merchant_B,dLocal,wallet,CO,4,5,5,5,0,1.0,126845.14
Merchant_B,dLocal,wallet,CO,4,6,16,16,0,1.0,108389.22
Merchant_B,dLocal,wallet,CO,4,7,34,32,2,0.9412,110962.32
Merchant_B,dLocal,wallet,CO,4,8,53,48,5,0.9057,127668.4
Merchant_B,dLocal,wallet,CO,4,9,51,48,3,0.9412,120889.59
Merchant_B,dLocal,wallet,CO,4,10,69,65,4,0.942,137268.41
Merchant_B,dLocal,wallet,CO,4,11,76,71,5,0.9342,125950.07
Merchant_B,dLocal,wallet,CO,4,12,78,72,6,0.9231,118269.7
Merchant_B,dLocal,wallet,CO,4,13,64,61,3,0.9531,116232.73
Merchant_B,dLocal,wallet,CO,4,14,62,58,4,0.9355,124463.56
Merchant_B,dLocal,wallet,CO,4,15,60,56,4,0.9333,123956.45
Merchant_B,dLocal,wallet,CO,4,16,58,52,6,0.8966,125180.38
Merchant_B,dLocal,wallet,CO,4,17,62,56,6,0.9032,105883.79
Merchant_B,dLocal,wallet,CO,4,18,39,37,2,0.9487,120913.53
Merchant_B,dLocal,wallet,CO,4,19,31,29,2,0.9355,124187.38
Merchant_B,dLocal,wallet,CO,4,20,40,35,5,0.875,124729.94
Merchant_B,dLocal,wallet,CO,4,21,14,12,2,0.8571,126348.23
Merchant_B,dLocal,wallet,CO,4,22,5,5,0,1.0,121705.58
Merchant_B,dLocal,wallet,CO,4,23,4,3,1,0.75,103215.08
Merchant_B,dLocal,wallet,CO,5,0,2,2,0,1.0,150813.0
Merchant_B,dLocal,wallet,CO,5,1,1,1,0,1.0,168130.2
Merchant_B,dLocal,wallet,CO,5,2,1,1,0,1.0,124021.12
Merchant_B,dLocal,wallet,CO,5,3,3,3,0,1.0,92177.74
Merchant_B,dLocal,wallet,CO,5,4,5,4,1,0.8,84232.03
Merchant_B,dLocal,wallet,CO,5,5,9,9,0,1.0,133478.91
Merchant_B,dLocal,wallet,CO,5,6,21,20,1,0.9524,128677.69
Merchant_B,dLocal,wallet,CO,5,7,25,22,3,0.88,127908.09
Merchant_B,dLocal,wallet,CO,5,8,37,34,3,0.9189,119948.91
Merchant_B,dLocal,wallet,CO,5,9,53,50,3,0.9434,130023.13
Merchant_B,dLocal,wallet,CO,5,10,135,116,19,0.8593,134794.25
Merchant_B,dLocal,wallet,CO,5,11,63,55,8,0.873,123391.27
Merchant_B,dLocal,wallet,CO,5,12,73,66,7,0.9041,131467.44
Merchant_B,dLocal,wallet,CO,5,13,58,54,4,0.931,117311.36
Merchant_B,dLocal,wallet,CO,5,14,59,54,5,0.9153,112031.47
Merchant_B,dLocal,wallet,CO,5,15,64,56,8,0.875,117189.27
Merchant_B,dLocal,wallet,CO,5,16,45,43,2,0.9556,103563.4
Merchant_B,dLocal,wallet,CO,5,17,60,56,4,0.9333,134231.38
Merchant_B,dLocal,wallet,CO,5,18,41,39,2,0.9512,128451.71
Merchant_B,dLocal,wallet,CO,5,19,36,34,2,0.9444,121138.25
Merchant_B,dLocal,wallet,CO,5,20,15,12,3,0.8,133173.76
Merchant_B,dLocal,wallet,CO,5,21,15,14,1,0.9333,91270.41
Merchant_B,dLocal,wallet,CO,5,22,9,8,1,0.8889,122279.39
Merchant_B,dLocal,wallet,CO,5,23,10,9,1,0.9,117868.75
Merchant_B,dLocal,wallet,CO,6,0,3,3,0,1.0,122722.39
Merchant_B,dLocal,wallet,CO,6,1,2,2,0,1.0,220134.26
Merchant_B,dLocal,wallet,CO,6,2,3,3,0,1.0,173795.85
Merchant_B,dLocal,wallet,CO,6,3,4,4,0,1.0,145314.29
Merchant_B,dLocal,wallet,CO,6,4,5,5,0,1.0,168821.02
Merchant_B,dLocal,wallet,CO,6,5,6,6,0,1.0,117830.92
Merchant_B,dLocal,wallet,CO,6,6,12,12,0,1.0,117830.8
Merchant_B,dLocal,wallet,CO,6,7,31,29,2,0.9355,120216.91
Merchant_B,dLocal,wallet,CO,6,8,45,41,4,0.9111,126451.65
Merchant_B,dLocal,wallet,CO,6,9,47,45,2,0.9574,124432.87
Merchant_B,dLocal,wallet,CO,6,10,73,68,5,0.9315,122721.54
Merchant_B,dLocal,wallet,CO,6,11,55,51,4,0.9273,125878.55
Merchant_B,dLocal,wallet,CO,6,12,61,54,7,0.8852,119777.16
Merchant_B,dLocal,wallet,CO,6,13,54,52,2,0.963,126195.79
Merchant_B,dLocal,wallet,CO,6,14,50,47,3,0.94,129748.79
Merchant_B,dLocal,wallet,CO,6,15,46,43,3,0.9348,117855.44
Merchant_B,dLocal,wallet,CO,6,16,53,48,5,0.9057,112957.43
Merchant_B,dLocal,wallet,CO,6,17,54,50,4,0.9259,124832.09
Merchant_B,dLocal,wallet,CO,6,18,52,45,7,0.8654,119819.1
Merchant_B,dLocal,wallet,CO,6,19,39,38,1,0.9744,106988.62
Merchant_B,dLocal,wallet,CO,6,20,17,17,0,1.0,110990.65
Merchant_B,dLocal,wallet,CO,6,21,15,15,0,1.0,127179.21
Merchant_B,dLocal,wallet,CO,6,22,13,12,1,0.9231,164568.78
Merchant_B,dLocal,wallet,CO,6,23,4,4,0,1.0,167373.68
Merchant_B,dLocal,wallet,MX,0,0,9,9,0,1.0,1087.15
Merchant_B,dLocal,wallet,MX,0,1,2,2,0,1.0,1103.31
Merchant_B,dLocal,wallet,MX,0,2,1,1,0,1.0,1243.51
Merchant_B,dLocal,wallet,MX,0,3,1,1,0,1.0,1016.28
Merchant_B,dLocal,wallet,MX,0,4,3,3,0,1.0,1219.74
Merchant_B,dLocal,wallet,MX,0,5,6,6,0,1.0,668.89
Merchant_B,dLocal,wallet,MX,0,6,8,8,0,1.0,907.92
Merchant_B,dLocal,wallet,MX,0,7,21,20,1,0.9524,940.68
Merchant_B,dLocal,wallet,MX,0,8,44,36,8,0.8182,902.88
Merchant_B,dLocal,wallet,MX,0,9,46,40,6,0.8696,926.85
Merchant_B,dLocal,wallet,MX,0,10,58,51,7,0.8793,872.12
Merchant_B,dLocal,wallet,MX,0,11,73,69,4,0.9452,857.31
Merchant_B,dLocal,wallet,MX,0,12,65,56,9,0.8615,937.41
Merchant_B,dLocal,wallet,MX,0,13,45,39,6,0.8667,922.73
Merchant_B,dLocal,wallet,MX,0,14,63,60,3,0.9524,934.66
Merchant_B,dLocal,wallet,MX,0,15,51,46,5,0.902,921.64
Merchant_B,dLocal,wallet,MX,0,16,44,40,4,0.9091,942.75
Merchant_B,dLocal,wallet,MX,0,17,46,42,4,0.913,936.57
Merchant_B,dLocal,wallet,MX,0,18,36,32,4,0.8889,943.97
Merchant_B,dLocal,wallet,MX,0,19,41,36,5,0.878,818.98
Merchant_B,dLocal,wallet,MX,0,20,22,21,1,0.9545,864.34
Merchant_B,dLocal,wallet,MX,0,21,13,11,2,0.8462,797.94
Merchant_B,dLocal,wallet,MX,0,22,10,8,2,0.8,940.91
Merchant_B,dLocal,wallet,MX,0,23,5,5,0,1.0,695.82
Merchant_B,dLocal,wallet,MX,1,0,12,12,0,1.0,1027.67
Merchant_B,dLocal,wallet,MX,1,1,2,2,0,1.0,708.57
Merchant_B,dLocal,wallet,MX,1,2,2,2,0,1.0,961.78
Merchant_B,dLocal,wallet,MX,1,3,2,2,0,1.0,499.42
Merchant_B,dLocal,wallet,MX,1,4,2,2,0,1.0,791.12
Merchant_B,dLocal,wallet,MX,1,5,4,4,0,1.0,1410.2
Merchant_B,dLocal,wallet,MX,1,6,15,15,0,1.0,780.08
Merchant_B,dLocal,wallet,MX,1,7,29,27,2,0.931,1035.16
Merchant_B,dLocal,wallet,MX,1,8,37,31,6,0.8378,839.5
Merchant_B,dLocal,wallet,MX,1,9,52,49,3,0.9423,851.07
Merchant_B,dLocal,wallet,MX,1,10,84,78,6,0.9286,863.34
Merchant_B,dLocal,wallet,MX,1,11,75,68,7,0.9067,927.84
Merchant_B,dLocal,wallet,MX,1,12,80,76,4,0.95,890.59
Merchant_B,dLocal,wallet,MX,1,13,85,78,7,0.9176,881.93
Merchant_B,dLocal,wallet,MX,1,14,63,52,11,0.8254,875.28
Merchant_B,dLocal,wallet,MX,1,15,50,46,4,0.92,916.58
Merchant_B,dLocal,wallet,MX,1,16,56,53,3,0.9464,965.63
Merchant_B,dLocal,wallet,MX,1,17,61,59,2,0.9672,952.23
Merchant_B,dLocal,wallet,MX,1,18,45,40,5,0.8889,899.13
Merchant_B,dLocal,wallet,MX,1,19,33,30,3,0.9091,838.28
Merchant_B,dLocal,wallet,MX,1,20,25,23,2,0.92,822.43
Merchant_B,dLocal,wallet,MX,1,21,17,13,4,0.7647,905.8
Merchant_B,dLocal,wallet,MX,1,22,12,12,0,1.0,910.41
Merchant_B,dLocal,wallet,MX,1,23,7,7,0,1.0,1036.49
Merchant_B,dLocal,wallet,MX,2,0,14,12,2,0.8571,887.09
Merchant_B,dLocal,wallet,MX,2,1,4,4,0,1.0,606.06
Merchant_B,dLocal,wallet,MX,2,2,3,3,0,1.0,498.69
Merchant_B,dLocal,wallet,MX,2,3,3,3,0,1.0,1280.79
Merchant_B,dLocal,wallet,MX,2,4,3,3,0,1.0,1135.61
Merchant_B,dLocal,wallet,MX,2,5,4,3,1,0.75,1091.42
Merchant_B,dLocal,wallet,MX,2,6,17,16,1,0.9412,1098.83
Merchant_B,dLocal,wallet,MX,2,7,37,33,4,0.8919,797.25
Merchant_B,dLocal,wallet,MX,2,8,40,38,2,0.95,842.19
Merchant_B,dLocal,wallet,MX,2,9,59,52,7,0.8814,932.62
Merchant_B,dLocal,wallet,MX,2,10,57,54,3,0.9474,889.02
Merchant_B,dLocal,wallet,MX,2,11,81,75,6,0.9259,880.91
Merchant_B,dLocal,wallet,MX,2,12,68,65,3,0.9559,820.9
Merchant_B,dLocal,wallet,MX,2,13,68,64,4,0.9412,905.2
Merchant_B,dLocal,wallet,MX,2,14,74,69,5,0.9324,860.82
Merchant_B,dLocal,wallet,MX,2,15,61,58,3,0.9508,912.63
Merchant_B,dLocal,wallet,MX,2,16,50,47,3,0.94,894.76
Merchant_B,dLocal,wallet,MX,2,17,59,53,6,0.8983,948.17
Merchant_B,dLocal,wallet,MX,2,18,48,46,2,0.9583,783.64
Merchant_B,dLocal,wallet,MX,2,19,50,42,8,0.84,872.86
Merchant_B,dLocal,wallet,MX,2,20,24,21,3,0.875,869.7
Merchant_B,dLocal,wallet,MX,2,21,10,10,0,1.0,814.64
Merchant_B,dLocal,wallet,MX,2,22,9,9,0,1.0,1143.96
Merchant_B,dLocal,wallet,MX,2,23,4,3,1,0.75,1123.09
Merchant_B,dLocal,wallet,MX,3,0,12,11,1,0.9167,1085.23
Merchant_B,dLocal,wallet,MX,3,1,4,4,0,1.0,979.88
Merchant_B,dLocal,wallet,MX,3,2,3,3,0,1.0,789.33
Merchant_B,dLocal,wallet,MX,3,3,1,1,0,1.0,925.76
Merchant_B,dLocal,wallet,MX,3,4,3,3,0,1.0,999.98
Merchant_B,dLocal,wallet,MX,3,5,6,4,2,0.6667,926.81
Merchant_B,dLocal,wallet,MX,3,6,12,11,1,0.9167,935.95
Merchant_B,dLocal,wallet,MX,3,7,23,22,1,0.9565,932.01
Merchant_B,dLocal,wallet,MX,3,8,29,27,2,0.931,874.28
Merchant_B,dLocal,wallet,MX,3,9,53,51,2,0.9623,969.57
Merchant_B,dLocal,wallet,MX,3,10,63,60,3,0.9524,856.36
Merchant_B,dLocal,wallet,MX,3,11,66,60,6,0.9091,773.86
Merchant_B,dLocal,wallet,MX,3,12,68,61,7,0.8971,986.55
Merchant_B,dLocal,wallet,MX,3,13,72,66,6,0.9167,979.43
Merchant_B,dLocal,wallet,MX,3,14,64,58,6,0.9062,868.37
Merchant_B,dLocal,wallet,MX,3,15,61,55,6,0.9016,969.15
Merchant_B,dLocal,wallet,MX,3,16,63,56,7,0.8889,872.31
Merchant_B,dLocal,wallet,MX,3,17,58,55,3,0.9483,917.6
Merchant_B,dLocal,wallet,MX,3,18,38,35,3,0.9211,873.22
Merchant_B,dLocal,wallet,MX,3,19,45,42,3,0.9333,987.24
Merchant_B,dLocal,wallet,MX,3,20,25,24,1,0.96,889.63
Merchant_B,dLocal,wallet,MX,3,21,15,15,0,1.0,785.25
Merchant_B,dLocal,wallet,MX,3,22,3,3,0,1.0,684.48
Merchant_B,dLocal,wallet,MX,3,23,2,2,0,1.0,1276.3
Merchant_B,dLocal,wallet,MX,4,0,10,9,1,0.9,1308.23
Merchant_B,dLocal,wallet,MX,4,1,3,3,0,1.0,1416.11
Merchant_B,dLocal,wallet,MX,4,2,4,4,0,1.0,777.24
Merchant_B,dLocal,wallet,MX,4,3,2,2,0,1.0,854.47
Merchant_B,dLocal,wallet,MX,4,4,8,8,0,1.0,1201.35
Merchant_B,dLocal,wallet,MX,4,5,7,6,1,0.8571,854.64
Merchant_B,dLocal,wallet,MX,4,6,15,14,1,0.9333,965.26
Merchant_B,dLocal,wallet,MX,4,7,26,25,1,0.9615,893.51
Merchant_B,dLocal,wallet,MX,4,8,46,46,0,1.0,810.28
Merchant_B,dLocal,wallet,MX,4,9,55,52,3,0.9455,1001.35
Merchant_B,dLocal,wallet,MX,4,10,60,56,4,0.9333,890.41
Merchant_B,dLocal,wallet,MX,4,11,73,68,5,0.9315,943.07
Merchant_B,dLocal,wallet,MX,4,12,76,68,8,0.8947,938.03
Merchant_B,dLocal,wallet,MX,4,13,80,72,8,0.9,944.92
Merchant_B,dLocal,wallet,MX,4,14,51,46,5,0.902,839.98
Merchant_B,dLocal,wallet,MX,4,15,71,66,5,0.9296,964.84
Merchant_B,dLocal,wallet,MX,4,16,60,55,5,0.9167,978.37
Merchant_B,dLocal,wallet,MX,4,17,55,49,6,0.8909,1003.62
Merchant_B,dLocal,wallet,MX,4,18,46,43,3,0.9348,888.49
Merchant_B,dLocal,wallet,MX,4,19,36,32,4,0.8889,806.29
Merchant_B,dLocal,wallet,MX,4,20,29,28,1,0.9655,954.93
Merchant_B,dLocal,wallet,MX,4,21,19,18,1,0.9474,947.92
Merchant_B,dLocal,wallet,MX,4,22,5,4,1,0.8,1314.75
Merchant_B,dLocal,wallet,MX,4,23,6,5,1,0.8333,1561.94
Merchant_B,dLocal,wallet,MX,5,0,12,10,2,0.8333,918.39
Merchant_B,dLocal,wallet,MX,5,1,7,7,0,1.0,1044.84
Merchant_B,dLocal,wallet,MX,5,2,4,3,1,0.75,767.9
Merchant_B,dLocal,wallet,MX,5,3,4,4,0,1.0,1151.65
Merchant_B,dLocal,wallet,MX,5,4,1,1,0,1.0,90.0
Merchant_B,dLocal,wallet,MX,5,5,9,9,0,1.0,1148.64
Merchant_B,dLocal,wallet,MX,5,6,9,8,1,0.8889,1174.66
Merchant_B,dLocal,wallet,MX,5,7,28,25,3,0.8929,851.87
Merchant_B,dLocal,wallet,MX,5,8,44,41,3,0.9318,814.91
Merchant_B,dLocal,wallet,MX,5,9,68,64,4,0.9412,911.12
Merchant_B,dLocal,wallet,MX,5,10,125,121,4,0.968,915.53
Merchant_B,dLocal,wallet,MX,5,11,60,58,2,0.9667,846.31
Merchant_B,dLocal,wallet,MX,5,12,71,64,7,0.9014,929.92
Merchant_B,dLocal,wallet,MX,5,13,55,54,1,0.9818,915.69
Merchant_B,dLocal,wallet,MX,5,14,59,58,1,0.9831,971.46
Merchant_B,dLocal,wallet,MX,5,15,62,59,3,0.9516,903.56
Merchant_B,dLocal,wallet,MX,5,16,48,43,5,0.8958,869.95
Merchant_B,dLocal,wallet,MX,5,17,50,44,6,0.88,839.81
Merchant_B,dLocal,wallet,MX,5,18,49,47,2,0.9592,910.98
Merchant_B,dLocal,wallet,MX,5,19,33,31,2,0.9394,1035.52
Merchant_B,dLocal,wallet,MX,5,20,28,26,2,0.9286,993.17
Merchant_B,dLocal,wallet,MX,5,21,15,13,2,0.8667,970.27
Merchant_B,dLocal,wallet,MX,5,22,4,4,0,1.0,896.67
Merchant_B,dLocal,wallet,MX,5,23,3,3,0,1.0,1106.29
Merchant_B,dLocal,wallet,MX,6,0,4,4,0,1.0,460.81
Merchant_B,dLocal,wallet,MX,6,1,5,5,0,1.0,1006.88
Merchant_B,dLocal,wallet,MX,6,2,1,1,0,1.0,1582.31
Merchant_B,dLocal,wallet,MX,6,4,3,3,0,1.0,1103.5
Merchant_B,dLocal,wallet,MX,6,5,7,6,1,0.8571,798.78
Merchant_B,dLocal,wallet,MX,6,6,12,12,0,1.0,911.48
Merchant_B,dLocal,wallet,MX,6,7,22,18,4,0.8182,979.26
Merchant_B,dLocal,wallet,MX,6,8,24,23,1,0.9583,841.74
Merchant_B,dLocal,wallet,MX,6,9,53,51,2,0.9623,959.27
Merchant_B,dLocal,wallet,MX,6,10,61,57,4,0.9344,974.72
Merchant_B,dLocal,wallet,MX,6,11,66,61,5,0.9242,945.36
Merchant_B,dLocal,wallet,MX,6,12,66,60,6,0.9091,859.19
Merchant_B,dLocal,wallet,MX,6,13,63,59,4,0.9365,859.83
Merchant_B,dLocal,wallet,MX,6,14,45,40,5,0.8889,963.3
Merchant_B,dLocal,wallet,MX,6,15,71,65,6,0.9155,907.11
Merchant_B,dLocal,wallet,MX,6,16,39,37,2,0.9487,852.46
Merchant_B,dLocal,wallet,MX,6,17,43,40,3,0.9302,877.62
Merchant_B,dLocal,wallet,MX,6,18,52,44,8,0.8462,921.06
Merchant_B,dLocal,wallet,MX,6,19,40,36,4,0.9,925.16
Merchant_B,dLocal,wallet,MX,6,20,17,16,1,0.9412,1013.25
Merchant_B,dLocal,wallet,MX,6,21,16,14,2,0.875,811.67
Merchant_B,dLocal,wallet,MX,6,22,6,5,1,0.8333,924.07
Merchant_B,dLocal,wallet,MX,6,23,1,0,1,0.0,211.38
Merchant_C,Adyen,PIX,BR,0,0,5,5,0,1.0,197.52
Merchant_C,Adyen,PIX,BR,0,1,7,7,0,1.0,255.1
Merchant_C,Adyen,PIX,BR,0,2,1,1,0,1.0,262.22
Merchant_C,Adyen,PIX,BR,0,3,1,1,0,1.0,181.51
Merchant_C,Adyen,PIX,BR,0,4,1,1,0,1.0,67.1
Merchant_C,Adyen,PIX,BR,0,5,3,3,0,1.0,171.83
Merchant_C,Adyen,PIX,BR,0,6,11,11,0,1.0,280.01
Merchant_C,Adyen,PIX,BR,0,7,16,16,0,1.0,331.03
Merchant_C,Adyen,PIX,BR,0,8,49,45,4,0.9184,278.66
Merchant_C,Adyen,PIX,BR,0,9,45,44,1,0.9778,327.55
Merchant_C,Adyen,PIX,BR,0,10,62,55,7,0.8871,252.64
Merchant_C,Adyen,PIX,BR,0,11,45,39,6,0.8667,290.45
Merchant_C,Adyen,PIX,BR,0,12,70,66,4,0.9429,238.54
Merchant_C,Adyen,PIX,BR,0,13,55,55,0,1.0,327.1
Merchant_C,Adyen,PIX,BR,0,14,56,54,2,0.9643,267.56
Merchant_C,Adyen,PIX,BR,0,15,63,60,3,0.9524,261.33
Merchant_C,Adyen,PIX,BR,0,16,66,61,5,0.9242,274.37
Merchant_C,Adyen,PIX,BR,0,17,44,43,1,0.9773,255.1
Merchant_C,Adyen,PIX,BR,0,18,49,49,0,1.0,280.07
Merchant_C,Adyen,PIX,BR,0,19,38,38,0,1.0,259.95
Merchant_C,Adyen,PIX,BR,0,20,25,25,0,1.0,256.95
Merchant_C,Adyen,PIX,BR,0,21,22,20,2,0.9091,281.64
Merchant_C,Adyen,PIX,BR,0,22,9,9,0,1.0,253.9
Merchant_C,Adyen,PIX,BR,0,23,4,4,0,1.0,313.34
Merchant_C,Adyen,PIX,BR,1,0,11,11,0,1.0,281.37
Merchant_C,Adyen,PIX,BR,1,1,4,4,0,1.0,322.38
Merchant_C,Adyen,PIX,BR,1,2,1,1,0,1.0,170.23
Merchant_C,Adyen,PIX,BR,1,3,5,4,1,0.8,369.68
Merchant_C,Adyen,PIX,BR,1,4,6,6,0,1.0,216.99
Merchant_C,Adyen,PIX,BR,1,5,6,5,1,0.8333,347.08
Merchant_C,Adyen,PIX,BR,1,6,11,9,2,0.8182,195.51
Merchant_C,Adyen,PIX,BR,1,7,20,19,1,0.95,274.23
Merchant_C,Adyen,PIX,BR,1,8,34,33,1,0.9706,296.14
Merchant_C,Adyen,PIX,BR,1,9,53,51,2,0.9623,287.0
Merchant_C,Adyen,PIX,BR,1,10,90,83,7,0.9222,276.64
Merchant_C,Adyen,PIX,BR,1,11,75,72,3,0.96,276.21
Merchant_C,Adyen,PIX,BR,1,12,87,84,3,0.9655,271.56
Merchant_C,Adyen,PIX,BR,1,13,74,72,2,0.973,277.05
Merchant_C,Adyen,PIX,BR,1,14,65,63,2,0.9692,301.74
Merchant_C,Adyen,PIX,BR,1,15,70,66,4,0.9429,274.9
Merchant_C,Adyen,PIX,BR,1,16,53,49,4,0.9245,263.8
Merchant_C,Adyen,PIX,BR,1,17,55,52,3,0.9455,297.56
Merchant_C,Adyen,PIX,BR,1,18,53,49,4,0.9245,277.09
Merchant_C,Adyen,PIX,BR,1,19,49,48,1,0.9796,234.55
Merchant_C,Adyen,PIX,BR,1,20,20,19,1,0.95,260.53
Merchant_C,Adyen,PIX,BR,1,21,12,11,1,0.9167,304.67
Merchant_C,Adyen,PIX,BR,1,22,13,12,1,0.9231,295.09
Merchant_C,Adyen,PIX,BR,1,23,8,8,0,1.0,301.69
Merchant_C,Adyen,PIX,BR,2,0,2,2,0,1.0,211.3
Merchant_C,Adyen,PIX,BR,2,1,4,4,0,1.0,316.21
Merchant_C,Adyen,PIX,BR,2,2,1,1,0,1.0,419.53
Merchant_C,Adyen,PIX,BR,2,3,4,3,1,0.75,259.43
Merchant_C,Adyen,PIX,BR,2,4,8,8,0,1.0,263.29
Merchant_C,Adyen,PIX,BR,2,5,12,10,2,0.8333,304.52
Merchant_C,Adyen,PIX,BR,2,6,15,14,1,0.9333,229.2
Merchant_C,Adyen,PIX,BR,2,7,35,34,1,0.9714,276.04
Merchant_C,Adyen,PIX,BR,2,8,42,41,1,0.9762,258.96
Merchant_C,Adyen,PIX,BR,2,9,52,48,4,0.9231,271.8
Merchant_C,Adyen,PIX,BR,2,10,75,69,6,0.92,255.74
Merchant_C,Adyen,PIX,BR,2,11,63,59,4,0.9365,296.19
Merchant_C,Adyen,PIX,BR,2,12,74,69,5,0.9324,297.55
Merchant_C,Adyen,PIX,BR,2,13,74,72,2,0.973,297.17
Merchant_C,Adyen,PIX,BR,2,14,56,53,3,0.9464,282.26
Merchant_C,Adyen,PIX,BR,2,15,67,65,2,0.9701,270.12
Merchant_C,Adyen,PIX,BR,2,16,47,43,4,0.9149,279.51
Merchant_C,Adyen,PIX,BR,2,17,67,63,4,0.9403,309.94
Merchant_C,Adyen,PIX,BR,2,18,54,51,3,0.9444,313.04
Merchant_C,Adyen,PIX,BR,2,19,40,38,2,0.95,266.59
Merchant_C,Adyen,PIX,BR,2,20,29,29,0,1.0,315.79
Merchant_C,Adyen,PIX,BR,2,21,12,10,2,0.8333,272.62
Merchant_C,Adyen,PIX,BR,2,22,13,12,1,0.9231,338.26
Merchant_C,Adyen,PIX,BR,2,23,7,7,0,1.0,246.27
Merchant_C,Adyen,PIX,BR,3,0,8,8,0,1.0,290.58
Merchant_C,Adyen,PIX,BR,3,1,1,1,0,1.0,323.47
Merchant_C,Adyen,PIX,BR,3,2,2,2,0,1.0,457.58
Merchant_C,Adyen,PIX,BR,3,3,1,1,0,1.0,397.1
Merchant_C,Adyen,PIX,BR,3,5,4,3,1,0.75,329.24
Merchant_C,Adyen,PIX,BR,3,6,16,16,0,1.0,277.63
Merchant_C,Adyen,PIX,BR,3,7,24,21,3,0.875,274.4
Merchant_C,Adyen,PIX,BR,3,8,50,45,5,0.9,273.97
Merchant_C,Adyen,PIX,BR,3,9,47,44,3,0.9362,298.99
Merchant_C,Adyen,PIX,BR,3,10,65,63,2,0.9692,297.92
Merchant_C,Adyen,PIX,BR,3,11,56,51,5,0.9107,288.59
Merchant_C,Adyen,PIX,BR,3,12,73,69,4,0.9452,283.24
Merchant_C,Adyen,PIX,BR,3,13,84,78,6,0.9286,305.92
Merchant_C,Adyen,PIX,BR,3,14,46,43,3,0.9348,324.4
Merchant_C,Adyen,PIX,BR,3,15,62,59,3,0.9516,272.4
Merchant_C,Adyen,PIX,BR,3,16,51,50,1,0.9804,271.57
Merchant_C,Adyen,PIX,BR,3,17,50,47,3,0.94,303.55
Merchant_C,Adyen,PIX,BR,3,18,51,51,0,1.0,284.19
Merchant_C,Adyen,PIX,BR,3,19,50,48,2,0.96,294.25
Merchant_C,Adyen,PIX,BR,3,20,28,28,0,1.0,250.99
Merchant_C,Adyen,PIX,BR,3,21,13,13,0,1.0,322.2
Merchant_C,Adyen,PIX,BR,3,22,12,12,0,1.0,269.86
Merchant_C,Adyen,PIX,BR,3,23,5,5,0,1.0,333.2
Merchant_C,Adyen,PIX,BR,4,0,10,9,1,0.9,280.84
Merchant_C,Adyen,PIX,BR,4,1,2,2,0,1.0,172.8
Merchant_C,Adyen,PIX,BR,4,2,4,4,0,1.0,191.46
Merchant_C,Adyen,PIX,BR,4,3,2,2,0,1.0,136.2
Merchant_C,Adyen,PIX,BR,4,4,5,4,1,0.8,281.77
Merchant_C,Adyen,PIX,BR,4,5,11,11,0,1.0,294.07
Merchant_C,Adyen,PIX,BR,4,6,16,16,0,1.0,286.04
Merchant_C,Adyen,PIX,BR,4,7,30,28,2,0.9333,250.8
Merchant_C,Adyen,PIX,BR,4,8,46,45,1,0.9783,262.73
Merchant_C,Adyen,PIX,BR,4,9,72,69,3,0.9583,269.21
Merchant_C,Adyen,PIX,BR,4,10,45,43,2,0.9556,296.41
Merchant_C,Adyen,PIX,BR,4,11,67,63,4,0.9403,277.24
Merchant_C,Adyen,PIX,BR,4,12,86,83,3,0.9651,289.01
Merchant_C,Adyen,PIX,BR,4,13,63,62,1,0.9841,274.96
Merchant_C,Adyen,PIX,BR,4,14,79,76,3,0.962,279.1
Merchant_C,Adyen,PIX,BR,4,15,69,63,6,0.913,285.52
Merchant_C,Adyen,PIX,BR,4,16,61,59,2,0.9672,264.74
Merchant_C,Adyen,PIX,BR,4,17,49,45,4,0.9184,250.31
Merchant_C,Adyen,PIX,BR,4,18,46,40,6,0.8696,308.25
Merchant_C,Adyen,PIX,BR,4,19,42,37,5,0.881,235.49
Merchant_C,Adyen,PIX,BR,4,20,22,22,0,1.0,261.71
Merchant_C,Adyen,PIX,BR,4,21,13,13,0,1.0,305.32
Merchant_C,Adyen,PIX,BR,4,22,7,7,0,1.0,295.4
Merchant_C,Adyen,PIX,BR,4,23,4,4,0,1.0,175.94
Merchant_C,Adyen,PIX,BR,5,0,6,6,0,1.0,279.08
Merchant_C,Adyen,PIX,BR,5,1,3,3,0,1.0,528.44
Merchant_C,Adyen,PIX,BR,5,2,2,2,0,1.0,250.26
Merchant_C,Adyen,PIX,BR,5,4,5,4,1,0.8,379.36
Merchant_C,Adyen,PIX,BR,5,5,7,7,0,1.0,274.69
Merchant_C,Adyen,PIX,BR,5,6,12,10,2,0.8333,298.29
Merchant_C,Adyen,PIX,BR,5,7,29,26,3,0.8966,288.74
Merchant_C,Adyen,PIX,BR,5,8,39,37,2,0.9487,303.06
Merchant_C,Adyen,PIX,BR,5,9,49,48,1,0.9796,242.34
Merchant_C,Adyen,PIX,BR,5,10,125,116,9,0.928,300.58
Merchant_C,Adyen,PIX,BR,5,11,53,52,1,0.9811,291.11
Merchant_C,Adyen,PIX,BR,5,12,81,77,4,0.9506,317.95
Merchant_C,Adyen,PIX,BR,5,13,58,55,3,0.9483,262.47
Merchant_C,Adyen,PIX,BR,5,14,50,50,0,1.0,268.34
Merchant_C,Adyen,PIX,BR,5,15,61,58,3,0.9508,245.61
Merchant_C,Adyen,PIX,BR,5,16,47,43,4,0.9149,275.93
Merchant_C,Adyen,PIX,BR,5,17,49,48,1,0.9796,253.27
Merchant_C,Adyen,PIX,BR,5,18,47,45,2,0.9574,326.92
Merchant_C,Adyen,PIX,BR,5,19,29,25,4,0.8621,236.31
Merchant_C,Adyen,PIX,BR,5,20,26,24,2,0.9231,258.96
Merchant_C,Adyen,PIX,BR,5,21,14,13,1,0.9286,239.54
Merchant_C,Adyen,PIX,BR,5,22,14,12,2,0.8571,233.38
Merchant_C,Adyen,PIX,BR,5,23,5,5,0,1.0,355.15
Merchant_C,Adyen,PIX,BR,6,0,10,10,0,1.0,343.14
Merchant_C,Adyen,PIX,BR,6,1,6,6,0,1.0,353.53
Merchant_C,Adyen,PIX,BR,6,2,2,2,0,1.0,412.38
Merchant_C,Adyen,PIX,BR,6,3,2,2,0,1.0,227.23
Merchant_C,Adyen,PIX,BR,6,4,2,2,0,1.0,183.96
Merchant_C,Adyen,PIX,BR,6,5,5,5,0,1.0,205.44
Merchant_C,Adyen,PIX,BR,6,6,7,7,0,1.0,289.01
Merchant_C,Adyen,PIX,BR,6,7,23,22,1,0.9565,276.28
Merchant_C,Adyen,PIX,BR,6,8,47,46,1,0.9787,242.52
Merchant_C,Adyen,PIX,BR,6,9,56,53,3,0.9464,297.21
Merchant_C,Adyen,PIX,BR,6,10,61,54,7,0.8852,284.11
Merchant_C,Adyen,PIX,BR,6,11,60,57,3,0.95,274.26
Merchant_C,Adyen,PIX,BR,6,12,45,44,1,0.9778,260.03
Merchant_C,Adyen,PIX,BR,6,13,72,64,8,0.8889,267.98
Merchant_C,Adyen,PIX,BR,6,14,48,46,2,0.9583,240.03
Merchant_C,Adyen,PIX,BR,6,15,48,46,2,0.9583,266.8
Merchant_C,Adyen,PIX,BR,6,16,62,61,1,0.9839,296.43
Merchant_C,Adyen,PIX,BR,6,17,37,37,0,1.0,281.83
Merchant_C,Adyen,PIX,BR,6,18,48,47,1,0.9792,288.33
Merchant_C,Adyen,PIX,BR,6,19,29,27,2,0.931,227.89
Merchant_C,Adyen,PIX,BR,6,20,25,25,0,1.0,232.54
Merchant_C,Adyen,PIX,BR,6,21,15,15,0,1.0,287.55
Merchant_C,Adyen,PIX,BR,6,22,7,6,1,0.8571,359.48
Merchant_C,Adyen,PIX,BR,6,23,8,8,0,1.0,194.27
Merchant_C,Adyen,PSE,CO,0,0,8,7,1,0.875,126176.63
Merchant_C,Adyen,PSE,CO,0,1,3,2,1,0.6667,84831.78
Merchant_C,Adyen,PSE,CO,0,3,3,3,0,1.0,97423.35
Merchant_C,Adyen,PSE,CO,0,4,3,2,1,0.6667,123868.81
Merchant_C,Adyen,PSE,CO,0,5,4,4,0,1.0,118201.98
Merchant_C,Adyen,PSE,CO,0,6,19,17,2,0.8947,118618.23
Merchant_C,Adyen,PSE,CO,0,7,13,8,5,0.6154,127120.8
Merchant_C,Adyen,PSE,CO,0,8,37,32,5,0.8649,119339.23
Merchant_C,Adyen,PSE,CO,0,9,39,35,4,0.8974,132572.85
Merchant_C,Adyen,PSE,CO,0,10,50,44,6,0.88,110847.18
Merchant_C,Adyen,PSE,CO,0,11,57,49,8,0.8596,115815.4
Merchant_C,Adyen,PSE,CO,0,12,49,42,7,0.8571,116138.43
Merchant_C,Adyen,PSE,CO,0,13,54,50,4,0.9259,110036.53
Merchant_C,Adyen,PSE,CO,0,14,53,47,6,0.8868,135264.46
Merchant_C,Adyen,PSE,CO,0,15,64,44,20,0.6875,131153.63
Merchant_C,Adyen,PSE,CO,0,16,52,40,12,0.7692,129645.12
Merchant_C,Adyen,PSE,CO,0,17,51,43,8,0.8431,132573.28
Merchant_C,Adyen,PSE,CO,0,18,44,36,8,0.8182,102457.07
Merchant_C,Adyen,PSE,CO,0,19,50,41,9,0.82,145892.15
Merchant_C,Adyen,PSE,CO,0,20,18,16,2,0.8889,140002.88
Merchant_C,Adyen,PSE,CO,0,21,13,12,1,0.9231,150808.73
Merchant_C,Adyen,PSE,CO,0,22,8,7,1,0.875,110559.4
Merchant_C,Adyen,PSE,CO,0,23,3,2,1,0.6667,149003.54
Merchant_C,Adyen,PSE,CO,1,0,3,3,0,1.0,135714.96
Merchant_C,Adyen,PSE,CO,1,1,3,3,0,1.0,129823.27
Merchant_C,Adyen,PSE,CO,1,2,5,5,0,1.0,114774.36
Merchant_C,Adyen,PSE,CO,1,3,1,1,0,1.0,120239.7
Merchant_C,Adyen,PSE,CO,1,4,2,2,0,1.0,87422.82
Merchant_C,Adyen,PSE,CO,1,5,3,3,0,1.0,149020.62
Merchant_C,Adyen,PSE,CO,1,6,17,12,5,0.7059,130418.37
Merchant_C,Adyen,PSE,CO,1,7,26,22,4,0.8462,104301.62
Merchant_C,Adyen,PSE,CO,1,8,41,36,5,0.878,121210.36
Merchant_C,Adyen,PSE,CO,1,9,41,34,7,0.8293,126613.12
Merchant_C,Adyen,PSE,CO,1,10,71,62,9,0.8732,106281.73
Merchant_C,Adyen,PSE,CO,1,11,60,55,5,0.9167,114630.89
Merchant_C,Adyen,PSE,CO,1,12,85,72,13,0.8471,124776.41
Merchant_C,Adyen,PSE,CO,1,13,71,64,7,0.9014,128226.1
Merchant_C,Adyen,PSE,CO,1,14,62,53,9,0.8548,118388.16
Merchant_C,Adyen,PSE,CO,1,15,58,52,6,0.8966,109855.91
Merchant_C,Adyen,PSE,CO,1,16,43,36,7,0.8372,125350.59
Merchant_C,Adyen,PSE,CO,1,17,36,34,2,0.9444,116699.14
Merchant_C,Adyen,PSE,CO,1,18,46,41,5,0.8913,136126.75
Merchant_C,Adyen,PSE,CO,1,19,49,46,3,0.9388,123805.14
Merchant_C,Adyen,PSE,CO,1,20,31,28,3,0.9032,126483.26
Merchant_C,Adyen,PSE,CO,1,21,20,16,4,0.8,108330.44
Merchant_C,Adyen,PSE,CO,1,22,13,11,2,0.8462,102675.94
Merchant_C,Adyen,PSE,CO,1,23,10,9,1,0.9,130823.6
Merchant_C,Adyen,PSE,CO,2,0,9,7,2,0.7778,79502.46
Merchant_C,Adyen,PSE,CO,2,1,8,8,0,1.0,84881.84
Merchant_C,Adyen,PSE,CO,2,2,2,2,0,1.0,128859.06
Merchant_C,Adyen,PSE,CO,2,3,1,1,0,1.0,103861.28
Merchant_C,Adyen,PSE,CO,2,4,3,3,0,1.0,129234.28
Merchant_C,Adyen,PSE,CO,2,5,3,3,0,1.0,78128.78
Merchant_C,Adyen,PSE,CO,2,6,25,22,3,0.88,103178.17
Merchant_C,Adyen,PSE,CO,2,7,32,29,3,0.9062,108259.46
Merchant_C,Adyen,PSE,CO,2,8,52,48,4,0.9231,146970.16
Merchant_C,Adyen,PSE,CO,2,9,48,46,2,0.9583,118307.65
Merchant_C,Adyen,PSE,CO,2,10,54,47,7,0.8704,125372.91
Merchant_C,Adyen,PSE,CO,2,11,67,47,20,0.7015,121798.17
Merchant_C,Adyen,PSE,CO,2,12,86,74,12,0.8605,120887.81
Merchant_C,Adyen,PSE,CO,2,13,59,49,10,0.8305,118737.67
Merchant_C,Adyen,PSE,CO,2,14,68,58,10,0.8529,118085.72
Merchant_C,Adyen,PSE,CO,2,15,61,55,6,0.9016,130105.25
Merchant_C,Adyen,PSE,CO,2,16,46,43,3,0.9348,108501.87
Merchant_C,Adyen,PSE,CO,2,17,54,49,5,0.9074,139867.15
Merchant_C,Adyen,PSE,CO,2,18,46,41,5,0.8913,145033.9
Merchant_C,Adyen,PSE,CO,2,19,50,44,6,0.88,131837.63
Merchant_C,Adyen,PSE,CO,2,20,39,33,6,0.8462,122462.61
Merchant_C,Adyen,PSE,CO,2,21,21,16,5,0.7619,108774.86
Merchant_C,Adyen,PSE,CO,2,22,15,14,1,0.9333,113258.22
Merchant_C,Adyen,PSE,CO,2,23,8,6,2,0.75,136900.13
Merchant_C,Adyen,PSE,CO,3,0,8,7,1,0.875,154695.17
Merchant_C,Adyen,PSE,CO,3,1,7,7,0,1.0,88430.06
Merchant_C,Adyen,PSE,CO,3,2,1,1,0,1.0,96226.23
Merchant_C,Adyen,PSE,CO,3,3,1,0,1,0.0,137216.66
Merchant_C,Adyen,PSE,CO,3,4,6,5,1,0.8333,93548.27
Merchant_C,Adyen,PSE,CO,3,5,8,6,2,0.75,115367.8
Merchant_C,Adyen,PSE,CO,3,6,16,11,5,0.6875,121618.93
Merchant_C,Adyen,PSE,CO,3,7,31,28,3,0.9032,119270.34
Merchant_C,Adyen,PSE,CO,3,8,36,31,5,0.8611,130767.3
Merchant_C,Adyen,PSE,CO,3,9,55,49,6,0.8909,132022.4
Merchant_C,Adyen,PSE,CO,3,10,59,51,8,0.8644,123111.41
Merchant_C,Adyen,PSE,CO,3,11,68,55,13,0.8088,128989.75
Merchant_C,Adyen,PSE,CO,3,12,81,70,11,0.8642,117479.73
Merchant_C,Adyen,PSE,CO,3,13,56,50,6,0.8929,143142.62
Merchant_C,Adyen,PSE,CO,3,14,68,54,14,0.7941,114221.75
Merchant_C,Adyen,PSE,CO,3,15,58,51,7,0.8793,120777.5
Merchant_C,Adyen,PSE,CO,3,16,48,40,8,0.8333,140557.11
Merchant_C,Adyen,PSE,CO,3,17,57,50,7,0.8772,116763.54
Merchant_C,Adyen,PSE,CO,3,18,46,42,4,0.913,110693.71
Merchant_C,Adyen,PSE,CO,3,19,47,42,5,0.8936,125755.0
Merchant_C,Adyen,PSE,CO,3,20,32,31,1,0.9688,125277.83
Merchant_C,Adyen,PSE,CO,3,21,19,16,3,0.8421,98603.31
Merchant_C,Adyen,PSE,CO,3,22,9,8,1,0.8889,129477.02
Merchant_C,Adyen,PSE,CO,3,23,12,9,3,0.75,113221.62
Merchant_C,Adyen,PSE,CO,4,0,4,4,0,1.0,80257.88
Merchant_C,Adyen,PSE,CO,4,1,8,8,0,1.0,92576.92
Merchant_C,Adyen,PSE,CO,4,2,5,4,1,0.8,121727.78
Merchant_C,Adyen,PSE,CO,4,3,2,1,1,0.5,128132.95
Merchant_C,Adyen,PSE,CO,4,4,6,5,1,0.8333,125547.71
Merchant_C,Adyen,PSE,CO,4,5,3,2,1,0.6667,115780.43
Merchant_C,Adyen,PSE,CO,4,6,7,6,1,0.8571,203402.9
Merchant_C,Adyen,PSE,CO,4,7,32,25,7,0.7812,119385.99
Merchant_C,Adyen,PSE,CO,4,8,42,37,5,0.881,125748.98
Merchant_C,Adyen,PSE,CO,4,9,58,49,9,0.8448,117156.07
Merchant_C,Adyen,PSE,CO,4,10,64,56,8,0.875,129714.3
Merchant_C,Adyen,PSE,CO,4,11,70,61,9,0.8714,109341.24
Merchant_C,Adyen,PSE,CO,4,12,89,76,13,0.8539,117827.04
Merchant_C,Adyen,PSE,CO,4,13,70,62,8,0.8857,122661.1
Merchant_C,Adyen,PSE,CO,4,14,55,50,5,0.9091,125638.23
Merchant_C,Adyen,PSE,CO,4,15,77,69,8,0.8961,117793.92
Merchant_C,Adyen,PSE,CO,4,16,52,48,4,0.9231,102269.46
Merchant_C,Adyen,PSE,CO,4,17,69,61,8,0.8841,118901.44
Merchant_C,Adyen,PSE,CO,4,18,46,37,9,0.8043,135722.29
Merchant_C,Adyen,PSE,CO,4,19,48,43,5,0.8958,105136.59
Merchant_C,Adyen,PSE,CO,4,20,19,18,1,0.9474,140884.41
Merchant_C,Adyen,PSE,CO,4,21,20,17,3,0.85,109121.39
Merchant_C,Adyen,PSE,CO,4,22,9,9,0,1.0,96444.03
Merchant_C,Adyen,PSE,CO,4,23,7,5,2,0.7143,96347.1
Merchant_C,Adyen,PSE,CO,5,0,5,4,1,0.8,91236.87
Merchant_C,Adyen,PSE,CO,5,1,2,2,0,1.0,79408.05
Merchant_C,Adyen,PSE,CO,5,2,3,2,1,0.6667,104231.8
Merchant_C,Adyen,PSE,CO,5,3,2,1,1,0.5,72068.96
Merchant_C,Adyen,PSE,CO,5,4,1,0,1,0.0,203128.22
Merchant_C,Adyen,PSE,CO,5,5,7,6,1,0.8571,84430.8
Merchant_C,Adyen,PSE,CO,5,6,15,13,2,0.8667,93365.07
Merchant_C,Adyen,PSE,CO,5,7,20,19,1,0.95,124300.44
Merchant_C,Adyen,PSE,CO,5,8,31,27,4,0.871,126776.97
Merchant_C,Adyen,PSE,CO,5,9,59,48,11,0.8136,128908.59
Merchant_C,Adyen,PSE,CO,5,10,116,96,20,0.8276,114152.25
Merchant_C,Adyen,PSE,CO,5,11,63,58,5,0.9206,111481.64
Merchant_C,Adyen,PSE,CO,5,12,65,53,12,0.8154,118547.4
Merchant_C,Adyen,PSE,CO,5,13,70,60,10,0.8571,123827.73
Merchant_C,Adyen,PSE,CO,5,14,47,42,5,0.8936,112275.91
Merchant_C,Adyen,PSE,CO,5,15,70,57,13,0.8143,124110.46
Merchant_C,Adyen,PSE,CO,5,16,52,40,12,0.7692,99179.78
Merchant_C,Adyen,PSE,CO,5,17,40,36,4,0.9,120621.98
Merchant_C,Adyen,PSE,CO,5,18,40,33,7,0.825,103247.22
Merchant_C,Adyen,PSE,CO,5,19,43,42,1,0.9767,121824.15
Merchant_C,Adyen,PSE,CO,5,20,13,10,3,0.7692,132670.59
Merchant_C,Adyen,PSE,CO,5,21,15,14,1,0.9333,121752.77
Merchant_C,Adyen,PSE,CO,5,22,6,5,1,0.8333,91610.5
Merchant_C,Adyen,PSE,CO,5,23,4,4,0,1.0,83181.61
Merchant_C,Adyen,PSE,CO,6,0,4,4,0,1.0,113072.34
Merchant_C,Adyen,PSE,CO,6,2,3,3,0,1.0,101454.2
Merchant_C,Adyen,PSE,CO,6,3,1,1,0,1.0,94714.95
Merchant_C,Adyen,PSE,CO,6,4,2,1,1,0.5,152449.96
Merchant_C,Adyen,PSE,CO,6,5,4,3,1,0.75,48765.22
Merchant_C,Adyen,PSE,CO,6,6,12,9,3,0.75,125216.72
Merchant_C,Adyen,PSE,CO,6,7,24,21,3,0.875,94148.49
Merchant_C,Adyen,PSE,CO,6,8,33,27,6,0.8182,114210.24
Merchant_C,Adyen,PSE,CO,6,9,40,34,6,0.85,108902.14
Merchant_C,Adyen,PSE,CO,6,10,47,38,9,0.8085,123814.38
Merchant_C,Adyen,PSE,CO,6,11,72,59,13,0.8194,119659.95
Merchant_C,Adyen,PSE,CO,6,12,75,69,6,0.92,109371.09
Merchant_C,Adyen,PSE,CO,6,13,50,46,4,0.92,108607.08
Merchant_C,Adyen,PSE,CO,6,14,56,51,5,0.9107,126613.95
Merchant_C,Adyen,PSE,CO,6,15,48,42,6,0.875,138273.86
Merchant_C,Adyen,PSE,CO,6,16,56,50,6,0.8929,114056.39
Merchant_C,Adyen,PSE,CO,6,17,43,35,8,0.814,118093.9
Merchant_C,Adyen,PSE,CO,6,18,48,45,3,0.9375,125591.86
Merchant_C,Adyen,PSE,CO,6,19,33,30,3,0.9091,126661.86
Merchant_C,Adyen,PSE,CO,6,20,26,24,2,0.9231,105938.85
Merchant_C,Adyen,PSE,CO,6,21,9,6,3,0.6667,100041.93
Merchant_C,Adyen,PSE,CO,6,22,9,7,2,0.7778,129186.47
Merchant_C,Adyen,PSE,CO,6,23,5,5,0,1.0,128653.46
Merchant_C,Adyen,card,BR,0,0,6,5,1,0.8333,231.56
Merchant_C,Adyen,card,BR,0,1,1,1,0,1.0,300.22
Merchant_C,Adyen,card,BR,0,2,3,3,0,1.0,197.55
Merchant_C,Adyen,card,BR,0,3,1,1,0,1.0,212.4
Merchant_C,Adyen,card,BR,0,4,3,3,0,1.0,460.18
Merchant_C,Adyen,card,BR,0,5,5,4,1,0.8,282.29
Merchant_C,Adyen,card,BR,0,6,9,8,1,0.8889,324.06
Merchant_C,Adyen,card,BR,0,7,23,19,4,0.8261,239.44
Merchant_C,Adyen,card,BR,0,8,39,38,1,0.9744,290.18
Merchant_C,Adyen,card,BR,0,9,54,46,8,0.8519,308.06
Merchant_C,Adyen,card,BR,0,10,62,59,3,0.9516,263.75
Merchant_C,Adyen,card,BR,0,11,72,65,7,0.9028,264.33
Merchant_C,Adyen,card,BR,0,12,66,60,6,0.9091,275.66
Merchant_C,Adyen,card,BR,0,13,68,63,5,0.9265,279.98
Merchant_C,Adyen,card,BR,0,14,56,53,3,0.9464,266.87
Merchant_C,Adyen,card,BR,0,15,59,57,2,0.9661,277.13
Merchant_C,Adyen,card,BR,0,16,47,43,4,0.9149,312.42
Merchant_C,Adyen,card,BR,0,17,43,39,4,0.907,303.37
Merchant_C,Adyen,card,BR,0,18,41,36,5,0.878,292.72
Merchant_C,Adyen,card,BR,0,19,43,40,3,0.9302,253.77
Merchant_C,Adyen,card,BR,0,20,18,17,1,0.9444,299.4
Merchant_C,Adyen,card,BR,0,21,13,13,0,1.0,304.38
Merchant_C,Adyen,card,BR,0,22,16,14,2,0.875,238.93
Merchant_C,Adyen,card,BR,0,23,7,7,0,1.0,299.32
Merchant_C,Adyen,card,BR,1,0,7,7,0,1.0,336.9
Merchant_C,Adyen,card,BR,1,1,6,6,0,1.0,354.12
Merchant_C,Adyen,card,BR,1,2,3,3,0,1.0,219.38
Merchant_C,Adyen,card,BR,1,3,3,3,0,1.0,296.13
Merchant_C,Adyen,card,BR,1,4,2,2,0,1.0,255.76
Merchant_C,Adyen,card,BR,1,5,5,5,0,1.0,320.87
Merchant_C,Adyen,card,BR,1,6,18,18,0,1.0,302.24
Merchant_C,Adyen,card,BR,1,7,26,23,3,0.8846,266.5
Merchant_C,Adyen,card,BR,1,8,48,44,4,0.9167,270.93
Merchant_C,Adyen,card,BR,1,9,47,44,3,0.9362,276.22
Merchant_C,Adyen,card,BR,1,10,85,78,7,0.9176,282.95
Merchant_C,Adyen,card,BR,1,11,74,71,3,0.9595,285.73
Merchant_C,Adyen,card,BR,1,12,74,69,5,0.9324,277.79
Merchant_C,Adyen,card,BR,1,13,73,66,7,0.9041,296.72
Merchant_C,Adyen,card,BR,1,14,54,48,6,0.8889,296.34
Merchant_C,Adyen,card,BR,1,15,61,59,2,0.9672,312.81
Merchant_C,Adyen,card,BR,1,16,50,45,5,0.9,291.74
Merchant_C,Adyen,card,BR,1,17,59,57,2,0.9661,306.05
Merchant_C,Adyen,card,BR,1,18,37,36,1,0.973,267.68
Merchant_C,Adyen,card,BR,1,19,40,40,0,1.0,293.42
Merchant_C,Adyen,card,BR,1,20,34,31,3,0.9118,264.79
Merchant_C,Adyen,card,BR,1,21,14,14,0,1.0,288.88
Merchant_C,Adyen,card,BR,1,22,12,11,1,0.9167,254.4
Merchant_C,Adyen,card,BR,1,23,9,9,0,1.0,357.45
Merchant_C,Adyen,card,BR,2,0,5,5,0,1.0,279.01
Merchant_C,Adyen,card,BR,2,1,4,4,0,1.0,355.85
Merchant_C,Adyen,card,BR,2,2,1,1,0,1.0,142.89
Merchant_C,Adyen,card,BR,2,3,5,5,0,1.0,295.8
Merchant_C,Adyen,card,BR,2,4,2,2,0,1.0,348.74
Merchant_C,Adyen,card,BR,2,5,6,6,0,1.0,328.05
Merchant_C,Adyen,card,BR,2,6,12,8,4,0.6667,244.36
Merchant_C,Adyen,card,BR,2,7,23,23,0,1.0,246.99
Merchant_C,Adyen,card,BR,2,8,33,30,3,0.9091,281.7
Merchant_C,Adyen,card,BR,2,9,59,58,1,0.9831,293.41
Merchant_C,Adyen,card,BR,2,10,57,50,7,0.8772,305.18
Merchant_C,Adyen,card,BR,2,11,84,75,9,0.8929,278.86
Merchant_C,Adyen,card,BR,2,12,78,71,7,0.9103,276.16
Merchant_C,Adyen,card,BR,2,13,79,74,5,0.9367,297.03
Merchant_C,Adyen,card,BR,2,14,56,50,6,0.8929,292.22
Merchant_C,Adyen,card,BR,2,15,60,55,5,0.9167,288.71
Merchant_C,Adyen,card,BR,2,16,37,33,4,0.8919,247.18
Merchant_C,Adyen,card,BR,2,17,43,38,5,0.8837,236.58
Merchant_C,Adyen,card,BR,2,18,48,45,3,0.9375,303.8
Merchant_C,Adyen,card,BR,2,19,41,39,2,0.9512,265.05
Merchant_C,Adyen,card,BR,2,20,35,33,2,0.9429,278.83
Merchant_C,Adyen,card,BR,2,21,15,15,0,1.0,276.69
Merchant_C,Adyen,card,BR,2,22,12,9,3,0.75,274.9
Merchant_C,Adyen,card,BR,2,23,6,3,3,0.5,246.23
Merchant_C,Adyen,card,BR,3,0,11,11,0,1.0,240.96
Merchant_C,Adyen,card,BR,3,1,3,3,0,1.0,301.83
Merchant_C,Adyen,card,BR,3,2,5,5,0,1.0,183.67
Merchant_C,Adyen,card,BR,3,3,2,2,0,1.0,273.0
Merchant_C,Adyen,card,BR,3,4,6,5,1,0.8333,289.49
Merchant_C,Adyen,card,BR,3,5,9,9,0,1.0,236.48
Merchant_C,Adyen,card,BR,3,6,13,11,2,0.8462,245.54
Merchant_C,Adyen,card,BR,3,7,28,25,3,0.8929,317.79
Merchant_C,Adyen,card,BR,3,8,48,42,6,0.875,270.24
Merchant_C,Adyen,card,BR,3,9,58,53,5,0.9138,254.66
Merchant_C,Adyen,card,BR,3,10,70,67,3,0.9571,284.23
Merchant_C,Adyen,card,BR,3,11,69,65,4,0.942,352.18
Merchant_C,Adyen,card,BR,3,12,76,69,7,0.9079,309.25
Merchant_C,Adyen,card,BR,3,13,65,63,2,0.9692,301.05
Merchant_C,Adyen,card,BR,3,14,69,65,4,0.942,288.69
Merchant_C,Adyen,card,BR,3,15,66,62,4,0.9394,322.79
Merchant_C,Adyen,card,BR,3,16,40,36,4,0.9,296.16
Merchant_C,Adyen,card,BR,3,17,44,44,0,1.0,245.74
Merchant_C,Adyen,card,BR,3,18,44,42,2,0.9545,299.56
Merchant_C,Adyen,card,BR,3,19,36,33,3,0.9167,277.42
Merchant_C,Adyen,card,BR,3,20,29,27,2,0.931,282.24
Merchant_C,Adyen,card,BR,3,21,25,24,1,0.96,219.51
Merchant_C,Adyen,card,BR,3,22,16,13,3,0.8125,292.65
Merchant_C,Adyen,card,BR,3,23,11,11,0,1.0,255.04
Merchant_C,Adyen,card,BR,4,0,6,5,1,0.8333,157.35
Merchant_C,Adyen,card,BR,4,1,1,1,0,1.0,585.5
Merchant_C,Adyen,card,BR,4,3,1,1,0,1.0,198.47
Merchant_C,Adyen,card,BR,4,4,4,3,1,0.75,324.15
Merchant_C,Adyen,card,BR,4,5,3,3,0,1.0,410.89
Merchant_C,Adyen,card,BR,4,6,18,18,0,1.0,255.51
Merchant_C,Adyen,card,BR,4,7,20,19,1,0.95,303.39
Merchant_C,Adyen,card,BR,4,8,45,41,4,0.9111,316.92
Merchant_C,Adyen,card,BR,4,9,57,52,5,0.9123,271.43
Merchant_C,Adyen,card,BR,4,10,56,49,7,0.875,272.67
Merchant_C,Adyen,card,BR,4,11,82,73,9,0.8902,294.53
Merchant_C,Adyen,card,BR,4,12,63,57,6,0.9048,309.44
Merchant_C,Adyen,card,BR,4,13,53,49,4,0.9245,276.39
Merchant_C,Adyen,card,BR,4,14,65,58,7,0.8923,254.18
Merchant_C,Adyen,card,BR,4,15,57,54,3,0.9474,250.75
Merchant_C,Adyen,card,BR,4,16,43,41,2,0.9535,286.26
Merchant_C,Adyen,card,BR,4,17,58,51,7,0.8793,267.8
Merchant_C,Adyen,card,BR,4,18,65,58,7,0.8923,311.29
Merchant_C,Adyen,card,BR,4,19,29,27,2,0.931,223.18
Merchant_C,Adyen,card,BR,4,20,18,15,3,0.8333,321.51
Merchant_C,Adyen,card,BR,4,21,19,14,5,0.7368,288.53
Merchant_C,Adyen,card,BR,4,22,7,6,1,0.8571,282.76
Merchant_C,Adyen,card,BR,4,23,8,7,1,0.875,224.87
Merchant_C,Adyen,card,BR,5,0,7,7,0,1.0,187.24
Merchant_C,Adyen,card,BR,5,1,4,3,1,0.75,348.74
Merchant_C,Adyen,card,BR,5,2,1,1,0,1.0,198.06
Merchant_C,Adyen,card,BR,5,3,2,2,0,1.0,244.86
Merchant_C,Adyen,card,BR,5,5,5,5,0,1.0,269.22
Merchant_C,Adyen,card,BR,5,6,15,15,0,1.0,281.02
Merchant_C,Adyen,card,BR,5,7,30,28,2,0.9333,293.69
Merchant_C,Adyen,card,BR,5,8,46,44,2,0.9565,282.72
Merchant_C,Adyen,card,BR,5,9,53,47,6,0.8868,279.68
Merchant_C,Adyen,card,BR,5,10,129,117,12,0.907,279.11
Merchant_C,Adyen,card,BR,5,11,72,66,6,0.9167,292.72
Merchant_C,Adyen,card,BR,5,12,70,65,5,0.9286,294.93
Merchant_C,Adyen,card,BR,5,13,61,53,8,0.8689,275.8
Merchant_C,Adyen,card,BR,5,14,57,57,0,1.0,259.64
Merchant_C,Adyen,card,BR,5,15,41,40,1,0.9756,289.38
Merchant_C,Adyen,card,BR,5,16,49,46,3,0.9388,289.93
Merchant_C,Adyen,card,BR,5,17,46,40,6,0.8696,286.07
Merchant_C,Adyen,card,BR,5,18,60,59,1,0.9833,251.03
Merchant_C,Adyen,card,BR,5,19,46,38,8,0.8261,257.12
Merchant_C,Adyen,card,BR,5,20,26,20,6,0.7692,284.06
Merchant_C,Adyen,card,BR,5,21,14,12,2,0.8571,313.05
Merchant_C,Adyen,card,BR,5,22,10,9,1,0.9,207.0
Merchant_C,Adyen,card,BR,5,23,7,7,0,1.0,248.89
Merchant_C,Adyen,card,BR,6,0,6,4,2,0.6667,118.77
Merchant_C,Adyen,card,BR,6,1,4,4,0,1.0,367.84
Merchant_C,Adyen,card,BR,6,2,2,2,0,1.0,326.1
Merchant_C,Adyen,card,BR,6,3,1,1,0,1.0,211.43
Merchant_C,Adyen,card,BR,6,4,3,3,0,1.0,224.57
Merchant_C,Adyen,card,BR,6,5,2,2,0,1.0,276.98
Merchant_C,Adyen,card,BR,6,6,10,9,1,0.9,333.18
Merchant_C,Adyen,card,BR,6,7,17,16,1,0.9412,253.21
Merchant_C,Adyen,card,BR,6,8,34,32,2,0.9412,274.86
Merchant_C,Adyen,card,BR,6,9,52,50,2,0.9615,295.49
Merchant_C,Adyen,card,BR,6,10,58,53,5,0.9138,292.57
Merchant_C,Adyen,card,BR,6,11,52,47,5,0.9038,276.48
Merchant_C,Adyen,card,BR,6,12,55,50,5,0.9091,256.43
Merchant_C,Adyen,card,BR,6,13,73,72,1,0.9863,289.58
Merchant_C,Adyen,card,BR,6,14,58,56,2,0.9655,319.88
Merchant_C,Adyen,card,BR,6,15,48,42,6,0.875,273.39
Merchant_C,Adyen,card,BR,6,16,54,50,4,0.9259,284.8
Merchant_C,Adyen,card,BR,6,17,43,41,2,0.9535,313.12
Merchant_C,Adyen,card,BR,6,18,46,44,2,0.9565,279.78
Merchant_C,Adyen,card,BR,6,19,43,41,2,0.9535,268.14
Merchant_C,Adyen,card,BR,6,20,29,25,4,0.8621,284.19
Merchant_C,Adyen,card,BR,6,21,18,17,1,0.9444,244.69
Merchant_C,Adyen,card,BR,6,22,8,8,0,1.0,335.0
Merchant_C,Adyen,card,BR,6,23,6,5,1,0.8333,275.54
Merchant_C,Adyen,card,CO,0,0,8,7,1,0.875,100506.99
Merchant_C,Adyen,card,CO,0,1,3,3,0,1.0,135685.16
Merchant_C,Adyen,card,CO,0,2,2,2,0,1.0,93523.51
Merchant_C,Adyen,card,CO,0,3,1,1,0,1.0,33135.23
Merchant_C,Adyen,card,CO,0,4,2,2,0,1.0,144578.47
Merchant_C,Adyen,card,CO,0,5,6,6,0,1.0,116739.38
Merchant_C,Adyen,card,CO,0,6,8,6,2,0.75,120366.0
Merchant_C,Adyen,card,CO,0,7,21,20,1,0.9524,128198.1
Merchant_C,Adyen,card,CO,0,8,37,32,5,0.8649,128348.67
Merchant_C,Adyen,card,CO,0,9,45,40,5,0.8889,132562.26
Merchant_C,Adyen,card,CO,0,10,41,39,2,0.9512,125244.19
Merchant_C,Adyen,card,CO,0,11,55,48,7,0.8727,117329.45
Merchant_C,Adyen,card,CO,0,12,69,67,2,0.971,129228.21
Merchant_C,Adyen,card,CO,0,13,71,65,6,0.9155,122369.75
Merchant_C,Adyen,card,CO,0,14,73,66,7,0.9041,121262.4
Merchant_C,Adyen,card,CO,0,15,60,57,3,0.95,127171.82
Merchant_C,Adyen,card,CO,0,16,50,43,7,0.86,113288.05
Merchant_C,Adyen,card,CO,0,17,38,34,4,0.8947,114361.76
Merchant_C,Adyen,card,CO,0,18,41,36,5,0.878,128148.48
Merchant_C,Adyen,card,CO,0,19,41,36,5,0.878,136087.74
Merchant_C,Adyen,card,CO,0,20,20,18,2,0.9,100280.97
Merchant_C,Adyen,card,CO,0,21,19,18,1,0.9474,106615.58
Merchant_C,Adyen,card,CO,0,22,7,7,0,1.0,110141.99
Merchant_C,Adyen,card,CO,0,23,8,7,1,0.875,89592.44
Merchant_C,Adyen,card,CO,1,0,4,4,0,1.0,66972.4
Merchant_C,Adyen,card,CO,1,1,5,5,0,1.0,160415.81
Merchant_C,Adyen,card,CO,1,3,1,1,0,1.0,113943.02
Merchant_C,Adyen,card,CO,1,4,2,2,0,1.0,84915.54
Merchant_C,Adyen,card,CO,1,5,5,5,0,1.0,89105.01
Merchant_C,Adyen,card,CO,1,6,6,6,0,1.0,100311.84
Merchant_C,Adyen,card,CO,1,7,24,24,0,1.0,112526.84
Merchant_C,Adyen,card,CO,1,8,34,28,6,0.8235,129383.31
Merchant_C,Adyen,card,CO,1,9,47,41,6,0.8723,127887.99
Merchant_C,Adyen,card,CO,1,10,79,74,5,0.9367,111474.63
Merchant_C,Adyen,card,CO,1,11,74,69,5,0.9324,115114.15
Merchant_C,Adyen,card,CO,1,12,88,75,13,0.8523,129414.98
Merchant_C,Adyen,card,CO,1,13,74,63,11,0.8514,112897.12
Merchant_C,Adyen,card,CO,1,14,64,61,3,0.9531,125626.72
Merchant_C,Adyen,card,CO,1,15,55,51,4,0.9273,114650.09
Merchant_C,Adyen,card,CO,1,16,54,50,4,0.9259,131279.23
Merchant_C,Adyen,card,CO,1,17,58,52,6,0.8966,116553.53
Merchant_C,Adyen,card,CO,1,18,63,62,1,0.9841,122378.32
Merchant_C,Adyen,card,CO,1,19,40,36,4,0.9,129655.47
Merchant_C,Adyen,card,CO,1,20,26,22,4,0.8462,98956.31
Merchant_C,Adyen,card,CO,1,21,15,12,3,0.8,122410.77
Merchant_C,Adyen,card,CO,1,22,7,7,0,1.0,124524.4
Merchant_C,Adyen,card,CO,1,23,11,9,2,0.8182,89236.29
Merchant_C,Adyen,card,CO,2,0,9,9,0,1.0,91212.26
Merchant_C,Adyen,card,CO,2,2,1,1,0,1.0,111460.5
Merchant_C,Adyen,card,CO,2,4,2,2,0,1.0,124378.66
Merchant_C,Adyen,card,CO,2,5,5,4,1,0.8,87894.67
Merchant_C,Adyen,card,CO,2,6,16,15,1,0.9375,124004.03
Merchant_C,Adyen,card,CO,2,7,28,25,3,0.8929,118752.82
Merchant_C,Adyen,card,CO,2,8,46,40,6,0.8696,116590.06
Merchant_C,Adyen,card,CO,2,9,58,53,5,0.9138,116452.02
Merchant_C,Adyen,card,CO,2,10,63,56,7,0.8889,114264.07
Merchant_C,Adyen,card,CO,2,11,77,71,6,0.9221,126003.35
Merchant_C,Adyen,card,CO,2,12,66,61,5,0.9242,118765.95
Merchant_C,Adyen,card,CO,2,13,74,71,3,0.9595,121522.84
Merchant_C,Adyen,card,CO,2,14,75,70,5,0.9333,122993.81
Merchant_C,Adyen,card,CO,2,15,53,49,4,0.9245,128439.24
Merchant_C,Adyen,card,CO,2,16,45,42,3,0.9333,127307.86
Merchant_C,Adyen,card,CO,2,17,65,58,7,0.8923,113106.14
Merchant_C,Adyen,card,CO,2,18,40,38,2,0.95,121329.18
Merchant_C,Adyen,card,CO,2,19,44,40,4,0.9091,139080.1
Merchant_C,Adyen,card,CO,2,20,26,20,6,0.7692,121299.83
Merchant_C,Adyen,card,CO,2,21,12,11,1,0.9167,131287.59
Merchant_C,Adyen,card,CO,2,22,3,2,1,0.6667,130906.81
Merchant_C,Adyen,card,CO,2,23,7,7,0,1.0,127175.25
Merchant_C,Adyen,card,CO,3,0,11,10,1,0.9091,103204.53
Merchant_C,Adyen,card,CO,3,1,3,3,0,1.0,190214.58
Merchant_C,Adyen,card,CO,3,2,3,3,0,1.0,178696.13
Merchant_C,Adyen,card,CO,3,3,1,1,0,1.0,12000.0
Merchant_C,Adyen,card,CO,3,5,11,11,0,1.0,113130.03
Merchant_C,Adyen,card,CO,3,6,19,17,2,0.8947,156383.58
Merchant_C,Adyen,card,CO,3,7,36,33,3,0.9167,126368.9
Merchant_C,Adyen,card,CO,3,8,47,42,5,0.8936,116741.17
Merchant_C,Adyen,card,CO,3,9,59,56,3,0.9492,109166.22
Merchant_C,Adyen,card,CO,3,10,65,56,9,0.8615,123828.25
Merchant_C,Adyen,card,CO,3,11,71,67,4,0.9437,123934.06
Merchant_C,Adyen,card,CO,3,12,64,62,2,0.9688,121755.41
Merchant_C,Adyen,card,CO,3,13,61,56,5,0.918,120544.67
Merchant_C,Adyen,card,CO,3,14,62,58,4,0.9355,116583.89
Merchant_C,Adyen,card,CO,3,15,59,56,3,0.9492,117563.05
Merchant_C,Adyen,card,CO,3,16,39,35,4,0.8974,117594.38
Merchant_C,Adyen,card,CO,3,17,58,57,1,0.9828,121444.43
Merchant_C,Adyen,card,CO,3,18,58,55,3,0.9483,139093.06
Merchant_C,Adyen,card,CO,3,19,49,46,3,0.9388,120358.42
Merchant_C,Adyen,card,CO,3,20,15,12,3,0.8,115448.34
Merchant_C,Adyen,card,CO,3,21,19,17,2,0.8947,130806.45
Merchant_C,Adyen,card,CO,3,22,8,7,1,0.875,91498.04
Merchant_C,Adyen,card,CO,3,23,6,6,0,1.0,168586.33
Merchant_C,Adyen,card,CO,4,0,6,6,0,1.0,123267.43
Merchant_C,Adyen,card,CO,4,1,3,3,0,1.0,122901.03
Merchant_C,Adyen,card,CO,4,2,4,4,0,1.0,124392.32
Merchant_C,Adyen,card,CO,4,3,3,2,1,0.6667,85956.2
Merchant_C,Adyen,card,CO,4,4,3,3,0,1.0,162227.87
Merchant_C,Adyen,card,CO,4,5,7,7,0,1.0,94303.57
Merchant_C,Adyen,card,CO,4,6,17,14,3,0.8235,111214.71
Merchant_C,Adyen,card,CO,4,7,19,18,1,0.9474,123185.08
Merchant_C,Adyen,card,CO,4,8,47,44,3,0.9362,132295.98
Merchant_C,Adyen,card,CO,4,9,68,61,7,0.8971,123424.38
Merchant_C,Adyen,card,CO,4,10,56,54,2,0.9643,126749.54
Merchant_C,Adyen,card,CO,4,11,68,61,7,0.8971,122734.1
Merchant_C,Adyen,card,CO,4,12,66,60,6,0.9091,119543.87
Merchant_C,Adyen,card,CO,4,13,64,59,5,0.9219,125226.81
Merchant_C,Adyen,card,CO,4,14,59,49,10,0.8305,129554.48
Merchant_C,Adyen,card,CO,4,15,61,58,3,0.9508,123504.56
Merchant_C,Adyen,card,CO,4,16,52,52,0,1.0,134424.36
Merchant_C,Adyen,card,CO,4,17,54,47,7,0.8704,112400.3
Merchant_C,Adyen,card,CO,4,18,41,39,2,0.9512,138368.44
Merchant_C,Adyen,card,CO,4,19,49,44,5,0.898,130450.16
Merchant_C,Adyen,card,CO,4,20,28,27,1,0.9643,101619.23
Merchant_C,Adyen,card,CO,4,21,18,17,1,0.9444,128624.7
Merchant_C,Adyen,card,CO,4,22,12,11,1,0.9167,159251.32
Merchant_C,Adyen,card,CO,4,23,6,4,2,0.6667,111977.25
Merchant_C,Adyen,card,CO,5,0,3,2,1,0.6667,173976.86
Merchant_C,Adyen,card,CO,5,1,4,4,0,1.0,175703.88
Merchant_C,Adyen,card,CO,5,2,4,4,0,1.0,65081.94
Merchant_C,Adyen,card,CO,5,4,1,1,0,1.0,161915.71
Merchant_C,Adyen,card,CO,5,5,4,4,0,1.0,61714.36
Merchant_C,Adyen,card,CO,5,6,11,10,1,0.9091,110238.16
Merchant_C,Adyen,card,CO,5,7,28,26,2,0.9286,113216.31
Merchant_C,Adyen,card,CO,5,8,36,32,4,0.8889,119435.79
Merchant_C,Adyen,card,CO,5,9,61,56,5,0.918,120252.74
Merchant_C,Adyen,card,CO,5,10,116,104,12,0.8966,121973.42
Merchant_C,Adyen,card,CO,5,11,64,59,5,0.9219,126463.36
Merchant_C,Adyen,card,CO,5,12,57,52,5,0.9123,116133.45
Merchant_C,Adyen,card,CO,5,13,52,50,2,0.9615,129516.62
Merchant_C,Adyen,card,CO,5,14,63,56,7,0.8889,128487.74
Merchant_C,Adyen,card,CO,5,15,72,67,5,0.9306,102364.66
Merchant_C,Adyen,card,CO,5,16,52,49,3,0.9423,123161.34
Merchant_C,Adyen,card,CO,5,17,39,35,4,0.8974,110167.73
Merchant_C,Adyen,card,CO,5,18,30,25,5,0.8333,116594.13
Merchant_C,Adyen,card,CO,5,19,50,39,11,0.78,109058.83
Merchant_C,Adyen,card,CO,5,20,25,23,2,0.92,157890.6
Merchant_C,Adyen,card,CO,5,21,21,20,1,0.9524,134815.06
Merchant_C,Adyen,card,CO,5,22,16,15,1,0.9375,109523.71
Merchant_C,Adyen,card,CO,5,23,5,5,0,1.0,142873.68
Merchant_C,Adyen,card,CO,6,0,7,7,0,1.0,125384.99
Merchant_C,Adyen,card,CO,6,1,2,2,0,1.0,116711.76
Merchant_C,Adyen,card,CO,6,2,2,2,0,1.0,113601.68
Merchant_C,Adyen,card,CO,6,3,1,1,0,1.0,85095.39
Merchant_C,Adyen,card,CO,6,4,3,2,1,0.6667,76100.76
Merchant_C,Adyen,card,CO,6,5,5,2,3,0.4,139486.69
Merchant_C,Adyen,card,CO,6,6,13,12,1,0.9231,106677.44
Merchant_C,Adyen,card,CO,6,7,28,23,5,0.8214,128037.6
Merchant_C,Adyen,card,CO,6,8,35,34,1,0.9714,142175.34
Merchant_C,Adyen,card,CO,6,9,37,33,4,0.8919,114152.59
Merchant_C,Adyen,card,CO,6,10,49,44,5,0.898,123015.64
Merchant_C,Adyen,card,CO,6,11,70,63,7,0.9,121210.5
Merchant_C,Adyen,card,CO,6,12,50,47,3,0.94,123553.5
Merchant_C,Adyen,card,CO,6,13,50,47,3,0.94,118324.69
Merchant_C,Adyen,card,CO,6,14,52,48,4,0.9231,128942.11
Merchant_C,Adyen,card,CO,6,15,53,49,4,0.9245,110831.13
Merchant_C,Adyen,card,CO,6,16,66,63,3,0.9545,117527.76
Merchant_C,Adyen,card,CO,6,17,57,55,2,0.9649,128496.45
Merchant_C,Adyen,card,CO,6,18,52,41,11,0.7885,117889.27
Merchant_C,Adyen,card,CO,6,19,35,32,3,0.9143,129593.13
Merchant_C,Adyen,card,CO,6,20,27,24,3,0.8889,118299.43
Merchant_C,Adyen,card,CO,6,21,9,9,0,1.0,91521.23
Merchant_C,Adyen,card,CO,6,22,14,13,1,0.9286,116479.0
Merchant_C,Adyen,card,CO,6,23,7,5,2,0.7143,126735.53
Merchant_C,Adyen,card,MX,0,0,5,5,0,1.0,611.97
Merchant_C,Adyen,card,MX,0,1,8,8,0,1.0,990.04
Merchant_C,Adyen,card,MX,0,2,2,2,0,1.0,998.75
Merchant_C,Adyen,card,MX,0,3,3,3,0,1.0,530.52
Merchant_C,Adyen,card,MX,0,4,4,4,0,1.0,878.21
Merchant_C,Adyen,card,MX,0,5,5,5,0,1.0,1122.37
Merchant_C,Adyen,card,MX,0,6,15,14,1,0.9333,983.06
Merchant_C,Adyen,card,MX,0,7,28,25,3,0.8929,784.07
Merchant_C,Adyen,card,MX,0,8,29,26,3,0.8966,920.5
Merchant_C,Adyen,card,MX,0,9,57,53,4,0.9298,881.57
Merchant_C,Adyen,card,MX,0,10,58,56,2,0.9655,902.55
Merchant_C,Adyen,card,MX,0,11,68,63,5,0.9265,915.55
Merchant_C,Adyen,card,MX,0,12,78,72,6,0.9231,896.74
Merchant_C,Adyen,card,MX,0,13,56,55,1,0.9821,870.55
Merchant_C,Adyen,card,MX,0,14,69,65,4,0.942,995.59
Merchant_C,Adyen,card,MX,0,15,61,59,2,0.9672,964.99
Merchant_C,Adyen,card,MX,0,16,36,33,3,0.9167,1034.58
Merchant_C,Adyen,card,MX,0,17,47,44,3,0.9362,920.71
Merchant_C,Adyen,card,MX,0,18,47,41,6,0.8723,937.53
Merchant_C,Adyen,card,MX,0,19,39,36,3,0.9231,791.66
Merchant_C,Adyen,card,MX,0,20,28,27,1,0.9643,1007.31
Merchant_C,Adyen,card,MX,0,21,11,10,1,0.9091,608.89
Merchant_C,Adyen,card,MX,0,22,6,3,3,0.5,856.19
Merchant_C,Adyen,card,MX,0,23,8,5,3,0.625,1132.61
Merchant_C,Adyen,card,MX,1,0,9,7,2,0.7778,688.05
Merchant_C,Adyen,card,MX,1,1,2,1,1,0.5,855.16
Merchant_C,Adyen,card,MX,1,2,2,2,0,1.0,1049.96
Merchant_C,Adyen,card,MX,1,4,7,6,1,0.8571,586.19
Merchant_C,Adyen,card,MX,1,5,7,6,1,0.8571,1154.76
Merchant_C,Adyen,card,MX,1,6,6,4,2,0.6667,1047.76
Merchant_C,Adyen,card,MX,1,7,29,27,2,0.931,1011.8
Merchant_C,Adyen,card,MX,1,8,35,33,2,0.9429,929.41
Merchant_C,Adyen,card,MX,1,9,43,41,2,0.9535,1039.87
Merchant_C,Adyen,card,MX,1,10,98,88,10,0.898,915.61
Merchant_C,Adyen,card,MX,1,11,63,60,3,0.9524,973.44
Merchant_C,Adyen,card,MX,1,12,73,65,8,0.8904,921.05
Merchant_C,Adyen,card,MX,1,13,87,80,7,0.9195,837.05
Merchant_C,Adyen,card,MX,1,14,81,78,3,0.963,920.47
Merchant_C,Adyen,card,MX,1,15,57,54,3,0.9474,861.36
Merchant_C,Adyen,card,MX,1,16,58,55,3,0.9483,955.99
Merchant_C,Adyen,card,MX,1,17,66,61,5,0.9242,880.88
Merchant_C,Adyen,card,MX,1,18,56,51,5,0.9107,993.95
Merchant_C,Adyen,card,MX,1,19,38,34,4,0.8947,1026.0
Merchant_C,Adyen,card,MX,1,20,26,23,3,0.8846,966.59
Merchant_C,Adyen,card,MX,1,21,13,13,0,1.0,924.45
Merchant_C,Adyen,card,MX,1,22,11,11,0,1.0,1006.3
Merchant_C,Adyen,card,MX,1,23,6,5,1,0.8333,703.66
Merchant_C,Adyen,card,MX,2,0,4,4,0,1.0,1165.99
Merchant_C,Adyen,card,MX,2,1,4,4,0,1.0,951.46
Merchant_C,Adyen,card,MX,2,2,4,4,0,1.0,1034.12
Merchant_C,Adyen,card,MX,2,3,1,1,0,1.0,262.0
Merchant_C,Adyen,card,MX,2,4,3,1,2,0.3333,1044.88
Merchant_C,Adyen,card,MX,2,5,6,6,0,1.0,1357.78
Merchant_C,Adyen,card,MX,2,6,19,19,0,1.0,690.23
Merchant_C,Adyen,card,MX,2,7,29,27,2,0.931,937.72
Merchant_C,Adyen,card,MX,2,8,47,45,2,0.9574,950.24
Merchant_C,Adyen,card,MX,2,9,43,41,2,0.9535,967.6
Merchant_C,Adyen,card,MX,2,10,65,58,7,0.8923,904.81
Merchant_C,Adyen,card,MX,2,11,84,77,7,0.9167,903.46
Merchant_C,Adyen,card,MX,2,12,85,79,6,0.9294,872.62
Merchant_C,Adyen,card,MX,2,13,60,54,6,0.9,893.3
Merchant_C,Adyen,card,MX,2,14,81,76,5,0.9383,944.38
Merchant_C,Adyen,card,MX,2,15,55,51,4,0.9273,846.97
Merchant_C,Adyen,card,MX,2,16,44,42,2,0.9545,974.18
Merchant_C,Adyen,card,MX,2,17,58,53,5,0.9138,1009.98
Merchant_C,Adyen,card,MX,2,18,50,43,7,0.86,911.69
Merchant_C,Adyen,card,MX,2,19,49,43,6,0.8776,910.27
Merchant_C,Adyen,card,MX,2,20,35,32,3,0.9143,874.03
Merchant_C,Adyen,card,MX,2,21,13,12,1,0.9231,1090.13
Merchant_C,Adyen,card,MX,2,22,8,7,1,0.875,990.05
Merchant_C,Adyen,card,MX,2,23,7,7,0,1.0,1007.54
Merchant_C,Adyen,card,MX,3,0,7,7,0,1.0,823.42
Merchant_C,Adyen,card,MX,3,1,2,2,0,1.0,1275.8
Merchant_C,Adyen,card,MX,3,2,7,5,2,0.7143,568.54
Merchant_C,Adyen,card,MX,3,3,4,4,0,1.0,935.07
Merchant_C,Adyen,card,MX,3,4,1,1,0,1.0,1168.1
Merchant_C,Adyen,card,MX,3,5,7,6,1,0.8571,552.4
Merchant_C,Adyen,card,MX,3,6,9,9,0,1.0,595.29
Merchant_C,Adyen,card,MX,3,7,21,19,2,0.9048,900.53
Merchant_C,Adyen,card,MX,3,8,52,47,5,0.9038,879.67
Merchant_C,Adyen,card,MX,3,9,55,51,4,0.9273,880.87
Merchant_C,Adyen,card,MX,3,10,62,61,1,0.9839,883.35
Merchant_C,Adyen,card,MX,3,11,84,78,6,0.9286,820.59
Merchant_C,Adyen,card,MX,3,12,72,66,6,0.9167,829.28
Merchant_C,Adyen,card,MX,3,13,63,56,7,0.8889,909.67
Merchant_C,Adyen,card,MX,3,14,72,67,5,0.9306,977.85
Merchant_C,Adyen,card,MX,3,15,75,71,4,0.9467,982.09
Merchant_C,Adyen,card,MX,3,16,68,65,3,0.9559,891.22
Merchant_C,Adyen,card,MX,3,17,55,52,3,0.9455,1023.04
Merchant_C,Adyen,card,MX,3,18,49,46,3,0.9388,928.94
Merchant_C,Adyen,card,MX,3,19,38,37,1,0.9737,952.97
Merchant_C,Adyen,card,MX,3,20,34,33,1,0.9706,871.7
Merchant_C,Adyen,card,MX,3,21,10,7,3,0.7,728.83
Merchant_C,Adyen,card,MX,3,22,11,11,0,1.0,862.68
Merchant_C,Adyen,card,MX,3,23,5,5,0,1.0,1174.11
Merchant_C,Adyen,card,MX,4,0,10,10,0,1.0,1003.66
Merchant_C,Adyen,card,MX,4,1,1,1,0,1.0,578.53
Merchant_C,Adyen,card,MX,4,2,1,1,0,1.0,1934.59
Merchant_C,Adyen,card,MX,4,3,1,1,0,1.0,194.94
Merchant_C,Adyen,card,MX,4,4,2,2,0,1.0,249.7
Merchant_C,Adyen,card,MX,4,5,3,2,1,0.6667,1109.67
Merchant_C,Adyen,card,MX,4,6,17,17,0,1.0,1159.55
Merchant_C,Adyen,card,MX,4,7,25,22,3,0.88,973.79
Merchant_C,Adyen,card,MX,4,8,51,50,1,0.9804,863.92
Merchant_C,Adyen,card,MX,4,9,66,60,6,0.9091,885.89
Merchant_C,Adyen,card,MX,4,10,52,52,0,1.0,1054.21
Merchant_C,Adyen,card,MX,4,11,80,76,4,0.95,936.72
Merchant_C,Adyen,card,MX,4,12,91,83,8,0.9121,979.5
Merchant_C,Adyen,card,MX,4,13,61,57,4,0.9344,718.35
Merchant_C,Adyen,card,MX,4,14,63,58,5,0.9206,846.83
Merchant_C,Adyen,card,MX,4,15,61,56,5,0.918,997.19
Merchant_C,Adyen,card,MX,4,16,67,64,3,0.9552,849.91
Merchant_C,Adyen,card,MX,4,17,49,46,3,0.9388,836.17
Merchant_C,Adyen,card,MX,4,18,52,47,5,0.9038,809.53
Merchant_C,Adyen,card,MX,4,19,47,45,2,0.9574,853.82
Merchant_C,Adyen,card,MX,4,20,22,17,5,0.7727,1077.18
Merchant_C,Adyen,card,MX,4,21,17,17,0,1.0,1080.33
Merchant_C,Adyen,card,MX,4,22,9,7,2,0.7778,1190.61
Merchant_C,Adyen,card,MX,4,23,10,7,3,0.7,981.56
Merchant_C,Adyen,card,MX,5,0,9,9,0,1.0,1061.11
Merchant_C,Adyen,card,MX,5,1,2,2,0,1.0,1099.49
Merchant_C,Adyen,card,MX,5,2,3,2,1,0.6667,969.41
Merchant_C,Adyen,card,MX,5,3,2,2,0,1.0,1042.92
Merchant_C,Adyen,card,MX,5,4,3,3,0,1.0,823.19
Merchant_C,Adyen,card,MX,5,5,9,9,0,1.0,1119.7
Merchant_C,Adyen,card,MX,5,6,14,13,1,0.9286,962.91
Merchant_C,Adyen,card,MX,5,7,32,30,2,0.9375,884.56
Merchant_C,Adyen,card,MX,5,8,41,38,3,0.9268,882.88
Merchant_C,Adyen,card,MX,5,9,57,51,6,0.8947,968.82
Merchant_C,Adyen,card,MX,5,10,141,125,16,0.8865,896.15
Merchant_C,Adyen,card,MX,5,11,53,53,0,1.0,886.13
Merchant_C,Adyen,card,MX,5,12,72,63,9,0.875,866.54
Merchant_C,Adyen,card,MX,5,13,63,61,2,0.9683,811.56
Merchant_C,Adyen,card,MX,5,14,61,54,7,0.8852,980.42
Merchant_C,Adyen,card,MX,5,15,58,54,4,0.931,948.32
Merchant_C,Adyen,card,MX,5,16,55,51,4,0.9273,997.05
Merchant_C,Adyen,card,MX,5,17,57,54,3,0.9474,854.47
Merchant_C,Adyen,card,MX,5,18,46,45,1,0.9783,925.58
Merchant_C,Adyen,card,MX,5,19,40,37,3,0.925,1036.17
Merchant_C,Adyen,card,MX,5,20,17,16,1,0.9412,931.26
Merchant_C,Adyen,card,MX,5,21,13,13,0,1.0,707.25
Merchant_C,Adyen,card,MX,5,22,11,11,0,1.0,1263.4
Merchant_C,Adyen,card,MX,5,23,3,3,0,1.0,906.75
Merchant_C,Adyen,card,MX,6,0,7,7,0,1.0,1032.85
Merchant_C,Adyen,card,MX,6,1,2,2,0,1.0,912.7
Merchant_C,Adyen,card,MX,6,2,2,2,0,1.0,1581.91
Merchant_C,Adyen,card,MX,6,3,2,2,0,1.0,1106.8
Merchant_C,Adyen,card,MX,6,5,1,1,0,1.0,1330.25
Merchant_C,Adyen,card,MX,6,6,11,11,0,1.0,688.68
Merchant_C,Adyen,card,MX,6,7,17,15,2,0.8824,889.38
Merchant_C,Adyen,card,MX,6,8,35,32,3,0.9143,868.62
Merchant_C,Adyen,card,MX,6,9,53,43,10,0.8113,960.6
Merchant_C,Adyen,card,MX,6,10,49,46,3,0.9388,879.52
Merchant_C,Adyen,card,MX,6,11,67,56,11,0.8358,868.15
Merchant_C,Adyen,card,MX,6,12,79,74,5,0.9367,954.23
Merchant_C,Adyen,card,MX,6,13,61,55,6,0.9016,882.03
Merchant_C,Adyen,card,MX,6,14,53,48,5,0.9057,990.79
Merchant_C,Adyen,card,MX,6,15,59,54,5,0.9153,987.37
Merchant_C,Adyen,card,MX,6,16,59,52,7,0.8814,863.09
Merchant_C,Adyen,card,MX,6,17,43,40,3,0.9302,865.5
Merchant_C,Adyen,card,MX,6,18,40,39,1,0.975,897.53
Merchant_C,Adyen,card,MX,6,19,46,44,2,0.9565,910.29
Merchant_C,Adyen,card,MX,6,20,28,26,2,0.9286,1164.81
Merchant_C,Adyen,card,MX,6,21,19,19,0,1.0,1078.0
Merchant_C,Adyen,card,MX,6,22,10,10,0,1.0,942.12
Merchant_C,Adyen,card,MX,6,23,5,5,0,1.0,956.66
Merchant_C,Adyen,cash_in_store,MX,0,0,11,7,4,0.6364,902.15
Merchant_C,Adyen,cash_in_store,MX,0,1,3,3,0,1.0,1083.84
Merchant_C,Adyen,cash_in_store,MX,0,2,4,3,1,0.75,1147.12
Merchant_C,Adyen,cash_in_store,MX,0,4,1,0,1,0.0,804.62
Merchant_C,Adyen,cash_in_store,MX,0,5,6,4,2,0.6667,1175.5
Merchant_C,Adyen,cash_in_store,MX,0,6,8,6,2,0.75,966.16
Merchant_C,Adyen,cash_in_store,MX,0,7,23,19,4,0.8261,810.12
Merchant_C,Adyen,cash_in_store,MX,0,8,35,26,9,0.7429,960.06
Merchant_C,Adyen,cash_in_store,MX,0,9,50,44,6,0.88,999.45
Merchant_C,Adyen,cash_in_store,MX,0,10,65,56,9,0.8615,739.31
Merchant_C,Adyen,cash_in_store,MX,0,11,53,46,7,0.8679,925.04
Merchant_C,Adyen,cash_in_store,MX,0,12,69,59,10,0.8551,803.14
Merchant_C,Adyen,cash_in_store,MX,0,13,60,49,11,0.8167,916.6
Merchant_C,Adyen,cash_in_store,MX,0,14,57,48,9,0.8421,934.1
Merchant_C,Adyen,cash_in_store,MX,0,15,46,36,10,0.7826,1011.12
Merchant_C,Adyen,cash_in_store,MX,0,16,46,40,6,0.8696,988.56
Merchant_C,Adyen,cash_in_store,MX,0,17,51,42,9,0.8235,925.62
Merchant_C,Adyen,cash_in_store,MX,0,18,50,41,9,0.82,1075.16
Merchant_C,Adyen,cash_in_store,MX,0,19,27,24,3,0.8889,1048.68
Merchant_C,Adyen,cash_in_store,MX,0,20,31,27,4,0.871,843.18
Merchant_C,Adyen,cash_in_store,MX,0,21,15,14,1,0.9333,819.51
Merchant_C,Adyen,cash_in_store,MX,0,22,10,4,6,0.4,1040.44
Merchant_C,Adyen,cash_in_store,MX,0,23,7,5,2,0.7143,952.97
Merchant_C,Adyen,cash_in_store,MX,1,0,5,4,1,0.8,1244.51
Merchant_C,Adyen,cash_in_store,MX,1,1,6,5,1,0.8333,1029.81
Merchant_C,Adyen,cash_in_store,MX,1,2,5,4,1,0.8,1078.93
Merchant_C,Adyen,cash_in_store,MX,1,4,7,7,0,1.0,697.16
Merchant_C,Adyen,cash_in_store,MX,1,5,2,2,0,1.0,1286.31
Merchant_C,Adyen,cash_in_store,MX,1,6,15,11,4,0.7333,816.47
Merchant_C,Adyen,cash_in_store,MX,1,7,25,23,2,0.92,930.43
Merchant_C,Adyen,cash_in_store,MX,1,8,45,39,6,0.8667,846.29
Merchant_C,Adyen,cash_in_store,MX,1,9,52,42,10,0.8077,943.81
Merchant_C,Adyen,cash_in_store,MX,1,10,77,63,14,0.8182,906.56
Merchant_C,Adyen,cash_in_store,MX,1,11,72,61,11,0.8472,848.08
Merchant_C,Adyen,cash_in_store,MX,1,12,84,69,15,0.8214,974.52
Merchant_C,Adyen,cash_in_store,MX,1,13,71,60,11,0.8451,899.93
Merchant_C,Adyen,cash_in_store,MX,1,14,69,61,8,0.8841,886.43
Merchant_C,Adyen,cash_in_store,MX,1,15,57,43,14,0.7544,920.5
Merchant_C,Adyen,cash_in_store,MX,1,16,55,47,8,0.8545,986.65
Merchant_C,Adyen,cash_in_store,MX,1,17,53,45,8,0.8491,961.93
Merchant_C,Adyen,cash_in_store,MX,1,18,58,50,8,0.8621,890.96
Merchant_C,Adyen,cash_in_store,MX,1,19,44,40,4,0.9091,769.05
Merchant_C,Adyen,cash_in_store,MX,1,20,21,18,3,0.8571,987.45
Merchant_C,Adyen,cash_in_store,MX,1,21,12,10,2,0.8333,905.48
Merchant_C,Adyen,cash_in_store,MX,1,22,10,9,1,0.9,919.16
Merchant_C,Adyen,cash_in_store,MX,1,23,10,8,2,0.8,886.92
Merchant_C,Adyen,cash_in_store,MX,2,0,7,5,2,0.7143,935.82
Merchant_C,Adyen,cash_in_store,MX,2,1,7,5,2,0.7143,971.41
Merchant_C,Adyen,cash_in_store,MX,2,2,2,2,0,1.0,545.1
Merchant_C,Adyen,cash_in_store,MX,2,3,1,1,0,1.0,1461.17
Merchant_C,Adyen,cash_in_store,MX,2,4,1,1,0,1.0,650.04
Merchant_C,Adyen,cash_in_store,MX,2,5,7,5,2,0.7143,1269.46
Merchant_C,Adyen,cash_in_store,MX,2,6,14,12,2,0.8571,992.73
Merchant_C,Adyen,cash_in_store,MX,2,7,36,31,5,0.8611,992.86
Merchant_C,Adyen,cash_in_store,MX,2,8,40,34,6,0.85,788.06
Merchant_C,Adyen,cash_in_store,MX,2,9,58,47,11,0.8103,913.79
Merchant_C,Adyen,cash_in_store,MX,2,10,61,47,14,0.7705,994.93
Merchant_C,Adyen,cash_in_store,MX,2,11,78,61,17,0.7821,873.49
Merchant_C,Adyen,cash_in_store,MX,2,12,73,59,14,0.8082,867.94
Merchant_C,Adyen,cash_in_store,MX,2,13,74,64,10,0.8649,930.58
Merchant_C,Adyen,cash_in_store,MX,2,14,75,61,14,0.8133,968.24
Merchant_C,Adyen,cash_in_store,MX,2,15,56,50,6,0.8929,940.19
Merchant_C,Adyen,cash_in_store,MX,2,16,59,42,17,0.7119,967.17
Merchant_C,Adyen,cash_in_store,MX,2,17,56,49,7,0.875,859.35
Merchant_C,Adyen,cash_in_store,MX,2,18,51,41,10,0.8039,1013.63
Merchant_C,Adyen,cash_in_store,MX,2,19,38,32,6,0.8421,866.88
Merchant_C,Adyen,cash_in_store,MX,2,20,24,22,2,0.9167,808.24
Merchant_C,Adyen,cash_in_store,MX,2,21,21,15,6,0.7143,992.49
Merchant_C,Adyen,cash_in_store,MX,2,22,12,10,2,0.8333,845.45
Merchant_C,Adyen,cash_in_store,MX,2,23,5,2,3,0.4,1142.46
Merchant_C,Adyen,cash_in_store,MX,3,0,7,5,2,0.7143,723.59
Merchant_C,Adyen,cash_in_store,MX,3,1,5,3,2,0.6,928.61
Merchant_C,Adyen,cash_in_store,MX,3,2,2,0,2,0.0,936.69
Merchant_C,Adyen,cash_in_store,MX,3,3,4,4,0,1.0,626.87
Merchant_C,Adyen,cash_in_store,MX,3,4,1,1,0,1.0,1246.59
Merchant_C,Adyen,cash_in_store,MX,3,5,8,7,1,0.875,925.23
Merchant_C,Adyen,cash_in_store,MX,3,6,19,16,3,0.8421,702.21
Merchant_C,Adyen,cash_in_store,MX,3,7,29,24,5,0.8276,963.46
Merchant_C,Adyen,cash_in_store,MX,3,8,51,46,5,0.902,955.2
Merchant_C,Adyen,cash_in_store,MX,3,9,40,32,8,0.8,827.13
Merchant_C,Adyen,cash_in_store,MX,3,10,49,41,8,0.8367,842.85
Merchant_C,Adyen,cash_in_store,MX,3,11,82,65,17,0.7927,895.89
Merchant_C,Adyen,cash_in_store,MX,3,12,64,49,15,0.7656,958.68
Merchant_C,Adyen,cash_in_store,MX,3,13,60,51,9,0.85,792.84
Merchant_C,Adyen,cash_in_store,MX,3,14,53,45,8,0.8491,911.16
Merchant_C,Adyen,cash_in_store,MX,3,15,61,52,9,0.8525,973.45
Merchant_C,Adyen,cash_in_store,MX,3,16,63,58,5,0.9206,918.79
Merchant_C,Adyen,cash_in_store,MX,3,17,55,47,8,0.8545,968.69
Merchant_C,Adyen,cash_in_store,MX,3,18,42,37,5,0.881,973.25
Merchant_C,Adyen,cash_in_store,MX,3,19,38,31,7,0.8158,981.31
Merchant_C,Adyen,cash_in_store,MX,3,20,33,28,5,0.8485,868.89
Merchant_C,Adyen,cash_in_store,MX,3,21,19,17,2,0.8947,800.8
Merchant_C,Adyen,cash_in_store,MX,3,22,12,10,2,0.8333,1018.57
Merchant_C,Adyen,cash_in_store,MX,3,23,6,5,1,0.8333,1238.99
Merchant_C,Adyen,cash_in_store,MX,4,0,5,4,1,0.8,1022.25
Merchant_C,Adyen,cash_in_store,MX,4,1,4,4,0,1.0,764.14
Merchant_C,Adyen,cash_in_store,MX,4,3,1,1,0,1.0,545.15
Merchant_C,Adyen,cash_in_store,MX,4,4,6,6,0,1.0,963.01
Merchant_C,Adyen,cash_in_store,MX,4,5,4,2,2,0.5,989.86
Merchant_C,Adyen,cash_in_store,MX,4,6,16,15,1,0.9375,865.68
Merchant_C,Adyen,cash_in_store,MX,4,7,26,20,6,0.7692,1100.88
Merchant_C,Adyen,cash_in_store,MX,4,8,48,37,11,0.7708,933.99
Merchant_C,Adyen,cash_in_store,MX,4,9,65,57,8,0.8769,954.22
Merchant_C,Adyen,cash_in_store,MX,4,10,49,41,8,0.8367,813.96
Merchant_C,Adyen,cash_in_store,MX,4,11,77,66,11,0.8571,875.68
Merchant_C,Adyen,cash_in_store,MX,4,12,84,71,13,0.8452,821.81
Merchant_C,Adyen,cash_in_store,MX,4,13,63,56,7,0.8889,925.95
Merchant_C,Adyen,cash_in_store,MX,4,14,66,54,12,0.8182,866.74
Merchant_C,Adyen,cash_in_store,MX,4,15,57,43,14,0.7544,920.35
Merchant_C,Adyen,cash_in_store,MX,4,16,52,50,2,0.9615,933.98
Merchant_C,Adyen,cash_in_store,MX,4,17,72,59,13,0.8194,1013.25
Merchant_C,Adyen,cash_in_store,MX,4,18,54,48,6,0.8889,844.6
Merchant_C,Adyen,cash_in_store,MX,4,19,46,42,4,0.913,922.42
Merchant_C,Adyen,cash_in_store,MX,4,20,22,20,2,0.9091,894.89
Merchant_C,Adyen,cash_in_store,MX,4,21,22,17,5,0.7727,844.81
Merchant_C,Adyen,cash_in_store,MX,4,22,7,6,1,0.8571,1125.57
Merchant_C,Adyen,cash_in_store,MX,4,23,4,4,0,1.0,453.92
Merchant_C,Adyen,cash_in_store,MX,5,0,7,7,0,1.0,726.86
Merchant_C,Adyen,cash_in_store,MX,5,1,2,2,0,1.0,923.34
Merchant_C,Adyen,cash_in_store,MX,5,2,2,1,1,0.5,761.08
Merchant_C,Adyen,cash_in_store,MX,5,3,1,1,0,1.0,1976.74
Merchant_C,Adyen,cash_in_store,MX,5,4,2,2,0,1.0,1301.58
Merchant_C,Adyen,cash_in_store,MX,5,5,8,6,2,0.75,879.43
Merchant_C,Adyen,cash_in_store,MX,5,6,13,13,0,1.0,960.46
Merchant_C,Adyen,cash_in_store,MX,5,7,26,25,1,0.9615,1027.58
Merchant_C,Adyen,cash_in_store,MX,5,8,41,34,7,0.8293,850.73
Merchant_C,Adyen,cash_in_store,MX,5,9,48,37,11,0.7708,947.48
Merchant_C,Adyen,cash_in_store,MX,5,10,125,102,23,0.816,897.61
Merchant_C,Adyen,cash_in_store,MX,5,11,60,50,10,0.8333,887.65
Merchant_C,Adyen,cash_in_store,MX,5,12,54,48,6,0.8889,892.47
Merchant_C,Adyen,cash_in_store,MX,5,13,63,57,6,0.9048,860.96
Merchant_C,Adyen,cash_in_store,MX,5,14,55,48,7,0.8727,920.21
Merchant_C,Adyen,cash_in_store,MX,5,15,63,56,7,0.8889,802.47
Merchant_C,Adyen,cash_in_store,MX,5,16,49,41,8,0.8367,876.03
Merchant_C,Adyen,cash_in_store,MX,5,17,47,42,5,0.8936,900.45
Merchant_C,Adyen,cash_in_store,MX,5,18,47,38,9,0.8085,894.79
Merchant_C,Adyen,cash_in_store,MX,5,19,31,26,5,0.8387,888.94
Merchant_C,Adyen,cash_in_store,MX,5,20,24,20,4,0.8333,833.34
Merchant_C,Adyen,cash_in_store,MX,5,21,13,12,1,0.9231,1181.93
Merchant_C,Adyen,cash_in_store,MX,5,22,5,5,0,1.0,945.26
Merchant_C,Adyen,cash_in_store,MX,5,23,4,4,0,1.0,568.89
Merchant_C,Adyen,cash_in_store,MX,6,0,6,6,0,1.0,817.25
Merchant_C,Adyen,cash_in_store,MX,6,1,3,3,0,1.0,894.09
Merchant_C,Adyen,cash_in_store,MX,6,2,6,4,2,0.6667,892.93
Merchant_C,Adyen,cash_in_store,MX,6,3,4,4,0,1.0,1251.4
Merchant_C,Adyen,cash_in_store,MX,6,4,3,1,2,0.3333,1336.58
Merchant_C,Adyen,cash_in_store,MX,6,5,5,5,0,1.0,777.12
Merchant_C,Adyen,cash_in_store,MX,6,6,15,15,0,1.0,696.99
Merchant_C,Adyen,cash_in_store,MX,6,7,25,23,2,0.92,1004.96
Merchant_C,Adyen,cash_in_store,MX,6,8,36,27,9,0.75,953.52
Merchant_C,Adyen,cash_in_store,MX,6,9,39,31,8,0.7949,838.34
Merchant_C,Adyen,cash_in_store,MX,6,10,49,42,7,0.8571,876.54
Merchant_C,Adyen,cash_in_store,MX,6,11,70,57,13,0.8143,1078.04
Merchant_C,Adyen,cash_in_store,MX,6,12,57,50,7,0.8772,826.83
Merchant_C,Adyen,cash_in_store,MX,6,13,64,55,9,0.8594,888.84
Merchant_C,Adyen,cash_in_store,MX,6,14,57,42,15,0.7368,963.91
Merchant_C,Adyen,cash_in_store,MX,6,15,55,41,14,0.7455,979.31
Merchant_C,Adyen,cash_in_store,MX,6,16,55,42,13,0.7636,871.22
Merchant_C,Adyen,cash_in_store,MX,6,17,48,40,8,0.8333,911.1
Merchant_C,Adyen,cash_in_store,MX,6,18,38,31,7,0.8158,851.3
Merchant_C,Adyen,cash_in_store,MX,6,19,34,30,4,0.8824,834.88
Merchant_C,Adyen,cash_in_store,MX,6,20,35,28,7,0.8,976.01
Merchant_C,Adyen,cash_in_store,MX,6,21,21,16,5,0.7619,946.27
Merchant_C,Adyen,cash_in_store,MX,6,22,9,9,0,1.0,718.62
Merchant_C,Adyen,cash_in_store,MX,6,23,9,9,0,1.0,949.53
Merchant_C,Adyen,wallet,BR,0,0,11,11,0,1.0,323.42
Merchant_C,Adyen,wallet,BR,0,1,2,2,0,1.0,196.18
Merchant_C,Adyen,wallet,BR,0,3,3,2,1,0.6667,261.21
Merchant_C,Adyen,wallet,BR,0,4,2,2,0,1.0,245.51
Merchant_C,Adyen,wallet,BR,0,5,2,2,0,1.0,195.98
Merchant_C,Adyen,wallet,BR,0,6,16,15,1,0.9375,336.68
Merchant_C,Adyen,wallet,BR,0,7,28,25,3,0.8929,287.56
Merchant_C,Adyen,wallet,BR,0,8,35,30,5,0.8571,251.2
Merchant_C,Adyen,wallet,BR,0,9,49,46,3,0.9388,320.5
Merchant_C,Adyen,wallet,BR,0,10,46,42,4,0.913,296.99
Merchant_C,Adyen,wallet,BR,0,11,65,59,6,0.9077,293.3
Merchant_C,Adyen,wallet,BR,0,12,67,63,4,0.9403,308.23
Merchant_C,Adyen,wallet,BR,0,13,69,67,2,0.971,286.75
Merchant_C,Adyen,wallet,BR,0,14,58,50,8,0.8621,241.36
Merchant_C,Adyen,wallet,BR,0,15,55,51,4,0.9273,283.33
Merchant_C,Adyen,wallet,BR,0,16,50,48,2,0.96,276.48
Merchant_C,Adyen,wallet,BR,0,17,44,39,5,0.8864,303.23
Merchant_C,Adyen,wallet,BR,0,18,37,33,4,0.8919,267.2
Merchant_C,Adyen,wallet,BR,0,19,34,31,3,0.9118,275.59
Merchant_C,Adyen,wallet,BR,0,20,27,27,0,1.0,266.26
Merchant_C,Adyen,wallet,BR,0,21,16,16,0,1.0,246.21
Merchant_C,Adyen,wallet,BR,0,22,7,7,0,1.0,287.78
Merchant_C,Adyen,wallet,BR,0,23,5,5,0,1.0,210.89
Merchant_C,Adyen,wallet,BR,1,0,6,6,0,1.0,352.45
Merchant_C,Adyen,wallet,BR,1,1,4,4,0,1.0,257.9
Merchant_C,Adyen,wallet,BR,1,2,2,2,0,1.0,285.47
Merchant_C,Adyen,wallet,BR,1,3,1,1,0,1.0,379.61
Merchant_C,Adyen,wallet,BR,1,4,3,3,0,1.0,244.37
Merchant_C,Adyen,wallet,BR,1,5,4,4,0,1.0,256.37
Merchant_C,Adyen,wallet,BR,1,6,9,9,0,1.0,340.32
Merchant_C,Adyen,wallet,BR,1,7,15,13,2,0.8667,251.41
Merchant_C,Adyen,wallet,BR,1,8,36,35,1,0.9722,326.64
Merchant_C,Adyen,wallet,BR,1,9,54,52,2,0.963,289.43
Merchant_C,Adyen,wallet,BR,1,10,78,68,10,0.8718,283.93
Merchant_C,Adyen,wallet,BR,1,11,67,64,3,0.9552,271.36
Merchant_C,Adyen,wallet,BR,1,12,71,68,3,0.9577,255.14
Merchant_C,Adyen,wallet,BR,1,13,64,63,1,0.9844,277.43
Merchant_C,Adyen,wallet,BR,1,14,71,71,0,1.0,303.71
Merchant_C,Adyen,wallet,BR,1,15,76,73,3,0.9605,262.54
Merchant_C,Adyen,wallet,BR,1,16,54,50,4,0.9259,278.73
Merchant_C,Adyen,wallet,BR,1,17,57,54,3,0.9474,257.36
Merchant_C,Adyen,wallet,BR,1,18,58,52,6,0.8966,258.51
Merchant_C,Adyen,wallet,BR,1,19,40,39,1,0.975,287.04
Merchant_C,Adyen,wallet,BR,1,20,28,24,4,0.8571,257.95
Merchant_C,Adyen,wallet,BR,1,21,13,11,2,0.8462,269.9
Merchant_C,Adyen,wallet,BR,1,22,11,10,1,0.9091,206.4
Merchant_C,Adyen,wallet,BR,1,23,5,5,0,1.0,426.05
Merchant_C,Adyen,wallet,BR,2,0,5,5,0,1.0,175.72
Merchant_C,Adyen,wallet,BR,2,1,2,2,0,1.0,403.78
Merchant_C,Adyen,wallet,BR,2,2,4,4,0,1.0,395.35
Merchant_C,Adyen,wallet,BR,2,3,2,2,0,1.0,334.19
Merchant_C,Adyen,wallet,BR,2,4,4,4,0,1.0,305.89
Merchant_C,Adyen,wallet,BR,2,5,8,8,0,1.0,284.43
Merchant_C,Adyen,wallet,BR,2,6,19,17,2,0.8947,293.55
Merchant_C,Adyen,wallet,BR,2,7,26,25,1,0.9615,273.47
Merchant_C,Adyen,wallet,BR,2,8,41,38,3,0.9268,294.93
Merchant_C,Adyen,wallet,BR,2,9,55,52,3,0.9455,273.78
Merchant_C,Adyen,wallet,BR,2,10,49,42,7,0.8571,290.24
Merchant_C,Adyen,wallet,BR,2,11,64,63,1,0.9844,282.44
Merchant_C,Adyen,wallet,BR,2,12,93,88,5,0.9462,278.15
Merchant_C,Adyen,wallet,BR,2,13,82,74,8,0.9024,307.38
Merchant_C,Adyen,wallet,BR,2,14,66,61,5,0.9242,309.56
Merchant_C,Adyen,wallet,BR,2,15,87,80,7,0.9195,284.66
Merchant_C,Adyen,wallet,BR,2,16,52,49,3,0.9423,303.93
Merchant_C,Adyen,wallet,BR,2,17,56,50,6,0.8929,280.78
Merchant_C,Adyen,wallet,BR,2,18,55,49,6,0.8909,309.91
Merchant_C,Adyen,wallet,BR,2,19,47,37,10,0.7872,318.95
Merchant_C,Adyen,wallet,BR,2,20,26,24,2,0.9231,243.23
Merchant_C,Adyen,wallet,BR,2,21,8,6,2,0.75,285.78
Merchant_C,Adyen,wallet,BR,2,22,13,11,2,0.8462,230.11
Merchant_C,Adyen,wallet,BR,2,23,4,4,0,1.0,232.53
Merchant_C,Adyen,wallet,BR,3,0,6,5,1,0.8333,239.5
Merchant_C,Adyen,wallet,BR,3,1,4,4,0,1.0,295.71
Merchant_C,Adyen,wallet,BR,3,2,1,1,0,1.0,102.65
Merchant_C,Adyen,wallet,BR,3,3,4,4,0,1.0,252.9
Merchant_C,Adyen,wallet,BR,3,4,5,5,0,1.0,218.04
Merchant_C,Adyen,wallet,BR,3,5,8,7,1,0.875,313.47
Merchant_C,Adyen,wallet,BR,3,6,13,13,0,1.0,324.63
Merchant_C,Adyen,wallet,BR,3,7,21,20,1,0.9524,325.86
Merchant_C,Adyen,wallet,BR,3,8,46,44,2,0.9565,274.07
Merchant_C,Adyen,wallet,BR,3,9,56,52,4,0.9286,287.46
Merchant_C,Adyen,wallet,BR,3,10,65,59,6,0.9077,273.01
Merchant_C,Adyen,wallet,BR,3,11,65,55,10,0.8462,292.26
Merchant_C,Adyen,wallet,BR,3,12,79,73,6,0.9241,291.11
Merchant_C,Adyen,wallet,BR,3,13,73,64,9,0.8767,286.56
Merchant_C,Adyen,wallet,BR,3,14,80,73,7,0.9125,288.32
Merchant_C,Adyen,wallet,BR,3,15,53,47,6,0.8868,262.63
Merchant_C,Adyen,wallet,BR,3,16,53,51,2,0.9623,262.73
Merchant_C,Adyen,wallet,BR,3,17,53,52,1,0.9811,287.35
Merchant_C,Adyen,wallet,BR,3,18,49,39,10,0.7959,289.52
Merchant_C,Adyen,wallet,BR,3,19,54,50,4,0.9259,263.67
Merchant_C,Adyen,wallet,BR,3,20,22,20,2,0.9091,314.59
Merchant_C,Adyen,wallet,BR,3,21,17,15,2,0.8824,281.68
Merchant_C,Adyen,wallet,BR,3,22,11,11,0,1.0,273.96
Merchant_C,Adyen,wallet,BR,3,23,11,10,1,0.9091,288.76
Merchant_C,Adyen,wallet,BR,4,0,9,6,3,0.6667,311.17
Merchant_C,Adyen,wallet,BR,4,1,6,6,0,1.0,213.07
Merchant_C,Adyen,wallet,BR,4,2,2,2,0,1.0,161.51
Merchant_C,Adyen,wallet,BR,4,4,1,1,0,1.0,381.71
Merchant_C,Adyen,wallet,BR,4,5,9,8,1,0.8889,287.64
Merchant_C,Adyen,wallet,BR,4,6,11,11,0,1.0,279.7
Merchant_C,Adyen,wallet,BR,4,7,25,22,3,0.88,316.44
Merchant_C,Adyen,wallet,BR,4,8,45,40,5,0.8889,270.62
Merchant_C,Adyen,wallet,BR,4,9,49,47,2,0.9592,268.81
Merchant_C,Adyen,wallet,BR,4,10,65,63,2,0.9692,305.94
Merchant_C,Adyen,wallet,BR,4,11,72,66,6,0.9167,254.14
Merchant_C,Adyen,wallet,BR,4,12,86,81,5,0.9419,304.69
Merchant_C,Adyen,wallet,BR,4,13,76,73,3,0.9605,278.89
Merchant_C,Adyen,wallet,BR,4,14,65,60,5,0.9231,323.62
Merchant_C,Adyen,wallet,BR,4,15,63,55,8,0.873,275.25
Merchant_C,Adyen,wallet,BR,4,16,43,41,2,0.9535,288.59
Merchant_C,Adyen,wallet,BR,4,17,56,55,1,0.9821,254.16
Merchant_C,Adyen,wallet,BR,4,18,49,48,1,0.9796,272.95
Merchant_C,Adyen,wallet,BR,4,19,49,44,5,0.898,326.41
Merchant_C,Adyen,wallet,BR,4,20,24,24,0,1.0,296.92
Merchant_C,Adyen,wallet,BR,4,21,20,20,0,1.0,276.5
Merchant_C,Adyen,wallet,BR,4,22,8,8,0,1.0,176.64
Merchant_C,Adyen,wallet,BR,4,23,5,4,1,0.8,409.08
Merchant_C,Adyen,wallet,BR,5,0,5,5,0,1.0,288.93
Merchant_C,Adyen,wallet,BR,5,2,5,4,1,0.8,303.7
Merchant_C,Adyen,wallet,BR,5,3,6,6,0,1.0,294.46
Merchant_C,Adyen,wallet,BR,5,4,4,4,0,1.0,490.83
Merchant_C,Adyen,wallet,BR,5,5,4,4,0,1.0,259.1
Merchant_C,Adyen,wallet,BR,5,6,13,10,3,0.7692,270.19
Merchant_C,Adyen,wallet,BR,5,7,25,21,4,0.84,281.95
Merchant_C,Adyen,wallet,BR,5,8,49,45,4,0.9184,295.42
Merchant_C,Adyen,wallet,BR,5,9,54,52,2,0.963,307.7
Merchant_C,Adyen,wallet,BR,5,10,131,121,10,0.9237,292.68
Merchant_C,Adyen,wallet,BR,5,11,55,48,7,0.8727,320.04
Merchant_C,Adyen,wallet,BR,5,12,70,69,1,0.9857,287.44
Merchant_C,Adyen,wallet,BR,5,13,63,57,6,0.9048,288.96
Merchant_C,Adyen,wallet,BR,5,14,59,52,7,0.8814,265.34
Merchant_C,Adyen,wallet,BR,5,15,51,47,4,0.9216,279.15
Merchant_C,Adyen,wallet,BR,5,16,43,41,2,0.9535,244.17
Merchant_C,Adyen,wallet,BR,5,17,56,51,5,0.9107,279.52
Merchant_C,Adyen,wallet,BR,5,18,41,36,5,0.878,301.77
Merchant_C,Adyen,wallet,BR,5,19,38,35,3,0.9211,282.17
Merchant_C,Adyen,wallet,BR,5,20,19,19,0,1.0,291.18
Merchant_C,Adyen,wallet,BR,5,21,15,14,1,0.9333,257.7
Merchant_C,Adyen,wallet,BR,5,22,10,9,1,0.9,449.32
Merchant_C,Adyen,wallet,BR,5,23,6,6,0,1.0,286.08
Merchant_C,Adyen,wallet,BR,6,0,8,8,0,1.0,292.18
Merchant_C,Adyen,wallet,BR,6,1,2,2,0,1.0,361.05
Merchant_C,Adyen,wallet,BR,6,2,3,3,0,1.0,214.85
Merchant_C,Adyen,wallet,BR,6,3,2,2,0,1.0,211.64
Merchant_C,Adyen,wallet,BR,6,5,7,7,0,1.0,221.05
Merchant_C,Adyen,wallet,BR,6,6,12,10,2,0.8333,292.03
Merchant_C,Adyen,wallet,BR,6,7,30,29,1,0.9667,336.54
Merchant_C,Adyen,wallet,BR,6,8,26,24,2,0.9231,245.46
Merchant_C,Adyen,wallet,BR,6,9,45,42,3,0.9333,288.2
Merchant_C,Adyen,wallet,BR,6,10,54,49,5,0.9074,296.94
Merchant_C,Adyen,wallet,BR,6,11,71,62,9,0.8732,293.94
Merchant_C,Adyen,wallet,BR,6,12,62,57,5,0.9194,245.96
Merchant_C,Adyen,wallet,BR,6,13,62,54,8,0.871,303.08
Merchant_C,Adyen,wallet,BR,6,14,46,43,3,0.9348,239.37
Merchant_C,Adyen,wallet,BR,6,15,55,51,4,0.9273,292.17
Merchant_C,Adyen,wallet,BR,6,16,43,40,3,0.9302,249.8
Merchant_C,Adyen,wallet,BR,6,17,48,44,4,0.9167,273.2
Merchant_C,Adyen,wallet,BR,6,18,40,37,3,0.925,302.88
Merchant_C,Adyen,wallet,BR,6,19,30,29,1,0.9667,323.42
Merchant_C,Adyen,wallet,BR,6,20,23,20,3,0.8696,284.18
Merchant_C,Adyen,wallet,BR,6,21,19,19,0,1.0,269.09
Merchant_C,Adyen,wallet,BR,6,22,8,8,0,1.0,325.88
Merchant_C,Adyen,wallet,BR,6,23,3,3,0,1.0,237.4
Merchant_C,Adyen,wallet,CO,0,0,5,5,0,1.0,81588.93
Merchant_C,Adyen,wallet,CO,0,1,6,6,0,1.0,113772.43
Merchant_C,Adyen,wallet,CO,0,2,2,2,0,1.0,117575.67
Merchant_C,Adyen,wallet,CO,0,3,6,6,0,1.0,107550.67
Merchant_C,Adyen,wallet,CO,0,4,3,3,0,1.0,71724.45
Merchant_C,Adyen,wallet,CO,0,5,3,3,0,1.0,109406.86
Merchant_C,Adyen,wallet,CO,0,6,15,15,0,1.0,128768.92
Merchant_C,Adyen,wallet,CO,0,7,26,22,4,0.8462,133188.13
Merchant_C,Adyen,wallet,CO,0,8,30,29,1,0.9667,125641.3
Merchant_C,Adyen,wallet,CO,0,9,58,50,8,0.8621,118826.32
Merchant_C,Adyen,wallet,CO,0,10,52,46,6,0.8846,130201.38
Merchant_C,Adyen,wallet,CO,0,11,75,68,7,0.9067,119634.91
Merchant_C,Adyen,wallet,CO,0,12,64,59,5,0.9219,121488.05
Merchant_C,Adyen,wallet,CO,0,13,53,47,6,0.8868,128041.72
Merchant_C,Adyen,wallet,CO,0,14,55,47,8,0.8545,113295.69
Merchant_C,Adyen,wallet,CO,0,15,45,41,4,0.9111,134597.39
Merchant_C,Adyen,wallet,CO,0,16,41,36,5,0.878,120318.76
Merchant_C,Adyen,wallet,CO,0,17,44,41,3,0.9318,123577.18
Merchant_C,Adyen,wallet,CO,0,18,36,30,6,0.8333,125833.41
Merchant_C,Adyen,wallet,CO,0,19,39,35,4,0.8974,135213.85
Merchant_C,Adyen,wallet,CO,0,20,26,25,1,0.9615,111107.77
Merchant_C,Adyen,wallet,CO,0,21,19,18,1,0.9474,122710.91
Merchant_C,Adyen,wallet,CO,0,22,6,5,1,0.8333,125425.77
Merchant_C,Adyen,wallet,CO,0,23,12,12,0,1.0,161168.9
Merchant_C,Adyen,wallet,CO,1,0,3,2,1,0.6667,214524.12
Merchant_C,Adyen,wallet,CO,1,1,4,4,0,1.0,83345.58
Merchant_C,Adyen,wallet,CO,1,2,2,2,0,1.0,114740.96
Merchant_C,Adyen,wallet,CO,1,4,2,2,0,1.0,209175.96
Merchant_C,Adyen,wallet,CO,1,5,3,3,0,1.0,34910.14
Merchant_C,Adyen,wallet,CO,1,6,13,11,2,0.8462,129407.54
Merchant_C,Adyen,wallet,CO,1,7,27,24,3,0.8889,131557.57
Merchant_C,Adyen,wallet,CO,1,8,32,30,2,0.9375,116399.32
Merchant_C,Adyen,wallet,CO,1,9,45,41,4,0.9111,124279.93
Merchant_C,Adyen,wallet,CO,1,10,79,75,4,0.9494,120184.36
Merchant_C,Adyen,wallet,CO,1,11,84,79,5,0.9405,124312.3
Merchant_C,Adyen,wallet,CO,1,12,90,84,6,0.9333,113184.07
Merchant_C,Adyen,wallet,CO,1,13,56,51,5,0.9107,116822.6
Merchant_C,Adyen,wallet,CO,1,14,59,55,4,0.9322,118574.75
Merchant_C,Adyen,wallet,CO,1,15,73,69,4,0.9452,122613.34
Merchant_C,Adyen,wallet,CO,1,16,58,54,4,0.931,116954.28
Merchant_C,Adyen,wallet,CO,1,17,52,47,5,0.9038,113080.64
Merchant_C,Adyen,wallet,CO,1,18,45,42,3,0.9333,114955.78
Merchant_C,Adyen,wallet,CO,1,19,44,42,2,0.9545,136089.54
Merchant_C,Adyen,wallet,CO,1,20,22,20,2,0.9091,135806.23
Merchant_C,Adyen,wallet,CO,1,21,18,17,1,0.9444,92760.68
Merchant_C,Adyen,wallet,CO,1,22,9,7,2,0.7778,95502.75
Merchant_C,Adyen,wallet,CO,1,23,6,6,0,1.0,130100.45
Merchant_C,Adyen,wallet,CO,2,0,6,6,0,1.0,136754.45
Merchant_C,Adyen,wallet,CO,2,1,3,3,0,1.0,121325.87
Merchant_C,Adyen,wallet,CO,2,3,2,2,0,1.0,189329.22
Merchant_C,Adyen,wallet,CO,2,4,3,3,0,1.0,53813.24
Merchant_C,Adyen,wallet,CO,2,5,7,7,0,1.0,133270.07
Merchant_C,Adyen,wallet,CO,2,6,16,16,0,1.0,115431.07
Merchant_C,Adyen,wallet,CO,2,7,27,25,2,0.9259,118005.69
Merchant_C,Adyen,wallet,CO,2,8,35,30,5,0.8571,110379.6
Merchant_C,Adyen,wallet,CO,2,9,62,56,6,0.9032,118735.44
Merchant_C,Adyen,wallet,CO,2,10,50,41,9,0.82,103257.08
Merchant_C,Adyen,wallet,CO,2,11,72,65,7,0.9028,119301.1
Merchant_C,Adyen,wallet,CO,2,12,60,55,5,0.9167,112256.65
Merchant_C,Adyen,wallet,CO,2,13,74,67,7,0.9054,123501.47
Merchant_C,Adyen,wallet,CO,2,14,64,60,4,0.9375,114956.87
Merchant_C,Adyen,wallet,CO,2,15,58,56,2,0.9655,117128.64
Merchant_C,Adyen,wallet,CO,2,16,45,42,3,0.9333,132028.93
Merchant_C,Adyen,wallet,CO,2,17,59,54,5,0.9153,116358.26
Merchant_C,Adyen,wallet,CO,2,18,58,55,3,0.9483,125881.53
Merchant_C,Adyen,wallet,CO,2,19,49,43,6,0.8776,123490.63
Merchant_C,Adyen,wallet,CO,2,20,26,24,2,0.9231,128165.76
Merchant_C,Adyen,wallet,CO,2,21,18,15,3,0.8333,138070.61
Merchant_C,Adyen,wallet,CO,2,22,9,9,0,1.0,102779.12
Merchant_C,Adyen,wallet,CO,2,23,9,9,0,1.0,120299.81
Merchant_C,Adyen,wallet,CO,3,0,1,1,0,1.0,58191.98
Merchant_C,Adyen,wallet,CO,3,1,1,1,0,1.0,124333.3
Merchant_C,Adyen,wallet,CO,3,2,1,1,0,1.0,92936.57
Merchant_C,Adyen,wallet,CO,3,3,3,3,0,1.0,67637.11
Merchant_C,Adyen,wallet,CO,3,5,5,5,0,1.0,111218.78
Merchant_C,Adyen,wallet,CO,3,6,13,12,1,0.9231,139157.08
Merchant_C,Adyen,wallet,CO,3,7,33,32,1,0.9697,120278.66
Merchant_C,Adyen,wallet,CO,3,8,38,34,4,0.8947,125541.08
Merchant_C,Adyen,wallet,CO,3,9,49,46,3,0.9388,123391.89
Merchant_C,Adyen,wallet,CO,3,10,51,49,2,0.9608,123283.41
Merchant_C,Adyen,wallet,CO,3,11,62,56,6,0.9032,120109.94
Merchant_C,Adyen,wallet,CO,3,12,74,67,7,0.9054,138806.87
Merchant_C,Adyen,wallet,CO,3,13,72,67,5,0.9306,121673.51
Merchant_C,Adyen,wallet,CO,3,14,58,50,8,0.8621,114196.48
Merchant_C,Adyen,wallet,CO,3,15,55,48,7,0.8727,128997.18
Merchant_C,Adyen,wallet,CO,3,16,51,46,5,0.902,140978.24
Merchant_C,Adyen,wallet,CO,3,17,56,47,9,0.8393,135229.13
Merchant_C,Adyen,wallet,CO,3,18,52,48,4,0.9231,120197.21
Merchant_C,Adyen,wallet,CO,3,19,43,39,4,0.907,131839.77
Merchant_C,Adyen,wallet,CO,3,20,30,26,4,0.8667,110979.3
Merchant_C,Adyen,wallet,CO,3,21,20,18,2,0.9,99387.14
Merchant_C,Adyen,wallet,CO,3,22,15,14,1,0.9333,114114.64
Merchant_C,Adyen,wallet,CO,3,23,6,5,1,0.8333,129655.44
Merchant_C,Adyen,wallet,CO,4,0,2,2,0,1.0,125920.12
Merchant_C,Adyen,wallet,CO,4,1,8,7,1,0.875,143426.11
Merchant_C,Adyen,wallet,CO,4,3,5,5,0,1.0,98805.76
Merchant_C,Adyen,wallet,CO,4,4,3,2,1,0.6667,206558.04
Merchant_C,Adyen,wallet,CO,4,5,6,6,0,1.0,109021.22
Merchant_C,Adyen,wallet,CO,4,6,10,9,1,0.9,117702.72
Merchant_C,Adyen,wallet,CO,4,7,27,26,1,0.963,95668.25
Merchant_C,Adyen,wallet,CO,4,8,47,43,4,0.9149,121788.95
Merchant_C,Adyen,wallet,CO,4,9,59,54,5,0.9153,135105.68
Merchant_C,Adyen,wallet,CO,4,10,62,56,6,0.9032,125132.5
Merchant_C,Adyen,wallet,CO,4,11,72,68,4,0.9444,143276.67
Merchant_C,Adyen,wallet,CO,4,12,77,67,10,0.8701,116746.09
Merchant_C,Adyen,wallet,CO,4,13,60,57,3,0.95,119026.17
Merchant_C,Adyen,wallet,CO,4,14,68,66,2,0.9706,117605.35
Merchant_C,Adyen,wallet,CO,4,15,55,51,4,0.9273,118736.11
Merchant_C,Adyen,wallet,CO,4,16,59,52,7,0.8814,120350.08
Merchant_C,Adyen,wallet,CO,4,17,53,47,6,0.8868,128911.6
Merchant_C,Adyen,wallet,CO,4,18,39,36,3,0.9231,134961.44
Merchant_C,Adyen,wallet,CO,4,19,35,32,3,0.9143,100276.75
Merchant_C,Adyen,wallet,CO,4,20,26,24,2,0.9231,127732.0
Merchant_C,Adyen,wallet,CO,4,21,18,17,1,0.9444,138901.68
Merchant_C,Adyen,wallet,CO,4,22,11,11,0,1.0,141772.47
Merchant_C,Adyen,wallet,CO,4,23,7,7,0,1.0,106364.86
Merchant_C,Adyen,wallet,CO,5,0,8,6,2,0.75,155227.97
Merchant_C,Adyen,wallet,CO,5,1,3,2,1,0.6667,157215.23
Merchant_C,Adyen,wallet,CO,5,2,3,3,0,1.0,120721.98
Merchant_C,Adyen,wallet,CO,5,4,2,2,0,1.0,151401.96
Merchant_C,Adyen,wallet,CO,5,5,8,7,1,0.875,107910.63
Merchant_C,Adyen,wallet,CO,5,6,17,17,0,1.0,110062.19
Merchant_C,Adyen,wallet,CO,5,7,39,38,1,0.9744,113591.26
Merchant_C,Adyen,wallet,CO,5,8,39,36,3,0.9231,112885.13
Merchant_C,Adyen,wallet,CO,5,9,55,54,1,0.9818,110881.64
Merchant_C,Adyen,wallet,CO,5,10,131,124,7,0.9466,125850.79
Merchant_C,Adyen,wallet,CO,5,11,60,57,3,0.95,108721.55
Merchant_C,Adyen,wallet,CO,5,12,64,63,1,0.9844,131625.77
Merchant_C,Adyen,wallet,CO,5,13,57,52,5,0.9123,126748.0
Merchant_C,Adyen,wallet,CO,5,14,49,45,4,0.9184,127037.16
Merchant_C,Adyen,wallet,CO,5,15,55,53,2,0.9636,120365.83
Merchant_C,Adyen,wallet,CO,5,16,67,63,4,0.9403,126551.19
Merchant_C,Adyen,wallet,CO,5,17,47,43,4,0.9149,124387.1
Merchant_C,Adyen,wallet,CO,5,18,46,44,2,0.9565,122754.89
Merchant_C,Adyen,wallet,CO,5,19,29,28,1,0.9655,140795.43
Merchant_C,Adyen,wallet,CO,5,20,24,22,2,0.9167,164093.68
Merchant_C,Adyen,wallet,CO,5,21,10,7,3,0.7,111722.14
Merchant_C,Adyen,wallet,CO,5,22,17,17,0,1.0,113188.3
Merchant_C,Adyen,wallet,CO,5,23,9,8,1,0.8889,90510.33
Merchant_C,Adyen,wallet,CO,6,0,9,9,0,1.0,135803.63
Merchant_C,Adyen,wallet,CO,6,1,11,10,1,0.9091,121030.97
Merchant_C,Adyen,wallet,CO,6,2,1,1,0,1.0,59053.13
Merchant_C,Adyen,wallet,CO,6,3,2,2,0,1.0,110938.7
Merchant_C,Adyen,wallet,CO,6,4,2,2,0,1.0,157691.08
Merchant_C,Adyen,wallet,CO,6,5,3,3,0,1.0,98104.49
Merchant_C,Adyen,wallet,CO,6,6,15,15,0,1.0,117615.83
Merchant_C,Adyen,wallet,CO,6,7,30,26,4,0.8667,124255.12
Merchant_C,Adyen,wallet,CO,6,8,39,36,3,0.9231,114966.9
Merchant_C,Adyen,wallet,CO,6,9,52,49,3,0.9423,123539.86
Merchant_C,Adyen,wallet,CO,6,10,66,61,5,0.9242,120236.07
Merchant_C,Adyen,wallet,CO,6,11,63,58,5,0.9206,119578.75
Merchant_C,Adyen,wallet,CO,6,12,69,64,5,0.9275,115029.58
Merchant_C,Adyen,wallet,CO,6,13,60,55,5,0.9167,123722.57
Merchant_C,Adyen,wallet,CO,6,14,58,55,3,0.9483,116313.45
Merchant_C,Adyen,wallet,CO,6,15,57,55,2,0.9649,113377.64
Merchant_C,Adyen,wallet,CO,6,16,53,45,8,0.8491,109395.24
Merchant_C,Adyen,wallet,CO,6,17,59,55,4,0.9322,122637.65
Merchant_C,Adyen,wallet,CO,6,18,46,39,7,0.8478,115117.11
Merchant_C,Adyen,wallet,CO,6,19,31,28,3,0.9032,112799.44
Merchant_C,Adyen,wallet,CO,6,20,27,26,1,0.963,144703.11
Merchant_C,Adyen,wallet,CO,6,21,22,21,1,0.9545,125165.21
Merchant_C,Adyen,wallet,CO,6,22,10,10,0,1.0,131461.11
Merchant_C,Adyen,wallet,CO,6,23,6,6,0,1.0,116142.11
Merchant_C,Adyen,wallet,MX,0,0,7,6,1,0.8571,684.54
Merchant_C,Adyen,wallet,MX,0,1,3,3,0,1.0,1248.8
Merchant_C,Adyen,wallet,MX,0,2,3,3,0,1.0,1077.96
Merchant_C,Adyen,wallet,MX,0,4,3,3,0,1.0,1119.18
Merchant_C,Adyen,wallet,MX,0,5,4,4,0,1.0,866.38
Merchant_C,Adyen,wallet,MX,0,6,11,11,0,1.0,1040.07
Merchant_C,Adyen,wallet,MX,0,7,35,32,3,0.9143,975.7
Merchant_C,Adyen,wallet,MX,0,8,37,35,2,0.9459,904.44
Merchant_C,Adyen,wallet,MX,0,9,54,52,2,0.963,862.89
Merchant_C,Adyen,wallet,MX,0,10,57,51,6,0.8947,908.62
Merchant_C,Adyen,wallet,MX,0,11,60,57,3,0.95,895.98
Merchant_C,Adyen,wallet,MX,0,12,71,66,5,0.9296,946.62
Merchant_C,Adyen,wallet,MX,0,13,58,54,4,0.931,885.02
Merchant_C,Adyen,wallet,MX,0,14,57,53,4,0.9298,959.59
Merchant_C,Adyen,wallet,MX,0,15,62,58,4,0.9355,887.84
Merchant_C,Adyen,wallet,MX,0,16,53,50,3,0.9434,1002.59
Merchant_C,Adyen,wallet,MX,0,17,43,40,3,0.9302,819.17
Merchant_C,Adyen,wallet,MX,0,18,41,38,3,0.9268,934.2
Merchant_C,Adyen,wallet,MX,0,19,28,26,2,0.9286,892.4
Merchant_C,Adyen,wallet,MX,0,20,34,32,2,0.9412,944.54
Merchant_C,Adyen,wallet,MX,0,21,18,17,1,0.9444,939.35
Merchant_C,Adyen,wallet,MX,0,22,5,5,0,1.0,857.14
Merchant_C,Adyen,wallet,MX,0,23,3,3,0,1.0,945.55
Merchant_C,Adyen,wallet,MX,1,0,6,5,1,0.8333,922.44
Merchant_C,Adyen,wallet,MX,1,1,5,5,0,1.0,934.69
Merchant_C,Adyen,wallet,MX,1,2,3,3,0,1.0,712.21
Merchant_C,Adyen,wallet,MX,1,4,4,4,0,1.0,600.02
Merchant_C,Adyen,wallet,MX,1,5,5,3,2,0.6,861.46
Merchant_C,Adyen,wallet,MX,1,6,13,13,0,1.0,707.3
Merchant_C,Adyen,wallet,MX,1,7,21,17,4,0.8095,1043.18
Merchant_C,Adyen,wallet,MX,1,8,41,36,5,0.878,1042.44
Merchant_C,Adyen,wallet,MX,1,9,50,42,8,0.84,917.68
Merchant_C,Adyen,wallet,MX,1,10,72,67,5,0.9306,966.32
Merchant_C,Adyen,wallet,MX,1,11,66,65,1,0.9848,824.21
Merchant_C,Adyen,wallet,MX,1,12,80,76,4,0.95,912.28
Merchant_C,Adyen,wallet,MX,1,13,68,62,6,0.9118,960.48
Merchant_C,Adyen,wallet,MX,1,14,59,49,10,0.8305,1015.8
Merchant_C,Adyen,wallet,MX,1,15,68,65,3,0.9559,858.58
Merchant_C,Adyen,wallet,MX,1,16,50,47,3,0.94,924.4
Merchant_C,Adyen,wallet,MX,1,17,55,52,3,0.9455,937.61
Merchant_C,Adyen,wallet,MX,1,18,58,53,5,0.9138,871.73
Merchant_C,Adyen,wallet,MX,1,19,41,38,3,0.9268,922.36
Merchant_C,Adyen,wallet,MX,1,20,26,24,2,0.9231,1018.03
Merchant_C,Adyen,wallet,MX,1,21,15,14,1,0.9333,851.88
Merchant_C,Adyen,wallet,MX,1,22,8,8,0,1.0,1140.18
Merchant_C,Adyen,wallet,MX,1,23,6,6,0,1.0,974.4
Merchant_C,Adyen,wallet,MX,2,0,6,5,1,0.8333,1066.41
Merchant_C,Adyen,wallet,MX,2,1,2,2,0,1.0,1788.71
Merchant_C,Adyen,wallet,MX,2,2,2,2,0,1.0,611.58
Merchant_C,Adyen,wallet,MX,2,3,3,3,0,1.0,1104.83
Merchant_C,Adyen,wallet,MX,2,4,1,1,0,1.0,956.84
Merchant_C,Adyen,wallet,MX,2,5,4,4,0,1.0,478.56
Merchant_C,Adyen,wallet,MX,2,6,13,11,2,0.8462,1107.68
Merchant_C,Adyen,wallet,MX,2,7,20,19,1,0.95,1062.72
Merchant_C,Adyen,wallet,MX,2,8,37,35,2,0.9459,957.39
Merchant_C,Adyen,wallet,MX,2,9,43,40,3,0.9302,898.38
Merchant_C,Adyen,wallet,MX,2,10,64,57,7,0.8906,967.82
Merchant_C,Adyen,wallet,MX,2,11,76,72,4,0.9474,893.29
Merchant_C,Adyen,wallet,MX,2,12,72,65,7,0.9028,887.29
Merchant_C,Adyen,wallet,MX,2,13,70,66,4,0.9429,901.33
Merchant_C,Adyen,wallet,MX,2,14,61,55,6,0.9016,836.58
Merchant_C,Adyen,wallet,MX,2,15,60,53,7,0.8833,952.36
Merchant_C,Adyen,wallet,MX,2,16,57,53,4,0.9298,746.99
Merchant_C,Adyen,wallet,MX,2,17,65,62,3,0.9538,1000.37
Merchant_C,Adyen,wallet,MX,2,18,52,49,3,0.9423,817.62
Merchant_C,Adyen,wallet,MX,2,19,43,42,1,0.9767,1023.42
Merchant_C,Adyen,wallet,MX,2,20,25,23,2,0.92,823.64
Merchant_C,Adyen,wallet,MX,2,21,22,18,4,0.8182,993.71
Merchant_C,Adyen,wallet,MX,2,22,10,10,0,1.0,893.53
Merchant_C,Adyen,wallet,MX,2,23,9,9,0,1.0,860.15
Merchant_C,Adyen,wallet,MX,3,0,5,5,0,1.0,1017.81
Merchant_C,Adyen,wallet,MX,3,1,3,2,1,0.6667,579.19
Merchant_C,Adyen,wallet,MX,3,2,1,1,0,1.0,1163.36
Merchant_C,Adyen,wallet,MX,3,3,3,3,0,1.0,1408.77
Merchant_C,Adyen,wallet,MX,3,4,3,3,0,1.0,736.54
Merchant_C,Adyen,wallet,MX,3,5,5,5,0,1.0,1192.16
Merchant_C,Adyen,wallet,MX,3,6,16,16,0,1.0,925.0
Merchant_C,Adyen,wallet,MX,3,7,14,13,1,0.9286,840.99
Merchant_C,Adyen,wallet,MX,3,8,49,44,5,0.898,884.25
Merchant_C,Adyen,wallet,MX,3,9,64,62,2,0.9688,916.76
Merchant_C,Adyen,wallet,MX,3,10,63,60,3,0.9524,1039.67
Merchant_C,Adyen,wallet,MX,3,11,61,56,5,0.918,920.64
Merchant_C,Adyen,wallet,MX,3,12,78,76,2,0.9744,764.5
Merchant_C,Adyen,wallet,MX,3,13,62,57,5,0.9194,946.06
Merchant_C,Adyen,wallet,MX,3,14,54,51,3,0.9444,951.6
Merchant_C,Adyen,wallet,MX,3,15,71,62,9,0.8732,950.03
Merchant_C,Adyen,wallet,MX,3,16,66,63,3,0.9545,939.09
Merchant_C,Adyen,wallet,MX,3,17,51,50,1,0.9804,956.22
Merchant_C,Adyen,wallet,MX,3,18,59,54,5,0.9153,910.11
Merchant_C,Adyen,wallet,MX,3,19,44,43,1,0.9773,943.68
Merchant_C,Adyen,wallet,MX,3,20,27,24,3,0.8889,893.78
Merchant_C,Adyen,wallet,MX,3,21,15,14,1,0.9333,972.36
Merchant_C,Adyen,wallet,MX,3,22,9,9,0,1.0,1036.01
Merchant_C,Adyen,wallet,MX,3,23,11,10,1,0.9091,690.34
Merchant_C,Adyen,wallet,MX,4,0,4,4,0,1.0,834.21
Merchant_C,Adyen,wallet,MX,4,1,3,2,1,0.6667,452.93
Merchant_C,Adyen,wallet,MX,4,3,2,2,0,1.0,943.62
Merchant_C,Adyen,wallet,MX,4,4,1,1,0,1.0,1045.7
Merchant_C,Adyen,wallet,MX,4,5,8,8,0,1.0,1015.15
Merchant_C,Adyen,wallet,MX,4,6,15,14,1,0.9333,888.03
Merchant_C,Adyen,wallet,MX,4,7,34,31,3,0.9118,861.0
Merchant_C,Adyen,wallet,MX,4,8,49,43,6,0.8776,841.14
Merchant_C,Adyen,wallet,MX,4,9,50,47,3,0.94,823.64
Merchant_C,Adyen,wallet,MX,4,10,82,78,4,0.9512,917.69
Merchant_C,Adyen,wallet,MX,4,11,68,61,7,0.8971,823.24
Merchant_C,Adyen,wallet,MX,4,12,74,71,3,0.9595,965.15
Merchant_C,Adyen,wallet,MX,4,13,67,65,2,0.9701,925.52
Merchant_C,Adyen,wallet,MX,4,14,64,58,6,0.9062,941.19
Merchant_C,Adyen,wallet,MX,4,15,67,62,5,0.9254,915.43
Merchant_C,Adyen,wallet,MX,4,16,63,60,3,0.9524,912.72
Merchant_C,Adyen,wallet,MX,4,17,76,69,7,0.9079,886.65
Merchant_C,Adyen,wallet,MX,4,18,43,40,3,0.9302,992.09
Merchant_C,Adyen,wallet,MX,4,19,43,41,2,0.9535,766.88
Merchant_C,Adyen,wallet,MX,4,20,19,18,1,0.9474,1027.44
Merchant_C,Adyen,wallet,MX,4,21,16,15,1,0.9375,981.29
Merchant_C,Adyen,wallet,MX,4,22,9,9,0,1.0,974.3
Merchant_C,Adyen,wallet,MX,4,23,9,8,1,0.8889,963.4
Merchant_C,Adyen,wallet,MX,5,0,6,5,1,0.8333,1053.99
Merchant_C,Adyen,wallet,MX,5,1,4,4,0,1.0,1108.51
Merchant_C,Adyen,wallet,MX,5,2,4,4,0,1.0,1009.58
Merchant_C,Adyen,wallet,MX,5,5,4,4,0,1.0,1092.96
Merchant_C,Adyen,wallet,MX,5,6,23,22,1,0.9565,744.51
Merchant_C,Adyen,wallet,MX,5,7,38,36,2,0.9474,830.06
Merchant_C,Adyen,wallet,MX,5,8,49,44,5,0.898,1008.41
Merchant_C,Adyen,wallet,MX,5,9,70,66,4,0.9429,852.57
Merchant_C,Adyen,wallet,MX,5,10,136,128,8,0.9412,892.12
Merchant_C,Adyen,wallet,MX,5,11,54,53,1,0.9815,804.75
Merchant_C,Adyen,wallet,MX,5,12,77,71,6,0.9221,931.56
Merchant_C,Adyen,wallet,MX,5,13,60,54,6,0.9,961.2
Merchant_C,Adyen,wallet,MX,5,14,50,47,3,0.94,736.18
Merchant_C,Adyen,wallet,MX,5,15,48,45,3,0.9375,758.19
Merchant_C,Adyen,wallet,MX,5,16,56,55,1,0.9821,891.74
Merchant_C,Adyen,wallet,MX,5,17,43,39,4,0.907,921.06
Merchant_C,Adyen,wallet,MX,5,18,41,37,4,0.9024,854.63
Merchant_C,Adyen,wallet,MX,5,19,33,30,3,0.9091,991.43
Merchant_C,Adyen,wallet,MX,5,20,18,15,3,0.8333,987.18
Merchant_C,Adyen,wallet,MX,5,21,14,14,0,1.0,1113.72
Merchant_C,Adyen,wallet,MX,5,22,8,8,0,1.0,855.98
Merchant_C,Adyen,wallet,MX,5,23,4,4,0,1.0,709.66
Merchant_C,Adyen,wallet,MX,6,0,7,7,0,1.0,547.63
Merchant_C,Adyen,wallet,MX,6,1,7,5,2,0.7143,664.58
Merchant_C,Adyen,wallet,MX,6,2,3,3,0,1.0,1115.33
Merchant_C,Adyen,wallet,MX,6,3,2,1,1,0.5,1771.08
Merchant_C,Adyen,wallet,MX,6,4,4,3,1,0.75,1341.79
Merchant_C,Adyen,wallet,MX,6,5,5,5,0,1.0,923.31
Merchant_C,Adyen,wallet,MX,6,6,12,12,0,1.0,1025.03
Merchant_C,Adyen,wallet,MX,6,7,23,21,2,0.913,943.49
Merchant_C,Adyen,wallet,MX,6,8,34,30,4,0.8824,989.12
Merchant_C,Adyen,wallet,MX,6,9,45,43,2,0.9556,968.78
Merchant_C,Adyen,wallet,MX,6,10,61,52,9,0.8525,860.08
Merchant_C,Adyen,wallet,MX,6,11,59,55,4,0.9322,852.52
Merchant_C,Adyen,wallet,MX,6,12,53,47,6,0.8868,825.64
Merchant_C,Adyen,wallet,MX,6,13,62,57,5,0.9194,909.61
Merchant_C,Adyen,wallet,MX,6,14,58,54,4,0.931,968.13
Merchant_C,Adyen,wallet,MX,6,15,53,47,6,0.8868,845.09
Merchant_C,Adyen,wallet,MX,6,16,54,51,3,0.9444,777.37
Merchant_C,Adyen,wallet,MX,6,17,58,54,4,0.931,854.16
Merchant_C,Adyen,wallet,MX,6,18,38,37,1,0.9737,840.8
Merchant_C,Adyen,wallet,MX,6,19,31,31,0,1.0,1045.01
Merchant_C,Adyen,wallet,MX,6,20,28,23,5,0.8214,814.78
Merchant_C,Adyen,wallet,MX,6,21,11,10,1,0.9091,1042.45
Merchant_C,Adyen,wallet,MX,6,22,7,7,0,1.0,895.52
Merchant_C,Adyen,wallet,MX,6,23,2,2,0,1.0,1651.06
Merchant_C,Stripe,PIX,BR,0,0,3,3,0,1.0,262.56
Merchant_C,Stripe,PIX,BR,0,1,3,3,0,1.0,175.8
Merchant_C,Stripe,PIX,BR,0,3,2,2,0,1.0,327.29
Merchant_C,Stripe,PIX,BR,0,4,1,1,0,1.0,304.89
Merchant_C,Stripe,PIX,BR,0,5,3,3,0,1.0,407.35
Merchant_C,Stripe,PIX,BR,0,6,10,8,2,0.8,264.54
Merchant_C,Stripe,PIX,BR,0,7,25,24,1,0.96,261.8
Merchant_C,Stripe,PIX,BR,0,8,31,29,2,0.9355,281.72
Merchant_C,Stripe,PIX,BR,0,9,48,43,5,0.8958,294.63
Merchant_C,Stripe,PIX,BR,0,10,71,69,2,0.9718,295.79
Merchant_C,Stripe,PIX,BR,0,11,70,67,3,0.9571,268.16
Merchant_C,Stripe,PIX,BR,0,12,66,63,3,0.9545,290.94
Merchant_C,Stripe,PIX,BR,0,13,73,70,3,0.9589,282.14
Merchant_C,Stripe,PIX,BR,0,14,60,58,2,0.9667,303.52
Merchant_C,Stripe,PIX,BR,0,15,48,46,2,0.9583,275.71
Merchant_C,Stripe,PIX,BR,0,16,49,47,2,0.9592,273.3
Merchant_C,Stripe,PIX,BR,0,17,43,42,1,0.9767,280.57
Merchant_C,Stripe,PIX,BR,0,18,49,46,3,0.9388,305.95
Merchant_C,Stripe,PIX,BR,0,19,43,39,4,0.907,351.27
Merchant_C,Stripe,PIX,BR,0,20,28,25,3,0.8929,279.43
Merchant_C,Stripe,PIX,BR,0,21,18,16,2,0.8889,237.48
Merchant_C,Stripe,PIX,BR,0,22,8,8,0,1.0,390.38
Merchant_C,Stripe,PIX,BR,0,23,7,7,0,1.0,283.77
Merchant_C,Stripe,PIX,BR,1,0,9,9,0,1.0,270.45
Merchant_C,Stripe,PIX,BR,1,1,2,2,0,1.0,426.66
Merchant_C,Stripe,PIX,BR,1,2,4,4,0,1.0,326.7
Merchant_C,Stripe,PIX,BR,1,4,3,3,0,1.0,301.19
Merchant_C,Stripe,PIX,BR,1,5,4,3,1,0.75,295.18
Merchant_C,Stripe,PIX,BR,1,6,11,11,0,1.0,344.98
Merchant_C,Stripe,PIX,BR,1,7,30,26,4,0.8667,257.29
Merchant_C,Stripe,PIX,BR,1,8,30,26,4,0.8667,291.49
Merchant_C,Stripe,PIX,BR,1,9,54,46,8,0.8519,275.75
Merchant_C,Stripe,PIX,BR,1,10,68,66,2,0.9706,290.2
Merchant_C,Stripe,PIX,BR,1,11,64,61,3,0.9531,267.53
Merchant_C,Stripe,PIX,BR,1,12,74,73,1,0.9865,283.86
Merchant_C,Stripe,PIX,BR,1,13,65,64,1,0.9846,233.36
Merchant_C,Stripe,PIX,BR,1,14,64,62,2,0.9688,282.08
Merchant_C,Stripe,PIX,BR,1,15,61,57,4,0.9344,284.83
Merchant_C,Stripe,PIX,BR,1,16,61,59,2,0.9672,268.75
Merchant_C,Stripe,PIX,BR,1,17,56,51,5,0.9107,304.53
Merchant_C,Stripe,PIX,BR,1,18,39,37,2,0.9487,301.42
Merchant_C,Stripe,PIX,BR,1,19,40,39,1,0.975,284.1
Merchant_C,Stripe,PIX,BR,1,20,29,27,2,0.931,247.42
Merchant_C,Stripe,PIX,BR,1,21,16,16,0,1.0,239.93
Merchant_C,Stripe,PIX,BR,1,22,10,9,1,0.9,298.53
Merchant_C,Stripe,PIX,BR,1,23,8,8,0,1.0,256.13
Merchant_C,Stripe,PIX,BR,2,0,5,4,1,0.8,221.13
Merchant_C,Stripe,PIX,BR,2,1,4,4,0,1.0,249.12
Merchant_C,Stripe,PIX,BR,2,2,2,2,0,1.0,205.86
Merchant_C,Stripe,PIX,BR,2,3,4,4,0,1.0,280.36
Merchant_C,Stripe,PIX,BR,2,4,4,4,0,1.0,333.23
Merchant_C,Stripe,PIX,BR,2,5,2,2,0,1.0,168.26
Merchant_C,Stripe,PIX,BR,2,6,16,16,0,1.0,277.68
Merchant_C,Stripe,PIX,BR,2,7,36,35,1,0.9722,309.91
Merchant_C,Stripe,PIX,BR,2,8,45,40,5,0.8889,276.89
Merchant_C,Stripe,PIX,BR,2,9,54,48,6,0.8889,289.6
Merchant_C,Stripe,PIX,BR,2,10,61,59,2,0.9672,268.12
Merchant_C,Stripe,PIX,BR,2,11,73,71,2,0.9726,269.43
Merchant_C,Stripe,PIX,BR,2,12,73,70,3,0.9589,267.07
Merchant_C,Stripe,PIX,BR,2,13,78,78,0,1.0,314.28
Merchant_C,Stripe,PIX,BR,2,14,75,70,5,0.9333,254.21
Merchant_C,Stripe,PIX,BR,2,15,72,69,3,0.9583,271.3
Merchant_C,Stripe,PIX,BR,2,16,65,60,5,0.9231,269.06
Merchant_C,Stripe,PIX,BR,2,17,55,54,1,0.9818,274.33
Merchant_C,Stripe,PIX,BR,2,18,50,48,2,0.96,288.98
Merchant_C,Stripe,PIX,BR,2,19,41,38,3,0.9268,284.9
Merchant_C,Stripe,PIX,BR,2,20,27,25,2,0.9259,275.3
Merchant_C,Stripe,PIX,BR,2,21,22,22,0,1.0,266.75
Merchant_C,Stripe,PIX,BR,2,22,11,11,0,1.0,214.83
Merchant_C,Stripe,PIX,BR,2,23,5,5,0,1.0,280.79
Merchant_C,Stripe,PIX,BR,3,0,8,8,0,1.0,289.13
Merchant_C,Stripe,PIX,BR,3,1,4,4,0,1.0,169.86
Merchant_C,Stripe,PIX,BR,3,2,2,2,0,1.0,303.39
Merchant_C,Stripe,PIX,BR,3,4,1,1,0,1.0,56.27
Merchant_C,Stripe,PIX,BR,3,5,7,7,0,1.0,270.86
Merchant_C,Stripe,PIX,BR,3,6,11,11,0,1.0,379.5
Merchant_C,Stripe,PIX,BR,3,7,42,39,3,0.9286,283.38
Merchant_C,Stripe,PIX,BR,3,8,48,41,7,0.8542,304.43
Merchant_C,Stripe,PIX,BR,3,9,50,46,4,0.92,288.85
Merchant_C,Stripe,PIX,BR,3,10,65,59,6,0.9077,282.37
Merchant_C,Stripe,PIX,BR,3,11,66,64,2,0.9697,299.42
Merchant_C,Stripe,PIX,BR,3,12,64,63,1,0.9844,299.4
Merchant_C,Stripe,PIX,BR,3,13,68,67,1,0.9853,324.35
Merchant_C,Stripe,PIX,BR,3,14,76,68,8,0.8947,244.47
Merchant_C,Stripe,PIX,BR,3,15,52,51,1,0.9808,297.05
Merchant_C,Stripe,PIX,BR,3,16,64,59,5,0.9219,252.12
Merchant_C,Stripe,PIX,BR,3,17,60,60,0,1.0,281.18
Merchant_C,Stripe,PIX,BR,3,18,59,55,4,0.9322,254.93
Merchant_C,Stripe,PIX,BR,3,19,40,38,2,0.95,294.36
Merchant_C,Stripe,PIX,BR,3,20,21,20,1,0.9524,249.37
Merchant_C,Stripe,PIX,BR,3,21,24,18,6,0.75,312.5
Merchant_C,Stripe,PIX,BR,3,22,15,14,1,0.9333,288.2
Merchant_C,Stripe,PIX,BR,3,23,7,7,0,1.0,300.55
Merchant_C,Stripe,PIX,BR,4,0,7,6,1,0.8571,304.45
Merchant_C,Stripe,PIX,BR,4,1,2,2,0,1.0,247.06
Merchant_C,Stripe,PIX,BR,4,2,3,3,0,1.0,291.58
Merchant_C,Stripe,PIX,BR,4,3,3,3,0,1.0,190.88
Merchant_C,Stripe,PIX,BR,4,4,2,2,0,1.0,295.53
Merchant_C,Stripe,PIX,BR,4,5,4,3,1,0.75,306.19
Merchant_C,Stripe,PIX,BR,4,6,19,18,1,0.9474,311.74
Merchant_C,Stripe,PIX,BR,4,7,28,25,3,0.8929,283.41
Merchant_C,Stripe,PIX,BR,4,8,55,55,0,1.0,315.6
Merchant_C,Stripe,PIX,BR,4,9,48,47,1,0.9792,289.44
Merchant_C,Stripe,PIX,BR,4,10,51,50,1,0.9804,285.51
Merchant_C,Stripe,PIX,BR,4,11,75,71,4,0.9467,289.73
Merchant_C,Stripe,PIX,BR,4,12,76,75,1,0.9868,287.94
Merchant_C,Stripe,PIX,BR,4,13,91,89,2,0.978,256.73
Merchant_C,Stripe,PIX,BR,4,14,63,57,6,0.9048,259.2
Merchant_C,Stripe,PIX,BR,4,15,72,68,4,0.9444,270.27
Merchant_C,Stripe,PIX,BR,4,16,53,52,1,0.9811,299.6
Merchant_C,Stripe,PIX,BR,4,17,65,63,2,0.9692,277.96
Merchant_C,Stripe,PIX,BR,4,18,28,28,0,1.0,286.24
Merchant_C,Stripe,PIX,BR,4,19,37,36,1,0.973,320.49
Merchant_C,Stripe,PIX,BR,4,20,27,25,2,0.9259,315.34
Merchant_C,Stripe,PIX,BR,4,21,16,14,2,0.875,301.16
Merchant_C,Stripe,PIX,BR,4,22,9,7,2,0.7778,310.36
Merchant_C,Stripe,PIX,BR,4,23,6,6,0,1.0,192.61
Merchant_C,Stripe,PIX,BR,5,0,5,5,0,1.0,469.98
Merchant_C,Stripe,PIX,BR,5,1,1,1,0,1.0,266.0
Merchant_C,Stripe,PIX,BR,5,2,6,6,0,1.0,298.8
Merchant_C,Stripe,PIX,BR,5,4,4,4,0,1.0,285.88
Merchant_C,Stripe,PIX,BR,5,5,2,1,1,0.5,214.71
Merchant_C,Stripe,PIX,BR,5,6,14,12,2,0.8571,244.62
Merchant_C,Stripe,PIX,BR,5,7,35,35,0,1.0,287.95
Merchant_C,Stripe,PIX,BR,5,8,53,48,5,0.9057,285.69
Merchant_C,Stripe,PIX,BR,5,9,61,61,0,1.0,289.68
Merchant_C,Stripe,PIX,BR,5,10,122,115,7,0.9426,297.6
Merchant_C,Stripe,PIX,BR,5,11,61,59,2,0.9672,346.36
Merchant_C,Stripe,PIX,BR,5,12,48,46,2,0.9583,261.92
Merchant_C,Stripe,PIX,BR,5,13,60,58,2,0.9667,296.17
Merchant_C,Stripe,PIX,BR,5,14,65,60,5,0.9231,281.67
Merchant_C,Stripe,PIX,BR,5,15,53,53,0,1.0,295.6
Merchant_C,Stripe,PIX,BR,5,16,40,39,1,0.975,274.12
Merchant_C,Stripe,PIX,BR,5,17,45,45,0,1.0,306.86
Merchant_C,Stripe,PIX,BR,5,18,35,33,2,0.9429,274.1
Merchant_C,Stripe,PIX,BR,5,19,37,36,1,0.973,250.9
Merchant_C,Stripe,PIX,BR,5,20,19,18,1,0.9474,291.03
Merchant_C,Stripe,PIX,BR,5,21,21,19,2,0.9048,298.22
Merchant_C,Stripe,PIX,BR,5,22,9,9,0,1.0,246.6
Merchant_C,Stripe,PIX,BR,5,23,8,6,2,0.75,226.77
Merchant_C,Stripe,PIX,BR,6,0,2,2,0,1.0,327.16
Merchant_C,Stripe,PIX,BR,6,1,4,4,0,1.0,203.43
Merchant_C,Stripe,PIX,BR,6,2,2,2,0,1.0,92.47
Merchant_C,Stripe,PIX,BR,6,3,3,3,0,1.0,277.7
Merchant_C,Stripe,PIX,BR,6,4,2,2,0,1.0,246.33
Merchant_C,Stripe,PIX,BR,6,5,3,2,1,0.6667,299.45
Merchant_C,Stripe,PIX,BR,6,6,11,11,0,1.0,277.09
Merchant_C,Stripe,PIX,BR,6,7,37,34,3,0.9189,270.92
Merchant_C,Stripe,PIX,BR,6,8,35,33,2,0.9429,310.48
Merchant_C,Stripe,PIX,BR,6,9,51,49,2,0.9608,290.66
Merchant_C,Stripe,PIX,BR,6,10,55,52,3,0.9455,282.0
Merchant_C,Stripe,PIX,BR,6,11,57,53,4,0.9298,254.73
Merchant_C,Stripe,PIX,BR,6,12,67,63,4,0.9403,298.04
Merchant_C,Stripe,PIX,BR,6,13,75,69,6,0.92,264.97
Merchant_C,Stripe,PIX,BR,6,14,52,50,2,0.9615,294.16
Merchant_C,Stripe,PIX,BR,6,15,58,56,2,0.9655,267.97
Merchant_C,Stripe,PIX,BR,6,16,63,61,2,0.9683,242.52
Merchant_C,Stripe,PIX,BR,6,17,46,46,0,1.0,259.14
Merchant_C,Stripe,PIX,BR,6,18,56,54,2,0.9643,297.8
Merchant_C,Stripe,PIX,BR,6,19,39,36,3,0.9231,295.98
Merchant_C,Stripe,PIX,BR,6,20,32,30,2,0.9375,296.17
Merchant_C,Stripe,PIX,BR,6,21,20,20,0,1.0,267.49
Merchant_C,Stripe,PIX,BR,6,22,4,4,0,1.0,370.25
Merchant_C,Stripe,PIX,BR,6,23,5,5,0,1.0,249.35
Merchant_C,Stripe,PSE,CO,0,0,7,7,0,1.0,92377.58
Merchant_C,Stripe,PSE,CO,0,1,5,5,0,1.0,100804.97
Merchant_C,Stripe,PSE,CO,0,2,3,1,2,0.3333,99619.27
Merchant_C,Stripe,PSE,CO,0,3,3,3,0,1.0,24146.68
Merchant_C,Stripe,PSE,CO,0,4,3,3,0,1.0,117346.22
Merchant_C,Stripe,PSE,CO,0,5,4,3,1,0.75,176998.33
Merchant_C,Stripe,PSE,CO,0,6,9,9,0,1.0,96513.23
Merchant_C,Stripe,PSE,CO,0,7,23,19,4,0.8261,121534.33
Merchant_C,Stripe,PSE,CO,0,8,36,32,4,0.8889,125394.66
Merchant_C,Stripe,PSE,CO,0,9,49,41,8,0.8367,121626.63
Merchant_C,Stripe,PSE,CO,0,10,62,55,7,0.8871,107217.57
Merchant_C,Stripe,PSE,CO,0,11,74,65,9,0.8784,130137.63
Merchant_C,Stripe,PSE,CO,0,12,75,63,12,0.84,125224.96
Merchant_C,Stripe,PSE,CO,0,13,55,50,5,0.9091,122954.67
Merchant_C,Stripe,PSE,CO,0,14,67,56,11,0.8358,126128.55
Merchant_C,Stripe,PSE,CO,0,15,65,58,7,0.8923,120672.38
Merchant_C,Stripe,PSE,CO,0,16,47,43,4,0.9149,123404.91
Merchant_C,Stripe,PSE,CO,0,17,50,46,4,0.92,111533.38
Merchant_C,Stripe,PSE,CO,0,18,44,41,3,0.9318,121230.1
Merchant_C,Stripe,PSE,CO,0,19,43,41,2,0.9535,128066.03
Merchant_C,Stripe,PSE,CO,0,20,22,20,2,0.9091,103766.39
Merchant_C,Stripe,PSE,CO,0,21,18,18,0,1.0,126782.2
Merchant_C,Stripe,PSE,CO,0,22,12,11,1,0.9167,122627.38
Merchant_C,Stripe,PSE,CO,0,23,8,6,2,0.75,120437.34
Merchant_C,Stripe,PSE,CO,1,0,9,7,2,0.7778,116468.27
Merchant_C,Stripe,PSE,CO,1,1,4,4,0,1.0,113912.72
Merchant_C,Stripe,PSE,CO,1,2,2,2,0,1.0,119114.52
Merchant_C,Stripe,PSE,CO,1,3,2,0,2,0.0,59145.08
Merchant_C,Stripe,PSE,CO,1,4,1,0,1,0.0,41985.63
Merchant_C,Stripe,PSE,CO,1,5,6,5,1,0.8333,104249.22
Merchant_C,Stripe,PSE,CO,1,6,9,8,1,0.8889,118072.07
Merchant_C,Stripe,PSE,CO,1,7,24,20,4,0.8333,122712.24
Merchant_C,Stripe,PSE,CO,1,8,41,36,5,0.878,124482.97
Merchant_C,Stripe,PSE,CO,1,9,36,32,4,0.8889,129121.71
Merchant_C,Stripe,PSE,CO,1,10,87,76,11,0.8736,127963.23
Merchant_C,Stripe,PSE,CO,1,11,62,49,13,0.7903,121614.24
Merchant_C,Stripe,PSE,CO,1,12,77,63,14,0.8182,117402.08
Merchant_C,Stripe,PSE,CO,1,13,69,61,8,0.8841,120242.4
Merchant_C,Stripe,PSE,CO,1,14,54,48,6,0.8889,119081.14
Merchant_C,Stripe,PSE,CO,1,15,69,57,12,0.8261,133372.25
Merchant_C,Stripe,PSE,CO,1,16,60,54,6,0.9,113478.76
Merchant_C,Stripe,PSE,CO,1,17,55,49,6,0.8909,117522.4
Merchant_C,Stripe,PSE,CO,1,18,67,57,10,0.8507,117658.83
Merchant_C,Stripe,PSE,CO,1,19,45,36,9,0.8,124194.25
Merchant_C,Stripe,PSE,CO,1,20,26,24,2,0.9231,135179.49
Merchant_C,Stripe,PSE,CO,1,21,21,20,1,0.9524,138868.81
Merchant_C,Stripe,PSE,CO,1,22,19,14,5,0.7368,134220.85
Merchant_C,Stripe,PSE,CO,1,23,8,7,1,0.875,171531.83
Merchant_C,Stripe,PSE,CO,2,0,8,7,1,0.875,145902.02
Merchant_C,Stripe,PSE,CO,2,1,4,4,0,1.0,159994.84
Merchant_C,Stripe,PSE,CO,2,2,5,5,0,1.0,63970.96
Merchant_C,Stripe,PSE,CO,2,3,1,0,1,0.0,69555.32
Merchant_C,Stripe,PSE,CO,2,4,3,3,0,1.0,60602.11
Merchant_C,Stripe,PSE,CO,2,5,8,7,1,0.875,105555.53
Merchant_C,Stripe,PSE,CO,2,6,8,8,0,1.0,113637.88
Merchant_C,Stripe,PSE,CO,2,7,25,20,5,0.8,119956.6
Merchant_C,Stripe,PSE,CO,2,8,37,32,5,0.8649,113355.85
Merchant_C,Stripe,PSE,CO,2,9,47,42,5,0.8936,119164.97
Merchant_C,Stripe,PSE,CO,2,10,63,56,7,0.8889,123967.3
Merchant_C,Stripe,PSE,CO,2,11,80,66,14,0.825,129587.53
Merchant_C,Stripe,PSE,CO,2,12,79,68,11,0.8608,120819.18
Merchant_C,Stripe,PSE,CO,2,13,68,64,4,0.9412,125533.8
Merchant_C,Stripe,PSE,CO,2,14,59,53,6,0.8983,132434.81
Merchant_C,Stripe,PSE,CO,2,15,73,66,7,0.9041,125563.22
Merchant_C,Stripe,PSE,CO,2,16,50,47,3,0.94,130775.45
Merchant_C,Stripe,PSE,CO,2,17,47,41,6,0.8723,125985.77
Merchant_C,Stripe,PSE,CO,2,18,44,38,6,0.8636,130153.63
Merchant_C,Stripe,PSE,CO,2,19,35,30,5,0.8571,135178.64
Merchant_C,Stripe,PSE,CO,2,20,23,19,4,0.8261,127858.73
Merchant_C,Stripe,PSE,CO,2,21,18,14,4,0.7778,126799.52
Merchant_C,Stripe,PSE,CO,2,22,9,9,0,1.0,119314.62
Merchant_C,Stripe,PSE,CO,2,23,15,14,1,0.9333,97207.78
Merchant_C,Stripe,PSE,CO,3,0,8,6,2,0.75,145488.18
Merchant_C,Stripe,PSE,CO,3,1,3,3,0,1.0,150955.36
Merchant_C,Stripe,PSE,CO,3,2,1,1,0,1.0,141478.0
Merchant_C,Stripe,PSE,CO,3,3,3,3,0,1.0,88058.31
Merchant_C,Stripe,PSE,CO,3,4,3,2,1,0.6667,119458.57
Merchant_C,Stripe,PSE,CO,3,5,5,4,1,0.8,87575.44
Merchant_C,Stripe,PSE,CO,3,6,7,6,1,0.8571,73878.42
Merchant_C,Stripe,PSE,CO,3,7,29,25,4,0.8621,127166.46
Merchant_C,Stripe,PSE,CO,3,8,45,36,9,0.8,111269.84
Merchant_C,Stripe,PSE,CO,3,9,54,45,9,0.8333,102895.49
Merchant_C,Stripe,PSE,CO,3,10,53,49,4,0.9245,110569.94
Merchant_C,Stripe,PSE,CO,3,11,72,58,14,0.8056,119259.94
Merchant_C,Stripe,PSE,CO,3,12,84,68,16,0.8095,116806.71
Merchant_C,Stripe,PSE,CO,3,13,91,79,12,0.8681,124479.29
Merchant_C,Stripe,PSE,CO,3,14,67,64,3,0.9552,122122.2
Merchant_C,Stripe,PSE,CO,3,15,58,49,9,0.8448,123208.04
Merchant_C,Stripe,PSE,CO,3,16,46,42,4,0.913,126224.25
Merchant_C,Stripe,PSE,CO,3,17,51,43,8,0.8431,121267.35
Merchant_C,Stripe,PSE,CO,3,18,42,36,6,0.8571,121339.32
Merchant_C,Stripe,PSE,CO,3,19,35,31,4,0.8857,106695.52
Merchant_C,Stripe,PSE,CO,3,20,30,26,4,0.8667,126812.7
Merchant_C,Stripe,PSE,CO,3,21,18,14,4,0.7778,121398.16
Merchant_C,Stripe,PSE,CO,3,22,14,14,0,1.0,94481.86
Merchant_C,Stripe,PSE,CO,3,23,7,7,0,1.0,138968.34
Merchant_C,Stripe,PSE,CO,4,0,9,8,1,0.8889,170518.61
Merchant_C,Stripe,PSE,CO,4,1,3,2,1,0.6667,150893.68
Merchant_C,Stripe,PSE,CO,4,2,3,2,1,0.6667,184389.94
Merchant_C,Stripe,PSE,CO,4,3,3,2,1,0.6667,135956.94
Merchant_C,Stripe,PSE,CO,4,4,1,1,0,1.0,12000.0
Merchant_C,Stripe,PSE,CO,4,5,9,8,1,0.8889,146910.27
Merchant_C,Stripe,PSE,CO,4,6,16,13,3,0.8125,113021.16
Merchant_C,Stripe,PSE,CO,4,7,30,26,4,0.8667,115725.07
Merchant_C,Stripe,PSE,CO,4,8,42,36,6,0.8571,116347.51
Merchant_C,Stripe,PSE,CO,4,9,56,45,11,0.8036,124925.07
Merchant_C,Stripe,PSE,CO,4,10,63,54,9,0.8571,129053.82
Merchant_C,Stripe,PSE,CO,4,11,66,62,4,0.9394,131043.26
Merchant_C,Stripe,PSE,CO,4,12,92,74,18,0.8043,120996.69
Merchant_C,Stripe,PSE,CO,4,13,64,57,7,0.8906,120023.76
Merchant_C,Stripe,PSE,CO,4,14,71,61,10,0.8592,132809.25
Merchant_C,Stripe,PSE,CO,4,15,58,52,6,0.8966,126528.4
Merchant_C,Stripe,PSE,CO,4,16,45,40,5,0.8889,117757.07
Merchant_C,Stripe,PSE,CO,4,17,45,39,6,0.8667,127623.71
Merchant_C,Stripe,PSE,CO,4,18,62,50,12,0.8065,112750.61
Merchant_C,Stripe,PSE,CO,4,19,38,32,6,0.8421,117548.86
Merchant_C,Stripe,PSE,CO,4,20,25,23,2,0.92,104039.34
Merchant_C,Stripe,PSE,CO,4,21,20,19,1,0.95,124936.99
Merchant_C,Stripe,PSE,CO,4,22,8,6,2,0.75,127015.38
Merchant_C,Stripe,PSE,CO,4,23,5,5,0,1.0,161372.35
Merchant_C,Stripe,PSE,CO,5,0,9,9,0,1.0,149979.15
Merchant_C,Stripe,PSE,CO,5,1,4,4,0,1.0,107196.14
Merchant_C,Stripe,PSE,CO,5,2,1,1,0,1.0,145141.67
Merchant_C,Stripe,PSE,CO,5,3,1,1,0,1.0,102896.7
Merchant_C,Stripe,PSE,CO,5,4,4,4,0,1.0,142947.64
Merchant_C,Stripe,PSE,CO,5,5,5,5,0,1.0,112302.9
Merchant_C,Stripe,PSE,CO,5,6,12,10,2,0.8333,144046.82
Merchant_C,Stripe,PSE,CO,5,7,22,19,3,0.8636,126456.2
Merchant_C,Stripe,PSE,CO,5,8,40,33,7,0.825,126638.11
Merchant_C,Stripe,PSE,CO,5,9,62,57,5,0.9194,115947.01
Merchant_C,Stripe,PSE,CO,5,10,114,104,10,0.9123,130110.35
Merchant_C,Stripe,PSE,CO,5,11,50,45,5,0.9,121561.87
Merchant_C,Stripe,PSE,CO,5,12,54,45,9,0.8333,132926.02
Merchant_C,Stripe,PSE,CO,5,13,61,54,7,0.8852,111718.36
Merchant_C,Stripe,PSE,CO,5,14,50,45,5,0.9,115880.69
Merchant_C,Stripe,PSE,CO,5,15,77,69,8,0.8961,122702.2
Merchant_C,Stripe,PSE,CO,5,16,44,37,7,0.8409,110460.98
Merchant_C,Stripe,PSE,CO,5,17,54,46,8,0.8519,123955.19
Merchant_C,Stripe,PSE,CO,5,18,41,32,9,0.7805,124383.87
Merchant_C,Stripe,PSE,CO,5,19,39,33,6,0.8462,138435.51
Merchant_C,Stripe,PSE,CO,5,20,29,28,1,0.9655,111478.17
Merchant_C,Stripe,PSE,CO,5,21,17,16,1,0.9412,114961.69
Merchant_C,Stripe,PSE,CO,5,22,11,10,1,0.9091,89407.74
Merchant_C,Stripe,PSE,CO,5,23,8,8,0,1.0,152480.66
Merchant_C,Stripe,PSE,CO,6,0,3,2,1,0.6667,144339.86
Merchant_C,Stripe,PSE,CO,6,1,1,1,0,1.0,82483.02
Merchant_C,Stripe,PSE,CO,6,2,2,2,0,1.0,129004.67
Merchant_C,Stripe,PSE,CO,6,3,2,1,1,0.5,108819.6
Merchant_C,Stripe,PSE,CO,6,4,3,2,1,0.6667,168597.55
Merchant_C,Stripe,PSE,CO,6,5,4,4,0,1.0,122115.59
Merchant_C,Stripe,PSE,CO,6,6,14,13,1,0.9286,119388.0
Merchant_C,Stripe,PSE,CO,6,7,17,15,2,0.8824,141551.17
Merchant_C,Stripe,PSE,CO,6,8,29,24,5,0.8276,112950.65
Merchant_C,Stripe,PSE,CO,6,9,44,41,3,0.9318,128666.8
Merchant_C,Stripe,PSE,CO,6,10,48,42,6,0.875,121909.65
Merchant_C,Stripe,PSE,CO,6,11,65,53,12,0.8154,104726.75
Merchant_C,Stripe,PSE,CO,6,12,65,60,5,0.9231,109061.4
Merchant_C,Stripe,PSE,CO,6,13,67,52,15,0.7761,108261.34
Merchant_C,Stripe,PSE,CO,6,14,47,41,6,0.8723,127660.27
Merchant_C,Stripe,PSE,CO,6,15,42,34,8,0.8095,101926.3
Merchant_C,Stripe,PSE,CO,6,16,53,48,5,0.9057,122251.31
Merchant_C,Stripe,PSE,CO,6,17,39,35,4,0.8974,132073.53
Merchant_C,Stripe,PSE,CO,6,18,51,43,8,0.8431,128267.66
Merchant_C,Stripe,PSE,CO,6,19,31,24,7,0.7742,117797.2
Merchant_C,Stripe,PSE,CO,6,20,12,10,2,0.8333,132245.12
Merchant_C,Stripe,PSE,CO,6,21,23,20,3,0.8696,123097.08
Merchant_C,Stripe,PSE,CO,6,22,7,7,0,1.0,132737.13
Merchant_C,Stripe,PSE,CO,6,23,7,5,2,0.7143,110127.15
Merchant_C,Stripe,card,BR,0,0,10,10,0,1.0,218.51
Merchant_C,Stripe,card,BR,0,1,3,1,2,0.3333,263.79
Merchant_C,Stripe,card,BR,0,2,7,6,1,0.8571,259.12
Merchant_C,Stripe,card,BR,0,4,1,1,0,1.0,99.54
Merchant_C,Stripe,card,BR,0,5,6,6,0,1.0,359.85
Merchant_C,Stripe,card,BR,0,6,14,13,1,0.9286,266.23
Merchant_C,Stripe,card,BR,0,7,26,24,2,0.9231,279.35
Merchant_C,Stripe,card,BR,0,8,39,33,6,0.8462,281.21
Merchant_C,Stripe,card,BR,0,9,51,47,4,0.9216,266.23
Merchant_C,Stripe,card,BR,0,10,64,58,6,0.9062,270.67
Merchant_C,Stripe,card,BR,0,11,66,56,10,0.8485,318.58
Merchant_C,Stripe,card,BR,0,12,60,50,10,0.8333,302.71
Merchant_C,Stripe,card,BR,0,13,51,50,1,0.9804,257.71
Merchant_C,Stripe,card,BR,0,14,64,60,4,0.9375,271.33
Merchant_C,Stripe,card,BR,0,15,53,47,6,0.8868,277.7
Merchant_C,Stripe,card,BR,0,16,41,38,3,0.9268,306.95
Merchant_C,Stripe,card,BR,0,17,45,40,5,0.8889,291.63
Merchant_C,Stripe,card,BR,0,18,44,42,2,0.9545,257.76
Merchant_C,Stripe,card,BR,0,19,34,31,3,0.9118,293.83
Merchant_C,Stripe,card,BR,0,20,28,26,2,0.9286,226.89
Merchant_C,Stripe,card,BR,0,21,10,8,2,0.8,289.34
Merchant_C,Stripe,card,BR,0,22,9,8,1,0.8889,196.42
Merchant_C,Stripe,card,BR,0,23,3,1,2,0.3333,174.07
Merchant_C,Stripe,card,BR,1,0,6,5,1,0.8333,234.06
Merchant_C,Stripe,card,BR,1,1,1,1,0,1.0,326.6
Merchant_C,Stripe,card,BR,1,2,1,1,0,1.0,364.87
Merchant_C,Stripe,card,BR,1,3,2,1,1,0.5,329.9
Merchant_C,Stripe,card,BR,1,4,3,3,0,1.0,376.7
Merchant_C,Stripe,card,BR,1,5,5,5,0,1.0,291.16
Merchant_C,Stripe,card,BR,1,6,14,12,2,0.8571,326.45
Merchant_C,Stripe,card,BR,1,7,26,21,5,0.8077,262.21
Merchant_C,Stripe,card,BR,1,8,28,26,2,0.9286,244.78
Merchant_C,Stripe,card,BR,1,9,54,51,3,0.9444,265.81
Merchant_C,Stripe,card,BR,1,10,81,70,11,0.8642,283.69
Merchant_C,Stripe,card,BR,1,11,82,73,9,0.8902,266.28
Merchant_C,Stripe,card,BR,1,12,87,77,10,0.8851,263.86
Merchant_C,Stripe,card,BR,1,13,74,65,9,0.8784,314.02
Merchant_C,Stripe,card,BR,1,14,75,67,8,0.8933,288.04
Merchant_C,Stripe,card,BR,1,15,58,50,8,0.8621,273.83
Merchant_C,Stripe,card,BR,1,16,49,42,7,0.8571,261.4
Merchant_C,Stripe,card,BR,1,17,40,34,6,0.85,278.65
Merchant_C,Stripe,card,BR,1,18,49,45,4,0.9184,289.24
Merchant_C,Stripe,card,BR,1,19,47,40,7,0.8511,272.58
Merchant_C,Stripe,card,BR,1,20,36,32,4,0.8889,264.21
Merchant_C,Stripe,card,BR,1,21,21,21,0,1.0,247.1
Merchant_C,Stripe,card,BR,1,22,11,10,1,0.9091,216.49
Merchant_C,Stripe,card,BR,1,23,8,7,1,0.875,321.52
Merchant_C,Stripe,card,BR,2,0,4,4,0,1.0,254.38
Merchant_C,Stripe,card,BR,2,1,9,9,0,1.0,304.02
Merchant_C,Stripe,card,BR,2,2,5,5,0,1.0,279.7
Merchant_C,Stripe,card,BR,2,3,1,1,0,1.0,328.58
Merchant_C,Stripe,card,BR,2,4,1,1,0,1.0,358.83
Merchant_C,Stripe,card,BR,2,5,6,6,0,1.0,216.54
Merchant_C,Stripe,card,BR,2,6,14,12,2,0.8571,322.73
Merchant_C,Stripe,card,BR,2,7,32,31,1,0.9688,291.15
Merchant_C,Stripe,card,BR,2,8,40,36,4,0.9,245.36
Merchant_C,Stripe,card,BR,2,9,62,58,4,0.9355,284.88
Merchant_C,Stripe,card,BR,2,10,61,54,7,0.8852,315.29
Merchant_C,Stripe,card,BR,2,11,59,57,2,0.9661,247.94
Merchant_C,Stripe,card,BR,2,12,69,67,2,0.971,283.15
Merchant_C,Stripe,card,BR,2,13,67,60,7,0.8955,285.09
Merchant_C,Stripe,card,BR,2,14,61,53,8,0.8689,289.88
Merchant_C,Stripe,card,BR,2,15,52,48,4,0.9231,286.74
Merchant_C,Stripe,card,BR,2,16,64,58,6,0.9062,305.83
Merchant_C,Stripe,card,BR,2,17,71,62,9,0.8732,275.17
Merchant_C,Stripe,card,BR,2,18,57,54,3,0.9474,293.86
Merchant_C,Stripe,card,BR,2,19,40,35,5,0.875,295.85
Merchant_C,Stripe,card,BR,2,20,36,31,5,0.8611,265.79
Merchant_C,Stripe,card,BR,2,21,15,13,2,0.8667,253.43
Merchant_C,Stripe,card,BR,2,22,15,15,0,1.0,320.49
Merchant_C,Stripe,card,BR,2,23,13,12,1,0.9231,233.29
Merchant_C,Stripe,card,BR,3,0,8,7,1,0.875,336.73
Merchant_C,Stripe,card,BR,3,1,3,2,1,0.6667,148.65
Merchant_C,Stripe,card,BR,3,2,5,5,0,1.0,412.3
Merchant_C,Stripe,card,BR,3,3,5,5,0,1.0,284.16
Merchant_C,Stripe,card,BR,3,4,1,1,0,1.0,362.68
Merchant_C,Stripe,card,BR,3,5,4,4,0,1.0,292.52
Merchant_C,Stripe,card,BR,3,6,14,13,1,0.9286,297.79
Merchant_C,Stripe,card,BR,3,7,16,15,1,0.9375,307.52
Merchant_C,Stripe,card,BR,3,8,40,37,3,0.925,277.64
Merchant_C,Stripe,card,BR,3,9,63,58,5,0.9206,254.2
Merchant_C,Stripe,card,BR,3,10,70,64,6,0.9143,293.6
Merchant_C,Stripe,card,BR,3,11,63,59,4,0.9365,320.27
Merchant_C,Stripe,card,BR,3,12,65,60,5,0.9231,262.38
Merchant_C,Stripe,card,BR,3,13,78,71,7,0.9103,277.92
Merchant_C,Stripe,card,BR,3,14,52,50,2,0.9615,295.31
Merchant_C,Stripe,card,BR,3,15,69,61,8,0.8841,316.67
Merchant_C,Stripe,card,BR,3,16,60,55,5,0.9167,306.55
Merchant_C,Stripe,card,BR,3,17,57,50,7,0.8772,313.38
Merchant_C,Stripe,card,BR,3,18,35,30,5,0.8571,265.4
Merchant_C,Stripe,card,BR,3,19,42,39,3,0.9286,247.04
Merchant_C,Stripe,card,BR,3,20,26,21,5,0.8077,280.63
Merchant_C,Stripe,card,BR,3,21,14,14,0,1.0,262.14
Merchant_C,Stripe,card,BR,3,22,10,9,1,0.9,290.55
Merchant_C,Stripe,card,BR,3,23,6,6,0,1.0,408.36
Merchant_C,Stripe,card,BR,4,0,6,5,1,0.8333,335.74
Merchant_C,Stripe,card,BR,4,1,6,6,0,1.0,305.57
Merchant_C,Stripe,card,BR,4,2,2,2,0,1.0,329.48
Merchant_C,Stripe,card,BR,4,3,2,2,0,1.0,504.63
Merchant_C,Stripe,card,BR,4,4,4,2,2,0.5,206.53
Merchant_C,Stripe,card,BR,4,5,8,5,3,0.625,177.39
Merchant_C,Stripe,card,BR,4,6,11,10,1,0.9091,295.32
Merchant_C,Stripe,card,BR,4,7,26,24,2,0.9231,268.67
Merchant_C,Stripe,card,BR,4,8,28,25,3,0.8929,282.31
Merchant_C,Stripe,card,BR,4,9,65,61,4,0.9385,286.68
Merchant_C,Stripe,card,BR,4,10,65,53,12,0.8154,279.49
Merchant_C,Stripe,card,BR,4,11,78,70,8,0.8974,307.26
Merchant_C,Stripe,card,BR,4,12,65,57,8,0.8769,299.53
Merchant_C,Stripe,card,BR,4,13,68,61,7,0.8971,295.04
Merchant_C,Stripe,card,BR,4,14,74,72,2,0.973,285.3
Merchant_C,Stripe,card,BR,4,15,63,61,2,0.9683,279.26
Merchant_C,Stripe,card,BR,4,16,52,45,7,0.8654,294.17
Merchant_C,Stripe,card,BR,4,17,53,45,8,0.8491,268.06
Merchant_C,Stripe,card,BR,4,18,40,37,3,0.925,267.34
Merchant_C,Stripe,card,BR,4,19,39,34,5,0.8718,268.7
Merchant_C,Stripe,card,BR,4,20,24,22,2,0.9167,307.95
Merchant_C,Stripe,card,BR,4,21,17,16,1,0.9412,247.23
Merchant_C,Stripe,card,BR,4,22,4,4,0,1.0,214.77
Merchant_C,Stripe,card,BR,4,23,10,8,2,0.8,339.3
Merchant_C,Stripe,card,BR,5,0,13,13,0,1.0,345.64
Merchant_C,Stripe,card,BR,5,2,3,2,1,0.6667,323.36
Merchant_C,Stripe,card,BR,5,4,3,2,1,0.6667,410.09
Merchant_C,Stripe,card,BR,5,5,6,5,1,0.8333,308.63
Merchant_C,Stripe,card,BR,5,6,11,10,1,0.9091,468.55
Merchant_C,Stripe,card,BR,5,7,33,27,6,0.8182,219.32
Merchant_C,Stripe,card,BR,5,8,51,46,5,0.902,299.39
Merchant_C,Stripe,card,BR,5,9,57,49,8,0.8596,257.65
Merchant_C,Stripe,card,BR,5,10,119,111,8,0.9328,275.53
Merchant_C,Stripe,card,BR,5,11,52,43,9,0.8269,309.43
Merchant_C,Stripe,card,BR,5,12,70,63,7,0.9,296.93
Merchant_C,Stripe,card,BR,5,13,52,50,2,0.9615,259.69
Merchant_C,Stripe,card,BR,5,14,48,42,6,0.875,284.68
Merchant_C,Stripe,card,BR,5,15,55,50,5,0.9091,314.1
Merchant_C,Stripe,card,BR,5,16,50,48,2,0.96,264.26
Merchant_C,Stripe,card,BR,5,17,53,48,5,0.9057,279.45
Merchant_C,Stripe,card,BR,5,18,32,27,5,0.8438,302.64
Merchant_C,Stripe,card,BR,5,19,43,39,4,0.907,276.61
Merchant_C,Stripe,card,BR,5,20,32,29,3,0.9062,253.41
Merchant_C,Stripe,card,BR,5,21,13,13,0,1.0,254.72
Merchant_C,Stripe,card,BR,5,22,14,12,2,0.8571,287.91
Merchant_C,Stripe,card,BR,6,0,2,1,1,0.5,438.63
Merchant_C,Stripe,card,BR,6,1,2,2,0,1.0,288.5
Merchant_C,Stripe,card,BR,6,3,4,3,1,0.75,249.53
Merchant_C,Stripe,card,BR,6,4,2,2,0,1.0,389.16
Merchant_C,Stripe,card,BR,6,5,3,3,0,1.0,357.85
Merchant_C,Stripe,card,BR,6,6,18,18,0,1.0,332.33
Merchant_C,Stripe,card,BR,6,7,20,18,2,0.9,302.49
Merchant_C,Stripe,card,BR,6,8,33,26,7,0.7879,270.71
Merchant_C,Stripe,card,BR,6,9,42,35,7,0.8333,295.14
Merchant_C,Stripe,card,BR,6,10,49,44,5,0.898,262.03
Merchant_C,Stripe,card,BR,6,11,60,56,4,0.9333,296.0
Merchant_C,Stripe,card,BR,6,12,79,71,8,0.8987,267.47
Merchant_C,Stripe,card,BR,6,13,65,59,6,0.9077,267.98
Merchant_C,Stripe,card,BR,6,14,54,47,7,0.8704,281.38
Merchant_C,Stripe,card,BR,6,15,42,39,3,0.9286,283.04
Merchant_C,Stripe,card,BR,6,16,57,54,3,0.9474,262.14
Merchant_C,Stripe,card,BR,6,17,44,41,3,0.9318,267.09
Merchant_C,Stripe,card,BR,6,18,52,44,8,0.8462,256.89
Merchant_C,Stripe,card,BR,6,19,37,34,3,0.9189,248.74
Merchant_C,Stripe,card,BR,6,20,22,17,5,0.7727,279.98
Merchant_C,Stripe,card,BR,6,21,17,16,1,0.9412,247.66
Merchant_C,Stripe,card,BR,6,22,9,8,1,0.8889,198.72
Merchant_C,Stripe,card,BR,6,23,3,3,0,1.0,324.06
Merchant_C,Stripe,card,CO,0,0,12,10,2,0.8333,131760.48
Merchant_C,Stripe,card,CO,0,2,3,2,1,0.6667,88965.14
Merchant_C,Stripe,card,CO,0,3,3,3,0,1.0,126881.63
Merchant_C,Stripe,card,CO,0,5,7,7,0,1.0,152096.57
Merchant_C,Stripe,card,CO,0,6,11,11,0,1.0,122454.96
Merchant_C,Stripe,card,CO,0,7,14,12,2,0.8571,155708.9
Merchant_C,Stripe,card,CO,0,8,36,30,6,0.8333,121967.0
Merchant_C,Stripe,card,CO,0,9,44,40,4,0.9091,128438.82
Merchant_C,Stripe,card,CO,0,10,65,56,9,0.8615,127975.94
Merchant_C,Stripe,card,CO,0,11,53,49,4,0.9245,123544.49
Merchant_C,Stripe,card,CO,0,12,64,59,5,0.9219,118405.89
Merchant_C,Stripe,card,CO,0,13,60,51,9,0.85,120203.39
Merchant_C,Stripe,card,CO,0,14,35,31,4,0.8857,129819.57
Merchant_C,Stripe,card,CO,0,15,54,47,7,0.8704,104955.37
Merchant_C,Stripe,card,CO,0,16,51,48,3,0.9412,120069.88
Merchant_C,Stripe,card,CO,0,17,43,38,5,0.8837,128317.54
Merchant_C,Stripe,card,CO,0,18,49,46,3,0.9388,123517.82
Merchant_C,Stripe,card,CO,0,19,31,28,3,0.9032,129008.6
Merchant_C,Stripe,card,CO,0,20,24,19,5,0.7917,130040.21
Merchant_C,Stripe,card,CO,0,21,22,21,1,0.9545,108283.51
Merchant_C,Stripe,card,CO,0,22,8,8,0,1.0,130254.21
Merchant_C,Stripe,card,CO,0,23,7,5,2,0.7143,112695.68
Merchant_C,Stripe,card,CO,1,0,6,6,0,1.0,96816.18
Merchant_C,Stripe,card,CO,1,1,5,5,0,1.0,135231.92
Merchant_C,Stripe,card,CO,1,2,2,1,1,0.5,134973.36
Merchant_C,Stripe,card,CO,1,3,6,6,0,1.0,165355.84
Merchant_C,Stripe,card,CO,1,4,5,5,0,1.0,119496.1
Merchant_C,Stripe,card,CO,1,5,4,4,0,1.0,97363.48
Merchant_C,Stripe,card,CO,1,6,14,10,4,0.7143,105364.17
Merchant_C,Stripe,card,CO,1,7,24,18,6,0.75,109100.08
Merchant_C,Stripe,card,CO,1,8,46,39,7,0.8478,113876.24
Merchant_C,Stripe,card,CO,1,9,46,41,5,0.8913,133081.92
Merchant_C,Stripe,card,CO,1,10,80,74,6,0.925,117336.17
Merchant_C,Stripe,card,CO,1,11,63,56,7,0.8889,132583.33
Merchant_C,Stripe,card,CO,1,12,80,74,6,0.925,117187.61
Merchant_C,Stripe,card,CO,1,13,71,63,8,0.8873,124739.09
Merchant_C,Stripe,card,CO,1,14,61,53,8,0.8689,111611.61
Merchant_C,Stripe,card,CO,1,15,61,55,6,0.9016,106325.47
Merchant_C,Stripe,card,CO,1,16,41,38,3,0.9268,132211.07
Merchant_C,Stripe,card,CO,1,17,61,49,12,0.8033,123064.33
Merchant_C,Stripe,card,CO,1,18,38,33,5,0.8684,113732.7
Merchant_C,Stripe,card,CO,1,19,33,31,2,0.9394,87932.96
Merchant_C,Stripe,card,CO,1,20,35,28,7,0.8,111426.76
Merchant_C,Stripe,card,CO,1,21,14,13,1,0.9286,124287.94
Merchant_C,Stripe,card,CO,1,22,12,10,2,0.8333,124086.14
Merchant_C,Stripe,card,CO,1,23,5,2,3,0.4,117064.33
Merchant_C,Stripe,card,CO,2,0,8,7,1,0.875,120797.51
Merchant_C,Stripe,card,CO,2,1,3,3,0,1.0,89908.38
Merchant_C,Stripe,card,CO,2,2,1,1,0,1.0,108821.37
Merchant_C,Stripe,card,CO,2,3,1,1,0,1.0,174651.9
Merchant_C,Stripe,card,CO,2,4,2,1,1,0.5,96270.15
Merchant_C,Stripe,card,CO,2,5,8,8,0,1.0,103510.64
Merchant_C,Stripe,card,CO,2,6,16,12,4,0.75,124433.29
Merchant_C,Stripe,card,CO,2,7,31,26,5,0.8387,129272.75
Merchant_C,Stripe,card,CO,2,8,37,33,4,0.8919,130019.76
Merchant_C,Stripe,card,CO,2,9,48,40,8,0.8333,133287.35
Merchant_C,Stripe,card,CO,2,10,54,49,5,0.9074,114468.44
Merchant_C,Stripe,card,CO,2,11,62,56,6,0.9032,119121.54
Merchant_C,Stripe,card,CO,2,12,80,72,8,0.9,126472.2
Merchant_C,Stripe,card,CO,2,13,65,57,8,0.8769,127387.59
Merchant_C,Stripe,card,CO,2,14,59,57,2,0.9661,115051.79
Merchant_C,Stripe,card,CO,2,15,68,61,7,0.8971,113406.51
Merchant_C,Stripe,card,CO,2,16,52,47,5,0.9038,115990.06
Merchant_C,Stripe,card,CO,2,17,48,46,2,0.9583,106579.17
Merchant_C,Stripe,card,CO,2,18,52,47,5,0.9038,114890.94
Merchant_C,Stripe,card,CO,2,19,45,37,8,0.8222,116435.33
Merchant_C,Stripe,card,CO,2,20,21,18,3,0.8571,116182.65
Merchant_C,Stripe,card,CO,2,21,20,18,2,0.9,104562.26
Merchant_C,Stripe,card,CO,2,22,13,11,2,0.8462,115659.75
Merchant_C,Stripe,card,CO,2,23,2,2,0,1.0,119186.01
Merchant_C,Stripe,card,CO,3,0,12,10,2,0.8333,152690.34
Merchant_C,Stripe,card,CO,3,1,6,6,0,1.0,102730.26
Merchant_C,Stripe,card,CO,3,2,3,3,0,1.0,166977.07
Merchant_C,Stripe,card,CO,3,3,2,2,0,1.0,72583.13
Merchant_C,Stripe,card,CO,3,4,3,3,0,1.0,170469.91
Merchant_C,Stripe,card,CO,3,5,3,3,0,1.0,133062.89
Merchant_C,Stripe,card,CO,3,6,18,16,2,0.8889,132438.41
Merchant_C,Stripe,card,CO,3,7,22,20,2,0.9091,133102.44
Merchant_C,Stripe,card,CO,3,8,30,29,1,0.9667,114858.68
Merchant_C,Stripe,card,CO,3,9,53,46,7,0.8679,122439.92
Merchant_C,Stripe,card,CO,3,10,60,51,9,0.85,103226.3
Merchant_C,Stripe,card,CO,3,11,55,53,2,0.9636,124214.81
Merchant_C,Stripe,card,CO,3,12,85,70,15,0.8235,127056.34
Merchant_C,Stripe,card,CO,3,13,71,60,11,0.8451,119243.17
Merchant_C,Stripe,card,CO,3,14,64,57,7,0.8906,114203.5
Merchant_C,Stripe,card,CO,3,15,49,47,2,0.9592,126466.1
Merchant_C,Stripe,card,CO,3,16,39,36,3,0.9231,119470.94
Merchant_C,Stripe,card,CO,3,17,61,52,9,0.8525,110607.74
Merchant_C,Stripe,card,CO,3,18,50,46,4,0.92,114704.84
Merchant_C,Stripe,card,CO,3,19,44,40,4,0.9091,135523.93
Merchant_C,Stripe,card,CO,3,20,27,25,2,0.9259,100989.42
Merchant_C,Stripe,card,CO,3,21,18,17,1,0.9444,128640.47
Merchant_C,Stripe,card,CO,3,22,15,14,1,0.9333,125902.69
Merchant_C,Stripe,card,CO,3,23,7,7,0,1.0,100304.56
Merchant_C,Stripe,card,CO,4,0,7,7,0,1.0,127506.52
Merchant_C,Stripe,card,CO,4,1,3,3,0,1.0,131462.22
Merchant_C,Stripe,card,CO,4,2,7,6,1,0.8571,99711.49
Merchant_C,Stripe,card,CO,4,3,2,1,1,0.5,124628.52
Merchant_C,Stripe,card,CO,4,4,3,3,0,1.0,117897.15
Merchant_C,Stripe,card,CO,4,5,6,5,1,0.8333,141074.3
Merchant_C,Stripe,card,CO,4,6,10,10,0,1.0,77868.75
Merchant_C,Stripe,card,CO,4,7,28,28,0,1.0,117136.3
Merchant_C,Stripe,card,CO,4,8,47,40,7,0.8511,119943.42
Merchant_C,Stripe,card,CO,4,9,54,45,9,0.8333,119025.96
Merchant_C,Stripe,card,CO,4,10,63,56,7,0.8889,117788.15
Merchant_C,Stripe,card,CO,4,11,67,54,13,0.806,135101.36
Merchant_C,Stripe,card,CO,4,12,80,70,10,0.875,104698.93
Merchant_C,Stripe,card,CO,4,13,67,60,7,0.8955,128977.99
Merchant_C,Stripe,card,CO,4,14,68,59,9,0.8676,126370.73
Merchant_C,Stripe,card,CO,4,15,60,50,10,0.8333,118417.05
Merchant_C,Stripe,card,CO,4,16,59,51,8,0.8644,115357.33
Merchant_C,Stripe,card,CO,4,17,67,60,7,0.8955,126857.26
Merchant_C,Stripe,card,CO,4,18,58,52,6,0.8966,146310.21
Merchant_C,Stripe,card,CO,4,19,42,35,7,0.8333,141276.47
Merchant_C,Stripe,card,CO,4,20,37,31,6,0.8378,145311.7
Merchant_C,Stripe,card,CO,4,21,19,19,0,1.0,116398.17
Merchant_C,Stripe,card,CO,4,22,11,10,1,0.9091,123536.62
Merchant_C,Stripe,card,CO,4,23,9,7,2,0.7778,123628.34
Merchant_C,Stripe,card,CO,5,0,6,6,0,1.0,109816.71
Merchant_C,Stripe,card,CO,5,1,2,2,0,1.0,139907.17
Merchant_C,Stripe,card,CO,5,2,4,4,0,1.0,106055.15
Merchant_C,Stripe,card,CO,5,3,1,1,0,1.0,95668.0
Merchant_C,Stripe,card,CO,5,4,3,3,0,1.0,189711.69
Merchant_C,Stripe,card,CO,5,5,3,3,0,1.0,164586.13
Merchant_C,Stripe,card,CO,5,6,13,11,2,0.8462,116136.45
Merchant_C,Stripe,card,CO,5,7,32,28,4,0.875,121684.41
Merchant_C,Stripe,card,CO,5,8,30,28,2,0.9333,125294.74
Merchant_C,Stripe,card,CO,5,9,51,43,8,0.8431,120579.83
Merchant_C,Stripe,card,CO,5,10,151,128,23,0.8477,119651.78
Merchant_C,Stripe,card,CO,5,11,70,60,10,0.8571,126793.59
Merchant_C,Stripe,card,CO,5,12,69,57,12,0.8261,123305.38
Merchant_C,Stripe,card,CO,5,13,62,53,9,0.8548,126626.43
Merchant_C,Stripe,card,CO,5,14,44,39,5,0.8864,125437.36
Merchant_C,Stripe,card,CO,5,15,56,46,10,0.8214,119382.97
Merchant_C,Stripe,card,CO,5,16,36,30,6,0.8333,146350.96
Merchant_C,Stripe,card,CO,5,17,58,49,9,0.8448,112306.89
Merchant_C,Stripe,card,CO,5,18,44,38,6,0.8636,97219.08
Merchant_C,Stripe,card,CO,5,19,32,26,6,0.8125,120340.05
Merchant_C,Stripe,card,CO,5,20,16,13,3,0.8125,135799.39
Merchant_C,Stripe,card,CO,5,21,13,13,0,1.0,132547.97
Merchant_C,Stripe,card,CO,5,22,13,11,2,0.8462,114377.29
Merchant_C,Stripe,card,CO,5,23,5,5,0,1.0,142760.84
Merchant_C,Stripe,card,CO,6,0,8,8,0,1.0,132700.97
Merchant_C,Stripe,card,CO,6,1,4,4,0,1.0,147530.25
Merchant_C,Stripe,card,CO,6,2,2,2,0,1.0,162479.73
Merchant_C,Stripe,card,CO,6,3,3,3,0,1.0,176703.23
Merchant_C,Stripe,card,CO,6,4,3,3,0,1.0,153928.99
Merchant_C,Stripe,card,CO,6,5,6,5,1,0.8333,125932.66
Merchant_C,Stripe,card,CO,6,6,11,10,1,0.9091,82583.78
Merchant_C,Stripe,card,CO,6,7,34,31,3,0.9118,110841.85
Merchant_C,Stripe,card,CO,6,8,42,34,8,0.8095,131509.78
Merchant_C,Stripe,card,CO,6,9,42,38,4,0.9048,123008.3
Merchant_C,Stripe,card,CO,6,10,52,45,7,0.8654,104292.53
Merchant_C,Stripe,card,CO,6,11,67,57,10,0.8507,117503.7
Merchant_C,Stripe,card,CO,6,12,75,69,6,0.92,127063.74
Merchant_C,Stripe,card,CO,6,13,68,61,7,0.8971,109476.21
Merchant_C,Stripe,card,CO,6,14,61,52,9,0.8525,112686.59
Merchant_C,Stripe,card,CO,6,15,49,42,7,0.8571,122552.03
Merchant_C,Stripe,card,CO,6,16,59,53,6,0.8983,130873.85
Merchant_C,Stripe,card,CO,6,17,49,41,8,0.8367,114600.19
Merchant_C,Stripe,card,CO,6,18,37,33,4,0.8919,117835.64
Merchant_C,Stripe,card,CO,6,19,39,34,5,0.8718,114949.27
Merchant_C,Stripe,card,CO,6,20,29,27,2,0.931,105126.67
Merchant_C,Stripe,card,CO,6,21,19,19,0,1.0,118283.36
Merchant_C,Stripe,card,CO,6,22,10,8,2,0.8,112077.91
Merchant_C,Stripe,card,CO,6,23,8,7,1,0.875,109627.08
Merchant_C,Stripe,card,MX,0,0,6,5,1,0.8333,1016.23
Merchant_C,Stripe,card,MX,0,1,2,2,0,1.0,1101.3
Merchant_C,Stripe,card,MX,0,2,2,2,0,1.0,775.1
Merchant_C,Stripe,card,MX,0,4,4,4,0,1.0,740.98
Merchant_C,Stripe,card,MX,0,5,8,7,1,0.875,815.25
Merchant_C,Stripe,card,MX,0,6,10,8,2,0.8,1067.08
Merchant_C,Stripe,card,MX,0,7,22,19,3,0.8636,1001.78
Merchant_C,Stripe,card,MX,0,8,35,29,6,0.8286,959.38
Merchant_C,Stripe,card,MX,0,9,56,53,3,0.9464,918.49
Merchant_C,Stripe,card,MX,0,10,44,40,4,0.9091,927.1
Merchant_C,Stripe,card,MX,0,11,58,52,6,0.8966,975.66
Merchant_C,Stripe,card,MX,0,12,70,68,2,0.9714,1014.02
Merchant_C,Stripe,card,MX,0,13,58,54,4,0.931,943.4
Merchant_C,Stripe,card,MX,0,14,59,55,4,0.9322,1027.72
Merchant_C,Stripe,card,MX,0,15,62,56,6,0.9032,927.5
Merchant_C,Stripe,card,MX,0,16,53,47,6,0.8868,967.52
Merchant_C,Stripe,card,MX,0,17,58,53,5,0.9138,931.28
Merchant_C,Stripe,card,MX,0,18,45,40,5,0.8889,1000.5
Merchant_C,Stripe,card,MX,0,19,44,39,5,0.8864,887.0
Merchant_C,Stripe,card,MX,0,20,29,23,6,0.7931,953.42
Merchant_C,Stripe,card,MX,0,21,12,9,3,0.75,893.48
Merchant_C,Stripe,card,MX,0,22,6,5,1,0.8333,910.08
Merchant_C,Stripe,card,MX,0,23,6,6,0,1.0,785.04
Merchant_C,Stripe,card,MX,1,0,6,6,0,1.0,1075.33
Merchant_C,Stripe,card,MX,1,1,3,3,0,1.0,718.21
Merchant_C,Stripe,card,MX,1,2,1,1,0,1.0,808.29
Merchant_C,Stripe,card,MX,1,3,2,2,0,1.0,732.82
Merchant_C,Stripe,card,MX,1,4,1,1,0,1.0,1267.0
Merchant_C,Stripe,card,MX,1,5,4,4,0,1.0,695.81
Merchant_C,Stripe,card,MX,1,6,13,12,1,0.9231,653.51
Merchant_C,Stripe,card,MX,1,7,16,16,0,1.0,727.34
Merchant_C,Stripe,card,MX,1,8,45,42,3,0.9333,914.9
Merchant_C,Stripe,card,MX,1,9,49,42,7,0.8571,928.05
Merchant_C,Stripe,card,MX,1,10,77,69,8,0.8961,832.83
Merchant_C,Stripe,card,MX,1,11,64,56,8,0.875,917.42
Merchant_C,Stripe,card,MX,1,12,71,63,8,0.8873,846.3
Merchant_C,Stripe,card,MX,1,13,62,55,7,0.8871,927.42
Merchant_C,Stripe,card,MX,1,14,60,51,9,0.85,906.77
Merchant_C,Stripe,card,MX,1,15,78,72,6,0.9231,908.25
Merchant_C,Stripe,card,MX,1,16,56,50,6,0.8929,1021.94
Merchant_C,Stripe,card,MX,1,17,62,59,3,0.9516,915.68
Merchant_C,Stripe,card,MX,1,18,57,53,4,0.9298,937.09
Merchant_C,Stripe,card,MX,1,19,33,30,3,0.9091,817.18
Merchant_C,Stripe,card,MX,1,20,28,26,2,0.9286,883.33
Merchant_C,Stripe,card,MX,1,21,14,11,3,0.7857,1063.72
Merchant_C,Stripe,card,MX,1,22,7,6,1,0.8571,1179.73
Merchant_C,Stripe,card,MX,1,23,7,7,0,1.0,438.52
Merchant_C,Stripe,card,MX,2,0,9,9,0,1.0,884.49
Merchant_C,Stripe,card,MX,2,1,7,5,2,0.7143,982.51
Merchant_C,Stripe,card,MX,2,2,2,2,0,1.0,769.14
Merchant_C,Stripe,card,MX,2,4,1,1,0,1.0,1070.23
Merchant_C,Stripe,card,MX,2,5,9,9,0,1.0,691.78
Merchant_C,Stripe,card,MX,2,6,23,23,0,1.0,826.91
Merchant_C,Stripe,card,MX,2,7,27,24,3,0.8889,938.8
Merchant_C,Stripe,card,MX,2,8,39,38,1,0.9744,880.31
Merchant_C,Stripe,card,MX,2,9,60,56,4,0.9333,989.96
Merchant_C,Stripe,card,MX,2,10,57,54,3,0.9474,837.48
Merchant_C,Stripe,card,MX,2,11,60,52,8,0.8667,1024.95
Merchant_C,Stripe,card,MX,2,12,87,78,9,0.8966,831.93
Merchant_C,Stripe,card,MX,2,13,71,63,8,0.8873,933.34
Merchant_C,Stripe,card,MX,2,14,72,70,2,0.9722,951.0
Merchant_C,Stripe,card,MX,2,15,69,64,5,0.9275,849.48
Merchant_C,Stripe,card,MX,2,16,54,52,2,0.963,924.09
Merchant_C,Stripe,card,MX,2,17,61,56,5,0.918,889.28
Merchant_C,Stripe,card,MX,2,18,37,36,1,0.973,975.11
Merchant_C,Stripe,card,MX,2,19,43,41,2,0.9535,879.51
Merchant_C,Stripe,card,MX,2,20,19,18,1,0.9474,844.62
Merchant_C,Stripe,card,MX,2,21,18,18,0,1.0,1026.94
Merchant_C,Stripe,card,MX,2,22,7,6,1,0.8571,873.64
Merchant_C,Stripe,card,MX,2,23,8,7,1,0.875,1047.88
Merchant_C,Stripe,card,MX,3,0,7,7,0,1.0,956.66
Merchant_C,Stripe,card,MX,3,1,3,3,0,1.0,585.92
Merchant_C,Stripe,card,MX,3,2,3,3,0,1.0,943.27
Merchant_C,Stripe,card,MX,3,3,1,1,0,1.0,1345.8
Merchant_C,Stripe,card,MX,3,4,5,5,0,1.0,963.52
Merchant_C,Stripe,card,MX,3,5,9,9,0,1.0,924.2
Merchant_C,Stripe,card,MX,3,6,22,21,1,0.9545,771.23
Merchant_C,Stripe,card,MX,3,7,30,28,2,0.9333,949.42
Merchant_C,Stripe,card,MX,3,8,48,43,5,0.8958,913.47
Merchant_C,Stripe,card,MX,3,9,56,49,7,0.875,995.96
Merchant_C,Stripe,card,MX,3,10,60,47,13,0.7833,974.41
Merchant_C,Stripe,card,MX,3,11,82,77,5,0.939,872.84
Merchant_C,Stripe,card,MX,3,12,89,86,3,0.9663,907.2
Merchant_C,Stripe,card,MX,3,13,72,62,10,0.8611,994.72
Merchant_C,Stripe,card,MX,3,14,53,49,4,0.9245,882.47
Merchant_C,Stripe,card,MX,3,15,65,61,4,0.9385,853.14
Merchant_C,Stripe,card,MX,3,16,45,38,7,0.8444,863.76
Merchant_C,Stripe,card,MX,3,17,58,54,4,0.931,919.87
Merchant_C,Stripe,card,MX,3,18,52,49,3,0.9423,816.98
Merchant_C,Stripe,card,MX,3,19,48,45,3,0.9375,894.68
Merchant_C,Stripe,card,MX,3,20,37,33,4,0.8919,906.46
Merchant_C,Stripe,card,MX,3,21,23,21,2,0.913,1000.39
Merchant_C,Stripe,card,MX,3,22,12,12,0,1.0,958.29
Merchant_C,Stripe,card,MX,3,23,10,9,1,0.9,1285.75
Merchant_C,Stripe,card,MX,4,0,14,12,2,0.8571,1148.87
Merchant_C,Stripe,card,MX,4,1,4,4,0,1.0,680.17
Merchant_C,Stripe,card,MX,4,2,3,3,0,1.0,542.52
Merchant_C,Stripe,card,MX,4,3,3,3,0,1.0,1172.63
Merchant_C,Stripe,card,MX,4,4,1,1,0,1.0,1002.63
Merchant_C,Stripe,card,MX,4,5,7,7,0,1.0,695.7
Merchant_C,Stripe,card,MX,4,6,23,22,1,0.9565,1032.67
Merchant_C,Stripe,card,MX,4,7,30,25,5,0.8333,897.51
Merchant_C,Stripe,card,MX,4,8,45,45,0,1.0,837.18
Merchant_C,Stripe,card,MX,4,9,55,49,6,0.8909,916.75
Merchant_C,Stripe,card,MX,4,10,60,55,5,0.9167,839.53
Merchant_C,Stripe,card,MX,4,11,77,70,7,0.9091,947.48
Merchant_C,Stripe,card,MX,4,12,66,58,8,0.8788,907.85
Merchant_C,Stripe,card,MX,4,13,67,60,7,0.8955,881.26
Merchant_C,Stripe,card,MX,4,14,58,53,5,0.9138,897.7
Merchant_C,Stripe,card,MX,4,15,68,59,9,0.8676,917.91
Merchant_C,Stripe,card,MX,4,16,53,48,5,0.9057,925.4
Merchant_C,Stripe,card,MX,4,17,60,50,10,0.8333,794.45
Merchant_C,Stripe,card,MX,4,18,52,47,5,0.9038,1038.59
Merchant_C,Stripe,card,MX,4,19,38,32,6,0.8421,1049.54
Merchant_C,Stripe,card,MX,4,20,25,18,7,0.72,802.25
Merchant_C,Stripe,card,MX,4,21,19,17,2,0.8947,913.42
Merchant_C,Stripe,card,MX,4,22,15,14,1,0.9333,941.34
Merchant_C,Stripe,card,MX,4,23,13,13,0,1.0,876.03
Merchant_C,Stripe,card,MX,5,0,10,10,0,1.0,800.85
Merchant_C,Stripe,card,MX,5,1,3,3,0,1.0,715.12
Merchant_C,Stripe,card,MX,5,2,5,4,1,0.8,984.04
Merchant_C,Stripe,card,MX,5,3,1,1,0,1.0,1046.34
Merchant_C,Stripe,card,MX,5,4,2,2,0,1.0,804.81
Merchant_C,Stripe,card,MX,5,5,8,7,1,0.875,888.47
Merchant_C,Stripe,card,MX,5,6,13,11,2,0.8462,1102.16
Merchant_C,Stripe,card,MX,5,7,28,23,5,0.8214,952.99
Merchant_C,Stripe,card,MX,5,8,31,29,2,0.9355,834.6
Merchant_C,Stripe,card,MX,5,9,56,49,7,0.875,878.61
Merchant_C,Stripe,card,MX,5,10,120,106,14,0.8833,856.94
Merchant_C,Stripe,card,MX,5,11,62,58,4,0.9355,860.29
Merchant_C,Stripe,card,MX,5,12,70,63,7,0.9,820.86
Merchant_C,Stripe,card,MX,5,13,79,75,4,0.9494,879.7
Merchant_C,Stripe,card,MX,5,14,65,62,3,0.9538,982.85
Merchant_C,Stripe,card,MX,5,15,59,53,6,0.8983,888.45
Merchant_C,Stripe,card,MX,5,16,44,40,4,0.9091,917.06
Merchant_C,Stripe,card,MX,5,17,42,33,9,0.7857,1062.19
Merchant_C,Stripe,card,MX,5,18,40,35,5,0.875,854.91
Merchant_C,Stripe,card,MX,5,19,29,27,2,0.931,908.93
Merchant_C,Stripe,card,MX,5,20,21,20,1,0.9524,962.41
Merchant_C,Stripe,card,MX,5,21,10,10,0,1.0,745.11
Merchant_C,Stripe,card,MX,5,22,9,8,1,0.8889,817.0
Merchant_C,Stripe,card,MX,5,23,8,7,1,0.875,1114.75
Merchant_C,Stripe,card,MX,6,0,10,9,1,0.9,930.55
Merchant_C,Stripe,card,MX,6,1,1,1,0,1.0,1487.98
Merchant_C,Stripe,card,MX,6,2,5,5,0,1.0,813.89
Merchant_C,Stripe,card,MX,6,3,3,3,0,1.0,807.58
Merchant_C,Stripe,card,MX,6,5,7,6,1,0.8571,987.84
Merchant_C,Stripe,card,MX,6,6,16,15,1,0.9375,930.65
Merchant_C,Stripe,card,MX,6,7,23,22,1,0.9565,825.61
Merchant_C,Stripe,card,MX,6,8,36,33,3,0.9167,993.02
Merchant_C,Stripe,card,MX,6,9,48,41,7,0.8542,822.97
Merchant_C,Stripe,card,MX,6,10,61,57,4,0.9344,880.19
Merchant_C,Stripe,card,MX,6,11,53,47,6,0.8868,950.5
Merchant_C,Stripe,card,MX,6,12,69,64,5,0.9275,901.69
Merchant_C,Stripe,card,MX,6,13,75,70,5,0.9333,891.16
Merchant_C,Stripe,card,MX,6,14,51,48,3,0.9412,853.51
Merchant_C,Stripe,card,MX,6,15,54,51,3,0.9444,956.26
Merchant_C,Stripe,card,MX,6,16,56,49,7,0.875,863.67
Merchant_C,Stripe,card,MX,6,17,46,45,1,0.9783,874.31
Merchant_C,Stripe,card,MX,6,18,39,32,7,0.8205,885.14
Merchant_C,Stripe,card,MX,6,19,33,32,1,0.9697,921.5
Merchant_C,Stripe,card,MX,6,20,28,27,1,0.9643,861.26
Merchant_C,Stripe,card,MX,6,21,16,16,0,1.0,983.4
Merchant_C,Stripe,card,MX,6,22,8,7,1,0.875,1113.86
Merchant_C,Stripe,card,MX,6,23,6,6,0,1.0,1111.37
Merchant_C,Stripe,cash_in_store,MX,0,0,6,5,1,0.8333,1234.06
Merchant_C,Stripe,cash_in_store,MX,0,1,1,1,0,1.0,1574.23
Merchant_C,Stripe,cash_in_store,MX,0,2,4,4,0,1.0,897.51
Merchant_C,Stripe,cash_in_store,MX,0,3,3,3,0,1.0,764.41
Merchant_C,Stripe,cash_in_store,MX,0,5,4,4,0,1.0,896.64
Merchant_C,Stripe,cash_in_store,MX,0,6,8,7,1,0.875,888.51
Merchant_C,Stripe,cash_in_store,MX,0,7,30,24,6,0.8,801.05
Merchant_C,Stripe,cash_in_store,MX,0,8,46,38,8,0.8261,1063.21
Merchant_C,Stripe,cash_in_store,MX,0,9,43,34,9,0.7907,955.38
Merchant_C,Stripe,cash_in_store,MX,0,10,54,43,11,0.7963,896.09
Merchant_C,Stripe,cash_in_store,MX,0,11,63,52,11,0.8254,894.48
Merchant_C,Stripe,cash_in_store,MX,0,12,66,47,19,0.7121,908.68
Merchant_C,Stripe,cash_in_store,MX,0,13,58,47,11,0.8103,864.12
Merchant_C,Stripe,cash_in_store,MX,0,14,61,54,7,0.8852,1018.3
Merchant_C,Stripe,cash_in_store,MX,0,15,58,50,8,0.8621,910.49
Merchant_C,Stripe,cash_in_store,MX,0,16,50,43,7,0.86,948.22
Merchant_C,Stripe,cash_in_store,MX,0,17,51,40,11,0.7843,949.57
Merchant_C,Stripe,cash_in_store,MX,0,18,45,36,9,0.8,739.74
Merchant_C,Stripe,cash_in_store,MX,0,19,50,43,7,0.86,822.98
Merchant_C,Stripe,cash_in_store,MX,0,20,24,19,5,0.7917,1184.94
Merchant_C,Stripe,cash_in_store,MX,0,21,18,14,4,0.7778,1092.18
Merchant_C,Stripe,cash_in_store,MX,0,22,12,12,0,1.0,656.6
Merchant_C,Stripe,cash_in_store,MX,0,23,5,3,2,0.6,822.88
Merchant_C,Stripe,cash_in_store,MX,1,0,9,7,2,0.7778,1103.26
Merchant_C,Stripe,cash_in_store,MX,1,1,5,4,1,0.8,1136.46
Merchant_C,Stripe,cash_in_store,MX,1,2,2,2,0,1.0,90.0
Merchant_C,Stripe,cash_in_store,MX,1,3,1,0,1,0.0,90.0
Merchant_C,Stripe,cash_in_store,MX,1,4,1,0,1,0.0,742.65
Merchant_C,Stripe,cash_in_store,MX,1,5,3,3,0,1.0,564.35
Merchant_C,Stripe,cash_in_store,MX,1,6,11,8,3,0.7273,691.79
Merchant_C,Stripe,cash_in_store,MX,1,7,24,22,2,0.9167,993.5
Merchant_C,Stripe,cash_in_store,MX,1,8,41,38,3,0.9268,904.29
Merchant_C,Stripe,cash_in_store,MX,1,9,47,42,5,0.8936,931.68
Merchant_C,Stripe,cash_in_store,MX,1,10,89,79,10,0.8876,950.98
Merchant_C,Stripe,cash_in_store,MX,1,11,68,59,9,0.8676,1013.51
Merchant_C,Stripe,cash_in_store,MX,1,12,78,66,12,0.8462,958.62
Merchant_C,Stripe,cash_in_store,MX,1,13,77,66,11,0.8571,970.46
Merchant_C,Stripe,cash_in_store,MX,1,14,64,50,14,0.7812,1024.81
Merchant_C,Stripe,cash_in_store,MX,1,15,58,49,9,0.8448,842.6
Merchant_C,Stripe,cash_in_store,MX,1,16,53,43,10,0.8113,855.4
Merchant_C,Stripe,cash_in_store,MX,1,17,63,58,5,0.9206,891.71
Merchant_C,Stripe,cash_in_store,MX,1,18,48,41,7,0.8542,881.76
Merchant_C,Stripe,cash_in_store,MX,1,19,49,45,4,0.9184,762.33
Merchant_C,Stripe,cash_in_store,MX,1,20,26,21,5,0.8077,802.06
Merchant_C,Stripe,cash_in_store,MX,1,21,18,17,1,0.9444,909.3
Merchant_C,Stripe,cash_in_store,MX,1,22,8,7,1,0.875,1070.99
Merchant_C,Stripe,cash_in_store,MX,1,23,5,3,2,0.6,831.03
Merchant_C,Stripe,cash_in_store,MX,2,0,5,4,1,0.8,823.05
Merchant_C,Stripe,cash_in_store,MX,2,1,2,2,0,1.0,852.68
Merchant_C,Stripe,cash_in_store,MX,2,3,4,3,1,0.75,1113.92
Merchant_C,Stripe,cash_in_store,MX,2,4,1,1,0,1.0,973.37
Merchant_C,Stripe,cash_in_store,MX,2,5,3,3,0,1.0,817.77
Merchant_C,Stripe,cash_in_store,MX,2,6,10,7,3,0.7,787.7
Merchant_C,Stripe,cash_in_store,MX,2,7,23,18,5,0.7826,1047.17
Merchant_C,Stripe,cash_in_store,MX,2,8,49,42,7,0.8571,914.62
Merchant_C,Stripe,cash_in_store,MX,2,9,62,50,12,0.8065,877.87
Merchant_C,Stripe,cash_in_store,MX,2,10,64,53,11,0.8281,887.38
Merchant_C,Stripe,cash_in_store,MX,2,11,71,58,13,0.8169,913.13
Merchant_C,Stripe,cash_in_store,MX,2,12,63,58,5,0.9206,805.17
Merchant_C,Stripe,cash_in_store,MX,2,13,75,62,13,0.8267,971.56
Merchant_C,Stripe,cash_in_store,MX,2,14,48,39,9,0.8125,812.62
Merchant_C,Stripe,cash_in_store,MX,2,15,60,45,15,0.75,975.53
Merchant_C,Stripe,cash_in_store,MX,2,16,48,41,7,0.8542,806.0
Merchant_C,Stripe,cash_in_store,MX,2,17,57,52,5,0.9123,929.29
Merchant_C,Stripe,cash_in_store,MX,2,18,47,38,9,0.8085,932.92
Merchant_C,Stripe,cash_in_store,MX,2,19,39,32,7,0.8205,873.82
Merchant_C,Stripe,cash_in_store,MX,2,20,26,18,8,0.6923,999.83
Merchant_C,Stripe,cash_in_store,MX,2,21,20,16,4,0.8,840.79
Merchant_C,Stripe,cash_in_store,MX,2,22,10,9,1,0.9,625.64
Merchant_C,Stripe,cash_in_store,MX,2,23,9,8,1,0.8889,1101.46
Merchant_C,Stripe,cash_in_store,MX,3,0,12,10,2,0.8333,723.95
Merchant_C,Stripe,cash_in_store,MX,3,1,7,5,2,0.7143,996.29
Merchant_C,Stripe,cash_in_store,MX,3,2,1,1,0,1.0,90.0
Merchant_C,Stripe,cash_in_store,MX,3,3,1,1,0,1.0,90.0
Merchant_C,Stripe,cash_in_store,MX,3,4,2,2,0,1.0,970.74
Merchant_C,Stripe,cash_in_store,MX,3,5,11,9,2,0.8182,785.3
Merchant_C,Stripe,cash_in_store,MX,3,6,11,11,0,1.0,712.47
Merchant_C,Stripe,cash_in_store,MX,3,7,28,23,5,0.8214,969.88
Merchant_C,Stripe,cash_in_store,MX,3,8,39,34,5,0.8718,915.28
Merchant_C,Stripe,cash_in_store,MX,3,9,54,47,7,0.8704,933.76
Merchant_C,Stripe,cash_in_store,MX,3,10,56,48,8,0.8571,917.44
Merchant_C,Stripe,cash_in_store,MX,3,11,73,63,10,0.863,897.27
Merchant_C,Stripe,cash_in_store,MX,3,12,81,72,9,0.8889,884.28
Merchant_C,Stripe,cash_in_store,MX,3,13,70,58,12,0.8286,903.47
Merchant_C,Stripe,cash_in_store,MX,3,14,55,45,10,0.8182,759.29
Merchant_C,Stripe,cash_in_store,MX,3,15,52,41,11,0.7885,888.86
Merchant_C,Stripe,cash_in_store,MX,3,16,41,35,6,0.8537,985.12
Merchant_C,Stripe,cash_in_store,MX,3,17,60,47,13,0.7833,927.11
Merchant_C,Stripe,cash_in_store,MX,3,18,60,49,11,0.8167,963.84
Merchant_C,Stripe,cash_in_store,MX,3,19,38,32,6,0.8421,944.91
Merchant_C,Stripe,cash_in_store,MX,3,20,33,27,6,0.8182,1010.04
Merchant_C,Stripe,cash_in_store,MX,3,21,17,16,1,0.9412,735.7
Merchant_C,Stripe,cash_in_store,MX,3,22,12,12,0,1.0,751.57
Merchant_C,Stripe,cash_in_store,MX,3,23,8,7,1,0.875,765.31
Merchant_C,Stripe,cash_in_store,MX,4,0,7,6,1,0.8571,767.45
Merchant_C,Stripe,cash_in_store,MX,4,1,3,2,1,0.6667,1287.56
Merchant_C,Stripe,cash_in_store,MX,4,2,1,1,0,1.0,410.45
Merchant_C,Stripe,cash_in_store,MX,4,3,1,0,1,0.0,791.06
Merchant_C,Stripe,cash_in_store,MX,4,4,2,2,0,1.0,448.29
Merchant_C,Stripe,cash_in_store,MX,4,5,4,3,1,0.75,931.54
Merchant_C,Stripe,cash_in_store,MX,4,6,11,9,2,0.8182,1001.27
Merchant_C,Stripe,cash_in_store,MX,4,7,32,30,2,0.9375,910.69
Merchant_C,Stripe,cash_in_store,MX,4,8,46,41,5,0.8913,983.8
Merchant_C,Stripe,cash_in_store,MX,4,9,62,51,11,0.8226,889.62
Merchant_C,Stripe,cash_in_store,MX,4,10,58,48,10,0.8276,779.31
Merchant_C,Stripe,cash_in_store,MX,4,11,77,59,18,0.7662,881.04
Merchant_C,Stripe,cash_in_store,MX,4,12,92,77,15,0.837,901.6
Merchant_C,Stripe,cash_in_store,MX,4,13,76,67,9,0.8816,894.62
Merchant_C,Stripe,cash_in_store,MX,4,14,60,49,11,0.8167,874.61
Merchant_C,Stripe,cash_in_store,MX,4,15,58,54,4,0.931,901.57
Merchant_C,Stripe,cash_in_store,MX,4,16,46,37,9,0.8043,1005.77
Merchant_C,Stripe,cash_in_store,MX,4,17,54,44,10,0.8148,993.15
Merchant_C,Stripe,cash_in_store,MX,4,18,50,36,14,0.72,931.0
Merchant_C,Stripe,cash_in_store,MX,4,19,35,34,1,0.9714,858.9
Merchant_C,Stripe,cash_in_store,MX,4,20,26,22,4,0.8462,857.71
Merchant_C,Stripe,cash_in_store,MX,4,21,20,19,1,0.95,947.84
Merchant_C,Stripe,cash_in_store,MX,4,22,11,9,2,0.8182,944.17
Merchant_C,Stripe,cash_in_store,MX,4,23,9,8,1,0.8889,619.23
Merchant_C,Stripe,cash_in_store,MX,5,0,7,5,2,0.7143,1202.24
Merchant_C,Stripe,cash_in_store,MX,5,1,5,4,1,0.8,1032.26
Merchant_C,Stripe,cash_in_store,MX,5,2,2,2,0,1.0,1149.44
Merchant_C,Stripe,cash_in_store,MX,5,5,6,3,3,0.5,946.5
Merchant_C,Stripe,cash_in_store,MX,5,6,20,17,3,0.85,794.33
Merchant_C,Stripe,cash_in_store,MX,5,7,23,18,5,0.7826,1086.29
Merchant_C,Stripe,cash_in_store,MX,5,8,49,36,13,0.7347,1006.49
Merchant_C,Stripe,cash_in_store,MX,5,9,63,59,4,0.9365,973.38
Merchant_C,Stripe,cash_in_store,MX,5,10,164,139,25,0.8476,889.44
Merchant_C,Stripe,cash_in_store,MX,5,11,61,53,8,0.8689,973.88
Merchant_C,Stripe,cash_in_store,MX,5,12,66,57,9,0.8636,813.49
Merchant_C,Stripe,cash_in_store,MX,5,13,53,42,11,0.7925,803.27
Merchant_C,Stripe,cash_in_store,MX,5,14,58,48,10,0.8276,935.09
Merchant_C,Stripe,cash_in_store,MX,5,15,55,48,7,0.8727,916.97
Merchant_C,Stripe,cash_in_store,MX,5,16,43,36,7,0.8372,962.12
Merchant_C,Stripe,cash_in_store,MX,5,17,38,29,9,0.7632,843.93
Merchant_C,Stripe,cash_in_store,MX,5,18,53,39,14,0.7358,964.29
Merchant_C,Stripe,cash_in_store,MX,5,19,32,28,4,0.875,763.81
Merchant_C,Stripe,cash_in_store,MX,5,20,24,15,9,0.625,697.04
Merchant_C,Stripe,cash_in_store,MX,5,21,14,11,3,0.7857,875.17
Merchant_C,Stripe,cash_in_store,MX,5,22,9,7,2,0.7778,694.34
Merchant_C,Stripe,cash_in_store,MX,5,23,5,5,0,1.0,1075.84
Merchant_C,Stripe,cash_in_store,MX,6,0,8,6,2,0.75,1029.34
Merchant_C,Stripe,cash_in_store,MX,6,1,7,7,0,1.0,686.87
Merchant_C,Stripe,cash_in_store,MX,6,3,1,1,0,1.0,902.44
Merchant_C,Stripe,cash_in_store,MX,6,4,3,2,1,0.6667,1614.57
Merchant_C,Stripe,cash_in_store,MX,6,5,4,4,0,1.0,305.21
Merchant_C,Stripe,cash_in_store,MX,6,6,18,16,2,0.8889,1007.05
Merchant_C,Stripe,cash_in_store,MX,6,7,19,16,3,0.8421,938.73
Merchant_C,Stripe,cash_in_store,MX,6,8,38,33,5,0.8684,888.42
Merchant_C,Stripe,cash_in_store,MX,6,9,46,36,10,0.7826,1095.25
Merchant_C,Stripe,cash_in_store,MX,6,10,54,44,10,0.8148,957.34
Merchant_C,Stripe,cash_in_store,MX,6,11,63,56,7,0.8889,854.11
Merchant_C,Stripe,cash_in_store,MX,6,12,71,58,13,0.8169,822.28
Merchant_C,Stripe,cash_in_store,MX,6,13,63,53,10,0.8413,862.89
Merchant_C,Stripe,cash_in_store,MX,6,14,66,55,11,0.8333,917.97
Merchant_C,Stripe,cash_in_store,MX,6,15,64,58,6,0.9062,940.47
Merchant_C,Stripe,cash_in_store,MX,6,16,42,31,11,0.7381,945.68
Merchant_C,Stripe,cash_in_store,MX,6,17,41,36,5,0.878,851.61
Merchant_C,Stripe,cash_in_store,MX,6,18,30,26,4,0.8667,1028.58
Merchant_C,Stripe,cash_in_store,MX,6,19,52,44,8,0.8462,922.47
Merchant_C,Stripe,cash_in_store,MX,6,20,26,23,3,0.8846,904.57
Merchant_C,Stripe,cash_in_store,MX,6,21,10,9,1,0.9,971.73
Merchant_C,Stripe,cash_in_store,MX,6,22,7,6,1,0.8571,1002.3
Merchant_C,Stripe,cash_in_store,MX,6,23,6,6,0,1.0,1214.47
Merchant_C,Stripe,wallet,BR,0,0,4,3,1,0.75,264.75
Merchant_C,Stripe,wallet,BR,0,1,1,1,0,1.0,28.0
Merchant_C,Stripe,wallet,BR,0,3,3,2,1,0.6667,370.55
Merchant_C,Stripe,wallet,BR,0,5,5,5,0,1.0,403.64
Merchant_C,Stripe,wallet,BR,0,6,16,14,2,0.875,271.77
Merchant_C,Stripe,wallet,BR,0,7,21,19,2,0.9048,257.37
Merchant_C,Stripe,wallet,BR,0,8,34,32,2,0.9412,296.03
Merchant_C,Stripe,wallet,BR,0,9,60,54,6,0.9,295.02
Merchant_C,Stripe,wallet,BR,0,10,50,43,7,0.86,254.42
Merchant_C,Stripe,wallet,BR,0,11,53,49,4,0.9245,282.96
Merchant_C,Stripe,wallet,BR,0,12,77,73,4,0.9481,294.55
Merchant_C,Stripe,wallet,BR,0,13,51,46,5,0.902,281.99
Merchant_C,Stripe,wallet,BR,0,14,54,51,3,0.9444,256.43
Merchant_C,Stripe,wallet,BR,0,15,63,60,3,0.9524,283.69
Merchant_C,Stripe,wallet,BR,0,16,37,34,3,0.9189,272.04
Merchant_C,Stripe,wallet,BR,0,17,48,43,5,0.8958,273.85
Merchant_C,Stripe,wallet,BR,0,18,39,36,3,0.9231,286.89
Merchant_C,Stripe,wallet,BR,0,19,34,32,2,0.9412,298.14
Merchant_C,Stripe,wallet,BR,0,20,20,18,2,0.9,268.15
Merchant_C,Stripe,wallet,BR,0,21,16,16,0,1.0,316.19
Merchant_C,Stripe,wallet,BR,0,22,11,11,0,1.0,303.51
Merchant_C,Stripe,wallet,BR,0,23,3,2,1,0.6667,231.55
Merchant_C,Stripe,wallet,BR,1,0,2,2,0,1.0,206.14
Merchant_C,Stripe,wallet,BR,1,1,2,2,0,1.0,338.71
Merchant_C,Stripe,wallet,BR,1,2,3,3,0,1.0,275.59
Merchant_C,Stripe,wallet,BR,1,3,3,2,1,0.6667,284.14
Merchant_C,Stripe,wallet,BR,1,4,1,1,0,1.0,28.0
Merchant_C,Stripe,wallet,BR,1,5,3,2,1,0.6667,265.9
Merchant_C,Stripe,wallet,BR,1,6,10,10,0,1.0,319.85
Merchant_C,Stripe,wallet,BR,1,7,24,21,3,0.875,303.78
Merchant_C,Stripe,wallet,BR,1,8,32,32,0,1.0,278.26
Merchant_C,Stripe,wallet,BR,1,9,46,44,2,0.9565,291.04
Merchant_C,Stripe,wallet,BR,1,10,80,72,8,0.9,282.91
Merchant_C,Stripe,wallet,BR,1,11,60,56,4,0.9333,262.38
Merchant_C,Stripe,wallet,BR,1,12,85,80,5,0.9412,306.63
Merchant_C,Stripe,wallet,BR,1,13,73,67,6,0.9178,309.25
Merchant_C,Stripe,wallet,BR,1,14,56,52,4,0.9286,305.22
Merchant_C,Stripe,wallet,BR,1,15,54,50,4,0.9259,286.69
Merchant_C,Stripe,wallet,BR,1,16,54,51,3,0.9444,288.54
Merchant_C,Stripe,wallet,BR,1,17,54,49,5,0.9074,281.13
Merchant_C,Stripe,wallet,BR,1,18,54,48,6,0.8889,311.75
Merchant_C,Stripe,wallet,BR,1,19,37,36,1,0.973,295.88
Merchant_C,Stripe,wallet,BR,1,20,38,34,4,0.8947,256.95
Merchant_C,Stripe,wallet,BR,1,21,16,14,2,0.875,207.96
Merchant_C,Stripe,wallet,BR,1,22,16,15,1,0.9375,292.68
Merchant_C,Stripe,wallet,BR,1,23,5,5,0,1.0,188.0
Merchant_C,Stripe,wallet,BR,2,0,8,7,1,0.875,235.68
Merchant_C,Stripe,wallet,BR,2,1,1,1,0,1.0,285.77
Merchant_C,Stripe,wallet,BR,2,2,4,4,0,1.0,237.56
Merchant_C,Stripe,wallet,BR,2,3,4,4,0,1.0,304.64
Merchant_C,Stripe,wallet,BR,2,4,3,3,0,1.0,321.74
Merchant_C,Stripe,wallet,BR,2,5,4,4,0,1.0,334.7
Merchant_C,Stripe,wallet,BR,2,6,20,19,1,0.95,287.92
Merchant_C,Stripe,wallet,BR,2,7,22,19,3,0.8636,245.43
Merchant_C,Stripe,wallet,BR,2,8,34,33,1,0.9706,249.55
Merchant_C,Stripe,wallet,BR,2,9,57,53,4,0.9298,281.19
Merchant_C,Stripe,wallet,BR,2,10,54,47,7,0.8704,314.57
Merchant_C,Stripe,wallet,BR,2,11,72,63,9,0.875,302.43
Merchant_C,Stripe,wallet,BR,2,12,72,65,7,0.9028,300.55
Merchant_C,Stripe,wallet,BR,2,13,76,69,7,0.9079,296.1
Merchant_C,Stripe,wallet,BR,2,14,72,69,3,0.9583,275.56
Merchant_C,Stripe,wallet,BR,2,15,47,44,3,0.9362,313.58
Merchant_C,Stripe,wallet,BR,2,16,55,50,5,0.9091,294.37
Merchant_C,Stripe,wallet,BR,2,17,63,59,4,0.9365,274.06
Merchant_C,Stripe,wallet,BR,2,18,57,53,4,0.9298,314.62
Merchant_C,Stripe,wallet,BR,2,19,45,44,1,0.9778,313.41
Merchant_C,Stripe,wallet,BR,2,20,33,31,2,0.9394,277.62
Merchant_C,Stripe,wallet,BR,2,21,14,13,1,0.9286,286.8
Merchant_C,Stripe,wallet,BR,2,22,14,13,1,0.9286,262.84
Merchant_C,Stripe,wallet,BR,2,23,10,9,1,0.9,296.59
Merchant_C,Stripe,wallet,BR,3,0,4,4,0,1.0,240.0
Merchant_C,Stripe,wallet,BR,3,1,3,3,0,1.0,358.26
Merchant_C,Stripe,wallet,BR,3,2,5,3,2,0.6,328.21
Merchant_C,Stripe,wallet,BR,3,3,3,3,0,1.0,299.08
Merchant_C,Stripe,wallet,BR,3,4,3,3,0,1.0,462.2
Merchant_C,Stripe,wallet,BR,3,5,5,4,1,0.8,231.4
Merchant_C,Stripe,wallet,BR,3,6,10,6,4,0.6,232.41
Merchant_C,Stripe,wallet,BR,3,7,25,23,2,0.92,289.1
Merchant_C,Stripe,wallet,BR,3,8,48,46,2,0.9583,270.28
Merchant_C,Stripe,wallet,BR,3,9,61,53,8,0.8689,252.6
Merchant_C,Stripe,wallet,BR,3,10,73,63,10,0.863,268.97
Merchant_C,Stripe,wallet,BR,3,11,75,67,8,0.8933,269.78
Merchant_C,Stripe,wallet,BR,3,12,72,67,5,0.9306,297.2
Merchant_C,Stripe,wallet,BR,3,13,58,49,9,0.8448,285.84
Merchant_C,Stripe,wallet,BR,3,14,61,56,5,0.918,278.59
Merchant_C,Stripe,wallet,BR,3,15,57,52,5,0.9123,259.95
Merchant_C,Stripe,wallet,BR,3,16,51,47,4,0.9216,279.83
Merchant_C,Stripe,wallet,BR,3,17,49,45,4,0.9184,265.29
Merchant_C,Stripe,wallet,BR,3,18,45,42,3,0.9333,281.92
Merchant_C,Stripe,wallet,BR,3,19,46,40,6,0.8696,278.81
Merchant_C,Stripe,wallet,BR,3,20,34,31,3,0.9118,248.75
Merchant_C,Stripe,wallet,BR,3,21,17,16,1,0.9412,253.52
Merchant_C,Stripe,wallet,BR,3,22,18,17,1,0.9444,263.37
Merchant_C,Stripe,wallet,BR,3,23,1,1,0,1.0,192.92
Merchant_C,Stripe,wallet,BR,4,0,7,6,1,0.8571,234.2
Merchant_C,Stripe,wallet,BR,4,1,5,5,0,1.0,176.47
Merchant_C,Stripe,wallet,BR,4,2,5,5,0,1.0,311.83
Merchant_C,Stripe,wallet,BR,4,3,3,3,0,1.0,330.5
Merchant_C,Stripe,wallet,BR,4,4,1,1,0,1.0,262.35
Merchant_C,Stripe,wallet,BR,4,5,10,8,2,0.8,307.8
Merchant_C,Stripe,wallet,BR,4,6,9,7,2,0.7778,327.43
Merchant_C,Stripe,wallet,BR,4,7,26,25,1,0.9615,291.4
Merchant_C,Stripe,wallet,BR,4,8,43,39,4,0.907,261.82
Merchant_C,Stripe,wallet,BR,4,9,59,57,2,0.9661,267.27
Merchant_C,Stripe,wallet,BR,4,10,63,55,8,0.873,293.99
Merchant_C,Stripe,wallet,BR,4,11,57,51,6,0.8947,265.94
Merchant_C,Stripe,wallet,BR,4,12,75,71,4,0.9467,263.77
Merchant_C,Stripe,wallet,BR,4,13,54,49,5,0.9074,255.28
Merchant_C,Stripe,wallet,BR,4,14,66,61,5,0.9242,276.34
Merchant_C,Stripe,wallet,BR,4,15,62,56,6,0.9032,270.75
Merchant_C,Stripe,wallet,BR,4,16,63,57,6,0.9048,248.6
Merchant_C,Stripe,wallet,BR,4,17,65,57,8,0.8769,302.74
Merchant_C,Stripe,wallet,BR,4,18,45,41,4,0.9111,290.64
Merchant_C,Stripe,wallet,BR,4,19,41,37,4,0.9024,274.33
Merchant_C,Stripe,wallet,BR,4,20,27,27,0,1.0,283.83
Merchant_C,Stripe,wallet,BR,4,21,14,13,1,0.9286,303.87
Merchant_C,Stripe,wallet,BR,4,22,11,10,1,0.9091,243.57
Merchant_C,Stripe,wallet,BR,4,23,7,7,0,1.0,405.78
Merchant_C,Stripe,wallet,BR,5,0,3,3,0,1.0,252.1
Merchant_C,Stripe,wallet,BR,5,1,4,3,1,0.75,289.81
Merchant_C,Stripe,wallet,BR,5,2,3,3,0,1.0,291.65
Merchant_C,Stripe,wallet,BR,5,3,1,1,0,1.0,167.13
Merchant_C,Stripe,wallet,BR,5,4,2,2,0,1.0,131.37
Merchant_C,Stripe,wallet,BR,5,5,5,5,0,1.0,236.86
Merchant_C,Stripe,wallet,BR,5,6,15,14,1,0.9333,293.59
Merchant_C,Stripe,wallet,BR,5,7,30,27,3,0.9,284.17
Merchant_C,Stripe,wallet,BR,5,8,43,43,0,1.0,283.3
Merchant_C,Stripe,wallet,BR,5,9,46,43,3,0.9348,310.33
Merchant_C,Stripe,wallet,BR,5,10,138,129,9,0.9348,275.35
Merchant_C,Stripe,wallet,BR,5,11,56,52,4,0.9286,315.74
Merchant_C,Stripe,wallet,BR,5,12,75,70,5,0.9333,270.72
Merchant_C,Stripe,wallet,BR,5,13,75,67,8,0.8933,280.43
Merchant_C,Stripe,wallet,BR,5,14,47,41,6,0.8723,238.87
Merchant_C,Stripe,wallet,BR,5,15,57,56,1,0.9825,243.72
Merchant_C,Stripe,wallet,BR,5,16,45,42,3,0.9333,271.28
Merchant_C,Stripe,wallet,BR,5,17,48,44,4,0.9167,283.57
Merchant_C,Stripe,wallet,BR,5,18,34,32,2,0.9412,290.91
Merchant_C,Stripe,wallet,BR,5,19,37,31,6,0.8378,275.95
Merchant_C,Stripe,wallet,BR,5,20,30,29,1,0.9667,269.74
Merchant_C,Stripe,wallet,BR,5,21,10,10,0,1.0,290.43
Merchant_C,Stripe,wallet,BR,5,22,11,11,0,1.0,332.61
Merchant_C,Stripe,wallet,BR,5,23,5,5,0,1.0,252.89
Merchant_C,Stripe,wallet,BR,6,0,2,2,0,1.0,333.5
Merchant_C,Stripe,wallet,BR,6,1,4,4,0,1.0,159.58
Merchant_C,Stripe,wallet,BR,6,2,3,3,0,1.0,270.59
Merchant_C,Stripe,wallet,BR,6,3,2,2,0,1.0,306.96
Merchant_C,Stripe,wallet,BR,6,5,3,3,0,1.0,301.56
Merchant_C,Stripe,wallet,BR,6,6,13,12,1,0.9231,262.64
Merchant_C,Stripe,wallet,BR,6,7,24,18,6,0.75,311.18
Merchant_C,Stripe,wallet,BR,6,8,41,39,2,0.9512,291.79
Merchant_C,Stripe,wallet,BR,6,9,52,48,4,0.9231,267.96
Merchant_C,Stripe,wallet,BR,6,10,58,51,7,0.8793,278.6
Merchant_C,Stripe,wallet,BR,6,11,75,69,6,0.92,258.45
Merchant_C,Stripe,wallet,BR,6,12,49,46,3,0.9388,237.54
Merchant_C,Stripe,wallet,BR,6,13,52,48,4,0.9231,264.91
Merchant_C,Stripe,wallet,BR,6,14,58,54,4,0.931,291.4
Merchant_C,Stripe,wallet,BR,6,15,53,48,5,0.9057,282.11
Merchant_C,Stripe,wallet,BR,6,16,35,31,4,0.8857,254.28
Merchant_C,Stripe,wallet,BR,6,17,53,51,2,0.9623,298.23
Merchant_C,Stripe,wallet,BR,6,18,39,34,5,0.8718,296.36
Merchant_C,Stripe,wallet,BR,6,19,35,33,2,0.9429,282.68
Merchant_C,Stripe,wallet,BR,6,20,16,16,0,1.0,286.37
Merchant_C,Stripe,wallet,BR,6,21,25,23,2,0.92,283.67
Merchant_C,Stripe,wallet,BR,6,22,7,7,0,1.0,211.98
Merchant_C,Stripe,wallet,BR,6,23,12,11,1,0.9167,292.09
Merchant_C,Stripe,wallet,CO,0,0,9,9,0,1.0,120148.32
Merchant_C,Stripe,wallet,CO,0,1,6,5,1,0.8333,149815.98
Merchant_C,Stripe,wallet,CO,0,3,3,3,0,1.0,82430.79
Merchant_C,Stripe,wallet,CO,0,4,4,4,0,1.0,146256.73
Merchant_C,Stripe,wallet,CO,0,5,4,4,0,1.0,136868.73
Merchant_C,Stripe,wallet,CO,0,6,14,13,1,0.9286,105988.68
Merchant_C,Stripe,wallet,CO,0,7,32,25,7,0.7812,118536.27
Merchant_C,Stripe,wallet,CO,0,8,47,45,2,0.9574,138783.35
Merchant_C,Stripe,wallet,CO,0,9,51,46,5,0.902,124531.25
Merchant_C,Stripe,wallet,CO,0,10,62,60,2,0.9677,124334.59
Merchant_C,Stripe,wallet,CO,0,11,63,59,4,0.9365,122784.5
Merchant_C,Stripe,wallet,CO,0,12,61,55,6,0.9016,115002.33
Merchant_C,Stripe,wallet,CO,0,13,58,54,4,0.931,106603.38
Merchant_C,Stripe,wallet,CO,0,14,62,55,7,0.8871,129726.96
Merchant_C,Stripe,wallet,CO,0,15,48,45,3,0.9375,108568.54
Merchant_C,Stripe,wallet,CO,0,16,48,47,1,0.9792,126499.68
Merchant_C,Stripe,wallet,CO,0,17,37,36,1,0.973,118327.82
Merchant_C,Stripe,wallet,CO,0,18,38,35,3,0.9211,108087.77
Merchant_C,Stripe,wallet,CO,0,19,35,32,3,0.9143,122695.48
Merchant_C,Stripe,wallet,CO,0,20,27,25,2,0.9259,122489.42
Merchant_C,Stripe,wallet,CO,0,21,16,13,3,0.8125,120346.53
Merchant_C,Stripe,wallet,CO,0,22,8,7,1,0.875,145517.22
Merchant_C,Stripe,wallet,CO,0,23,4,4,0,1.0,170299.77
Merchant_C,Stripe,wallet,CO,1,0,9,8,1,0.8889,115109.41
Merchant_C,Stripe,wallet,CO,1,1,1,1,0,1.0,108037.09
Merchant_C,Stripe,wallet,CO,1,2,1,0,1,0.0,31110.23
Merchant_C,Stripe,wallet,CO,1,3,2,1,1,0.5,147861.72
Merchant_C,Stripe,wallet,CO,1,4,3,1,2,0.3333,155690.28
Merchant_C,Stripe,wallet,CO,1,5,3,2,1,0.6667,156366.62
Merchant_C,Stripe,wallet,CO,1,6,12,12,0,1.0,144580.79
Merchant_C,Stripe,wallet,CO,1,7,25,24,1,0.96,138703.96
Merchant_C,Stripe,wallet,CO,1,8,38,37,1,0.9737,131606.69
Merchant_C,Stripe,wallet,CO,1,9,48,43,5,0.8958,120400.74
Merchant_C,Stripe,wallet,CO,1,10,84,77,7,0.9167,115931.4
Merchant_C,Stripe,wallet,CO,1,11,72,69,3,0.9583,121273.19
Merchant_C,Stripe,wallet,CO,1,12,89,77,12,0.8652,117195.04
Merchant_C,Stripe,wallet,CO,1,13,51,47,4,0.9216,144856.81
Merchant_C,Stripe,wallet,CO,1,14,70,60,10,0.8571,113954.04
Merchant_C,Stripe,wallet,CO,1,15,75,70,5,0.9333,115660.82
Merchant_C,Stripe,wallet,CO,1,16,49,48,1,0.9796,139124.71
Merchant_C,Stripe,wallet,CO,1,17,59,56,3,0.9492,125000.93
Merchant_C,Stripe,wallet,CO,1,18,43,43,0,1.0,133793.07
Merchant_C,Stripe,wallet,CO,1,19,34,30,4,0.8824,131681.62
Merchant_C,Stripe,wallet,CO,1,20,29,25,4,0.8621,143043.67
Merchant_C,Stripe,wallet,CO,1,21,18,17,1,0.9444,115366.16
Merchant_C,Stripe,wallet,CO,1,22,9,8,1,0.8889,157501.42
Merchant_C,Stripe,wallet,CO,1,23,8,8,0,1.0,176657.38
Merchant_C,Stripe,wallet,CO,2,0,8,6,2,0.75,124328.04
Merchant_C,Stripe,wallet,CO,2,1,2,2,0,1.0,148038.56
Merchant_C,Stripe,wallet,CO,2,2,3,3,0,1.0,131840.39
Merchant_C,Stripe,wallet,CO,2,3,2,1,1,0.5,90540.54
Merchant_C,Stripe,wallet,CO,2,4,6,6,0,1.0,90048.12
Merchant_C,Stripe,wallet,CO,2,5,5,5,0,1.0,141217.36
Merchant_C,Stripe,wallet,CO,2,6,13,13,0,1.0,133113.46
Merchant_C,Stripe,wallet,CO,2,7,22,20,2,0.9091,115384.84
Merchant_C,Stripe,wallet,CO,2,8,51,48,3,0.9412,138156.06
Merchant_C,Stripe,wallet,CO,2,9,49,41,8,0.8367,122035.92
Merchant_C,Stripe,wallet,CO,2,10,61,57,4,0.9344,112943.93
Merchant_C,Stripe,wallet,CO,2,11,52,48,4,0.9231,115038.14
Merchant_C,Stripe,wallet,CO,2,12,80,70,10,0.875,114109.08
Merchant_C,Stripe,wallet,CO,2,13,75,70,5,0.9333,114174.26
Merchant_C,Stripe,wallet,CO,2,14,73,61,12,0.8356,107302.3
Merchant_C,Stripe,wallet,CO,2,15,60,54,6,0.9,118483.86
Merchant_C,Stripe,wallet,CO,2,16,58,57,1,0.9828,116992.24
Merchant_C,Stripe,wallet,CO,2,17,61,58,3,0.9508,119183.77
Merchant_C,Stripe,wallet,CO,2,18,55,51,4,0.9273,121893.33
Merchant_C,Stripe,wallet,CO,2,19,32,28,4,0.875,115399.39
Merchant_C,Stripe,wallet,CO,2,20,35,33,2,0.9429,98234.75
Merchant_C,Stripe,wallet,CO,2,21,14,14,0,1.0,130799.07
Merchant_C,Stripe,wallet,CO,2,22,11,11,0,1.0,108914.24
Merchant_C,Stripe,wallet,CO,2,23,7,7,0,1.0,171009.94
Merchant_C,Stripe,wallet,CO,3,0,10,9,1,0.9,139367.47
Merchant_C,Stripe,wallet,CO,3,1,1,1,0,1.0,205444.11
Merchant_C,Stripe,wallet,CO,3,2,4,4,0,1.0,91840.77
Merchant_C,Stripe,wallet,CO,3,3,5,5,0,1.0,124911.37
Merchant_C,Stripe,wallet,CO,3,4,3,3,0,1.0,98327.78
Merchant_C,Stripe,wallet,CO,3,5,2,2,0,1.0,30298.29
Merchant_C,Stripe,wallet,CO,3,6,16,15,1,0.9375,125903.31
Merchant_C,Stripe,wallet,CO,3,7,24,21,3,0.875,104951.37
Merchant_C,Stripe,wallet,CO,3,8,36,33,3,0.9167,119260.38
Merchant_C,Stripe,wallet,CO,3,9,60,59,1,0.9833,111389.31
Merchant_C,Stripe,wallet,CO,3,10,66,62,4,0.9394,108062.62
Merchant_C,Stripe,wallet,CO,3,11,80,71,9,0.8875,126572.78
Merchant_C,Stripe,wallet,CO,3,12,96,91,5,0.9479,128520.41
Merchant_C,Stripe,wallet,CO,3,13,70,66,4,0.9429,119550.25
Merchant_C,Stripe,wallet,CO,3,14,75,72,3,0.96,122509.85
Merchant_C,Stripe,wallet,CO,3,15,57,51,6,0.8947,119583.33
Merchant_C,Stripe,wallet,CO,3,16,63,59,4,0.9365,118651.08
Merchant_C,Stripe,wallet,CO,3,17,56,46,10,0.8214,131842.28
Merchant_C,Stripe,wallet,CO,3,18,41,39,2,0.9512,125928.75
Merchant_C,Stripe,wallet,CO,3,19,41,38,3,0.9268,133621.8
Merchant_C,Stripe,wallet,CO,3,20,32,29,3,0.9062,133810.65
Merchant_C,Stripe,wallet,CO,3,21,18,17,1,0.9444,116942.62
Merchant_C,Stripe,wallet,CO,3,22,10,10,0,1.0,156351.69
Merchant_C,Stripe,wallet,CO,3,23,4,4,0,1.0,96754.57
Merchant_C,Stripe,wallet,CO,4,0,7,6,1,0.8571,118082.59
Merchant_C,Stripe,wallet,CO,4,1,5,4,1,0.8,132525.77
Merchant_C,Stripe,wallet,CO,4,3,1,1,0,1.0,326887.32
Merchant_C,Stripe,wallet,CO,4,4,3,3,0,1.0,156518.35
Merchant_C,Stripe,wallet,CO,4,5,5,5,0,1.0,150366.68
Merchant_C,Stripe,wallet,CO,4,6,14,12,2,0.8571,116268.46
Merchant_C,Stripe,wallet,CO,4,7,36,29,7,0.8056,110140.93
Merchant_C,Stripe,wallet,CO,4,8,36,33,3,0.9167,119406.7
Merchant_C,Stripe,wallet,CO,4,9,63,57,6,0.9048,109087.72
Merchant_C,Stripe,wallet,CO,4,10,68,66,2,0.9706,125088.23
Merchant_C,Stripe,wallet,CO,4,11,64,54,10,0.8438,123592.79
Merchant_C,Stripe,wallet,CO,4,12,70,65,5,0.9286,125278.84
Merchant_C,Stripe,wallet,CO,4,13,73,70,3,0.9589,118318.47
Merchant_C,Stripe,wallet,CO,4,14,59,53,6,0.8983,120146.37
Merchant_C,Stripe,wallet,CO,4,15,52,47,5,0.9038,134630.22
Merchant_C,Stripe,wallet,CO,4,16,41,36,5,0.878,134526.13
Merchant_C,Stripe,wallet,CO,4,17,50,48,2,0.96,119612.91
Merchant_C,Stripe,wallet,CO,4,18,38,35,3,0.9211,120042.73
Merchant_C,Stripe,wallet,CO,4,19,42,38,4,0.9048,112566.75
Merchant_C,Stripe,wallet,CO,4,20,23,18,5,0.7826,124042.8
Merchant_C,Stripe,wallet,CO,4,21,15,14,1,0.9333,119730.48
Merchant_C,Stripe,wallet,CO,4,22,13,12,1,0.9231,126420.1
Merchant_C,Stripe,wallet,CO,4,23,9,8,1,0.8889,144488.9
Merchant_C,Stripe,wallet,CO,5,0,9,7,2,0.7778,107416.96
Merchant_C,Stripe,wallet,CO,5,1,5,4,1,0.8,96223.4
Merchant_C,Stripe,wallet,CO,5,2,5,5,0,1.0,129806.93
Merchant_C,Stripe,wallet,CO,5,3,1,1,0,1.0,167123.09
Merchant_C,Stripe,wallet,CO,5,4,1,1,0,1.0,220362.43
Merchant_C,Stripe,wallet,CO,5,5,7,7,0,1.0,76469.41
Merchant_C,Stripe,wallet,CO,5,6,19,17,2,0.8947,118517.61
Merchant_C,Stripe,wallet,CO,5,7,32,29,3,0.9062,129526.29
Merchant_C,Stripe,wallet,CO,5,8,51,47,4,0.9216,134453.56
Merchant_C,Stripe,wallet,CO,5,9,56,52,4,0.9286,120287.64
Merchant_C,Stripe,wallet,CO,5,10,139,122,17,0.8777,117247.79
Merchant_C,Stripe,wallet,CO,5,11,63,58,5,0.9206,128677.99
Merchant_C,Stripe,wallet,CO,5,12,55,49,6,0.8909,127214.24
Merchant_C,Stripe,wallet,CO,5,13,71,62,9,0.8732,107413.6
Merchant_C,Stripe,wallet,CO,5,14,42,37,5,0.881,115196.72
Merchant_C,Stripe,wallet,CO,5,15,57,53,4,0.9298,120170.84
Merchant_C,Stripe,wallet,CO,5,16,51,49,2,0.9608,116703.45
Merchant_C,Stripe,wallet,CO,5,17,44,41,3,0.9318,137298.85
Merchant_C,Stripe,wallet,CO,5,18,33,31,2,0.9394,113224.87
Merchant_C,Stripe,wallet,CO,5,19,49,41,8,0.8367,117651.72
Merchant_C,Stripe,wallet,CO,5,20,24,21,3,0.875,111149.67
Merchant_C,Stripe,wallet,CO,5,21,15,15,0,1.0,149435.92
Merchant_C,Stripe,wallet,CO,5,22,6,6,0,1.0,159086.57
Merchant_C,Stripe,wallet,CO,5,23,7,4,3,0.5714,86186.6
Merchant_C,Stripe,wallet,CO,6,0,7,6,1,0.8571,140602.48
Merchant_C,Stripe,wallet,CO,6,1,6,5,1,0.8333,113259.09
Merchant_C,Stripe,wallet,CO,6,2,3,3,0,1.0,130461.8
Merchant_C,Stripe,wallet,CO,6,3,2,2,0,1.0,165886.74
Merchant_C,Stripe,wallet,CO,6,4,1,1,0,1.0,151963.68
Merchant_C,Stripe,wallet,CO,6,5,5,5,0,1.0,118485.43
Merchant_C,Stripe,wallet,CO,6,6,7,7,0,1.0,150368.41
Merchant_C,Stripe,wallet,CO,6,7,22,22,0,1.0,126793.17
Merchant_C,Stripe,wallet,CO,6,8,41,39,2,0.9512,117837.33
Merchant_C,Stripe,wallet,CO,6,9,45,42,3,0.9333,128081.47
Merchant_C,Stripe,wallet,CO,6,10,50,46,4,0.92,118886.73
Merchant_C,Stripe,wallet,CO,6,11,63,55,8,0.873,123600.8
Merchant_C,Stripe,wallet,CO,6,12,77,73,4,0.9481,124813.35
Merchant_C,Stripe,wallet,CO,6,13,69,61,8,0.8841,129653.27
Merchant_C,Stripe,wallet,CO,6,14,40,39,1,0.975,131259.65
Merchant_C,Stripe,wallet,CO,6,15,65,60,5,0.9231,125391.27
Merchant_C,Stripe,wallet,CO,6,16,53,49,4,0.9245,123379.8
Merchant_C,Stripe,wallet,CO,6,17,40,34,6,0.85,129422.97
Merchant_C,Stripe,wallet,CO,6,18,40,33,7,0.825,143807.55
Merchant_C,Stripe,wallet,CO,6,19,35,35,0,1.0,123451.49
Merchant_C,Stripe,wallet,CO,6,20,28,26,2,0.9286,131043.15
Merchant_C,Stripe,wallet,CO,6,21,16,14,2,0.875,138449.87
Merchant_C,Stripe,wallet,CO,6,22,7,6,1,0.8571,134017.98
Merchant_C,Stripe,wallet,CO,6,23,4,4,0,1.0,162530.79
Merchant_C,Stripe,wallet,MX,0,0,4,4,0,1.0,851.66
Merchant_C,Stripe,wallet,MX,0,1,3,3,0,1.0,1105.4
Merchant_C,Stripe,wallet,MX,0,2,1,1,0,1.0,1261.69
Merchant_C,Stripe,wallet,MX,0,3,1,1,0,1.0,916.71
Merchant_C,Stripe,wallet,MX,0,4,3,3,0,1.0,1260.0
Merchant_C,Stripe,wallet,MX,0,5,2,2,0,1.0,1104.12
Merchant_C,Stripe,wallet,MX,0,6,14,13,1,0.9286,799.11
Merchant_C,Stripe,wallet,MX,0,7,18,17,1,0.9444,915.5
Merchant_C,Stripe,wallet,MX,0,8,35,32,3,0.9143,949.81
Merchant_C,Stripe,wallet,MX,0,9,45,41,4,0.9111,999.41
Merchant_C,Stripe,wallet,MX,0,10,58,52,6,0.8966,910.21
Merchant_C,Stripe,wallet,MX,0,11,69,64,5,0.9275,905.69
Merchant_C,Stripe,wallet,MX,0,12,63,55,8,0.873,860.07
Merchant_C,Stripe,wallet,MX,0,13,59,54,5,0.9153,927.79
Merchant_C,Stripe,wallet,MX,0,14,54,46,8,0.8519,845.64
Merchant_C,Stripe,wallet,MX,0,15,55,50,5,0.9091,933.52
Merchant_C,Stripe,wallet,MX,0,16,45,44,1,0.9778,962.07
Merchant_C,Stripe,wallet,MX,0,17,52,45,7,0.8654,821.71
Merchant_C,Stripe,wallet,MX,0,18,30,27,3,0.9,1134.5
Merchant_C,Stripe,wallet,MX,0,19,26,25,1,0.9615,730.12
Merchant_C,Stripe,wallet,MX,0,20,30,27,3,0.9,782.76
Merchant_C,Stripe,wallet,MX,0,21,12,12,0,1.0,1094.96
Merchant_C,Stripe,wallet,MX,0,22,12,11,1,0.9167,997.08
Merchant_C,Stripe,wallet,MX,0,23,8,8,0,1.0,1119.61
Merchant_C,Stripe,wallet,MX,1,0,9,9,0,1.0,907.62
Merchant_C,Stripe,wallet,MX,1,1,3,2,1,0.6667,1263.67
Merchant_C,Stripe,wallet,MX,1,2,2,1,1,0.5,1071.14
Merchant_C,Stripe,wallet,MX,1,3,2,2,0,1.0,1428.42
Merchant_C,Stripe,wallet,MX,1,4,3,2,1,0.6667,1208.14
Merchant_C,Stripe,wallet,MX,1,5,5,5,0,1.0,1133.6
Merchant_C,Stripe,wallet,MX,1,6,13,12,1,0.9231,778.56
Merchant_C,Stripe,wallet,MX,1,7,21,19,2,0.9048,965.48
Merchant_C,Stripe,wallet,MX,1,8,36,31,5,0.8611,869.2
Merchant_C,Stripe,wallet,MX,1,9,47,40,7,0.8511,899.75
Merchant_C,Stripe,wallet,MX,1,10,83,72,11,0.8675,894.44
Merchant_C,Stripe,wallet,MX,1,11,76,73,3,0.9605,839.4
Merchant_C,Stripe,wallet,MX,1,12,73,67,6,0.9178,870.89
Merchant_C,Stripe,wallet,MX,1,13,77,64,13,0.8312,944.92
Merchant_C,Stripe,wallet,MX,1,14,65,59,6,0.9077,977.02
Merchant_C,Stripe,wallet,MX,1,15,57,50,7,0.8772,928.87
Merchant_C,Stripe,wallet,MX,1,16,56,49,7,0.875,953.05
Merchant_C,Stripe,wallet,MX,1,17,64,59,5,0.9219,874.29
Merchant_C,Stripe,wallet,MX,1,18,43,38,5,0.8837,827.84
Merchant_C,Stripe,wallet,MX,1,19,35,33,2,0.9429,817.33
Merchant_C,Stripe,wallet,MX,1,20,32,30,2,0.9375,779.15
Merchant_C,Stripe,wallet,MX,1,21,11,9,2,0.8182,846.92
Merchant_C,Stripe,wallet,MX,1,22,15,14,1,0.9333,965.84
Merchant_C,Stripe,wallet,MX,1,23,8,8,0,1.0,1180.92
Merchant_C,Stripe,wallet,MX,2,0,3,3,0,1.0,1164.28
Merchant_C,Stripe,wallet,MX,2,1,2,2,0,1.0,1144.7
Merchant_C,Stripe,wallet,MX,2,2,3,3,0,1.0,819.97
Merchant_C,Stripe,wallet,MX,2,3,1,0,1,0.0,1451.31
Merchant_C,Stripe,wallet,MX,2,4,7,7,0,1.0,776.12
Merchant_C,Stripe,wallet,MX,2,5,5,5,0,1.0,958.75
Merchant_C,Stripe,wallet,MX,2,6,15,14,1,0.9333,850.04
Merchant_C,Stripe,wallet,MX,2,7,26,22,4,0.8462,858.82
Merchant_C,Stripe,wallet,MX,2,8,31,28,3,0.9032,739.76
Merchant_C,Stripe,wallet,MX,2,9,55,53,2,0.9636,934.9
Merchant_C,Stripe,wallet,MX,2,10,60,58,2,0.9667,743.0
Merchant_C,Stripe,wallet,MX,2,11,73,67,6,0.9178,989.39
Merchant_C,Stripe,wallet,MX,2,12,73,68,5,0.9315,927.49
Merchant_C,Stripe,wallet,MX,2,13,79,70,9,0.8861,837.2
Merchant_C,Stripe,wallet,MX,2,14,54,48,6,0.8889,945.14
Merchant_C,Stripe,wallet,MX,2,15,52,48,4,0.9231,932.6
Merchant_C,Stripe,wallet,MX,2,16,47,41,6,0.8723,894.48
Merchant_C,Stripe,wallet,MX,2,17,54,50,4,0.9259,875.89
Merchant_C,Stripe,wallet,MX,2,18,49,48,1,0.9796,785.72
Merchant_C,Stripe,wallet,MX,2,19,41,38,3,0.9268,976.96
Merchant_C,Stripe,wallet,MX,2,20,24,23,1,0.9583,926.09
Merchant_C,Stripe,wallet,MX,2,21,16,14,2,0.875,812.3
Merchant_C,Stripe,wallet,MX,2,22,12,12,0,1.0,964.66
Merchant_C,Stripe,wallet,MX,2,23,9,9,0,1.0,738.0
Merchant_C,Stripe,wallet,MX,3,0,2,2,0,1.0,391.44
Merchant_C,Stripe,wallet,MX,3,1,2,1,1,0.5,852.97
Merchant_C,Stripe,wallet,MX,3,2,1,1,0,1.0,1120.81
Merchant_C,Stripe,wallet,MX,3,3,4,4,0,1.0,1078.57
Merchant_C,Stripe,wallet,MX,3,4,2,1,1,0.5,1376.33
Merchant_C,Stripe,wallet,MX,3,5,5,5,0,1.0,833.25
Merchant_C,Stripe,wallet,MX,3,6,10,9,1,0.9,1080.71
Merchant_C,Stripe,wallet,MX,3,7,24,22,2,0.9167,1015.91
Merchant_C,Stripe,wallet,MX,3,8,34,33,1,0.9706,1025.31
Merchant_C,Stripe,wallet,MX,3,9,66,61,5,0.9242,793.94
Merchant_C,Stripe,wallet,MX,3,10,61,53,8,0.8689,821.34
Merchant_C,Stripe,wallet,MX,3,11,62,58,4,0.9355,860.08
Merchant_C,Stripe,wallet,MX,3,12,84,78,6,0.9286,911.47
Merchant_C,Stripe,wallet,MX,3,13,77,71,6,0.9221,949.02
Merchant_C,Stripe,wallet,MX,3,14,54,51,3,0.9444,868.74
Merchant_C,Stripe,wallet,MX,3,15,58,50,8,0.8621,929.27
Merchant_C,Stripe,wallet,MX,3,16,67,61,6,0.9104,874.02
Merchant_C,Stripe,wallet,MX,3,17,63,56,7,0.8889,938.15
Merchant_C,Stripe,wallet,MX,3,18,61,54,7,0.8852,868.63
Merchant_C,Stripe,wallet,MX,3,19,45,42,3,0.9333,741.67
Merchant_C,Stripe,wallet,MX,3,20,23,20,3,0.8696,722.76
Merchant_C,Stripe,wallet,MX,3,21,7,6,1,0.8571,932.33
Merchant_C,Stripe,wallet,MX,3,22,12,8,4,0.6667,678.2
Merchant_C,Stripe,wallet,MX,3,23,4,3,1,0.75,960.12
Merchant_C,Stripe,wallet,MX,4,0,6,6,0,1.0,1076.78
Merchant_C,Stripe,wallet,MX,4,1,2,2,0,1.0,1043.36
Merchant_C,Stripe,wallet,MX,4,2,5,5,0,1.0,933.51
Merchant_C,Stripe,wallet,MX,4,3,1,1,0,1.0,420.89
Merchant_C,Stripe,wallet,MX,4,4,4,4,0,1.0,880.82
Merchant_C,Stripe,wallet,MX,4,5,7,7,0,1.0,777.33
Merchant_C,Stripe,wallet,MX,4,6,15,15,0,1.0,782.99
Merchant_C,Stripe,wallet,MX,4,7,30,29,1,0.9667,977.13
Merchant_C,Stripe,wallet,MX,4,8,49,45,4,0.9184,845.72
Merchant_C,Stripe,wallet,MX,4,9,63,57,6,0.9048,964.18
Merchant_C,Stripe,wallet,MX,4,10,64,60,4,0.9375,803.04
Merchant_C,Stripe,wallet,MX,4,11,66,64,2,0.9697,1037.93
Merchant_C,Stripe,wallet,MX,4,12,60,56,4,0.9333,843.87
Merchant_C,Stripe,wallet,MX,4,13,59,54,5,0.9153,894.35
Merchant_C,Stripe,wallet,MX,4,14,57,55,2,0.9649,980.39
Merchant_C,Stripe,wallet,MX,4,15,67,61,6,0.9104,945.53
Merchant_C,Stripe,wallet,MX,4,16,54,49,5,0.9074,816.07
Merchant_C,Stripe,wallet,MX,4,17,40,38,2,0.95,926.95
Merchant_C,Stripe,wallet,MX,4,18,61,51,10,0.8361,922.77
Merchant_C,Stripe,wallet,MX,4,19,31,29,2,0.9355,1101.0
Merchant_C,Stripe,wallet,MX,4,20,33,28,5,0.8485,750.04
Merchant_C,Stripe,wallet,MX,4,21,22,20,2,0.9091,903.66
Merchant_C,Stripe,wallet,MX,4,22,14,13,1,0.9286,809.0
Merchant_C,Stripe,wallet,MX,4,23,5,3,2,0.6,1045.75
Merchant_C,Stripe,wallet,MX,5,0,3,3,0,1.0,868.08
Merchant_C,Stripe,wallet,MX,5,1,1,1,0,1.0,793.87
Merchant_C,Stripe,wallet,MX,5,2,5,5,0,1.0,960.91
Merchant_C,Stripe,wallet,MX,5,3,1,1,0,1.0,556.82
Merchant_C,Stripe,wallet,MX,5,4,3,2,1,0.6667,263.78
Merchant_C,Stripe,wallet,MX,5,5,5,5,0,1.0,1148.81
Merchant_C,Stripe,wallet,MX,5,6,10,9,1,0.9,1018.66
Merchant_C,Stripe,wallet,MX,5,7,21,20,1,0.9524,860.43
Merchant_C,Stripe,wallet,MX,5,8,39,37,2,0.9487,972.79
Merchant_C,Stripe,wallet,MX,5,9,60,54,6,0.9,962.11
Merchant_C,Stripe,wallet,MX,5,10,121,113,8,0.9339,836.5
Merchant_C,Stripe,wallet,MX,5,11,59,51,8,0.8644,1015.93
Merchant_C,Stripe,wallet,MX,5,12,74,70,4,0.9459,859.43
Merchant_C,Stripe,wallet,MX,5,13,73,69,4,0.9452,885.19
Merchant_C,Stripe,wallet,MX,5,14,65,59,6,0.9077,941.89
Merchant_C,Stripe,wallet,MX,5,15,54,52,2,0.963,830.27
Merchant_C,Stripe,wallet,MX,5,16,55,52,3,0.9455,820.45
Merchant_C,Stripe,wallet,MX,5,17,56,50,6,0.8929,939.38
Merchant_C,Stripe,wallet,MX,5,18,41,40,1,0.9756,910.66
Merchant_C,Stripe,wallet,MX,5,19,37,36,1,0.973,863.87
Merchant_C,Stripe,wallet,MX,5,20,24,22,2,0.9167,870.25
Merchant_C,Stripe,wallet,MX,5,21,22,20,2,0.9091,954.57
Merchant_C,Stripe,wallet,MX,5,22,7,7,0,1.0,762.33
Merchant_C,Stripe,wallet,MX,5,23,8,8,0,1.0,660.27
Merchant_C,Stripe,wallet,MX,6,0,7,4,3,0.5714,610.14
Merchant_C,Stripe,wallet,MX,6,1,2,2,0,1.0,1010.3
Merchant_C,Stripe,wallet,MX,6,2,1,1,0,1.0,603.56
Merchant_C,Stripe,wallet,MX,6,3,3,3,0,1.0,1094.09
Merchant_C,Stripe,wallet,MX,6,4,1,1,0,1.0,1227.9
Merchant_C,Stripe,wallet,MX,6,5,8,7,1,0.875,884.08
Merchant_C,Stripe,wallet,MX,6,6,14,11,3,0.7857,1061.23
Merchant_C,Stripe,wallet,MX,6,7,27,25,2,0.9259,892.15
Merchant_C,Stripe,wallet,MX,6,8,39,37,2,0.9487,913.34
Merchant_C,Stripe,wallet,MX,6,9,54,47,7,0.8704,1015.59
Merchant_C,Stripe,wallet,MX,6,10,49,45,4,0.9184,900.52
Merchant_C,Stripe,wallet,MX,6,11,61,56,5,0.918,885.7
Merchant_C,Stripe,wallet,MX,6,12,64,61,3,0.9531,845.43
Merchant_C,Stripe,wallet,MX,6,13,65,63,2,0.9692,988.44
Merchant_C,Stripe,wallet,MX,6,14,75,68,7,0.9067,934.62
Merchant_C,Stripe,wallet,MX,6,15,56,53,3,0.9464,856.09
Merchant_C,Stripe,wallet,MX,6,16,54,53,1,0.9815,875.44
Merchant_C,Stripe,wallet,MX,6,17,57,52,5,0.9123,986.15
Merchant_C,Stripe,wallet,MX,6,18,44,41,3,0.9318,792.42
Merchant_C,Stripe,wallet,MX,6,19,38,34,4,0.8947,832.01
Merchant_C,Stripe,wallet,MX,6,20,24,22,2,0.9167,997.96
Merchant_C,Stripe,wallet,MX,6,21,17,16,1,0.9412,995.65
Merchant_C,Stripe,wallet,MX,6,22,9,8,1,0.8889,956.13
Merchant_C,Stripe,wallet,MX,6,23,11,11,0,1.0,896.36
Merchant_C,dLocal,PIX,BR,0,0,6,5,1,0.8333,254.44
Merchant_C,dLocal,PIX,BR,0,1,3,2,1,0.6667,225.58
Merchant_C,dLocal,PIX,BR,0,2,2,2,0,1.0,384.08
Merchant_C,dLocal,PIX,BR,0,4,5,5,0,1.0,248.05
Merchant_C,dLocal,PIX,BR,0,5,2,2,0,1.0,183.38
Merchant_C,dLocal,PIX,BR,0,6,8,8,0,1.0,251.1
Merchant_C,dLocal,PIX,BR,0,7,20,18,2,0.9,265.48
Merchant_C,dLocal,PIX,BR,0,8,36,35,1,0.9722,314.25
Merchant_C,dLocal,PIX,BR,0,9,58,57,1,0.9828,302.86
Merchant_C,dLocal,PIX,BR,0,10,51,48,3,0.9412,276.93
Merchant_C,dLocal,PIX,BR,0,11,58,52,6,0.8966,274.78
Merchant_C,dLocal,PIX,BR,0,12,63,60,3,0.9524,276.47
Merchant_C,dLocal,PIX,BR,0,13,66,63,3,0.9545,265.65
Merchant_C,dLocal,PIX,BR,0,14,58,53,5,0.9138,307.33
Merchant_C,dLocal,PIX,BR,0,15,57,56,1,0.9825,293.25
Merchant_C,dLocal,PIX,BR,0,16,56,56,0,1.0,295.66
Merchant_C,dLocal,PIX,BR,0,17,44,41,3,0.9318,290.92
Merchant_C,dLocal,PIX,BR,0,18,36,35,1,0.9722,294.36
Merchant_C,dLocal,PIX,BR,0,19,37,35,2,0.9459,249.76
Merchant_C,dLocal,PIX,BR,0,20,24,22,2,0.9167,278.54
Merchant_C,dLocal,PIX,BR,0,21,20,19,1,0.95,252.26
Merchant_C,dLocal,PIX,BR,0,22,9,9,0,1.0,363.52
Merchant_C,dLocal,PIX,BR,0,23,5,5,0,1.0,269.63
Merchant_C,dLocal,PIX,BR,1,0,6,6,0,1.0,401.62
Merchant_C,dLocal,PIX,BR,1,1,6,6,0,1.0,236.98
Merchant_C,dLocal,PIX,BR,1,2,3,3,0,1.0,104.34
Merchant_C,dLocal,PIX,BR,1,3,3,3,0,1.0,197.26
Merchant_C,dLocal,PIX,BR,1,4,2,2,0,1.0,61.66
Merchant_C,dLocal,PIX,BR,1,5,10,8,2,0.8,296.41
Merchant_C,dLocal,PIX,BR,1,6,15,15,0,1.0,194.59
Merchant_C,dLocal,PIX,BR,1,7,21,19,2,0.9048,241.37
Merchant_C,dLocal,PIX,BR,1,8,42,41,1,0.9762,264.48
Merchant_C,dLocal,PIX,BR,1,9,39,37,2,0.9487,289.5
Merchant_C,dLocal,PIX,BR,1,10,98,96,2,0.9796,272.14
Merchant_C,dLocal,PIX,BR,1,11,82,78,4,0.9512,265.86
Merchant_C,dLocal,PIX,BR,1,12,77,73,4,0.9481,278.31
Merchant_C,dLocal,PIX,BR,1,13,58,57,1,0.9828,301.79
Merchant_C,dLocal,PIX,BR,1,14,62,58,4,0.9355,253.95
Merchant_C,dLocal,PIX,BR,1,15,73,69,4,0.9452,269.82
Merchant_C,dLocal,PIX,BR,1,16,61,58,3,0.9508,263.03
Merchant_C,dLocal,PIX,BR,1,17,52,51,1,0.9808,257.5
Merchant_C,dLocal,PIX,BR,1,18,55,51,4,0.9273,253.93
Merchant_C,dLocal,PIX,BR,1,19,40,39,1,0.975,279.41
Merchant_C,dLocal,PIX,BR,1,20,29,29,0,1.0,320.82
Merchant_C,dLocal,PIX,BR,1,21,17,14,3,0.8235,312.39
Merchant_C,dLocal,PIX,BR,1,22,10,9,1,0.9,227.89
Merchant_C,dLocal,PIX,BR,1,23,7,7,0,1.0,284.66
Merchant_C,dLocal,PIX,BR,2,0,1,1,0,1.0,382.19
Merchant_C,dLocal,PIX,BR,2,1,2,2,0,1.0,455.54
Merchant_C,dLocal,PIX,BR,2,2,1,1,0,1.0,427.46
Merchant_C,dLocal,PIX,BR,2,4,1,1,0,1.0,448.3
Merchant_C,dLocal,PIX,BR,2,5,3,3,0,1.0,252.65
Merchant_C,dLocal,PIX,BR,2,6,18,18,0,1.0,221.14
Merchant_C,dLocal,PIX,BR,2,7,32,28,4,0.875,252.09
Merchant_C,dLocal,PIX,BR,2,8,45,43,2,0.9556,309.57
Merchant_C,dLocal,PIX,BR,2,9,45,43,2,0.9556,315.02
Merchant_C,dLocal,PIX,BR,2,10,42,35,7,0.8333,314.8
Merchant_C,dLocal,PIX,BR,2,11,67,66,1,0.9851,305.89
Merchant_C,dLocal,PIX,BR,2,12,76,74,2,0.9737,287.15
Merchant_C,dLocal,PIX,BR,2,13,64,63,1,0.9844,284.65
Merchant_C,dLocal,PIX,BR,2,14,67,63,4,0.9403,284.05
Merchant_C,dLocal,PIX,BR,2,15,58,58,0,1.0,305.15
Merchant_C,dLocal,PIX,BR,2,16,46,46,0,1.0,245.73
Merchant_C,dLocal,PIX,BR,2,17,53,52,1,0.9811,241.65
Merchant_C,dLocal,PIX,BR,2,18,66,65,1,0.9848,294.41
Merchant_C,dLocal,PIX,BR,2,19,38,34,4,0.8947,231.76
Merchant_C,dLocal,PIX,BR,2,20,22,22,0,1.0,253.96
Merchant_C,dLocal,PIX,BR,2,21,14,13,1,0.9286,340.73
Merchant_C,dLocal,PIX,BR,2,22,9,8,1,0.8889,266.05
Merchant_C,dLocal,PIX,BR,2,23,8,8,0,1.0,319.0
Merchant_C,dLocal,PIX,BR,3,0,6,6,0,1.0,238.57
Merchant_C,dLocal,PIX,BR,3,1,1,1,0,1.0,252.77
Merchant_C,dLocal,PIX,BR,3,2,8,8,0,1.0,276.68
Merchant_C,dLocal,PIX,BR,3,3,4,4,0,1.0,219.45
Merchant_C,dLocal,PIX,BR,3,4,2,2,0,1.0,487.72
Merchant_C,dLocal,PIX,BR,3,5,10,7,3,0.7,280.31
Merchant_C,dLocal,PIX,BR,3,6,13,11,2,0.8462,294.54
Merchant_C,dLocal,PIX,BR,3,7,28,26,2,0.9286,278.57
Merchant_C,dLocal,PIX,BR,3,8,24,22,2,0.9167,296.05
Merchant_C,dLocal,PIX,BR,3,9,60,57,3,0.95,244.99
Merchant_C,dLocal,PIX,BR,3,10,77,72,5,0.9351,297.83
Merchant_C,dLocal,PIX,BR,3,11,66,62,4,0.9394,255.83
Merchant_C,dLocal,PIX,BR,3,12,79,75,4,0.9494,258.74
Merchant_C,dLocal,PIX,BR,3,13,65,61,4,0.9385,265.69
Merchant_C,dLocal,PIX,BR,3,14,55,55,0,1.0,247.52
Merchant_C,dLocal,PIX,BR,3,15,43,40,3,0.9302,305.91
Merchant_C,dLocal,PIX,BR,3,16,75,72,3,0.96,266.7
Merchant_C,dLocal,PIX,BR,3,17,65,65,0,1.0,313.63
Merchant_C,dLocal,PIX,BR,3,18,43,41,2,0.9535,267.6
Merchant_C,dLocal,PIX,BR,3,19,35,31,4,0.8857,253.6
Merchant_C,dLocal,PIX,BR,3,20,34,32,2,0.9412,342.87
Merchant_C,dLocal,PIX,BR,3,21,24,23,1,0.9583,284.82
Merchant_C,dLocal,PIX,BR,3,22,16,15,1,0.9375,273.69
Merchant_C,dLocal,PIX,BR,3,23,4,4,0,1.0,334.47
Merchant_C,dLocal,PIX,BR,4,0,11,11,0,1.0,315.26
Merchant_C,dLocal,PIX,BR,4,1,6,6,0,1.0,225.81
Merchant_C,dLocal,PIX,BR,4,2,2,1,1,0.5,262.21
Merchant_C,dLocal,PIX,BR,4,3,2,2,0,1.0,331.6
Merchant_C,dLocal,PIX,BR,4,4,3,1,2,0.3333,378.11
Merchant_C,dLocal,PIX,BR,4,5,4,4,0,1.0,272.96
Merchant_C,dLocal,PIX,BR,4,6,17,16,1,0.9412,280.08
Merchant_C,dLocal,PIX,BR,4,7,26,25,1,0.9615,264.5
Merchant_C,dLocal,PIX,BR,4,8,43,41,2,0.9535,257.73
Merchant_C,dLocal,PIX,BR,4,9,49,45,4,0.9184,305.8
Merchant_C,dLocal,PIX,BR,4,10,49,48,1,0.9796,304.63
Merchant_C,dLocal,PIX,BR,4,11,68,61,7,0.8971,267.69
Merchant_C,dLocal,PIX,BR,4,12,70,67,3,0.9571,277.42
Merchant_C,dLocal,PIX,BR,4,13,80,76,4,0.95,283.74
Merchant_C,dLocal,PIX,BR,4,14,55,50,5,0.9091,265.0
Merchant_C,dLocal,PIX,BR,4,15,61,58,3,0.9508,270.44
Merchant_C,dLocal,PIX,BR,4,16,58,58,0,1.0,263.61
Merchant_C,dLocal,PIX,BR,4,17,63,61,2,0.9683,288.19
Merchant_C,dLocal,PIX,BR,4,18,46,46,0,1.0,283.66
Merchant_C,dLocal,PIX,BR,4,19,59,56,3,0.9492,289.16
Merchant_C,dLocal,PIX,BR,4,20,29,27,2,0.931,307.19
Merchant_C,dLocal,PIX,BR,4,21,18,17,1,0.9444,240.5
Merchant_C,dLocal,PIX,BR,4,22,13,12,1,0.9231,303.43
Merchant_C,dLocal,PIX,BR,4,23,8,8,0,1.0,334.3
Merchant_C,dLocal,PIX,BR,5,0,13,13,0,1.0,326.71
Merchant_C,dLocal,PIX,BR,5,1,6,6,0,1.0,231.69
Merchant_C,dLocal,PIX,BR,5,2,1,1,0,1.0,205.82
Merchant_C,dLocal,PIX,BR,5,3,3,3,0,1.0,338.97
Merchant_C,dLocal,PIX,BR,5,4,3,3,0,1.0,304.06
Merchant_C,dLocal,PIX,BR,5,5,6,6,0,1.0,253.03
Merchant_C,dLocal,PIX,BR,5,6,16,16,0,1.0,204.44
Merchant_C,dLocal,PIX,BR,5,7,24,24,0,1.0,250.59
Merchant_C,dLocal,PIX,BR,5,8,38,36,2,0.9474,309.07
Merchant_C,dLocal,PIX,BR,5,9,50,47,3,0.94,305.09
Merchant_C,dLocal,PIX,BR,5,10,109,103,6,0.945,285.98
Merchant_C,dLocal,PIX,BR,5,11,59,58,1,0.9831,285.04
Merchant_C,dLocal,PIX,BR,5,12,65,62,3,0.9538,255.11
Merchant_C,dLocal,PIX,BR,5,13,63,61,2,0.9683,250.19
Merchant_C,dLocal,PIX,BR,5,14,51,46,5,0.902,297.62
Merchant_C,dLocal,PIX,BR,5,15,53,50,3,0.9434,311.26
Merchant_C,dLocal,PIX,BR,5,16,43,42,1,0.9767,308.91
Merchant_C,dLocal,PIX,BR,5,17,63,60,3,0.9524,304.72
Merchant_C,dLocal,PIX,BR,5,18,47,45,2,0.9574,250.78
Merchant_C,dLocal,PIX,BR,5,19,38,38,0,1.0,307.55
Merchant_C,dLocal,PIX,BR,5,20,22,20,2,0.9091,255.99
Merchant_C,dLocal,PIX,BR,5,21,17,15,2,0.8824,306.57
Merchant_C,dLocal,PIX,BR,5,22,9,8,1,0.8889,307.59
Merchant_C,dLocal,PIX,BR,5,23,6,6,0,1.0,255.77
Merchant_C,dLocal,PIX,BR,6,0,13,12,1,0.9231,271.77
Merchant_C,dLocal,PIX,BR,6,1,4,4,0,1.0,298.06
Merchant_C,dLocal,PIX,BR,6,2,2,2,0,1.0,178.43
Merchant_C,dLocal,PIX,BR,6,3,1,1,0,1.0,389.05
Merchant_C,dLocal,PIX,BR,6,4,1,0,1,0.0,234.76
Merchant_C,dLocal,PIX,BR,6,5,6,6,0,1.0,243.34
Merchant_C,dLocal,PIX,BR,6,6,10,10,0,1.0,308.43
Merchant_C,dLocal,PIX,BR,6,7,27,26,1,0.963,289.59
Merchant_C,dLocal,PIX,BR,6,8,33,33,0,1.0,266.44
Merchant_C,dLocal,PIX,BR,6,9,42,40,2,0.9524,304.75
Merchant_C,dLocal,PIX,BR,6,10,49,42,7,0.8571,286.41
Merchant_C,dLocal,PIX,BR,6,11,66,64,2,0.9697,291.68
Merchant_C,dLocal,PIX,BR,6,12,71,68,3,0.9577,274.09
Merchant_C,dLocal,PIX,BR,6,13,71,69,2,0.9718,337.11
Merchant_C,dLocal,PIX,BR,6,14,55,54,1,0.9818,266.64
Merchant_C,dLocal,PIX,BR,6,15,48,48,0,1.0,265.7
Merchant_C,dLocal,PIX,BR,6,16,47,43,4,0.9149,286.81
Merchant_C,dLocal,PIX,BR,6,17,38,36,2,0.9474,294.19
Merchant_C,dLocal,PIX,BR,6,18,38,36,2,0.9474,276.46
Merchant_C,dLocal,PIX,BR,6,19,36,32,4,0.8889,276.59
Merchant_C,dLocal,PIX,BR,6,20,29,26,3,0.8966,312.94
Merchant_C,dLocal,PIX,BR,6,21,20,19,1,0.95,315.6
Merchant_C,dLocal,PIX,BR,6,22,9,9,0,1.0,352.33
Merchant_C,dLocal,PIX,BR,6,23,9,9,0,1.0,303.96
Merchant_C,dLocal,PSE,CO,0,0,7,7,0,1.0,131590.26
Merchant_C,dLocal,PSE,CO,0,1,1,1,0,1.0,139968.74
Merchant_C,dLocal,PSE,CO,0,2,3,3,0,1.0,70652.51
Merchant_C,dLocal,PSE,CO,0,3,2,1,1,0.5,146840.59
Merchant_C,dLocal,PSE,CO,0,4,4,3,1,0.75,110123.11
Merchant_C,dLocal,PSE,CO,0,5,5,5,0,1.0,115028.54
Merchant_C,dLocal,PSE,CO,0,6,11,10,1,0.9091,94052.52
Merchant_C,dLocal,PSE,CO,0,7,25,21,4,0.84,123767.11
Merchant_C,dLocal,PSE,CO,0,8,45,36,9,0.8,123435.24
Merchant_C,dLocal,PSE,CO,0,9,39,35,4,0.8974,122986.52
Merchant_C,dLocal,PSE,CO,0,10,49,40,9,0.8163,116114.0
Merchant_C,dLocal,PSE,CO,0,11,58,54,4,0.931,134958.86
Merchant_C,dLocal,PSE,CO,0,12,69,57,12,0.8261,107498.85
Merchant_C,dLocal,PSE,CO,0,13,53,44,9,0.8302,116586.62
Merchant_C,dLocal,PSE,CO,0,14,46,39,7,0.8478,127596.97
Merchant_C,dLocal,PSE,CO,0,15,49,42,7,0.8571,117917.89
Merchant_C,dLocal,PSE,CO,0,16,45,43,2,0.9556,116408.25
Merchant_C,dLocal,PSE,CO,0,17,47,44,3,0.9362,123731.98
Merchant_C,dLocal,PSE,CO,0,18,48,42,6,0.875,114362.18
Merchant_C,dLocal,PSE,CO,0,19,50,45,5,0.9,127898.79
Merchant_C,dLocal,PSE,CO,0,20,31,29,2,0.9355,113616.98
Merchant_C,dLocal,PSE,CO,0,21,23,21,2,0.913,105748.81
Merchant_C,dLocal,PSE,CO,0,22,10,9,1,0.9,140656.04
Merchant_C,dLocal,PSE,CO,0,23,6,5,1,0.8333,134559.36
Merchant_C,dLocal,PSE,CO,1,0,7,7,0,1.0,111726.43
Merchant_C,dLocal,PSE,CO,1,1,2,1,1,0.5,60616.06
Merchant_C,dLocal,PSE,CO,1,2,3,3,0,1.0,119830.71
Merchant_C,dLocal,PSE,CO,1,3,2,2,0,1.0,137053.29
Merchant_C,dLocal,PSE,CO,1,4,2,2,0,1.0,139957.4
Merchant_C,dLocal,PSE,CO,1,5,6,6,0,1.0,157564.1
Merchant_C,dLocal,PSE,CO,1,6,7,6,1,0.8571,117121.87
Merchant_C,dLocal,PSE,CO,1,7,20,19,1,0.95,133276.9
Merchant_C,dLocal,PSE,CO,1,8,45,36,9,0.8,132333.12
Merchant_C,dLocal,PSE,CO,1,9,40,35,5,0.875,116454.08
Merchant_C,dLocal,PSE,CO,1,10,92,81,11,0.8804,120000.35
Merchant_C,dLocal,PSE,CO,1,11,74,67,7,0.9054,126318.31
Merchant_C,dLocal,PSE,CO,1,12,66,58,8,0.8788,119867.87
Merchant_C,dLocal,PSE,CO,1,13,61,53,8,0.8689,132004.42
Merchant_C,dLocal,PSE,CO,1,14,52,44,8,0.8462,123307.66
Merchant_C,dLocal,PSE,CO,1,15,54,44,10,0.8148,135303.05
Merchant_C,dLocal,PSE,CO,1,16,62,51,11,0.8226,126067.25
Merchant_C,dLocal,PSE,CO,1,17,58,43,15,0.7414,133597.51
Merchant_C,dLocal,PSE,CO,1,18,37,33,4,0.8919,115644.75
Merchant_C,dLocal,PSE,CO,1,19,42,31,11,0.7381,120842.51
Merchant_C,dLocal,PSE,CO,1,20,30,21,9,0.7,118896.93
Merchant_C,dLocal,PSE,CO,1,21,20,17,3,0.85,119612.0
Merchant_C,dLocal,PSE,CO,1,22,6,5,1,0.8333,122165.25
Merchant_C,dLocal,PSE,CO,1,23,4,4,0,1.0,73317.73
Merchant_C,dLocal,PSE,CO,2,0,6,4,2,0.6667,121291.12
Merchant_C,dLocal,PSE,CO,2,1,4,3,1,0.75,127111.7
Merchant_C,dLocal,PSE,CO,2,2,4,3,1,0.75,142013.16
Merchant_C,dLocal,PSE,CO,2,3,3,1,2,0.3333,181093.37
Merchant_C,dLocal,PSE,CO,2,5,4,3,1,0.75,114463.49
Merchant_C,dLocal,PSE,CO,2,6,12,12,0,1.0,121039.34
Merchant_C,dLocal,PSE,CO,2,7,30,28,2,0.9333,115499.61
Merchant_C,dLocal,PSE,CO,2,8,36,29,7,0.8056,107799.55
Merchant_C,dLocal,PSE,CO,2,9,61,50,11,0.8197,115741.72
Merchant_C,dLocal,PSE,CO,2,10,63,52,11,0.8254,121450.06
Merchant_C,dLocal,PSE,CO,2,11,70,61,9,0.8714,109976.86
Merchant_C,dLocal,PSE,CO,2,12,61,55,6,0.9016,133947.75
Merchant_C,dLocal,PSE,CO,2,13,87,73,14,0.8391,124327.75
Merchant_C,dLocal,PSE,CO,2,14,53,49,4,0.9245,115947.76
Merchant_C,dLocal,PSE,CO,2,15,71,61,10,0.8592,115160.92
Merchant_C,dLocal,PSE,CO,2,16,55,41,14,0.7455,112683.42
Merchant_C,dLocal,PSE,CO,2,17,51,44,7,0.8627,131353.97
Merchant_C,dLocal,PSE,CO,2,18,54,51,3,0.9444,130659.9
Merchant_C,dLocal,PSE,CO,2,19,35,31,4,0.8857,125077.83
Merchant_C,dLocal,PSE,CO,2,20,34,29,5,0.8529,119404.48
Merchant_C,dLocal,PSE,CO,2,21,15,13,2,0.8667,129553.76
Merchant_C,dLocal,PSE,CO,2,22,8,7,1,0.875,115892.3
Merchant_C,dLocal,PSE,CO,2,23,4,4,0,1.0,174638.21
Merchant_C,dLocal,PSE,CO,3,0,10,7,3,0.7,134901.86
Merchant_C,dLocal,PSE,CO,3,1,2,2,0,1.0,64163.17
Merchant_C,dLocal,PSE,CO,3,2,6,6,0,1.0,85411.31
Merchant_C,dLocal,PSE,CO,3,3,1,1,0,1.0,126702.57
Merchant_C,dLocal,PSE,CO,3,4,4,4,0,1.0,102344.44
Merchant_C,dLocal,PSE,CO,3,5,2,2,0,1.0,93566.29
Merchant_C,dLocal,PSE,CO,3,6,14,13,1,0.9286,128695.13
Merchant_C,dLocal,PSE,CO,3,7,27,26,1,0.963,114772.0
Merchant_C,dLocal,PSE,CO,3,8,40,35,5,0.875,119602.57
Merchant_C,dLocal,PSE,CO,3,9,49,41,8,0.8367,112873.53
Merchant_C,dLocal,PSE,CO,3,10,47,39,8,0.8298,114529.27
Merchant_C,dLocal,PSE,CO,3,11,63,53,10,0.8413,102270.46
Merchant_C,dLocal,PSE,CO,3,12,52,45,7,0.8654,125827.93
Merchant_C,dLocal,PSE,CO,3,13,71,64,7,0.9014,110887.72
Merchant_C,dLocal,PSE,CO,3,14,56,50,6,0.8929,138164.38
Merchant_C,dLocal,PSE,CO,3,15,65,57,8,0.8769,126881.04
Merchant_C,dLocal,PSE,CO,3,16,39,37,2,0.9487,96043.47
Merchant_C,dLocal,PSE,CO,3,17,38,34,4,0.8947,117266.49
Merchant_C,dLocal,PSE,CO,3,18,58,51,7,0.8793,127206.79
Merchant_C,dLocal,PSE,CO,3,19,45,36,9,0.8,126460.8
Merchant_C,dLocal,PSE,CO,3,20,32,28,4,0.875,113372.69
Merchant_C,dLocal,PSE,CO,3,21,14,13,1,0.9286,118267.85
Merchant_C,dLocal,PSE,CO,3,22,16,13,3,0.8125,112720.93
Merchant_C,dLocal,PSE,CO,3,23,8,8,0,1.0,140179.18
Merchant_C,dLocal,PSE,CO,4,0,9,7,2,0.7778,165634.65
Merchant_C,dLocal,PSE,CO,4,1,2,2,0,1.0,55483.47
Merchant_C,dLocal,PSE,CO,4,2,5,5,0,1.0,130056.58
Merchant_C,dLocal,PSE,CO,4,4,4,4,0,1.0,172649.6
Merchant_C,dLocal,PSE,CO,4,5,7,7,0,1.0,160054.23
Merchant_C,dLocal,PSE,CO,4,6,14,11,3,0.7857,152438.39
Merchant_C,dLocal,PSE,CO,4,7,29,21,8,0.7241,115571.94
Merchant_C,dLocal,PSE,CO,4,8,33,31,2,0.9394,108443.99
Merchant_C,dLocal,PSE,CO,4,9,52,46,6,0.8846,121147.58
Merchant_C,dLocal,PSE,CO,4,10,64,58,6,0.9062,109360.26
Merchant_C,dLocal,PSE,CO,4,11,87,82,5,0.9425,125810.04
Merchant_C,dLocal,PSE,CO,4,12,59,49,10,0.8305,123689.55
Merchant_C,dLocal,PSE,CO,4,13,63,55,8,0.873,123030.7
Merchant_C,dLocal,PSE,CO,4,14,44,38,6,0.8636,143702.32
Merchant_C,dLocal,PSE,CO,4,15,67,57,10,0.8507,134208.38
Merchant_C,dLocal,PSE,CO,4,16,52,48,4,0.9231,116435.16
Merchant_C,dLocal,PSE,CO,4,17,52,43,9,0.8269,129061.64
Merchant_C,dLocal,PSE,CO,4,18,49,41,8,0.8367,117380.96
Merchant_C,dLocal,PSE,CO,4,19,38,32,6,0.8421,141142.96
Merchant_C,dLocal,PSE,CO,4,20,23,19,4,0.8261,123216.57
Merchant_C,dLocal,PSE,CO,4,21,19,15,4,0.7895,124264.2
Merchant_C,dLocal,PSE,CO,4,22,10,10,0,1.0,140984.96
Merchant_C,dLocal,PSE,CO,4,23,8,6,2,0.75,108876.36
Merchant_C,dLocal,PSE,CO,5,0,8,7,1,0.875,105959.73
Merchant_C,dLocal,PSE,CO,5,1,5,5,0,1.0,94892.94
Merchant_C,dLocal,PSE,CO,5,2,2,0,2,0.0,118871.76
Merchant_C,dLocal,PSE,CO,5,3,3,2,1,0.6667,113591.38
Merchant_C,dLocal,PSE,CO,5,4,1,1,0,1.0,200138.3
Merchant_C,dLocal,PSE,CO,5,5,8,6,2,0.75,111480.26
Merchant_C,dLocal,PSE,CO,5,6,13,12,1,0.9231,151545.99
Merchant_C,dLocal,PSE,CO,5,7,33,29,4,0.8788,121097.98
Merchant_C,dLocal,PSE,CO,5,8,57,53,4,0.9298,125273.64
Merchant_C,dLocal,PSE,CO,5,9,60,57,3,0.95,116895.07
Merchant_C,dLocal,PSE,CO,5,10,132,116,16,0.8788,109920.01
Merchant_C,dLocal,PSE,CO,5,11,60,45,15,0.75,128181.2
Merchant_C,dLocal,PSE,CO,5,12,64,59,5,0.9219,113661.77
Merchant_C,dLocal,PSE,CO,5,13,75,65,10,0.8667,124052.66
Merchant_C,dLocal,PSE,CO,5,14,52,47,5,0.9038,113531.46
Merchant_C,dLocal,PSE,CO,5,15,51,43,8,0.8431,124861.86
Merchant_C,dLocal,PSE,CO,5,16,61,49,12,0.8033,121585.17
Merchant_C,dLocal,PSE,CO,5,17,62,54,8,0.871,129118.23
Merchant_C,dLocal,PSE,CO,5,18,39,30,9,0.7692,113592.54
Merchant_C,dLocal,PSE,CO,5,19,37,33,4,0.8919,115435.85
Merchant_C,dLocal,PSE,CO,5,20,24,21,3,0.875,124795.0
Merchant_C,dLocal,PSE,CO,5,21,15,13,2,0.8667,100216.8
Merchant_C,dLocal,PSE,CO,5,22,11,7,4,0.6364,102581.48
Merchant_C,dLocal,PSE,CO,5,23,7,7,0,1.0,106982.54
Merchant_C,dLocal,PSE,CO,6,0,4,4,0,1.0,142539.06
Merchant_C,dLocal,PSE,CO,6,1,4,4,0,1.0,116317.5
Merchant_C,dLocal,PSE,CO,6,2,4,3,1,0.75,161045.44
Merchant_C,dLocal,PSE,CO,6,3,4,4,0,1.0,202375.98
Merchant_C,dLocal,PSE,CO,6,4,2,2,0,1.0,67204.16
Merchant_C,dLocal,PSE,CO,6,5,5,5,0,1.0,125786.29
Merchant_C,dLocal,PSE,CO,6,6,12,10,2,0.8333,125205.24
Merchant_C,dLocal,PSE,CO,6,7,33,29,4,0.8788,144379.26
Merchant_C,dLocal,PSE,CO,6,8,33,27,6,0.8182,117250.34
Merchant_C,dLocal,PSE,CO,6,9,45,41,4,0.9111,125404.97
Merchant_C,dLocal,PSE,CO,6,10,54,48,6,0.8889,105137.82
Merchant_C,dLocal,PSE,CO,6,11,55,49,6,0.8909,134808.09
Merchant_C,dLocal,PSE,CO,6,12,70,66,4,0.9429,112684.49
Merchant_C,dLocal,PSE,CO,6,13,77,71,6,0.9221,118777.05
Merchant_C,dLocal,PSE,CO,6,14,56,49,7,0.875,126901.12
Merchant_C,dLocal,PSE,CO,6,15,53,42,11,0.7925,120057.4
Merchant_C,dLocal,PSE,CO,6,16,59,53,6,0.8983,136125.99
Merchant_C,dLocal,PSE,CO,6,17,54,48,6,0.8889,122417.71
Merchant_C,dLocal,PSE,CO,6,18,50,40,10,0.8,129038.82
Merchant_C,dLocal,PSE,CO,6,19,36,30,6,0.8333,95561.73
Merchant_C,dLocal,PSE,CO,6,20,22,17,5,0.7727,108872.71
Merchant_C,dLocal,PSE,CO,6,21,18,18,0,1.0,116440.03
Merchant_C,dLocal,PSE,CO,6,22,10,8,2,0.8,112787.03
Merchant_C,dLocal,PSE,CO,6,23,11,11,0,1.0,114827.48
Merchant_C,dLocal,card,BR,0,0,3,3,0,1.0,318.22
Merchant_C,dLocal,card,BR,0,1,4,4,0,1.0,415.71
Merchant_C,dLocal,card,BR,0,2,4,4,0,1.0,292.45
Merchant_C,dLocal,card,BR,0,3,2,2,0,1.0,163.32
Merchant_C,dLocal,card,BR,0,4,3,3,0,1.0,238.41
Merchant_C,dLocal,card,BR,0,5,9,8,1,0.8889,336.02
Merchant_C,dLocal,card,BR,0,6,9,8,1,0.8889,348.31
Merchant_C,dLocal,card,BR,0,7,21,19,2,0.9048,263.38
Merchant_C,dLocal,card,BR,0,8,33,28,5,0.8485,308.47
Merchant_C,dLocal,card,BR,0,9,50,44,6,0.88,313.21
Merchant_C,dLocal,card,BR,0,10,55,49,6,0.8909,287.96
Merchant_C,dLocal,card,BR,0,11,61,52,9,0.8525,285.73
Merchant_C,dLocal,card,BR,0,12,70,65,5,0.9286,292.77
Merchant_C,dLocal,card,BR,0,13,73,65,8,0.8904,257.46
Merchant_C,dLocal,card,BR,0,14,51,47,4,0.9216,304.0
Merchant_C,dLocal,card,BR,0,15,54,47,7,0.8704,266.97
Merchant_C,dLocal,card,BR,0,16,47,45,2,0.9574,307.82
Merchant_C,dLocal,card,BR,0,17,57,48,9,0.8421,315.68
Merchant_C,dLocal,card,BR,0,18,44,38,6,0.8636,273.72
Merchant_C,dLocal,card,BR,0,19,21,19,2,0.9048,274.51
Merchant_C,dLocal,card,BR,0,20,25,20,5,0.8,323.95
Merchant_C,dLocal,card,BR,0,21,12,10,2,0.8333,217.71
Merchant_C,dLocal,card,BR,0,22,8,7,1,0.875,398.09
Merchant_C,dLocal,card,BR,0,23,10,9,1,0.9,338.14
Merchant_C,dLocal,card,BR,1,0,11,10,1,0.9091,340.95
Merchant_C,dLocal,card,BR,1,1,6,4,2,0.6667,268.42
Merchant_C,dLocal,card,BR,1,2,1,1,0,1.0,376.62
Merchant_C,dLocal,card,BR,1,3,4,4,0,1.0,246.05
Merchant_C,dLocal,card,BR,1,4,1,1,0,1.0,223.77
Merchant_C,dLocal,card,BR,1,5,7,6,1,0.8571,263.83
Merchant_C,dLocal,card,BR,1,6,10,9,1,0.9,367.9
Merchant_C,dLocal,card,BR,1,7,37,35,2,0.9459,286.78
Merchant_C,dLocal,card,BR,1,8,36,31,5,0.8611,255.72
Merchant_C,dLocal,card,BR,1,9,52,49,3,0.9423,270.36
Merchant_C,dLocal,card,BR,1,10,70,57,13,0.8143,242.89
Merchant_C,dLocal,card,BR,1,11,70,67,3,0.9571,292.87
Merchant_C,dLocal,card,BR,1,12,73,67,6,0.9178,286.96
Merchant_C,dLocal,card,BR,1,13,59,52,7,0.8814,283.75
Merchant_C,dLocal,card,BR,1,14,62,57,5,0.9194,308.37
Merchant_C,dLocal,card,BR,1,15,67,56,11,0.8358,294.56
Merchant_C,dLocal,card,BR,1,16,50,41,9,0.82,284.46
Merchant_C,dLocal,card,BR,1,17,47,37,10,0.7872,316.0
Merchant_C,dLocal,card,BR,1,18,42,34,8,0.8095,289.73
Merchant_C,dLocal,card,BR,1,19,39,34,5,0.8718,259.38
Merchant_C,dLocal,card,BR,1,20,28,22,6,0.7857,320.86
Merchant_C,dLocal,card,BR,1,21,15,14,1,0.9333,330.14
Merchant_C,dLocal,card,BR,1,22,12,10,2,0.8333,298.2
Merchant_C,dLocal,card,BR,1,23,6,6,0,1.0,297.01
Merchant_C,dLocal,card,BR,2,0,7,6,1,0.8571,235.95
Merchant_C,dLocal,card,BR,2,1,3,3,0,1.0,363.61
Merchant_C,dLocal,card,BR,2,2,1,1,0,1.0,289.11
Merchant_C,dLocal,card,BR,2,3,1,1,0,1.0,413.42
Merchant_C,dLocal,card,BR,2,5,5,5,0,1.0,300.21
Merchant_C,dLocal,card,BR,2,6,26,21,5,0.8077,268.27
Merchant_C,dLocal,card,BR,2,7,23,21,2,0.913,289.3
Merchant_C,dLocal,card,BR,2,8,29,22,7,0.7586,297.38
Merchant_C,dLocal,card,BR,2,9,50,48,2,0.96,291.47
Merchant_C,dLocal,card,BR,2,10,70,63,7,0.9,281.95
Merchant_C,dLocal,card,BR,2,11,74,69,5,0.9324,271.07
Merchant_C,dLocal,card,BR,2,12,87,79,8,0.908,281.95
Merchant_C,dLocal,card,BR,2,13,73,61,12,0.8356,277.0
Merchant_C,dLocal,card,BR,2,14,70,63,7,0.9,287.68
Merchant_C,dLocal,card,BR,2,15,54,50,4,0.9259,285.39
Merchant_C,dLocal,card,BR,2,16,61,56,5,0.918,289.52
Merchant_C,dLocal,card,BR,2,17,63,58,5,0.9206,283.93
Merchant_C,dLocal,card,BR,2,18,38,34,4,0.8947,282.69
Merchant_C,dLocal,card,BR,2,19,42,37,5,0.881,313.5
Merchant_C,dLocal,card,BR,2,20,30,25,5,0.8333,266.91
Merchant_C,dLocal,card,BR,2,21,19,18,1,0.9474,284.96
Merchant_C,dLocal,card,BR,2,22,14,14,0,1.0,354.74
Merchant_C,dLocal,card,BR,2,23,12,11,1,0.9167,265.93
Merchant_C,dLocal,card,BR,3,0,9,8,1,0.8889,282.51
Merchant_C,dLocal,card,BR,3,1,7,6,1,0.8571,217.03
Merchant_C,dLocal,card,BR,3,2,5,5,0,1.0,346.05
Merchant_C,dLocal,card,BR,3,3,2,1,1,0.5,174.46
Merchant_C,dLocal,card,BR,3,4,2,2,0,1.0,94.42
Merchant_C,dLocal,card,BR,3,5,4,3,1,0.75,377.08
Merchant_C,dLocal,card,BR,3,6,11,11,0,1.0,276.65
Merchant_C,dLocal,card,BR,3,7,33,32,1,0.9697,295.77
Merchant_C,dLocal,card,BR,3,8,40,37,3,0.925,327.17
Merchant_C,dLocal,card,BR,3,9,49,43,6,0.8776,300.85
Merchant_C,dLocal,card,BR,3,10,73,66,7,0.9041,297.52
Merchant_C,dLocal,card,BR,3,11,67,59,8,0.8806,263.81
Merchant_C,dLocal,card,BR,3,12,84,75,9,0.8929,305.92
Merchant_C,dLocal,card,BR,3,13,65,60,5,0.9231,319.68
Merchant_C,dLocal,card,BR,3,14,61,56,5,0.918,316.27
Merchant_C,dLocal,card,BR,3,15,63,55,8,0.873,260.02
Merchant_C,dLocal,card,BR,3,16,44,41,3,0.9318,302.05
Merchant_C,dLocal,card,BR,3,17,62,53,9,0.8548,282.58
Merchant_C,dLocal,card,BR,3,18,53,48,5,0.9057,291.29
Merchant_C,dLocal,card,BR,3,19,36,31,5,0.8611,274.66
Merchant_C,dLocal,card,BR,3,20,26,25,1,0.9615,298.76
Merchant_C,dLocal,card,BR,3,21,9,8,1,0.8889,295.3
Merchant_C,dLocal,card,BR,3,22,7,7,0,1.0,223.27
Merchant_C,dLocal,card,BR,3,23,10,10,0,1.0,313.38
Merchant_C,dLocal,card,BR,4,0,6,6,0,1.0,273.48
Merchant_C,dLocal,card,BR,4,1,1,1,0,1.0,39.29
Merchant_C,dLocal,card,BR,4,2,2,1,1,0.5,297.26
Merchant_C,dLocal,card,BR,4,3,3,2,1,0.6667,180.93
Merchant_C,dLocal,card,BR,4,4,1,1,0,1.0,306.94
Merchant_C,dLocal,card,BR,4,5,5,5,0,1.0,296.13
Merchant_C,dLocal,card,BR,4,6,19,17,2,0.8947,316.49
Merchant_C,dLocal,card,BR,4,7,30,25,5,0.8333,310.06
Merchant_C,dLocal,card,BR,4,8,39,33,6,0.8462,311.93
Merchant_C,dLocal,card,BR,4,9,55,47,8,0.8545,287.4
Merchant_C,dLocal,card,BR,4,10,49,44,5,0.898,314.28
Merchant_C,dLocal,card,BR,4,11,62,53,9,0.8548,290.01
Merchant_C,dLocal,card,BR,4,12,89,77,12,0.8652,279.74
Merchant_C,dLocal,card,BR,4,13,59,54,5,0.9153,288.76
Merchant_C,dLocal,card,BR,4,14,58,52,6,0.8966,331.73
Merchant_C,dLocal,card,BR,4,15,59,51,8,0.8644,287.91
Merchant_C,dLocal,card,BR,4,16,61,54,7,0.8852,272.18
Merchant_C,dLocal,card,BR,4,17,64,59,5,0.9219,287.88
Merchant_C,dLocal,card,BR,4,18,44,41,3,0.9318,250.93
Merchant_C,dLocal,card,BR,4,19,34,32,2,0.9412,277.84
Merchant_C,dLocal,card,BR,4,20,24,21,3,0.875,310.05
Merchant_C,dLocal,card,BR,4,21,12,12,0,1.0,252.32
Merchant_C,dLocal,card,BR,4,22,5,5,0,1.0,215.95
Merchant_C,dLocal,card,BR,4,23,11,11,0,1.0,275.56
Merchant_C,dLocal,card,BR,5,0,4,3,1,0.75,318.28
Merchant_C,dLocal,card,BR,5,1,1,1,0,1.0,237.31
Merchant_C,dLocal,card,BR,5,2,1,1,0,1.0,397.58
Merchant_C,dLocal,card,BR,5,3,3,3,0,1.0,175.07
Merchant_C,dLocal,card,BR,5,4,5,5,0,1.0,289.2
Merchant_C,dLocal,card,BR,5,5,5,5,0,1.0,319.9
Merchant_C,dLocal,card,BR,5,6,19,17,2,0.8947,251.4
Merchant_C,dLocal,card,BR,5,7,26,23,3,0.8846,298.73
Merchant_C,dLocal,card,BR,5,8,38,35,3,0.9211,262.65
Merchant_C,dLocal,card,BR,5,9,57,52,5,0.9123,263.69
Merchant_C,dLocal,card,BR,5,10,128,116,12,0.9062,280.71
Merchant_C,dLocal,card,BR,5,11,57,49,8,0.8596,292.5
Merchant_C,dLocal,card,BR,5,12,66,57,9,0.8636,300.88
Merchant_C,dLocal,card,BR,5,13,86,77,9,0.8953,269.52
Merchant_C,dLocal,card,BR,5,14,49,47,2,0.9592,290.25
Merchant_C,dLocal,card,BR,5,15,46,41,5,0.8913,279.84
Merchant_C,dLocal,card,BR,5,16,62,55,7,0.8871,323.58
Merchant_C,dLocal,card,BR,5,17,63,53,10,0.8413,280.93
Merchant_C,dLocal,card,BR,5,18,50,43,7,0.86,302.01
Merchant_C,dLocal,card,BR,5,19,51,46,5,0.902,273.25
Merchant_C,dLocal,card,BR,5,20,30,27,3,0.9,281.17
Merchant_C,dLocal,card,BR,5,21,12,11,1,0.9167,303.08
Merchant_C,dLocal,card,BR,5,22,8,8,0,1.0,209.57
Merchant_C,dLocal,card,BR,5,23,8,5,3,0.625,210.77
Merchant_C,dLocal,card,BR,6,0,7,6,1,0.8571,260.23
Merchant_C,dLocal,card,BR,6,1,4,4,0,1.0,324.53
Merchant_C,dLocal,card,BR,6,2,2,1,1,0.5,169.96
Merchant_C,dLocal,card,BR,6,4,4,2,2,0.5,235.07
Merchant_C,dLocal,card,BR,6,5,8,7,1,0.875,270.58
Merchant_C,dLocal,card,BR,6,6,12,10,2,0.8333,250.24
Merchant_C,dLocal,card,BR,6,7,17,17,0,1.0,235.04
Merchant_C,dLocal,card,BR,6,8,31,30,1,0.9677,286.44
Merchant_C,dLocal,card,BR,6,9,50,46,4,0.92,301.86
Merchant_C,dLocal,card,BR,6,10,52,44,8,0.8462,297.23
Merchant_C,dLocal,card,BR,6,11,66,59,7,0.8939,329.7
Merchant_C,dLocal,card,BR,6,12,77,70,7,0.9091,270.87
Merchant_C,dLocal,card,BR,6,13,66,60,6,0.9091,284.58
Merchant_C,dLocal,card,BR,6,14,59,50,9,0.8475,297.16
Merchant_C,dLocal,card,BR,6,15,69,60,9,0.8696,308.31
Merchant_C,dLocal,card,BR,6,16,57,52,5,0.9123,276.04
Merchant_C,dLocal,card,BR,6,17,56,49,7,0.875,249.34
Merchant_C,dLocal,card,BR,6,18,39,37,2,0.9487,278.12
Merchant_C,dLocal,card,BR,6,19,38,36,2,0.9474,256.5
Merchant_C,dLocal,card,BR,6,20,29,28,1,0.9655,280.88
Merchant_C,dLocal,card,BR,6,21,10,9,1,0.9,354.42
Merchant_C,dLocal,card,BR,6,22,3,3,0,1.0,410.51
Merchant_C,dLocal,card,BR,6,23,3,2,1,0.6667,216.26
Merchant_C,dLocal,card,CO,0,0,9,8,1,0.8889,139937.39
Merchant_C,dLocal,card,CO,0,2,3,3,0,1.0,132435.43
Merchant_C,dLocal,card,CO,0,3,1,1,0,1.0,123996.71
Merchant_C,dLocal,card,CO,0,4,5,5,0,1.0,169345.24
Merchant_C,dLocal,card,CO,0,5,4,4,0,1.0,109060.02
Merchant_C,dLocal,card,CO,0,6,23,19,4,0.8261,111946.4
Merchant_C,dLocal,card,CO,0,7,21,18,3,0.8571,151499.96
Merchant_C,dLocal,card,CO,0,8,36,32,4,0.8889,110930.21
Merchant_C,dLocal,card,CO,0,9,60,54,6,0.9,123335.82
Merchant_C,dLocal,card,CO,0,10,51,44,7,0.8627,115319.66
Merchant_C,dLocal,card,CO,0,11,48,45,3,0.9375,126171.84
Merchant_C,dLocal,card,CO,0,12,79,74,5,0.9367,121479.58
Merchant_C,dLocal,card,CO,0,13,66,60,6,0.9091,114698.76
Merchant_C,dLocal,card,CO,0,14,60,54,6,0.9,114667.75
Merchant_C,dLocal,card,CO,0,15,54,47,7,0.8704,130361.22
Merchant_C,dLocal,card,CO,0,16,51,46,5,0.902,116300.44
Merchant_C,dLocal,card,CO,0,17,45,38,7,0.8444,106609.29
Merchant_C,dLocal,card,CO,0,18,39,33,6,0.8462,122006.79
Merchant_C,dLocal,card,CO,0,19,49,44,5,0.898,117163.12
Merchant_C,dLocal,card,CO,0,20,23,20,3,0.8696,132130.66
Merchant_C,dLocal,card,CO,0,21,13,12,1,0.9231,93422.73
Merchant_C,dLocal,card,CO,0,22,13,11,2,0.8462,122085.54
Merchant_C,dLocal,card,CO,0,23,7,7,0,1.0,113321.25
Merchant_C,dLocal,card,CO,1,0,8,8,0,1.0,153986.24
Merchant_C,dLocal,card,CO,1,1,5,5,0,1.0,134252.64
Merchant_C,dLocal,card,CO,1,2,2,1,1,0.5,127412.24
Merchant_C,dLocal,card,CO,1,3,3,3,0,1.0,164152.91
Merchant_C,dLocal,card,CO,1,4,1,1,0,1.0,283530.1
Merchant_C,dLocal,card,CO,1,5,10,10,0,1.0,105703.0
Merchant_C,dLocal,card,CO,1,6,13,11,2,0.8462,152616.87
Merchant_C,dLocal,card,CO,1,7,25,22,3,0.88,88435.14
Merchant_C,dLocal,card,CO,1,8,31,28,3,0.9032,114939.47
Merchant_C,dLocal,card,CO,1,9,41,38,3,0.9268,106333.0
Merchant_C,dLocal,card,CO,1,10,87,81,6,0.931,120510.34
Merchant_C,dLocal,card,CO,1,11,83,74,9,0.8916,110554.42
Merchant_C,dLocal,card,CO,1,12,63,54,9,0.8571,108419.81
Merchant_C,dLocal,card,CO,1,13,80,70,10,0.875,121112.83
Merchant_C,dLocal,card,CO,1,14,57,49,8,0.8596,122419.26
Merchant_C,dLocal,card,CO,1,15,56,53,3,0.9464,111945.55
Merchant_C,dLocal,card,CO,1,16,49,42,7,0.8571,117928.11
Merchant_C,dLocal,card,CO,1,17,48,39,9,0.8125,125716.15
Merchant_C,dLocal,card,CO,1,18,51,45,6,0.8824,130421.25
Merchant_C,dLocal,card,CO,1,19,47,43,4,0.9149,115522.03
Merchant_C,dLocal,card,CO,1,20,30,22,8,0.7333,132756.04
Merchant_C,dLocal,card,CO,1,21,14,13,1,0.9286,132320.77
Merchant_C,dLocal,card,CO,1,22,11,9,2,0.8182,142687.25
Merchant_C,dLocal,card,CO,1,23,8,7,1,0.875,90685.43
Merchant_C,dLocal,card,CO,2,0,8,8,0,1.0,140297.52
Merchant_C,dLocal,card,CO,2,1,3,3,0,1.0,188079.23
Merchant_C,dLocal,card,CO,2,2,1,1,0,1.0,81317.97
Merchant_C,dLocal,card,CO,2,3,3,3,0,1.0,179118.61
Merchant_C,dLocal,card,CO,2,4,3,2,1,0.6667,117374.0
Merchant_C,dLocal,card,CO,2,5,6,6,0,1.0,148419.02
Merchant_C,dLocal,card,CO,2,6,21,19,2,0.9048,127101.42
Merchant_C,dLocal,card,CO,2,7,28,24,4,0.8571,141032.02
Merchant_C,dLocal,card,CO,2,8,34,29,5,0.8529,114156.38
Merchant_C,dLocal,card,CO,2,9,51,44,7,0.8627,122566.88
Merchant_C,dLocal,card,CO,2,10,57,46,11,0.807,131454.4
Merchant_C,dLocal,card,CO,2,11,69,62,7,0.8986,130098.97
Merchant_C,dLocal,card,CO,2,12,71,63,8,0.8873,149184.36
Merchant_C,dLocal,card,CO,2,13,76,72,4,0.9474,117789.95
Merchant_C,dLocal,card,CO,2,14,63,58,5,0.9206,123863.13
Merchant_C,dLocal,card,CO,2,15,65,56,9,0.8615,111341.92
Merchant_C,dLocal,card,CO,2,16,54,48,6,0.8889,109106.78
Merchant_C,dLocal,card,CO,2,17,56,52,4,0.9286,114221.81
Merchant_C,dLocal,card,CO,2,18,58,53,5,0.9138,115518.2
Merchant_C,dLocal,card,CO,2,19,54,50,4,0.9259,141756.11
Merchant_C,dLocal,card,CO,2,20,29,25,4,0.8621,102717.45
Merchant_C,dLocal,card,CO,2,21,23,21,2,0.913,127507.39
Merchant_C,dLocal,card,CO,2,22,12,8,4,0.6667,123460.04
Merchant_C,dLocal,card,CO,2,23,13,11,2,0.8462,145935.39
Merchant_C,dLocal,card,CO,3,0,8,7,1,0.875,107876.44
Merchant_C,dLocal,card,CO,3,1,2,2,0,1.0,140245.05
Merchant_C,dLocal,card,CO,3,2,1,1,0,1.0,90049.48
Merchant_C,dLocal,card,CO,3,4,4,3,1,0.75,120106.61
Merchant_C,dLocal,card,CO,3,5,7,7,0,1.0,76681.07
Merchant_C,dLocal,card,CO,3,6,21,18,3,0.8571,136839.05
Merchant_C,dLocal,card,CO,3,7,30,26,4,0.8667,128153.46
Merchant_C,dLocal,card,CO,3,8,43,37,6,0.8605,112376.19
Merchant_C,dLocal,card,CO,3,9,60,56,4,0.9333,109384.37
Merchant_C,dLocal,card,CO,3,10,56,51,5,0.9107,128954.39
Merchant_C,dLocal,card,CO,3,11,74,66,8,0.8919,123157.49
Merchant_C,dLocal,card,CO,3,12,97,91,6,0.9381,126520.27
Merchant_C,dLocal,card,CO,3,13,63,58,5,0.9206,144475.15
Merchant_C,dLocal,card,CO,3,14,60,55,5,0.9167,123551.18
Merchant_C,dLocal,card,CO,3,15,64,56,8,0.875,109600.5
Merchant_C,dLocal,card,CO,3,16,47,42,5,0.8936,115813.17
Merchant_C,dLocal,card,CO,3,17,44,38,6,0.8636,145456.92
Merchant_C,dLocal,card,CO,3,18,50,47,3,0.94,135804.14
Merchant_C,dLocal,card,CO,3,19,43,40,3,0.9302,128908.44
Merchant_C,dLocal,card,CO,3,20,24,23,1,0.9583,128752.73
Merchant_C,dLocal,card,CO,3,21,19,17,2,0.8947,118698.07
Merchant_C,dLocal,card,CO,3,22,8,8,0,1.0,174065.03
Merchant_C,dLocal,card,CO,3,23,9,9,0,1.0,108215.82
Merchant_C,dLocal,card,CO,4,0,8,8,0,1.0,140680.23
Merchant_C,dLocal,card,CO,4,1,3,3,0,1.0,115674.87
Merchant_C,dLocal,card,CO,4,3,2,2,0,1.0,112796.85
Merchant_C,dLocal,card,CO,4,4,3,2,1,0.6667,79976.1
Merchant_C,dLocal,card,CO,4,5,5,5,0,1.0,88576.81
Merchant_C,dLocal,card,CO,4,6,16,14,2,0.875,127178.24
Merchant_C,dLocal,card,CO,4,7,22,21,1,0.9545,146005.09
Merchant_C,dLocal,card,CO,4,8,39,32,7,0.8205,115638.1
Merchant_C,dLocal,card,CO,4,9,57,53,4,0.9298,111452.1
Merchant_C,dLocal,card,CO,4,10,63,58,5,0.9206,134463.2
Merchant_C,dLocal,card,CO,4,11,48,45,3,0.9375,124607.55
Merchant_C,dLocal,card,CO,4,12,80,68,12,0.85,126147.44
Merchant_C,dLocal,card,CO,4,13,74,68,6,0.9189,136744.21
Merchant_C,dLocal,card,CO,4,14,70,65,5,0.9286,115715.41
Merchant_C,dLocal,card,CO,4,15,57,53,4,0.9298,127235.31
Merchant_C,dLocal,card,CO,4,16,45,37,8,0.8222,141364.93
Merchant_C,dLocal,card,CO,4,17,51,46,5,0.902,123002.43
Merchant_C,dLocal,card,CO,4,18,43,39,4,0.907,116792.45
Merchant_C,dLocal,card,CO,4,19,45,39,6,0.8667,107831.72
Merchant_C,dLocal,card,CO,4,20,40,38,2,0.95,103072.09
Merchant_C,dLocal,card,CO,4,21,13,12,1,0.9231,122262.98
Merchant_C,dLocal,card,CO,4,22,11,11,0,1.0,162183.29
Merchant_C,dLocal,card,CO,4,23,5,5,0,1.0,105591.21
Merchant_C,dLocal,card,CO,5,0,5,5,0,1.0,170654.14
Merchant_C,dLocal,card,CO,5,2,3,3,0,1.0,96201.68
Merchant_C,dLocal,card,CO,5,3,3,3,0,1.0,139910.37
Merchant_C,dLocal,card,CO,5,4,1,1,0,1.0,99660.82
Merchant_C,dLocal,card,CO,5,5,4,4,0,1.0,110201.75
Merchant_C,dLocal,card,CO,5,6,12,11,1,0.9167,148657.02
Merchant_C,dLocal,card,CO,5,7,25,20,5,0.8,111112.47
Merchant_C,dLocal,card,CO,5,8,36,36,0,1.0,109789.02
Merchant_C,dLocal,card,CO,5,9,54,48,6,0.8889,138912.41
Merchant_C,dLocal,card,CO,5,10,135,113,22,0.837,113284.72
Merchant_C,dLocal,card,CO,5,11,65,59,6,0.9077,118942.91
Merchant_C,dLocal,card,CO,5,12,71,63,8,0.8873,122834.34
Merchant_C,dLocal,card,CO,5,13,58,55,3,0.9483,120281.3
Merchant_C,dLocal,card,CO,5,14,61,54,7,0.8852,117872.79
Merchant_C,dLocal,card,CO,5,15,46,43,3,0.9348,118819.27
Merchant_C,dLocal,card,CO,5,16,45,37,8,0.8222,139396.68
Merchant_C,dLocal,card,CO,5,17,46,40,6,0.8696,110623.05
Merchant_C,dLocal,card,CO,5,18,54,47,7,0.8704,120519.6
Merchant_C,dLocal,card,CO,5,19,35,34,1,0.9714,121246.26
Merchant_C,dLocal,card,CO,5,20,26,23,3,0.8846,140103.1
Merchant_C,dLocal,card,CO,5,21,22,19,3,0.8636,128027.22
Merchant_C,dLocal,card,CO,5,22,9,9,0,1.0,165959.31
Merchant_C,dLocal,card,CO,5,23,7,7,0,1.0,115441.15
Merchant_C,dLocal,card,CO,6,0,5,4,1,0.8,85431.51
Merchant_C,dLocal,card,CO,6,1,3,2,1,0.6667,85268.93
Merchant_C,dLocal,card,CO,6,2,1,1,0,1.0,182734.94
Merchant_C,dLocal,card,CO,6,3,2,2,0,1.0,76386.54
Merchant_C,dLocal,card,CO,6,4,1,1,0,1.0,25217.46
Merchant_C,dLocal,card,CO,6,5,2,2,0,1.0,105278.83
Merchant_C,dLocal,card,CO,6,6,14,13,1,0.9286,119468.11
Merchant_C,dLocal,card,CO,6,7,21,20,1,0.9524,116982.54
Merchant_C,dLocal,card,CO,6,8,37,32,5,0.8649,137251.96
Merchant_C,dLocal,card,CO,6,9,53,46,7,0.8679,112045.83
Merchant_C,dLocal,card,CO,6,10,61,55,6,0.9016,131375.49
Merchant_C,dLocal,card,CO,6,11,57,56,1,0.9825,115101.19
Merchant_C,dLocal,card,CO,6,12,72,63,9,0.875,123890.37
Merchant_C,dLocal,card,CO,6,13,72,69,3,0.9583,133606.67
Merchant_C,dLocal,card,CO,6,14,73,60,13,0.8219,128624.97
Merchant_C,dLocal,card,CO,6,15,56,51,5,0.9107,116046.52
Merchant_C,dLocal,card,CO,6,16,56,46,10,0.8214,117415.06
Merchant_C,dLocal,card,CO,6,17,58,56,2,0.9655,119727.1
Merchant_C,dLocal,card,CO,6,18,35,31,4,0.8857,129298.36
Merchant_C,dLocal,card,CO,6,19,38,33,5,0.8684,121179.24
Merchant_C,dLocal,card,CO,6,20,19,15,4,0.7895,123787.21
Merchant_C,dLocal,card,CO,6,21,17,16,1,0.9412,155426.38
Merchant_C,dLocal,card,CO,6,22,8,8,0,1.0,143321.15
Merchant_C,dLocal,card,CO,6,23,2,2,0,1.0,146013.44
Merchant_C,dLocal,card,MX,0,0,6,5,1,0.8333,1159.97
Merchant_C,dLocal,card,MX,0,1,1,1,0,1.0,90.0
Merchant_C,dLocal,card,MX,0,2,3,1,2,0.3333,580.1
Merchant_C,dLocal,card,MX,0,3,3,2,1,0.6667,1048.32
Merchant_C,dLocal,card,MX,0,4,1,1,0,1.0,1341.54
Merchant_C,dLocal,card,MX,0,5,1,1,0,1.0,90.0
Merchant_C,dLocal,card,MX,0,6,9,9,0,1.0,882.88
Merchant_C,dLocal,card,MX,0,7,26,24,2,0.9231,927.18
Merchant_C,dLocal,card,MX,0,8,44,40,4,0.9091,960.1
Merchant_C,dLocal,card,MX,0,9,50,46,4,0.92,848.36
Merchant_C,dLocal,card,MX,0,10,49,44,5,0.898,968.99
Merchant_C,dLocal,card,MX,0,11,64,53,11,0.8281,892.69
Merchant_C,dLocal,card,MX,0,12,76,70,6,0.9211,877.63
Merchant_C,dLocal,card,MX,0,13,60,51,9,0.85,810.27
Merchant_C,dLocal,card,MX,0,14,66,58,8,0.8788,916.93
Merchant_C,dLocal,card,MX,0,15,52,47,5,0.9038,941.36
Merchant_C,dLocal,card,MX,0,16,53,43,10,0.8113,959.67
Merchant_C,dLocal,card,MX,0,17,44,38,6,0.8636,1042.42
Merchant_C,dLocal,card,MX,0,18,39,33,6,0.8462,999.88
Merchant_C,dLocal,card,MX,0,19,43,40,3,0.9302,906.56
Merchant_C,dLocal,card,MX,0,20,18,15,3,0.8333,700.92
Merchant_C,dLocal,card,MX,0,21,9,8,1,0.8889,515.6
Merchant_C,dLocal,card,MX,0,22,12,10,2,0.8333,767.49
Merchant_C,dLocal,card,MX,0,23,9,8,1,0.8889,970.57
Merchant_C,dLocal,card,MX,1,0,10,8,2,0.8,1058.48
Merchant_C,dLocal,card,MX,1,1,3,3,0,1.0,823.59
Merchant_C,dLocal,card,MX,1,2,2,1,1,0.5,1325.08
Merchant_C,dLocal,card,MX,1,3,1,1,0,1.0,621.69
Merchant_C,dLocal,card,MX,1,4,3,3,0,1.0,1096.96
Merchant_C,dLocal,card,MX,1,5,4,4,0,1.0,879.08
Merchant_C,dLocal,card,MX,1,6,16,15,1,0.9375,1169.22
Merchant_C,dLocal,card,MX,1,7,26,17,9,0.6538,915.59
Merchant_C,dLocal,card,MX,1,8,40,38,2,0.95,914.87
Merchant_C,dLocal,card,MX,1,9,50,44,6,0.88,946.08
Merchant_C,dLocal,card,MX,1,10,55,48,7,0.8727,858.95
Merchant_C,dLocal,card,MX,1,11,63,56,7,0.8889,887.69
Merchant_C,dLocal,card,MX,1,12,63,55,8,0.873,872.82
Merchant_C,dLocal,card,MX,1,13,65,57,8,0.8769,844.85
Merchant_C,dLocal,card,MX,1,14,72,63,9,0.875,919.69
Merchant_C,dLocal,card,MX,1,15,70,59,11,0.8429,865.71
Merchant_C,dLocal,card,MX,1,16,52,45,7,0.8654,770.63
Merchant_C,dLocal,card,MX,1,17,67,56,11,0.8358,874.73
Merchant_C,dLocal,card,MX,1,18,54,46,8,0.8519,959.71
Merchant_C,dLocal,card,MX,1,19,40,33,7,0.825,955.94
Merchant_C,dLocal,card,MX,1,20,42,42,0,1.0,918.45
Merchant_C,dLocal,card,MX,1,21,16,15,1,0.9375,1087.74
Merchant_C,dLocal,card,MX,1,22,9,9,0,1.0,674.52
Merchant_C,dLocal,card,MX,1,23,3,2,1,0.6667,690.58
Merchant_C,dLocal,card,MX,2,0,8,8,0,1.0,1011.19
Merchant_C,dLocal,card,MX,2,1,2,1,1,0.5,598.07
Merchant_C,dLocal,card,MX,2,2,3,3,0,1.0,1148.84
Merchant_C,dLocal,card,MX,2,3,1,1,0,1.0,1054.82
Merchant_C,dLocal,card,MX,2,5,10,9,1,0.9,775.5
Merchant_C,dLocal,card,MX,2,6,15,13,2,0.8667,1124.48
Merchant_C,dLocal,card,MX,2,7,34,32,2,0.9412,915.31
Merchant_C,dLocal,card,MX,2,8,45,38,7,0.8444,956.66
Merchant_C,dLocal,card,MX,2,9,63,54,9,0.8571,865.55
Merchant_C,dLocal,card,MX,2,10,55,51,4,0.9273,914.32
Merchant_C,dLocal,card,MX,2,11,72,59,13,0.8194,907.16
Merchant_C,dLocal,card,MX,2,12,77,66,11,0.8571,959.19
Merchant_C,dLocal,card,MX,2,13,58,54,4,0.931,863.96
Merchant_C,dLocal,card,MX,2,14,78,73,5,0.9359,902.59
Merchant_C,dLocal,card,MX,2,15,51,45,6,0.8824,792.05
Merchant_C,dLocal,card,MX,2,16,52,49,3,0.9423,915.6
Merchant_C,dLocal,card,MX,2,17,67,60,7,0.8955,941.05
Merchant_C,dLocal,card,MX,2,18,52,45,7,0.8654,790.34
Merchant_C,dLocal,card,MX,2,19,47,40,7,0.8511,1061.55
Merchant_C,dLocal,card,MX,2,20,28,24,4,0.8571,791.37
Merchant_C,dLocal,card,MX,2,21,18,16,2,0.8889,731.8
Merchant_C,dLocal,card,MX,2,22,13,13,0,1.0,829.59
Merchant_C,dLocal,card,MX,2,23,4,4,0,1.0,892.36
Merchant_C,dLocal,card,MX,3,0,15,11,4,0.7333,864.66
Merchant_C,dLocal,card,MX,3,1,3,2,1,0.6667,1591.6
Merchant_C,dLocal,card,MX,3,2,4,3,1,0.75,690.17
Merchant_C,dLocal,card,MX,3,3,2,2,0,1.0,1628.68
Merchant_C,dLocal,card,MX,3,4,3,2,1,0.6667,1241.01
Merchant_C,dLocal,card,MX,3,5,7,5,2,0.7143,647.33
Merchant_C,dLocal,card,MX,3,6,15,13,2,0.8667,827.99
Merchant_C,dLocal,card,MX,3,7,30,28,2,0.9333,1036.49
Merchant_C,dLocal,card,MX,3,8,40,34,6,0.85,931.16
Merchant_C,dLocal,card,MX,3,9,52,46,6,0.8846,806.85
Merchant_C,dLocal,card,MX,3,10,59,49,10,0.8305,895.4
Merchant_C,dLocal,card,MX,3,11,66,62,4,0.9394,941.47
Merchant_C,dLocal,card,MX,3,12,96,85,11,0.8854,907.4
Merchant_C,dLocal,card,MX,3,13,68,60,8,0.8824,825.44
Merchant_C,dLocal,card,MX,3,14,75,65,10,0.8667,895.92
Merchant_C,dLocal,card,MX,3,15,58,54,4,0.931,775.42
Merchant_C,dLocal,card,MX,3,16,60,47,13,0.7833,923.24
Merchant_C,dLocal,card,MX,3,17,49,40,9,0.8163,889.64
Merchant_C,dLocal,card,MX,3,18,60,50,10,0.8333,877.91
Merchant_C,dLocal,card,MX,3,19,33,30,3,0.9091,904.24
Merchant_C,dLocal,card,MX,3,20,30,26,4,0.8667,963.78
Merchant_C,dLocal,card,MX,3,21,17,12,5,0.7059,865.9
Merchant_C,dLocal,card,MX,3,22,11,7,4,0.6364,1022.73
Merchant_C,dLocal,card,MX,3,23,7,7,0,1.0,663.65
Merchant_C,dLocal,card,MX,4,0,6,6,0,1.0,816.92
Merchant_C,dLocal,card,MX,4,1,3,3,0,1.0,1698.88
Merchant_C,dLocal,card,MX,4,2,1,0,1,0.0,90.0
Merchant_C,dLocal,card,MX,4,3,2,2,0,1.0,1149.75
Merchant_C,dLocal,card,MX,4,4,4,4,0,1.0,700.18
Merchant_C,dLocal,card,MX,4,5,5,4,1,0.8,882.44
Merchant_C,dLocal,card,MX,4,6,12,11,1,0.9167,655.09
Merchant_C,dLocal,card,MX,4,7,20,17,3,0.85,944.54
Merchant_C,dLocal,card,MX,4,8,36,31,5,0.8611,1034.0
Merchant_C,dLocal,card,MX,4,9,55,49,6,0.8909,952.24
Merchant_C,dLocal,card,MX,4,10,70,62,8,0.8857,848.65
Merchant_C,dLocal,card,MX,4,11,79,72,7,0.9114,939.99
Merchant_C,dLocal,card,MX,4,12,79,66,13,0.8354,938.73
Merchant_C,dLocal,card,MX,4,13,67,57,10,0.8507,929.64
Merchant_C,dLocal,card,MX,4,14,61,55,6,0.9016,862.53
Merchant_C,dLocal,card,MX,4,15,61,57,4,0.9344,997.41
Merchant_C,dLocal,card,MX,4,16,67,58,9,0.8657,1085.73
Merchant_C,dLocal,card,MX,4,17,61,53,8,0.8689,877.62
Merchant_C,dLocal,card,MX,4,18,59,55,4,0.9322,923.06
Merchant_C,dLocal,card,MX,4,19,35,29,6,0.8286,882.37
Merchant_C,dLocal,card,MX,4,20,32,31,1,0.9688,754.73
Merchant_C,dLocal,card,MX,4,21,10,9,1,0.9,1125.9
Merchant_C,dLocal,card,MX,4,22,7,5,2,0.7143,1080.46
Merchant_C,dLocal,card,MX,4,23,8,7,1,0.875,1151.66
Merchant_C,dLocal,card,MX,5,0,7,5,2,0.7143,1289.88
Merchant_C,dLocal,card,MX,5,1,2,2,0,1.0,1960.87
Merchant_C,dLocal,card,MX,5,2,1,1,0,1.0,812.71
Merchant_C,dLocal,card,MX,5,3,3,3,0,1.0,646.95
Merchant_C,dLocal,card,MX,5,4,2,2,0,1.0,1405.57
Merchant_C,dLocal,card,MX,5,5,7,4,3,0.5714,1067.07
Merchant_C,dLocal,card,MX,5,6,18,14,4,0.7778,827.68
Merchant_C,dLocal,card,MX,5,7,34,26,8,0.7647,965.9
Merchant_C,dLocal,card,MX,5,8,37,32,5,0.8649,1014.3
Merchant_C,dLocal,card,MX,5,9,57,50,7,0.8772,886.33
Merchant_C,dLocal,card,MX,5,10,114,95,19,0.8333,870.89
Merchant_C,dLocal,card,MX,5,11,52,44,8,0.8462,832.96
Merchant_C,dLocal,card,MX,5,12,61,55,6,0.9016,809.41
Merchant_C,dLocal,card,MX,5,13,68,57,11,0.8382,860.11
Merchant_C,dLocal,card,MX,5,14,61,51,10,0.8361,1010.5
Merchant_C,dLocal,card,MX,5,15,56,53,3,0.9464,873.35
Merchant_C,dLocal,card,MX,5,16,55,47,8,0.8545,893.24
Merchant_C,dLocal,card,MX,5,17,69,59,10,0.8551,977.93
Merchant_C,dLocal,card,MX,5,18,55,45,10,0.8182,942.89
Merchant_C,dLocal,card,MX,5,19,33,31,2,0.9394,896.23
Merchant_C,dLocal,card,MX,5,20,15,12,3,0.8,823.9
Merchant_C,dLocal,card,MX,5,21,12,12,0,1.0,1085.68
Merchant_C,dLocal,card,MX,5,22,10,8,2,0.8,989.38
Merchant_C,dLocal,card,MX,5,23,10,8,2,0.8,1401.33
Merchant_C,dLocal,card,MX,6,0,16,13,3,0.8125,784.69
Merchant_C,dLocal,card,MX,6,1,3,3,0,1.0,904.5
Merchant_C,dLocal,card,MX,6,2,3,2,1,0.6667,773.63
Merchant_C,dLocal,card,MX,6,3,1,1,0,1.0,890.07
Merchant_C,dLocal,card,MX,6,4,2,2,0,1.0,1287.6
Merchant_C,dLocal,card,MX,6,5,5,5,0,1.0,1020.72
Merchant_C,dLocal,card,MX,6,6,12,9,3,0.75,976.82
Merchant_C,dLocal,card,MX,6,7,25,22,3,0.88,1004.69
Merchant_C,dLocal,card,MX,6,8,30,27,3,0.9,936.46
Merchant_C,dLocal,card,MX,6,9,49,45,4,0.9184,894.99
Merchant_C,dLocal,card,MX,6,10,58,47,11,0.8103,835.83
Merchant_C,dLocal,card,MX,6,11,59,45,14,0.7627,900.84
Merchant_C,dLocal,card,MX,6,12,71,64,7,0.9014,966.12
Merchant_C,dLocal,card,MX,6,13,65,56,9,0.8615,839.44
Merchant_C,dLocal,card,MX,6,14,44,37,7,0.8409,864.1
Merchant_C,dLocal,card,MX,6,15,51,47,4,0.9216,1068.58
Merchant_C,dLocal,card,MX,6,16,48,41,7,0.8542,896.97
Merchant_C,dLocal,card,MX,6,17,41,35,6,0.8537,842.36
Merchant_C,dLocal,card,MX,6,18,48,40,8,0.8333,975.14
Merchant_C,dLocal,card,MX,6,19,31,29,2,0.9355,820.79
Merchant_C,dLocal,card,MX,6,20,32,29,3,0.9062,1193.22
Merchant_C,dLocal,card,MX,6,21,13,12,1,0.9231,690.26
Merchant_C,dLocal,card,MX,6,22,9,8,1,0.8889,867.53
Merchant_C,dLocal,card,MX,6,23,5,3,2,0.6,1142.29
Merchant_C,dLocal,cash_in_store,MX,0,0,8,7,1,0.875,702.18
Merchant_C,dLocal,cash_in_store,MX,0,1,5,4,1,0.8,552.24
Merchant_C,dLocal,cash_in_store,MX,0,2,4,2,2,0.5,845.22
Merchant_C,dLocal,cash_in_store,MX,0,3,1,1,0,1.0,1848.24
Merchant_C,dLocal,cash_in_store,MX,0,4,2,2,0,1.0,240.92
Merchant_C,dLocal,cash_in_store,MX,0,5,2,1,1,0.5,770.16
Merchant_C,dLocal,cash_in_store,MX,0,6,11,9,2,0.8182,1149.87
Merchant_C,dLocal,cash_in_store,MX,0,7,20,17,3,0.85,847.68
Merchant_C,dLocal,cash_in_store,MX,0,8,30,24,6,0.8,935.27
Merchant_C,dLocal,cash_in_store,MX,0,9,49,42,7,0.8571,879.1
Merchant_C,dLocal,cash_in_store,MX,0,10,49,42,7,0.8571,844.07
Merchant_C,dLocal,cash_in_store,MX,0,11,54,42,12,0.7778,911.06
Merchant_C,dLocal,cash_in_store,MX,0,12,76,68,8,0.8947,827.65
Merchant_C,dLocal,cash_in_store,MX,0,13,64,50,14,0.7812,879.11
Merchant_C,dLocal,cash_in_store,MX,0,14,61,53,8,0.8689,878.97
Merchant_C,dLocal,cash_in_store,MX,0,15,63,52,11,0.8254,943.78
Merchant_C,dLocal,cash_in_store,MX,0,16,65,55,10,0.8462,904.28
Merchant_C,dLocal,cash_in_store,MX,0,17,51,47,4,0.9216,819.09
Merchant_C,dLocal,cash_in_store,MX,0,18,40,38,2,0.95,863.81
Merchant_C,dLocal,cash_in_store,MX,0,19,37,32,5,0.8649,915.75
Merchant_C,dLocal,cash_in_store,MX,0,20,25,20,5,0.8,1021.9
Merchant_C,dLocal,cash_in_store,MX,0,21,11,7,4,0.6364,819.27
Merchant_C,dLocal,cash_in_store,MX,0,22,8,6,2,0.75,1058.87
Merchant_C,dLocal,cash_in_store,MX,0,23,6,5,1,0.8333,808.06
Merchant_C,dLocal,cash_in_store,MX,1,0,11,7,4,0.6364,833.86
Merchant_C,dLocal,cash_in_store,MX,1,1,6,6,0,1.0,858.17
Merchant_C,dLocal,cash_in_store,MX,1,4,2,1,1,0.5,1217.84
Merchant_C,dLocal,cash_in_store,MX,1,5,1,1,0,1.0,567.91
Merchant_C,dLocal,cash_in_store,MX,1,6,9,7,2,0.7778,801.18
Merchant_C,dLocal,cash_in_store,MX,1,7,22,17,5,0.7727,876.77
Merchant_C,dLocal,cash_in_store,MX,1,8,49,47,2,0.9592,859.18
Merchant_C,dLocal,cash_in_store,MX,1,9,58,45,13,0.7759,993.28
Merchant_C,dLocal,cash_in_store,MX,1,10,86,73,13,0.8488,819.86
Merchant_C,dLocal,cash_in_store,MX,1,11,74,67,7,0.9054,838.9
Merchant_C,dLocal,cash_in_store,MX,1,12,52,39,13,0.75,879.89
Merchant_C,dLocal,cash_in_store,MX,1,13,79,65,14,0.8228,877.48
Merchant_C,dLocal,cash_in_store,MX,1,14,49,44,5,0.898,910.98
Merchant_C,dLocal,cash_in_store,MX,1,15,57,51,6,0.8947,816.99
Merchant_C,dLocal,cash_in_store,MX,1,16,54,43,11,0.7963,891.88
Merchant_C,dLocal,cash_in_store,MX,1,17,58,44,14,0.7586,917.0
Merchant_C,dLocal,cash_in_store,MX,1,18,47,38,9,0.8085,939.0
Merchant_C,dLocal,cash_in_store,MX,1,19,45,37,8,0.8222,1169.99
Merchant_C,dLocal,cash_in_store,MX,1,20,30,26,4,0.8667,1059.21
Merchant_C,dLocal,cash_in_store,MX,1,21,12,12,0,1.0,973.1
Merchant_C,dLocal,cash_in_store,MX,1,22,13,11,2,0.8462,1016.32
Merchant_C,dLocal,cash_in_store,MX,1,23,4,3,1,0.75,1029.26
Merchant_C,dLocal,cash_in_store,MX,2,0,9,8,1,0.8889,856.01
Merchant_C,dLocal,cash_in_store,MX,2,1,4,3,1,0.75,740.68
Merchant_C,dLocal,cash_in_store,MX,2,2,3,2,1,0.6667,1251.32
Merchant_C,dLocal,cash_in_store,MX,2,3,3,2,1,0.6667,1303.5
Merchant_C,dLocal,cash_in_store,MX,2,4,3,3,0,1.0,984.78
Merchant_C,dLocal,cash_in_store,MX,2,5,6,5,1,0.8333,955.4
Merchant_C,dLocal,cash_in_store,MX,2,6,12,10,2,0.8333,1070.76
Merchant_C,dLocal,cash_in_store,MX,2,7,32,29,3,0.9062,1046.61
Merchant_C,dLocal,cash_in_store,MX,2,8,54,47,7,0.8704,837.9
Merchant_C,dLocal,cash_in_store,MX,2,9,55,51,4,0.9273,909.22
Merchant_C,dLocal,cash_in_store,MX,2,10,61,55,6,0.9016,827.39
Merchant_C,dLocal,cash_in_store,MX,2,11,71,65,6,0.9155,835.04
Merchant_C,dLocal,cash_in_store,MX,2,12,86,74,12,0.8605,878.93
Merchant_C,dLocal,cash_in_store,MX,2,13,68,61,7,0.8971,915.67
Merchant_C,dLocal,cash_in_store,MX,2,14,57,47,10,0.8246,908.53
Merchant_C,dLocal,cash_in_store,MX,2,15,69,61,8,0.8841,891.17
Merchant_C,dLocal,cash_in_store,MX,2,16,58,51,7,0.8793,819.0
Merchant_C,dLocal,cash_in_store,MX,2,17,53,49,4,0.9245,768.93
Merchant_C,dLocal,cash_in_store,MX,2,18,50,39,11,0.78,991.27
Merchant_C,dLocal,cash_in_store,MX,2,19,38,34,4,0.8947,880.24
Merchant_C,dLocal,cash_in_store,MX,2,20,33,28,5,0.8485,889.89
Merchant_C,dLocal,cash_in_store,MX,2,21,22,21,1,0.9545,863.35
Merchant_C,dLocal,cash_in_store,MX,2,22,11,10,1,0.9091,1140.98
Merchant_C,dLocal,cash_in_store,MX,2,23,5,4,1,0.8,1047.45
Merchant_C,dLocal,cash_in_store,MX,3,0,6,6,0,1.0,463.42
Merchant_C,dLocal,cash_in_store,MX,3,1,2,2,0,1.0,792.2
Merchant_C,dLocal,cash_in_store,MX,3,2,3,2,1,0.6667,674.42
Merchant_C,dLocal,cash_in_store,MX,3,3,2,1,1,0.5,1183.58
Merchant_C,dLocal,cash_in_store,MX,3,4,3,3,0,1.0,786.49
Merchant_C,dLocal,cash_in_store,MX,3,5,5,5,0,1.0,1163.24
Merchant_C,dLocal,cash_in_store,MX,3,6,11,9,2,0.8182,1053.34
Merchant_C,dLocal,cash_in_store,MX,3,7,27,25,2,0.9259,723.32
Merchant_C,dLocal,cash_in_store,MX,3,8,45,38,7,0.8444,976.98
Merchant_C,dLocal,cash_in_store,MX,3,9,52,44,8,0.8462,855.14
Merchant_C,dLocal,cash_in_store,MX,3,10,76,62,14,0.8158,829.75
Merchant_C,dLocal,cash_in_store,MX,3,11,71,60,11,0.8451,989.99
Merchant_C,dLocal,cash_in_store,MX,3,12,69,55,14,0.7971,875.05
Merchant_C,dLocal,cash_in_store,MX,3,13,52,46,6,0.8846,971.27
Merchant_C,dLocal,cash_in_store,MX,3,14,51,44,7,0.8627,969.29
Merchant_C,dLocal,cash_in_store,MX,3,15,64,53,11,0.8281,1051.41
Merchant_C,dLocal,cash_in_store,MX,3,16,51,41,10,0.8039,916.58
Merchant_C,dLocal,cash_in_store,MX,3,17,68,57,11,0.8382,896.05
Merchant_C,dLocal,cash_in_store,MX,3,18,47,39,8,0.8298,971.17
Merchant_C,dLocal,cash_in_store,MX,3,19,42,34,8,0.8095,949.35
Merchant_C,dLocal,cash_in_store,MX,3,20,24,23,1,0.9583,898.01
Merchant_C,dLocal,cash_in_store,MX,3,21,18,13,5,0.7222,1235.26
Merchant_C,dLocal,cash_in_store,MX,3,22,15,12,3,0.8,839.01
Merchant_C,dLocal,cash_in_store,MX,3,23,6,5,1,0.8333,1008.95
Merchant_C,dLocal,cash_in_store,MX,4,0,8,8,0,1.0,877.74
Merchant_C,dLocal,cash_in_store,MX,4,1,3,2,1,0.6667,814.45
Merchant_C,dLocal,cash_in_store,MX,4,2,3,3,0,1.0,950.49
Merchant_C,dLocal,cash_in_store,MX,4,3,4,3,1,0.75,822.44
Merchant_C,dLocal,cash_in_store,MX,4,4,5,4,1,0.8,991.64
Merchant_C,dLocal,cash_in_store,MX,4,5,2,2,0,1.0,772.62
Merchant_C,dLocal,cash_in_store,MX,4,6,17,14,3,0.8235,851.67
Merchant_C,dLocal,cash_in_store,MX,4,7,29,25,4,0.8621,737.92
Merchant_C,dLocal,cash_in_store,MX,4,8,44,37,7,0.8409,915.94
Merchant_C,dLocal,cash_in_store,MX,4,9,72,61,11,0.8472,903.84
Merchant_C,dLocal,cash_in_store,MX,4,10,59,48,11,0.8136,834.72
Merchant_C,dLocal,cash_in_store,MX,4,11,54,44,10,0.8148,859.83
Merchant_C,dLocal,cash_in_store,MX,4,12,77,64,13,0.8312,870.13
Merchant_C,dLocal,cash_in_store,MX,4,13,66,51,15,0.7727,992.72
Merchant_C,dLocal,cash_in_store,MX,4,14,69,59,10,0.8551,860.18
Merchant_C,dLocal,cash_in_store,MX,4,15,68,55,13,0.8088,897.2
Merchant_C,dLocal,cash_in_store,MX,4,16,57,43,14,0.7544,974.7
Merchant_C,dLocal,cash_in_store,MX,4,17,54,46,8,0.8519,865.79
Merchant_C,dLocal,cash_in_store,MX,4,18,46,38,8,0.8261,874.8
Merchant_C,dLocal,cash_in_store,MX,4,19,36,27,9,0.75,926.82
Merchant_C,dLocal,cash_in_store,MX,4,20,36,30,6,0.8333,908.13
Merchant_C,dLocal,cash_in_store,MX,4,21,13,9,4,0.6923,1230.38
Merchant_C,dLocal,cash_in_store,MX,4,22,12,11,1,0.9167,921.15
Merchant_C,dLocal,cash_in_store,MX,4,23,7,6,1,0.8571,706.3
Merchant_C,dLocal,cash_in_store,MX,5,0,1,1,0,1.0,438.45
Merchant_C,dLocal,cash_in_store,MX,5,1,2,2,0,1.0,851.94
Merchant_C,dLocal,cash_in_store,MX,5,2,3,3,0,1.0,1111.82
Merchant_C,dLocal,cash_in_store,MX,5,3,3,3,0,1.0,1025.14
Merchant_C,dLocal,cash_in_store,MX,5,4,2,2,0,1.0,495.64
Merchant_C,dLocal,cash_in_store,MX,5,5,7,7,0,1.0,1146.61
Merchant_C,dLocal,cash_in_store,MX,5,6,9,7,2,0.7778,692.07
Merchant_C,dLocal,cash_in_store,MX,5,7,26,22,4,0.8462,851.93
Merchant_C,dLocal,cash_in_store,MX,5,8,37,32,5,0.8649,869.77
Merchant_C,dLocal,cash_in_store,MX,5,9,62,55,7,0.8871,1029.11
Merchant_C,dLocal,cash_in_store,MX,5,10,119,102,17,0.8571,857.34
Merchant_C,dLocal,cash_in_store,MX,5,11,77,66,11,0.8571,880.67
Merchant_C,dLocal,cash_in_store,MX,5,12,62,50,12,0.8065,852.81
Merchant_C,dLocal,cash_in_store,MX,5,13,55,48,7,0.8727,882.25
Merchant_C,dLocal,cash_in_store,MX,5,14,51,43,8,0.8431,854.81
Merchant_C,dLocal,cash_in_store,MX,5,15,60,55,5,0.9167,934.51
Merchant_C,dLocal,cash_in_store,MX,5,16,44,28,16,0.6364,848.1
Merchant_C,dLocal,cash_in_store,MX,5,17,47,41,6,0.8723,824.87
Merchant_C,dLocal,cash_in_store,MX,5,18,33,30,3,0.9091,932.67
Merchant_C,dLocal,cash_in_store,MX,5,19,45,41,4,0.9111,844.56
Merchant_C,dLocal,cash_in_store,MX,5,20,26,21,5,0.8077,1036.43
Merchant_C,dLocal,cash_in_store,MX,5,21,17,13,4,0.7647,954.93
Merchant_C,dLocal,cash_in_store,MX,5,22,10,10,0,1.0,845.13
Merchant_C,dLocal,cash_in_store,MX,5,23,2,2,0,1.0,772.21
Merchant_C,dLocal,cash_in_store,MX,6,0,6,4,2,0.6667,1084.66
Merchant_C,dLocal,cash_in_store,MX,6,1,2,1,1,0.5,813.44
Merchant_C,dLocal,cash_in_store,MX,6,2,5,5,0,1.0,966.43
Merchant_C,dLocal,cash_in_store,MX,6,3,1,1,0,1.0,1871.71
Merchant_C,dLocal,cash_in_store,MX,6,4,1,1,0,1.0,818.52
Merchant_C,dLocal,cash_in_store,MX,6,5,4,3,1,0.75,550.46
Merchant_C,dLocal,cash_in_store,MX,6,6,16,13,3,0.8125,808.36
Merchant_C,dLocal,cash_in_store,MX,6,7,19,18,1,0.9474,1029.0
Merchant_C,dLocal,cash_in_store,MX,6,8,36,31,5,0.8611,1067.93
Merchant_C,dLocal,cash_in_store,MX,6,9,64,50,14,0.7812,901.2
Merchant_C,dLocal,cash_in_store,MX,6,10,58,50,8,0.8621,943.8
Merchant_C,dLocal,cash_in_store,MX,6,11,63,52,11,0.8254,885.61
Merchant_C,dLocal,cash_in_store,MX,6,12,70,62,8,0.8857,934.62
Merchant_C,dLocal,cash_in_store,MX,6,13,65,52,13,0.8,882.87
Merchant_C,dLocal,cash_in_store,MX,6,14,53,42,11,0.7925,848.29
Merchant_C,dLocal,cash_in_store,MX,6,15,43,40,3,0.9302,897.56
Merchant_C,dLocal,cash_in_store,MX,6,16,49,41,8,0.8367,864.7
Merchant_C,dLocal,cash_in_store,MX,6,17,60,52,8,0.8667,987.92
Merchant_C,dLocal,cash_in_store,MX,6,18,55,47,8,0.8545,849.32
Merchant_C,dLocal,cash_in_store,MX,6,19,43,35,8,0.814,1078.31
Merchant_C,dLocal,cash_in_store,MX,6,20,22,18,4,0.8182,878.82
Merchant_C,dLocal,cash_in_store,MX,6,21,15,10,5,0.6667,978.61
Merchant_C,dLocal,cash_in_store,MX,6,22,9,7,2,0.7778,1031.06
Merchant_C,dLocal,cash_in_store,MX,6,23,3,2,1,0.6667,926.71
Merchant_C,dLocal,wallet,BR,0,0,4,4,0,1.0,233.12
Merchant_C,dLocal,wallet,BR,0,1,2,2,0,1.0,137.64
Merchant_C,dLocal,wallet,BR,0,2,4,4,0,1.0,351.55
Merchant_C,dLocal,wallet,BR,0,3,3,2,1,0.6667,272.7
Merchant_C,dLocal,wallet,BR,0,4,4,2,2,0.5,401.06
Merchant_C,dLocal,wallet,BR,0,5,7,7,0,1.0,254.33
Merchant_C,dLocal,wallet,BR,0,6,9,8,1,0.8889,288.79
Merchant_C,dLocal,wallet,BR,0,7,23,21,2,0.913,292.28
Merchant_C,dLocal,wallet,BR,0,8,30,28,2,0.9333,281.15
Merchant_C,dLocal,wallet,BR,0,9,54,48,6,0.8889,288.26
Merchant_C,dLocal,wallet,BR,0,10,55,51,4,0.9273,278.6
Merchant_C,dLocal,wallet,BR,0,11,62,57,5,0.9194,282.18
Merchant_C,dLocal,wallet,BR,0,12,79,74,5,0.9367,279.73
Merchant_C,dLocal,wallet,BR,0,13,62,59,3,0.9516,300.19
Merchant_C,dLocal,wallet,BR,0,14,63,57,6,0.9048,257.47
Merchant_C,dLocal,wallet,BR,0,15,43,39,4,0.907,289.68
Merchant_C,dLocal,wallet,BR,0,16,53,48,5,0.9057,262.6
Merchant_C,dLocal,wallet,BR,0,17,49,45,4,0.9184,289.7
Merchant_C,dLocal,wallet,BR,0,18,48,42,6,0.875,305.48
Merchant_C,dLocal,wallet,BR,0,19,34,30,4,0.8824,294.71
Merchant_C,dLocal,wallet,BR,0,20,30,26,4,0.8667,262.0
Merchant_C,dLocal,wallet,BR,0,21,11,10,1,0.9091,256.44
Merchant_C,dLocal,wallet,BR,0,22,8,8,0,1.0,317.32
Merchant_C,dLocal,wallet,BR,0,23,7,7,0,1.0,225.61
Merchant_C,dLocal,wallet,BR,1,0,6,6,0,1.0,328.12
Merchant_C,dLocal,wallet,BR,1,1,6,6,0,1.0,184.15
Merchant_C,dLocal,wallet,BR,1,2,3,3,0,1.0,388.18
Merchant_C,dLocal,wallet,BR,1,3,1,1,0,1.0,213.8
Merchant_C,dLocal,wallet,BR,1,4,1,0,1,0.0,295.16
Merchant_C,dLocal,wallet,BR,1,5,6,6,0,1.0,369.16
Merchant_C,dLocal,wallet,BR,1,6,12,11,1,0.9167,226.26
Merchant_C,dLocal,wallet,BR,1,7,36,35,1,0.9722,300.89
Merchant_C,dLocal,wallet,BR,1,8,37,35,2,0.9459,290.74
Merchant_C,dLocal,wallet,BR,1,9,51,49,2,0.9608,303.44
Merchant_C,dLocal,wallet,BR,1,10,73,64,9,0.8767,283.12
Merchant_C,dLocal,wallet,BR,1,11,81,76,5,0.9383,280.54
Merchant_C,dLocal,wallet,BR,1,12,69,63,6,0.913,268.36
Merchant_C,dLocal,wallet,BR,1,13,80,72,8,0.9,293.27
Merchant_C,dLocal,wallet,BR,1,14,72,65,7,0.9028,300.74
Merchant_C,dLocal,wallet,BR,1,15,74,67,7,0.9054,254.51
Merchant_C,dLocal,wallet,BR,1,16,65,60,5,0.9231,262.39
Merchant_C,dLocal,wallet,BR,1,17,64,59,5,0.9219,272.46
Merchant_C,dLocal,wallet,BR,1,18,45,43,2,0.9556,317.77
Merchant_C,dLocal,wallet,BR,1,19,31,31,0,1.0,277.73
Merchant_C,dLocal,wallet,BR,1,20,29,26,3,0.8966,300.24
Merchant_C,dLocal,wallet,BR,1,21,6,6,0,1.0,266.12
Merchant_C,dLocal,wallet,BR,1,22,14,13,1,0.9286,321.53
Merchant_C,dLocal,wallet,BR,1,23,14,14,0,1.0,248.19
Merchant_C,dLocal,wallet,BR,2,0,3,3,0,1.0,344.42
Merchant_C,dLocal,wallet,BR,2,1,1,1,0,1.0,255.52
Merchant_C,dLocal,wallet,BR,2,2,1,1,0,1.0,238.75
Merchant_C,dLocal,wallet,BR,2,3,1,1,0,1.0,364.76
Merchant_C,dLocal,wallet,BR,2,4,1,1,0,1.0,666.13
Merchant_C,dLocal,wallet,BR,2,5,7,6,1,0.8571,282.89
Merchant_C,dLocal,wallet,BR,2,6,14,13,1,0.9286,343.48
Merchant_C,dLocal,wallet,BR,2,7,33,32,1,0.9697,308.25
Merchant_C,dLocal,wallet,BR,2,8,40,37,3,0.925,297.2
Merchant_C,dLocal,wallet,BR,2,9,52,46,6,0.8846,268.66
Merchant_C,dLocal,wallet,BR,2,10,54,49,5,0.9074,294.12
Merchant_C,dLocal,wallet,BR,2,11,87,79,8,0.908,246.32
Merchant_C,dLocal,wallet,BR,2,12,66,59,7,0.8939,283.13
Merchant_C,dLocal,wallet,BR,2,13,69,58,11,0.8406,277.44
Merchant_C,dLocal,wallet,BR,2,14,60,56,4,0.9333,296.74
Merchant_C,dLocal,wallet,BR,2,15,67,62,5,0.9254,294.74
Merchant_C,dLocal,wallet,BR,2,16,63,58,5,0.9206,280.16
Merchant_C,dLocal,wallet,BR,2,17,48,47,1,0.9792,290.94
Merchant_C,dLocal,wallet,BR,2,18,54,47,7,0.8704,308.21
Merchant_C,dLocal,wallet,BR,2,19,42,37,5,0.881,282.67
Merchant_C,dLocal,wallet,BR,2,20,28,25,3,0.8929,258.32
Merchant_C,dLocal,wallet,BR,2,21,17,16,1,0.9412,261.68
Merchant_C,dLocal,wallet,BR,2,22,5,4,1,0.8,344.05
Merchant_C,dLocal,wallet,BR,2,23,8,7,1,0.875,185.58
Merchant_C,dLocal,wallet,BR,3,0,6,6,0,1.0,279.44
Merchant_C,dLocal,wallet,BR,3,1,5,5,0,1.0,428.14
Merchant_C,dLocal,wallet,BR,3,2,2,2,0,1.0,384.14
Merchant_C,dLocal,wallet,BR,3,3,1,1,0,1.0,200.99
Merchant_C,dLocal,wallet,BR,3,4,3,3,0,1.0,260.91
Merchant_C,dLocal,wallet,BR,3,5,3,3,0,1.0,273.52
Merchant_C,dLocal,wallet,BR,3,6,7,7,0,1.0,345.58
Merchant_C,dLocal,wallet,BR,3,7,27,24,3,0.8889,317.33
Merchant_C,dLocal,wallet,BR,3,8,42,37,5,0.881,252.61
Merchant_C,dLocal,wallet,BR,3,9,51,48,3,0.9412,264.34
Merchant_C,dLocal,wallet,BR,3,10,65,59,6,0.9077,277.7
Merchant_C,dLocal,wallet,BR,3,11,78,70,8,0.8974,271.69
Merchant_C,dLocal,wallet,BR,3,12,74,64,10,0.8649,289.79
Merchant_C,dLocal,wallet,BR,3,13,68,66,2,0.9706,310.12
Merchant_C,dLocal,wallet,BR,3,14,74,63,11,0.8514,273.35
Merchant_C,dLocal,wallet,BR,3,15,76,70,6,0.9211,307.58
Merchant_C,dLocal,wallet,BR,3,16,69,63,6,0.913,257.79
Merchant_C,dLocal,wallet,BR,3,17,71,63,8,0.8873,304.76
Merchant_C,dLocal,wallet,BR,3,18,46,42,4,0.913,266.49
Merchant_C,dLocal,wallet,BR,3,19,40,38,2,0.95,249.52
Merchant_C,dLocal,wallet,BR,3,20,25,24,1,0.96,259.29
Merchant_C,dLocal,wallet,BR,3,21,14,13,1,0.9286,318.55
Merchant_C,dLocal,wallet,BR,3,22,10,10,0,1.0,321.22
Merchant_C,dLocal,wallet,BR,3,23,10,10,0,1.0,286.32
Merchant_C,dLocal,wallet,BR,4,0,8,8,0,1.0,279.24
Merchant_C,dLocal,wallet,BR,4,1,5,5,0,1.0,287.4
Merchant_C,dLocal,wallet,BR,4,2,3,3,0,1.0,189.22
Merchant_C,dLocal,wallet,BR,4,3,1,1,0,1.0,217.67
Merchant_C,dLocal,wallet,BR,4,4,3,3,0,1.0,288.8
Merchant_C,dLocal,wallet,BR,4,5,10,10,0,1.0,245.69
Merchant_C,dLocal,wallet,BR,4,6,8,8,0,1.0,250.65
Merchant_C,dLocal,wallet,BR,4,7,38,36,2,0.9474,234.01
Merchant_C,dLocal,wallet,BR,4,8,47,46,1,0.9787,291.89
Merchant_C,dLocal,wallet,BR,4,9,60,55,5,0.9167,254.24
Merchant_C,dLocal,wallet,BR,4,10,72,67,5,0.9306,257.61
Merchant_C,dLocal,wallet,BR,4,11,69,63,6,0.913,304.82
Merchant_C,dLocal,wallet,BR,4,12,63,60,3,0.9524,282.94
Merchant_C,dLocal,wallet,BR,4,13,69,63,6,0.913,270.97
Merchant_C,dLocal,wallet,BR,4,14,54,50,4,0.9259,325.28
Merchant_C,dLocal,wallet,BR,4,15,58,55,3,0.9483,280.48
Merchant_C,dLocal,wallet,BR,4,16,54,47,7,0.8704,287.5
Merchant_C,dLocal,wallet,BR,4,17,53,51,2,0.9623,272.46
Merchant_C,dLocal,wallet,BR,4,18,53,49,4,0.9245,277.11
Merchant_C,dLocal,wallet,BR,4,19,42,39,3,0.9286,302.85
Merchant_C,dLocal,wallet,BR,4,20,28,27,1,0.9643,239.79
Merchant_C,dLocal,wallet,BR,4,21,14,13,1,0.9286,227.22
Merchant_C,dLocal,wallet,BR,4,22,14,14,0,1.0,255.87
Merchant_C,dLocal,wallet,BR,4,23,7,7,0,1.0,290.71
Merchant_C,dLocal,wallet,BR,5,0,6,6,0,1.0,274.98
Merchant_C,dLocal,wallet,BR,5,1,2,0,2,0.0,229.06
Merchant_C,dLocal,wallet,BR,5,2,2,1,1,0.5,188.62
Merchant_C,dLocal,wallet,BR,5,3,1,1,0,1.0,305.85
Merchant_C,dLocal,wallet,BR,5,4,3,3,0,1.0,299.59
Merchant_C,dLocal,wallet,BR,5,5,6,4,2,0.6667,191.15
Merchant_C,dLocal,wallet,BR,5,6,15,14,1,0.9333,286.15
Merchant_C,dLocal,wallet,BR,5,7,26,25,1,0.9615,276.88
Merchant_C,dLocal,wallet,BR,5,8,46,46,0,1.0,316.23
Merchant_C,dLocal,wallet,BR,5,9,53,49,4,0.9245,288.22
Merchant_C,dLocal,wallet,BR,5,10,144,133,11,0.9236,268.37
Merchant_C,dLocal,wallet,BR,5,11,58,49,9,0.8448,313.89
Merchant_C,dLocal,wallet,BR,5,12,66,60,6,0.9091,267.13
Merchant_C,dLocal,wallet,BR,5,13,57,52,5,0.9123,282.01
Merchant_C,dLocal,wallet,BR,5,14,49,46,3,0.9388,251.14
Merchant_C,dLocal,wallet,BR,5,15,46,44,2,0.9565,300.8
Merchant_C,dLocal,wallet,BR,5,16,54,50,4,0.9259,303.11
Merchant_C,dLocal,wallet,BR,5,17,54,51,3,0.9444,278.1
Merchant_C,dLocal,wallet,BR,5,18,48,45,3,0.9375,311.57
Merchant_C,dLocal,wallet,BR,5,19,37,35,2,0.9459,239.73
Merchant_C,dLocal,wallet,BR,5,20,18,18,0,1.0,244.37
Merchant_C,dLocal,wallet,BR,5,21,22,20,2,0.9091,272.26
Merchant_C,dLocal,wallet,BR,5,22,7,6,1,0.8571,282.65
Merchant_C,dLocal,wallet,BR,5,23,6,6,0,1.0,366.86
Merchant_C,dLocal,wallet,BR,6,0,8,7,1,0.875,305.23
Merchant_C,dLocal,wallet,BR,6,1,1,1,0,1.0,139.48
Merchant_C,dLocal,wallet,BR,6,2,1,1,0,1.0,211.0
Merchant_C,dLocal,wallet,BR,6,3,2,2,0,1.0,303.56
Merchant_C,dLocal,wallet,BR,6,4,2,1,1,0.5,382.98
Merchant_C,dLocal,wallet,BR,6,5,4,4,0,1.0,329.28
Merchant_C,dLocal,wallet,BR,6,6,19,19,0,1.0,359.23
Merchant_C,dLocal,wallet,BR,6,7,23,20,3,0.8696,337.1
Merchant_C,dLocal,wallet,BR,6,8,48,43,5,0.8958,290.77
Merchant_C,dLocal,wallet,BR,6,9,43,37,6,0.8605,283.87
Merchant_C,dLocal,wallet,BR,6,10,65,62,3,0.9538,281.26
Merchant_C,dLocal,wallet,BR,6,11,65,62,3,0.9538,299.28
Merchant_C,dLocal,wallet,BR,6,12,67,62,5,0.9254,272.95
Merchant_C,dLocal,wallet,BR,6,13,57,53,4,0.9298,285.42
Merchant_C,dLocal,wallet,BR,6,14,64,57,7,0.8906,271.38
Merchant_C,dLocal,wallet,BR,6,15,62,53,9,0.8548,323.0
Merchant_C,dLocal,wallet,BR,6,16,55,50,5,0.9091,291.39
Merchant_C,dLocal,wallet,BR,6,17,64,61,3,0.9531,277.15
Merchant_C,dLocal,wallet,BR,6,18,41,34,7,0.8293,299.26
Merchant_C,dLocal,wallet,BR,6,19,35,33,2,0.9429,276.05
Merchant_C,dLocal,wallet,BR,6,20,27,23,4,0.8519,263.97
Merchant_C,dLocal,wallet,BR,6,21,24,23,1,0.9583,272.39
Merchant_C,dLocal,wallet,BR,6,22,14,13,1,0.9286,291.42
Merchant_C,dLocal,wallet,BR,6,23,7,5,2,0.7143,322.24
Merchant_C,dLocal,wallet,CO,0,0,3,3,0,1.0,79156.52
Merchant_C,dLocal,wallet,CO,0,1,3,3,0,1.0,172332.89
Merchant_C,dLocal,wallet,CO,0,2,3,2,1,0.6667,125676.07
Merchant_C,dLocal,wallet,CO,0,3,1,1,0,1.0,139715.26
Merchant_C,dLocal,wallet,CO,0,4,2,2,0,1.0,93647.14
Merchant_C,dLocal,wallet,CO,0,6,17,17,0,1.0,108175.52
Merchant_C,dLocal,wallet,CO,0,7,23,21,2,0.913,122841.62
Merchant_C,dLocal,wallet,CO,0,8,30,29,1,0.9667,143146.69
Merchant_C,dLocal,wallet,CO,0,9,50,46,4,0.92,127747.78
Merchant_C,dLocal,wallet,CO,0,10,49,43,6,0.8776,124296.34
Merchant_C,dLocal,wallet,CO,0,11,66,62,4,0.9394,129872.85
Merchant_C,dLocal,wallet,CO,0,12,68,63,5,0.9265,127646.42
Merchant_C,dLocal,wallet,CO,0,13,73,68,5,0.9315,142120.22
Merchant_C,dLocal,wallet,CO,0,14,62,57,5,0.9194,121100.45
Merchant_C,dLocal,wallet,CO,0,15,51,49,2,0.9608,121325.52
Merchant_C,dLocal,wallet,CO,0,16,43,42,1,0.9767,134690.41
Merchant_C,dLocal,wallet,CO,0,17,52,47,5,0.9038,125699.74
Merchant_C,dLocal,wallet,CO,0,18,47,43,4,0.9149,119197.55
Merchant_C,dLocal,wallet,CO,0,19,32,29,3,0.9062,103764.85
Merchant_C,dLocal,wallet,CO,0,20,30,28,2,0.9333,130715.4
Merchant_C,dLocal,wallet,CO,0,21,21,19,2,0.9048,127648.0
Merchant_C,dLocal,wallet,CO,0,22,8,7,1,0.875,130928.41
Merchant_C,dLocal,wallet,CO,0,23,5,5,0,1.0,62001.08
Merchant_C,dLocal,wallet,CO,1,0,5,5,0,1.0,58769.06
Merchant_C,dLocal,wallet,CO,1,1,2,2,0,1.0,86392.4
Merchant_C,dLocal,wallet,CO,1,2,5,5,0,1.0,100890.36
Merchant_C,dLocal,wallet,CO,1,4,2,2,0,1.0,111835.58
Merchant_C,dLocal,wallet,CO,1,5,6,6,0,1.0,129840.52
Merchant_C,dLocal,wallet,CO,1,6,13,11,2,0.8462,117114.74
Merchant_C,dLocal,wallet,CO,1,7,30,25,5,0.8333,130685.25
Merchant_C,dLocal,wallet,CO,1,8,33,32,1,0.9697,122245.7
Merchant_C,dLocal,wallet,CO,1,9,38,33,5,0.8684,126464.09
Merchant_C,dLocal,wallet,CO,1,10,81,78,3,0.963,133032.54
Merchant_C,dLocal,wallet,CO,1,11,71,66,5,0.9296,119746.12
Merchant_C,dLocal,wallet,CO,1,12,80,78,2,0.975,119829.63
Merchant_C,dLocal,wallet,CO,1,13,58,52,6,0.8966,117387.22
Merchant_C,dLocal,wallet,CO,1,14,60,53,7,0.8833,132309.32
Merchant_C,dLocal,wallet,CO,1,15,59,52,7,0.8814,117956.19
Merchant_C,dLocal,wallet,CO,1,16,60,53,7,0.8833,121982.14
Merchant_C,dLocal,wallet,CO,1,17,62,57,5,0.9194,122624.96
Merchant_C,dLocal,wallet,CO,1,18,55,52,3,0.9455,121371.3
Merchant_C,dLocal,wallet,CO,1,19,48,45,3,0.9375,117805.37
Merchant_C,dLocal,wallet,CO,1,20,32,28,4,0.875,140583.6
Merchant_C,dLocal,wallet,CO,1,21,15,13,2,0.8667,114414.01
Merchant_C,dLocal,wallet,CO,1,22,7,5,2,0.7143,123373.66
Merchant_C,dLocal,wallet,CO,1,23,5,5,0,1.0,111564.61
Merchant_C,dLocal,wallet,CO,2,0,5,4,1,0.8,108232.31
Merchant_C,dLocal,wallet,CO,2,1,3,3,0,1.0,60764.27
Merchant_C,dLocal,wallet,CO,2,2,1,1,0,1.0,12000.0
Merchant_C,dLocal,wallet,CO,2,3,1,1,0,1.0,226536.74
Merchant_C,dLocal,wallet,CO,2,4,2,2,0,1.0,265440.3
Merchant_C,dLocal,wallet,CO,2,5,3,3,0,1.0,111040.47
Merchant_C,dLocal,wallet,CO,2,6,15,14,1,0.9333,170347.47
Merchant_C,dLocal,wallet,CO,2,7,28,28,0,1.0,129749.41
Merchant_C,dLocal,wallet,CO,2,8,37,33,4,0.8919,108780.63
Merchant_C,dLocal,wallet,CO,2,9,52,49,3,0.9423,103967.56
Merchant_C,dLocal,wallet,CO,2,10,77,67,10,0.8701,113181.55
Merchant_C,dLocal,wallet,CO,2,11,77,72,5,0.9351,119744.89
Merchant_C,dLocal,wallet,CO,2,12,82,75,7,0.9146,120462.28
Merchant_C,dLocal,wallet,CO,2,13,69,63,6,0.913,123549.7
Merchant_C,dLocal,wallet,CO,2,14,59,50,9,0.8475,119996.19
Merchant_C,dLocal,wallet,CO,2,15,62,60,2,0.9677,117826.08
Merchant_C,dLocal,wallet,CO,2,16,53,49,4,0.9245,121651.31
Merchant_C,dLocal,wallet,CO,2,17,70,66,4,0.9429,118724.13
Merchant_C,dLocal,wallet,CO,2,18,35,34,1,0.9714,107779.84
Merchant_C,dLocal,wallet,CO,2,19,50,45,5,0.9,122419.18
Merchant_C,dLocal,wallet,CO,2,20,37,35,2,0.9459,121690.4
Merchant_C,dLocal,wallet,CO,2,21,17,14,3,0.8235,96903.3
Merchant_C,dLocal,wallet,CO,2,22,3,3,0,1.0,164896.5
Merchant_C,dLocal,wallet,CO,2,23,8,5,3,0.625,176791.32
Merchant_C,dLocal,wallet,CO,3,0,10,10,0,1.0,94901.06
Merchant_C,dLocal,wallet,CO,3,1,2,2,0,1.0,62998.49
Merchant_C,dLocal,wallet,CO,3,2,1,0,1,0.0,128966.92
Merchant_C,dLocal,wallet,CO,3,3,3,3,0,1.0,228121.57
Merchant_C,dLocal,wallet,CO,3,5,8,7,1,0.875,89182.86
Merchant_C,dLocal,wallet,CO,3,6,11,11,0,1.0,144569.01
Merchant_C,dLocal,wallet,CO,3,7,29,27,2,0.931,122920.62
Merchant_C,dLocal,wallet,CO,3,8,44,41,3,0.9318,109208.56
Merchant_C,dLocal,wallet,CO,3,9,63,59,4,0.9365,104233.39
Merchant_C,dLocal,wallet,CO,3,10,76,72,4,0.9474,124682.66
Merchant_C,dLocal,wallet,CO,3,11,57,53,4,0.9298,120891.22
Merchant_C,dLocal,wallet,CO,3,12,83,75,8,0.9036,134372.44
Merchant_C,dLocal,wallet,CO,3,13,79,73,6,0.9241,117957.63
Merchant_C,dLocal,wallet,CO,3,14,56,50,6,0.8929,121988.57
Merchant_C,dLocal,wallet,CO,3,15,47,44,3,0.9362,101586.04
Merchant_C,dLocal,wallet,CO,3,16,41,38,3,0.9268,123424.35
Merchant_C,dLocal,wallet,CO,3,17,55,51,4,0.9273,108930.68
Merchant_C,dLocal,wallet,CO,3,18,57,54,3,0.9474,123066.23
Merchant_C,dLocal,wallet,CO,3,19,37,35,2,0.9459,113482.58
Merchant_C,dLocal,wallet,CO,3,20,28,26,2,0.9286,114897.69
Merchant_C,dLocal,wallet,CO,3,21,15,13,2,0.8667,138646.36
Merchant_C,dLocal,wallet,CO,3,22,7,6,1,0.8571,135830.02
Merchant_C,dLocal,wallet,CO,3,23,8,8,0,1.0,113031.71
Merchant_C,dLocal,wallet,CO,4,0,5,4,1,0.8,94986.55
Merchant_C,dLocal,wallet,CO,4,1,5,4,1,0.8,123942.69
Merchant_C,dLocal,wallet,CO,4,2,2,2,0,1.0,184322.06
Merchant_C,dLocal,wallet,CO,4,3,2,2,0,1.0,127874.5
Merchant_C,dLocal,wallet,CO,4,4,2,1,1,0.5,168979.38
Merchant_C,dLocal,wallet,CO,4,5,3,3,0,1.0,131803.17
Merchant_C,dLocal,wallet,CO,4,6,13,12,1,0.9231,115821.12
Merchant_C,dLocal,wallet,CO,4,7,25,25,0,1.0,117892.88
Merchant_C,dLocal,wallet,CO,4,8,46,43,3,0.9348,142340.85
Merchant_C,dLocal,wallet,CO,4,9,54,51,3,0.9444,115985.53
Merchant_C,dLocal,wallet,CO,4,10,61,58,3,0.9508,136200.72
Merchant_C,dLocal,wallet,CO,4,11,72,67,5,0.9306,128634.9
Merchant_C,dLocal,wallet,CO,4,12,76,72,4,0.9474,119119.93
Merchant_C,dLocal,wallet,CO,4,13,76,69,7,0.9079,130980.27
Merchant_C,dLocal,wallet,CO,4,14,67,63,4,0.9403,116277.57
Merchant_C,dLocal,wallet,CO,4,15,70,64,6,0.9143,124460.45
Merchant_C,dLocal,wallet,CO,4,16,51,45,6,0.8824,124269.52
Merchant_C,dLocal,wallet,CO,4,17,60,56,4,0.9333,108210.24
Merchant_C,dLocal,wallet,CO,4,18,57,54,3,0.9474,128932.02
Merchant_C,dLocal,wallet,CO,4,19,32,30,2,0.9375,129353.51
Merchant_C,dLocal,wallet,CO,4,20,26,23,3,0.8846,123907.57
Merchant_C,dLocal,wallet,CO,4,21,15,15,0,1.0,118783.93
Merchant_C,dLocal,wallet,CO,4,22,9,9,0,1.0,143278.91
Merchant_C,dLocal,wallet,CO,4,23,7,5,2,0.7143,103476.82
Merchant_C,dLocal,wallet,CO,5,0,10,10,0,1.0,159495.16
Merchant_C,dLocal,wallet,CO,5,1,1,1,0,1.0,139082.2
Merchant_C,dLocal,wallet,CO,5,2,3,3,0,1.0,243574.35
Merchant_C,dLocal,wallet,CO,5,3,5,5,0,1.0,107432.72
Merchant_C,dLocal,wallet,CO,5,5,3,3,0,1.0,100302.04
Merchant_C,dLocal,wallet,CO,5,6,15,12,3,0.8,138550.92
Merchant_C,dLocal,wallet,CO,5,7,18,17,1,0.9444,131150.8
Merchant_C,dLocal,wallet,CO,5,8,44,43,1,0.9773,107770.25
Merchant_C,dLocal,wallet,CO,5,9,57,52,5,0.9123,121502.21
Merchant_C,dLocal,wallet,CO,5,10,117,108,9,0.9231,114333.26
Merchant_C,dLocal,wallet,CO,5,11,55,50,5,0.9091,110895.07
Merchant_C,dLocal,wallet,CO,5,12,53,48,5,0.9057,133101.06
Merchant_C,dLocal,wallet,CO,5,13,53,44,9,0.8302,115152.9
Merchant_C,dLocal,wallet,CO,5,14,58,55,3,0.9483,114155.53
Merchant_C,dLocal,wallet,CO,5,15,66,63,3,0.9545,119160.9
Merchant_C,dLocal,wallet,CO,5,16,50,47,3,0.94,106564.66
Merchant_C,dLocal,wallet,CO,5,17,55,49,6,0.8909,121517.97
Merchant_C,dLocal,wallet,CO,5,18,39,35,4,0.8974,114352.08
Merchant_C,dLocal,wallet,CO,5,19,30,29,1,0.9667,108157.86
Merchant_C,dLocal,wallet,CO,5,20,38,36,2,0.9474,139794.8
Merchant_C,dLocal,wallet,CO,5,21,16,14,2,0.875,77122.52
Merchant_C,dLocal,wallet,CO,5,22,12,10,2,0.8333,106916.47
Merchant_C,dLocal,wallet,CO,5,23,3,3,0,1.0,175884.71
Merchant_C,dLocal,wallet,CO,6,0,4,4,0,1.0,94867.54
Merchant_C,dLocal,wallet,CO,6,1,6,5,1,0.8333,128571.79
Merchant_C,dLocal,wallet,CO,6,2,4,4,0,1.0,130065.18
Merchant_C,dLocal,wallet,CO,6,3,1,1,0,1.0,303218.16
Merchant_C,dLocal,wallet,CO,6,4,2,1,1,0.5,145234.07
Merchant_C,dLocal,wallet,CO,6,5,4,4,0,1.0,95863.41
Merchant_C,dLocal,wallet,CO,6,6,15,14,1,0.9333,100804.24
Merchant_C,dLocal,wallet,CO,6,7,22,17,5,0.7727,146474.42
Merchant_C,dLocal,wallet,CO,6,8,45,43,2,0.9556,107096.94
Merchant_C,dLocal,wallet,CO,6,9,47,41,6,0.8723,117086.47
Merchant_C,dLocal,wallet,CO,6,10,49,49,0,1.0,116913.43
Merchant_C,dLocal,wallet,CO,6,11,61,58,3,0.9508,114263.15
Merchant_C,dLocal,wallet,CO,6,12,64,60,4,0.9375,117678.97
Merchant_C,dLocal,wallet,CO,6,13,75,70,5,0.9333,115514.91
Merchant_C,dLocal,wallet,CO,6,14,50,45,5,0.9,121777.2
Merchant_C,dLocal,wallet,CO,6,15,49,44,5,0.898,125623.19
Merchant_C,dLocal,wallet,CO,6,16,49,47,2,0.9592,135229.37
Merchant_C,dLocal,wallet,CO,6,17,61,54,7,0.8852,130915.37
Merchant_C,dLocal,wallet,CO,6,18,40,39,1,0.975,138689.52
Merchant_C,dLocal,wallet,CO,6,19,30,26,4,0.8667,106402.85
Merchant_C,dLocal,wallet,CO,6,20,31,30,1,0.9677,117314.42
Merchant_C,dLocal,wallet,CO,6,21,21,20,1,0.9524,125272.22
Merchant_C,dLocal,wallet,CO,6,22,8,6,2,0.75,122427.36
Merchant_C,dLocal,wallet,CO,6,23,9,8,1,0.8889,81400.0
Merchant_C,dLocal,wallet,MX,0,0,10,9,1,0.9,688.17
Merchant_C,dLocal,wallet,MX,0,2,3,3,0,1.0,1513.35
Merchant_C,dLocal,wallet,MX,0,3,6,6,0,1.0,1081.4
Merchant_C,dLocal,wallet,MX,0,4,3,3,0,1.0,791.72
Merchant_C,dLocal,wallet,MX,0,5,7,7,0,1.0,1062.71
Merchant_C,dLocal,wallet,MX,0,6,19,18,1,0.9474,882.17
Merchant_C,dLocal,wallet,MX,0,7,30,29,1,0.9667,775.39
Merchant_C,dLocal,wallet,MX,0,8,39,36,3,0.9231,828.35
Merchant_C,dLocal,wallet,MX,0,9,47,44,3,0.9362,918.44
Merchant_C,dLocal,wallet,MX,0,10,44,41,3,0.9318,1016.52
Merchant_C,dLocal,wallet,MX,0,11,54,51,3,0.9444,903.34
Merchant_C,dLocal,wallet,MX,0,12,70,62,8,0.8857,850.23
Merchant_C,dLocal,wallet,MX,0,13,74,70,4,0.9459,888.17
Merchant_C,dLocal,wallet,MX,0,14,62,60,2,0.9677,850.13
Merchant_C,dLocal,wallet,MX,0,15,52,49,3,0.9423,898.87
Merchant_C,dLocal,wallet,MX,0,16,53,48,5,0.9057,874.71
Merchant_C,dLocal,wallet,MX,0,17,48,44,4,0.9167,933.8
Merchant_C,dLocal,wallet,MX,0,18,54,49,5,0.9074,968.38
Merchant_C,dLocal,wallet,MX,0,19,32,29,3,0.9062,998.98
Merchant_C,dLocal,wallet,MX,0,20,20,20,0,1.0,857.49
Merchant_C,dLocal,wallet,MX,0,21,14,13,1,0.9286,761.94
Merchant_C,dLocal,wallet,MX,0,22,8,6,2,0.75,1000.61
Merchant_C,dLocal,wallet,MX,0,23,6,6,0,1.0,901.39
Merchant_C,dLocal,wallet,MX,1,0,11,10,1,0.9091,675.64
Merchant_C,dLocal,wallet,MX,1,1,3,3,0,1.0,1382.0
Merchant_C,dLocal,wallet,MX,1,2,3,3,0,1.0,874.94
Merchant_C,dLocal,wallet,MX,1,3,2,1,1,0.5,1007.99
Merchant_C,dLocal,wallet,MX,1,4,1,1,0,1.0,758.14
Merchant_C,dLocal,wallet,MX,1,5,9,7,2,0.7778,657.79
Merchant_C,dLocal,wallet,MX,1,6,13,11,2,0.8462,964.14
Merchant_C,dLocal,wallet,MX,1,7,18,17,1,0.9444,527.34
Merchant_C,dLocal,wallet,MX,1,8,34,29,5,0.8529,888.88
Merchant_C,dLocal,wallet,MX,1,9,38,37,1,0.9737,791.5
Merchant_C,dLocal,wallet,MX,1,10,65,60,5,0.9231,840.75
Merchant_C,dLocal,wallet,MX,1,11,68,64,4,0.9412,950.34
Merchant_C,dLocal,wallet,MX,1,12,92,84,8,0.913,899.08
Merchant_C,dLocal,wallet,MX,1,13,78,71,7,0.9103,875.63
Merchant_C,dLocal,wallet,MX,1,14,76,67,9,0.8816,824.39
Merchant_C,dLocal,wallet,MX,1,15,54,49,5,0.9074,879.93
Merchant_C,dLocal,wallet,MX,1,16,60,57,3,0.95,985.91
Merchant_C,dLocal,wallet,MX,1,17,62,59,3,0.9516,998.26
Merchant_C,dLocal,wallet,MX,1,18,52,48,4,0.9231,991.02
Merchant_C,dLocal,wallet,MX,1,19,40,33,7,0.825,953.9
Merchant_C,dLocal,wallet,MX,1,20,28,25,3,0.8929,872.52
Merchant_C,dLocal,wallet,MX,1,21,19,19,0,1.0,944.06
Merchant_C,dLocal,wallet,MX,1,22,16,15,1,0.9375,1058.69
Merchant_C,dLocal,wallet,MX,1,23,10,10,0,1.0,906.63
Merchant_C,dLocal,wallet,MX,2,0,9,9,0,1.0,660.23
Merchant_C,dLocal,wallet,MX,2,1,3,2,1,0.6667,1233.27
Merchant_C,dLocal,wallet,MX,2,2,4,3,1,0.75,1217.78
Merchant_C,dLocal,wallet,MX,2,3,1,1,0,1.0,1193.96
Merchant_C,dLocal,wallet,MX,2,4,3,3,0,1.0,1071.56
Merchant_C,dLocal,wallet,MX,2,5,4,4,0,1.0,586.46
Merchant_C,dLocal,wallet,MX,2,6,15,13,2,0.8667,935.29
Merchant_C,dLocal,wallet,MX,2,7,32,29,3,0.9062,1023.9
Merchant_C,dLocal,wallet,MX,2,8,41,33,8,0.8049,795.8
Merchant_C,dLocal,wallet,MX,2,9,58,54,4,0.931,923.75
Merchant_C,dLocal,wallet,MX,2,10,67,61,6,0.9104,927.28
Merchant_C,dLocal,wallet,MX,2,11,67,63,4,0.9403,878.92
Merchant_C,dLocal,wallet,MX,2,12,76,71,5,0.9342,901.41
Merchant_C,dLocal,wallet,MX,2,13,75,69,6,0.92,916.25
Merchant_C,dLocal,wallet,MX,2,14,74,70,4,0.9459,851.57
Merchant_C,dLocal,wallet,MX,2,15,58,53,5,0.9138,1007.19
Merchant_C,dLocal,wallet,MX,2,16,61,59,2,0.9672,733.91
Merchant_C,dLocal,wallet,MX,2,17,47,44,3,0.9362,851.38
Merchant_C,dLocal,wallet,MX,2,18,69,66,3,0.9565,907.48
Merchant_C,dLocal,wallet,MX,2,19,41,36,5,0.878,691.87
Merchant_C,dLocal,wallet,MX,2,20,27,25,2,0.9259,828.59
Merchant_C,dLocal,wallet,MX,2,21,17,17,0,1.0,816.27
Merchant_C,dLocal,wallet,MX,2,22,9,9,0,1.0,919.14
Merchant_C,dLocal,wallet,MX,2,23,4,4,0,1.0,715.28
Merchant_C,dLocal,wallet,MX,3,0,7,7,0,1.0,1075.3
Merchant_C,dLocal,wallet,MX,3,1,7,7,0,1.0,1124.71
Merchant_C,dLocal,wallet,MX,3,2,3,3,0,1.0,1309.28
Merchant_C,dLocal,wallet,MX,3,3,1,1,0,1.0,1043.33
Merchant_C,dLocal,wallet,MX,3,4,1,1,0,1.0,1055.43
Merchant_C,dLocal,wallet,MX,3,5,5,5,0,1.0,1152.64
Merchant_C,dLocal,wallet,MX,3,6,22,21,1,0.9545,738.51
Merchant_C,dLocal,wallet,MX,3,7,33,27,6,0.8182,853.43
Merchant_C,dLocal,wallet,MX,3,8,45,41,4,0.9111,802.95
Merchant_C,dLocal,wallet,MX,3,9,56,53,3,0.9464,882.26
Merchant_C,dLocal,wallet,MX,3,10,75,66,9,0.88,914.08
Merchant_C,dLocal,wallet,MX,3,11,61,54,7,0.8852,916.38
Merchant_C,dLocal,wallet,MX,3,12,97,90,7,0.9278,866.57
Merchant_C,dLocal,wallet,MX,3,13,66,62,4,0.9394,852.05
Merchant_C,dLocal,wallet,MX,3,14,55,53,2,0.9636,888.31
Merchant_C,dLocal,wallet,MX,3,15,57,57,0,1.0,866.33
Merchant_C,dLocal,wallet,MX,3,16,48,41,7,0.8542,1064.3
Merchant_C,dLocal,wallet,MX,3,17,52,50,2,0.9615,991.46
Merchant_C,dLocal,wallet,MX,3,18,42,40,2,0.9524,836.31
Merchant_C,dLocal,wallet,MX,3,19,35,32,3,0.9143,841.88
Merchant_C,dLocal,wallet,MX,3,20,21,19,2,0.9048,1016.0
Merchant_C,dLocal,wallet,MX,3,21,20,19,1,0.95,1026.94
Merchant_C,dLocal,wallet,MX,3,22,11,10,1,0.9091,902.35
Merchant_C,dLocal,wallet,MX,3,23,8,8,0,1.0,671.22
Merchant_C,dLocal,wallet,MX,4,0,12,12,0,1.0,822.94
Merchant_C,dLocal,wallet,MX,4,1,1,1,0,1.0,967.45
Merchant_C,dLocal,wallet,MX,4,2,2,2,0,1.0,959.76
Merchant_C,dLocal,wallet,MX,4,3,1,1,0,1.0,1270.35
Merchant_C,dLocal,wallet,MX,4,4,2,2,0,1.0,1586.25
Merchant_C,dLocal,wallet,MX,4,5,6,5,1,0.8333,878.7
Merchant_C,dLocal,wallet,MX,4,6,20,18,2,0.9,772.1
Merchant_C,dLocal,wallet,MX,4,7,29,23,6,0.7931,962.8
Merchant_C,dLocal,wallet,MX,4,8,52,47,5,0.9038,915.42
Merchant_C,dLocal,wallet,MX,4,9,62,58,4,0.9355,979.89
Merchant_C,dLocal,wallet,MX,4,10,65,59,6,0.9077,848.99
Merchant_C,dLocal,wallet,MX,4,11,68,64,4,0.9412,976.66
Merchant_C,dLocal,wallet,MX,4,12,80,79,1,0.9875,891.35
Merchant_C,dLocal,wallet,MX,4,13,63,54,9,0.8571,898.61
Merchant_C,dLocal,wallet,MX,4,14,70,64,6,0.9143,859.35
Merchant_C,dLocal,wallet,MX,4,15,65,59,6,0.9077,867.0
Merchant_C,dLocal,wallet,MX,4,16,45,41,4,0.9111,719.3
Merchant_C,dLocal,wallet,MX,4,17,62,57,5,0.9194,836.67
Merchant_C,dLocal,wallet,MX,4,18,51,49,2,0.9608,899.84
Merchant_C,dLocal,wallet,MX,4,19,43,39,4,0.907,850.88
Merchant_C,dLocal,wallet,MX,4,20,26,24,2,0.9231,1024.82
Merchant_C,dLocal,wallet,MX,4,21,17,16,1,0.9412,1023.64
Merchant_C,dLocal,wallet,MX,4,22,11,11,0,1.0,1005.25
Merchant_C,dLocal,wallet,MX,4,23,5,4,1,0.8,645.17
Merchant_C,dLocal,wallet,MX,5,0,10,8,2,0.8,811.89
Merchant_C,dLocal,wallet,MX,5,1,3,3,0,1.0,1431.59
Merchant_C,dLocal,wallet,MX,5,2,2,2,0,1.0,1134.58
Merchant_C,dLocal,wallet,MX,5,3,3,3,0,1.0,758.91
Merchant_C,dLocal,wallet,MX,5,4,3,3,0,1.0,725.18
Merchant_C,dLocal,wallet,MX,5,5,8,7,1,0.875,1061.65
Merchant_C,dLocal,wallet,MX,5,6,13,12,1,0.9231,832.58
Merchant_C,dLocal,wallet,MX,5,7,24,22,2,0.9167,1012.35
Merchant_C,dLocal,wallet,MX,5,8,38,35,3,0.9211,994.12
Merchant_C,dLocal,wallet,MX,5,9,52,50,2,0.9615,937.09
Merchant_C,dLocal,wallet,MX,5,10,124,111,13,0.8952,839.12
Merchant_C,dLocal,wallet,MX,5,11,69,65,4,0.942,827.02
Merchant_C,dLocal,wallet,MX,5,12,65,57,8,0.8769,806.76
Merchant_C,dLocal,wallet,MX,5,13,75,72,3,0.96,887.41
Merchant_C,dLocal,wallet,MX,5,14,56,54,2,0.9643,817.59
Merchant_C,dLocal,wallet,MX,5,15,52,48,4,0.9231,940.09
Merchant_C,dLocal,wallet,MX,5,16,40,35,5,0.875,873.96
Merchant_C,dLocal,wallet,MX,5,17,57,51,6,0.8947,925.94
Merchant_C,dLocal,wallet,MX,5,18,22,20,2,0.9091,905.26
Merchant_C,dLocal,wallet,MX,5,19,37,35,2,0.9459,950.28
Merchant_C,dLocal,wallet,MX,5,20,26,24,2,0.9231,953.52
Merchant_C,dLocal,wallet,MX,5,21,20,16,4,0.8,882.22
Merchant_C,dLocal,wallet,MX,5,22,8,8,0,1.0,940.74
Merchant_C,dLocal,wallet,MX,5,23,5,5,0,1.0,716.68
Merchant_C,dLocal,wallet,MX,6,0,2,2,0,1.0,1342.8
Merchant_C,dLocal,wallet,MX,6,1,2,2,0,1.0,769.54
Merchant_C,dLocal,wallet,MX,6,2,3,3,0,1.0,780.42
Merchant_C,dLocal,wallet,MX,6,3,1,1,0,1.0,1201.07
Merchant_C,dLocal,wallet,MX,6,4,5,5,0,1.0,759.57
Merchant_C,dLocal,wallet,MX,6,5,5,5,0,1.0,725.09
Merchant_C,dLocal,wallet,MX,6,6,19,18,1,0.9474,1048.62
Merchant_C,dLocal,wallet,MX,6,7,31,29,2,0.9355,919.62
Merchant_C,dLocal,wallet,MX,6,8,41,37,4,0.9024,999.38
Merchant_C,dLocal,wallet,MX,6,9,42,39,3,0.9286,990.38
Merchant_C,dLocal,wallet,MX,6,10,58,56,2,0.9655,854.53
Merchant_C,dLocal,wallet,MX,6,11,64,59,5,0.9219,901.8
Merchant_C,dLocal,wallet,MX,6,12,67,64,3,0.9552,958.4
Merchant_C,dLocal,wallet,MX,6,13,52,49,3,0.9423,900.12
Merchant_C,dLocal,wallet,MX,6,14,71,65,6,0.9155,951.07
Merchant_C,dLocal,wallet,MX,6,15,60,54,6,0.9,840.17
Merchant_C,dLocal,wallet,MX,6,16,48,43,5,0.8958,990.52
Merchant_C,dLocal,wallet,MX,6,17,51,46,5,0.902,935.44
Merchant_C,dLocal,wallet,MX,6,18,46,43,3,0.9348,954.64
Merchant_C,dLocal,wallet,MX,6,19,35,30,5,0.8571,904.55
Merchant_C,dLocal,wallet,MX,6,20,26,23,3,0.8846,870.15
Merchant_C,dLocal,wallet,MX,6,21,22,20,2,0.9091,843.52
Merchant_C,dLocal,wallet,MX,6,22,11,11,0,1.0,944.32
Merchant_C,dLocal,wallet,MX,6,23,5,5,0,1.0,642.54
