minute,merchant,provider,payment_method,country,issuing_bank,attempts,approvals,declines,average_amount,dominant_decline_code,injected_incident_id,approval_rate,weekday,hour
2026-08-31 10:00:00,Merchant_A,Adyen,PIX,BR,,18,17,1,285.9894444444445,INSUFFICIENT_FUNDS,,0.9444,0,10
2026-08-31 10:00:00,Merchant_A,Adyen,PSE,CO,,18,17,1,121363.39944444444,INSUFFICIENT_FUNDS,,0.9444,0,10
2026-08-31 10:00:00,Merchant_A,Adyen,card,BR,Banco do Brasil,4,4,0,423.31,,,1.0,0,10
2026-08-31 10:00:00,Merchant_A,Adyen,card,BR,Bradesco,1,1,0,28.0,,,1.0,0,10
2026-08-31 10:00:00,Merchant_A,Adyen,card,BR,Itau,5,5,0,323.07399999999996,,,1.0,0,10
2026-08-31 10:00:00,Merchant_A,Adyen,card,BR,Nubank,2,2,0,92.575,,,1.0,0,10
2026-08-31 10:00:00,Merchant_A,Adyen,card,CO,Banco de Bogota,9,7,2,113863.0488888889,DO_NOT_HONOR,,0.7778,0,10
2026-08-31 10:00:00,Merchant_A,Adyen,card,CO,Bancolombia,5,4,1,73466.718,INVALID_CARD,,0.8,0,10
2026-08-31 10:00:00,Merchant_A,Adyen,card,CO,Davivienda,1,1,0,170803.66,,,1.0,0,10
2026-08-31 10:00:00,Merchant_A,Adyen,card,MX,BBVA,2,2,0,1170.7350000000001,,,1.0,0,10
2026-08-31 10:00:00,Merchant_A,Adyen,card,MX,Banorte,5,4,1,1072.618,SUSPECTED_FRAUD,,0.8,0,10
2026-08-31 10:00:00,Merchant_A,Adyen,card,MX,Citibanamex,4,4,0,919.66,,,1.0,0,10
2026-08-31 10:00:00,Merchant_A,Adyen,card,MX,Santander,3,3,0,1456.6466666666668,,,1.0,0,10
2026-08-31 10:00:00,Merchant_A,Adyen,cash_in_store,MX,,15,14,1,916.3673333333334,DO_NOT_HONOR,,0.9333,0,10
2026-08-31 10:00:00,Merchant_A,Adyen,wallet,BR,,17,17,0,288.2176470588235,,,1.0,0,10
2026-08-31 10:00:00,Merchant_A,Adyen,wallet,CO,,17,16,1,118322.80235294119,INSUFFICIENT_FUNDS,,0.9412,0,10
2026-08-31 10:00:00,Merchant_A,Adyen,wallet,MX,,16,12,4,732.355,DO_NOT_HONOR,,0.75,0,10
2026-08-31 10:00:00,Merchant_A,Stripe,PIX,BR,,13,12,1,285.10923076923075,DO_NOT_HONOR,,0.9231,0,10
2026-08-31 10:00:00,Merchant_A,Stripe,PSE,CO,,9,6,3,79399.02444444444,INSUFFICIENT_FUNDS,,0.6667,0,10
2026-08-31 10:00:00,Merchant_A,Stripe,card,BR,Banco do Brasil,6,5,1,396.1016666666667,SUSPECTED_FRAUD,,0.8333,0,10
2026-08-31 10:00:00,Merchant_A,Stripe,card,BR,Bradesco,4,4,0,315.725,,,1.0,0,10
2026-08-31 10:00:00,Merchant_A,Stripe,card,BR,Itau,2,2,0,156.95,,,1.0,0,10
2026-08-31 10:00:00,Merchant_A,Stripe,card,BR,Nubank,5,4,1,249.144,SUSPECTED_FRAUD,,0.8,0,10
2026-08-31 10:00:00,Merchant_A,Stripe,card,CO,Banco de Bogota,4,4,0,157764.375,,,1.0,0,10
2026-08-31 10:00:00,Merchant_A,Stripe,card,CO,Bancolombia,5,5,0,116725.49799999999,,,1.0,0,10
2026-08-31 10:00:00,Merchant_A,Stripe,card,CO,Davivienda,4,4,0,113061.715,,,1.0,0,10
2026-08-31 10:00:00,Merchant_A,Stripe,card,MX,BBVA,7,7,0,793.7457142857141,,,1.0,0,10
2026-08-31 10:00:00,Merchant_A,Stripe,card,MX,Banorte,1,1,0,603.8,,,1.0,0,10
2026-08-31 10:00:00,Merchant_A,Stripe,card,MX,Citibanamex,4,2,2,927.5574999999999,INSUFFICIENT_FUNDS,,0.5,0,10
2026-08-31 10:00:00,Merchant_A,Stripe,card,MX,Santander,3,3,0,1303.9966666666667,,,1.0,0,10
2026-08-31 10:00:00,Merchant_A,Stripe,cash_in_store,MX,,13,10,3,905.516923076923,INVALID_CARD,,0.7692,0,10
2026-08-31 10:00:00,Merchant_A,Stripe,wallet,BR,,21,20,1,337.6409523809524,SUSPECTED_FRAUD,,0.9524,0,10
2026-08-31 10:00:00,Merchant_A,Stripe,wallet,CO,,15,14,1,134885.71466666667,DO_NOT_HONOR,,0.9333,0,10
2026-08-31 10:00:00,Merchant_A,Stripe,wallet,MX,,15,14,1,895.7073333333334,INSUFFICIENT_FUNDS,,0.9333,0,10
2026-08-31 10:00:00,Merchant_A,dLocal,PIX,BR,,19,19,0,273.60578947368424,,,1.0,0,10
2026-08-31 10:00:00,Merchant_A,dLocal,PSE,CO,,20,18,2,126474.29849999999,DO_NOT_HONOR,,0.9,0,10
2026-08-31 10:00:00,Merchant_A,dLocal,card,BR,Banco do Brasil,3,2,1,396.2366666666667,INVALID_CARD,,0.6667,0,10
2026-08-31 10:00:00,Merchant_A,dLocal,card,BR,Bradesco,3,3,0,187.77,,,1.0,0,10
2026-08-31 10:00:00,Merchant_A,dLocal,card,BR,Itau,5,4,1,298.282,INVALID_CARD,,0.8,0,10
2026-08-31 10:00:00,Merchant_A,dLocal,card,BR,Nubank,5,5,0,381.70199999999994,,,1.0,0,10
2026-08-31 10:00:00,Merchant_A,dLocal,card,CO,Banco de Bogota,5,5,0,205053.21000000002,,,1.0,0,10
2026-08-31 10:00:00,Merchant_A,dLocal,card,CO,Bancolombia,4,3,1,103560.505,INVALID_CARD,,0.75,0,10
2026-08-31 10:00:00,Merchant_A,dLocal,card,CO,Davivienda,4,3,1,85141.36,INVALID_CARD,,0.75,0,10
2026-08-31 10:00:00,Merchant_A,dLocal,card,MX,BBVA,6,6,0,943.3816666666667,,,1.0,0,10
2026-08-31 10:00:00,Merchant_A,dLocal,card,MX,Banorte,4,4,0,1406.925,,,1.0,0,10
2026-08-31 10:00:00,Merchant_A,dLocal,card,MX,Citibanamex,3,3,0,1363.1200000000001,,,1.0,0,10
2026-08-31 10:00:00,Merchant_A,dLocal,card,MX,Santander,2,2,0,1289.925,,,1.0,0,10
2026-08-31 10:00:00,Merchant_A,dLocal,cash_in_store,MX,,12,9,3,959.8808333333333,INSUFFICIENT_FUNDS,,0.75,0,10
2026-08-31 10:00:00,Merchant_A,dLocal,wallet,BR,,17,13,4,274.2470588235294,INVALID_CARD,,0.7647,0,10
2026-08-31 10:00:00,Merchant_A,dLocal,wallet,CO,,18,18,0,121667.2711111111,,,1.0,0,10
2026-08-31 10:00:00,Merchant_A,dLocal,wallet,MX,,13,13,0,856.2861538461538,,,1.0,0,10
2026-08-31 10:00:00,Merchant_B,Adyen,PIX,BR,,9,8,1,274.4222222222222,DO_NOT_HONOR,,0.8889,0,10
2026-08-31 10:00:00,Merchant_B,Adyen,PSE,CO,,18,18,0,114232.30666666667,,,1.0,0,10
2026-08-31 10:00:00,Merchant_B,Adyen,card,BR,Banco do Brasil,1,1,0,54.93,,,1.0,0,10
2026-08-31 10:00:00,Merchant_B,Adyen,card,BR,Bradesco,5,5,0,286.756,,,1.0,0,10
2026-08-31 10:00:00,Merchant_B,Adyen,card,BR,Itau,5,5,0,346.462,,,1.0,0,10
2026-08-31 10:00:00,Merchant_B,Adyen,card,BR,Nubank,5,5,0,230.41199999999998,,,1.0,0,10
2026-08-31 10:00:00,Merchant_B,Adyen,card,CO,Banco de Bogota,3,2,1,148582.07666666666,INSUFFICIENT_FUNDS,,0.6667,0,10
2026-08-31 10:00:00,Merchant_B,Adyen,card,CO,Bancolombia,5,5,0,123513.972,,,1.0,0,10
2026-08-31 10:00:00,Merchant_B,Adyen,card,CO,Davivienda,7,7,0,180007.60285714286,,,1.0,0,10
2026-08-31 10:00:00,Merchant_B,Adyen,card,MX,BBVA,4,3,1,838.08,DO_NOT_HONOR,,0.75,0,10
2026-08-31 10:00:00,Merchant_B,Adyen,card,MX,Banorte,1,1,0,988.85,,,1.0,0,10
2026-08-31 10:00:00,Merchant_B,Adyen,card,MX,Citibanamex,2,1,1,1021.22,SUSPECTED_FRAUD,,0.5,0,10
2026-08-31 10:00:00,Merchant_B,Adyen,card,MX,Santander,3,3,0,467.17,,,1.0,0,10
2026-08-31 10:00:00,Merchant_B,Adyen,cash_in_store,MX,,13,11,2,972.2646153846155,INSUFFICIENT_FUNDS,,0.8462,0,10
2026-08-31 10:00:00,Merchant_B,Adyen,wallet,BR,,14,13,1,257.17214285714283,INVALID_CARD,,0.9286,0,10
2026-08-31 10:00:00,Merchant_B,Adyen,wallet,CO,,13,12,1,127799.89923076922,INVALID_CARD,,0.9231,0,10
2026-08-31 10:00:00,Merchant_B,Adyen,wallet,MX,,18,17,1,831.1033333333334,INVALID_CARD,,0.9444,0,10
2026-08-31 10:00:00,Merchant_B,Stripe,PIX,BR,,16,16,0,296.48125,,,1.0,0,10
2026-08-31 10:00:00,Merchant_B,Stripe,PSE,CO,,13,13,0,164116.7107692308,,,1.0,0,10
2026-08-31 10:00:00,Merchant_B,Stripe,card,BR,Banco do Brasil,6,6,0,227.57000000000002,,,1.0,0,10
2026-08-31 10:00:00,Merchant_B,Stripe,card,BR,Bradesco,2,2,0,104.975,,,1.0,0,10
2026-08-31 10:00:00,Merchant_B,Stripe,card,BR,Itau,2,2,0,329.71,,,1.0,0,10
2026-08-31 10:00:00,Merchant_B,Stripe,card,BR,Nubank,6,6,0,258.61833333333334,,,1.0,0,10
2026-08-31 10:00:00,Merchant_B,Stripe,card,CO,Banco de Bogota,8,7,1,113125.93375,INVALID_CARD,,0.875,0,10
2026-08-31 10:00:00,Merchant_B,Stripe,card,CO,Bancolombia,5,5,0,102102.218,,,1.0,0,10
2026-08-31 10:00:00,Merchant_B,Stripe,card,CO,Davivienda,7,7,0,122576.08,,,1.0,0,10
2026-08-31 10:00:00,Merchant_B,Stripe,card,MX,BBVA,3,3,0,1099.9966666666667,,,1.0,0,10
2026-08-31 10:00:00,Merchant_B,Stripe,card,MX,Banorte,1,1,0,660.41,,,1.0,0,10
2026-08-31 10:00:00,Merchant_B,Stripe,card,MX,Citibanamex,6,6,0,1042.5466666666669,,,1.0,0,10
2026-08-31 10:00:00,Merchant_B,Stripe,card,MX,Santander,4,4,0,1029.8075,,,1.0,0,10
2026-08-31 10:00:00,Merchant_B,Stripe,cash_in_store,MX,,13,11,2,812.1730769230769,DO_NOT_HONOR,,0.8462,0,10
2026-08-31 10:00:00,Merchant_B,Stripe,wallet,BR,,20,19,1,208.7955,DO_NOT_HONOR,,0.95,0,10
2026-08-31 10:00:00,Merchant_B,Stripe,wallet,CO,,15,12,3,99567.10066666667,DO_NOT_HONOR,,0.8,0,10
2026-08-31 10:00:00,Merchant_B,Stripe,wallet,MX,,13,11,2,921.2169230769231,INVALID_CARD,,0.8462,0,10
2026-08-31 10:00:00,Merchant_B,dLocal,PIX,BR,,6,5,1,348.1466666666667,INVALID_CARD,,0.8333,0,10
2026-08-31 10:00:00,Merchant_B,dLocal,PSE,CO,,12,10,2,161961.0075,INSUFFICIENT_FUNDS,,0.8333,0,10
2026-08-31 10:00:00,Merchant_B,dLocal,card,BR,Banco do Brasil,2,2,0,247.075,,,1.0,0,10
2026-08-31 10:00:00,Merchant_B,dLocal,card,BR,Bradesco,3,3,0,124.74000000000001,,,1.0,0,10
2026-08-31 10:00:00,Merchant_B,dLocal,card,BR,Itau,2,1,1,315.22,INVALID_CARD,,0.5,0,10
2026-08-31 10:00:00,Merchant_B,dLocal,card,BR,Nubank,8,6,2,290.60625,INVALID_CARD,,0.75,0,10
2026-08-31 10:00:00,Merchant_B,dLocal,card,CO,Banco de Bogota,2,2,0,117207.175,,,1.0,0,10
2026-08-31 10:00:00,Merchant_B,dLocal,card,CO,Bancolombia,6,5,1,105343.51166666666,DO_NOT_HONOR,,0.8333,0,10
2026-08-31 10:00:00,Merchant_B,dLocal,card,CO,Davivienda,4,4,0,91796.18,,,1.0,0,10
2026-08-31 10:00:00,Merchant_B,dLocal,card,MX,BBVA,5,4,1,750.794,INSUFFICIENT_FUNDS,,0.8,0,10
2026-08-31 10:00:00,Merchant_B,dLocal,card,MX,Banorte,2,1,1,1005.905,INVALID_CARD,,0.5,0,10
2026-08-31 10:00:00,Merchant_B,dLocal,card,MX,Citibanamex,2,1,1,1182.16,INVALID_CARD,,0.5,0,10
2026-08-31 10:00:00,Merchant_B,dLocal,card,MX,Santander,2,1,1,1767.825,SUSPECTED_FRAUD,,0.5,0,10
2026-08-31 10:00:00,Merchant_B,dLocal,cash_in_store,MX,,18,16,2,896.6555555555556,INVALID_CARD,,0.8889,0,10
2026-08-31 10:00:00,Merchant_B,dLocal,wallet,BR,,22,20,2,315.10181818181815,DO_NOT_HONOR,,0.9091,0,10
2026-08-31 10:00:00,Merchant_B,dLocal,wallet,CO,,16,14,2,142479.95625,INVALID_CARD,,0.875,0,10
2026-08-31 10:00:00,Merchant_B,dLocal,wallet,MX,,14,13,1,934.5271428571428,SUSPECTED_FRAUD,,0.9286,0,10
2026-08-31 10:00:00,Merchant_C,Adyen,PIX,BR,,21,19,2,289.35571428571427,INVALID_CARD,,0.9048,0,10
2026-08-31 10:00:00,Merchant_C,Adyen,PSE,CO,,14,14,0,107917.48785714286,,,1.0,0,10
2026-08-31 10:00:00,Merchant_C,Adyen,card,BR,Banco do Brasil,1,1,0,179.91,,,1.0,0,10
2026-08-31 10:00:00,Merchant_C,Adyen,card,BR,Bradesco,4,4,0,297.63,,,1.0,0,10
2026-08-31 10:00:00,Merchant_C,Adyen,card,BR,Itau,4,4,0,237.335,,,1.0,0,10
2026-08-31 10:00:00,Merchant_C,Adyen,card,BR,Nubank,1,1,0,377.26,,,1.0,0,10
2026-08-31 10:00:00,Merchant_C,Adyen,card,CO,Banco de Bogota,4,4,0,93189.03,,,1.0,0,10
2026-08-31 10:00:00,Merchant_C,Adyen,card,CO,Bancolombia,3,2,1,156670.03333333333,INSUFFICIENT_FUNDS,,0.6667,0,10
2026-08-31 10:00:00,Merchant_C,Adyen,card,CO,Davivienda,5,5,0,61339.452000000005,,,1.0,0,10
2026-08-31 10:00:00,Merchant_C,Adyen,card,MX,BBVA,5,5,0,1124.732,,,1.0,0,10
2026-08-31 10:00:00,Merchant_C,Adyen,card,MX,Banorte,3,3,0,908.37,,,1.0,0,10
2026-08-31 10:00:00,Merchant_C,Adyen,card,MX,Citibanamex,6,6,0,1123.8316666666667,,,1.0,0,10
2026-08-31 10:00:00,Merchant_C,Adyen,card,MX,Santander,7,7,0,1107.6928571428573,,,1.0,0,10
2026-08-31 10:00:00,Merchant_C,Adyen,cash_in_store,MX,,14,12,2,990.0571428571428,DO_NOT_HONOR,,0.8571,0,10
2026-08-31 10:00:00,Merchant_C,Adyen,wallet,BR,,20,20,0,251.39600000000002,,,1.0,0,10
2026-08-31 10:00:00,Merchant_C,Adyen,wallet,CO,,18,14,4,142041.6311111111,SUSPECTED_FRAUD,,0.7778,0,10
2026-08-31 10:00:00,Merchant_C,Adyen,wallet,MX,,16,16,0,1194.2225,,,1.0,0,10
2026-08-31 10:00:00,Merchant_C,Stripe,PIX,BR,,15,13,2,321.82733333333334,INSUFFICIENT_FUNDS,,0.8667,0,10
2026-08-31 10:00:00,Merchant_C,Stripe,PSE,CO,,13,11,2,108875.40538461538,DO_NOT_HONOR,,0.8462,0,10
2026-08-31 10:00:00,Merchant_C,Stripe,card,BR,Banco do Brasil,5,3,2,338.316,DO_NOT_HONOR,,0.6,0,10
2026-08-31 10:00:00,Merchant_C,Stripe,card,BR,Bradesco,5,5,0,347.34399999999994,,,1.0,0,10
2026-08-31 10:00:00,Merchant_C,Stripe,card,BR,Itau,3,3,0,190.24333333333334,,,1.0,0,10
2026-08-31 10:00:00,Merchant_C,Stripe,card,BR,Nubank,4,2,2,301.2025,INSUFFICIENT_FUNDS,,0.5,0,10
2026-08-31 10:00:00,Merchant_C,Stripe,card,CO,Banco de Bogota,7,6,1,97866.38714285714,INVALID_CARD,,0.8571,0,10
2026-08-31 10:00:00,Merchant_C,Stripe,card,CO,Bancolombia,4,2,2,195715.2625,INSUFFICIENT_FUNDS,,0.5,0,10
2026-08-31 10:00:00,Merchant_C,Stripe,card,CO,Davivienda,7,7,0,129398.3342857143,,,1.0,0,10
2026-08-31 10:00:00,Merchant_C,Stripe,card,MX,BBVA,1,1,0,1250.59,,,1.0,0,10
2026-08-31 10:00:00,Merchant_C,Stripe,card,MX,Banorte,3,2,1,875.7933333333334,DO_NOT_HONOR,,0.6667,0,10
2026-08-31 10:00:00,Merchant_C,Stripe,card,MX,Citibanamex,4,2,2,429.9175,DO_NOT_HONOR,,0.5,0,10
2026-08-31 10:00:00,Merchant_C,Stripe,card,MX,Santander,1,1,0,872.85,,,1.0,0,10
2026-08-31 10:00:00,Merchant_C,Stripe,cash_in_store,MX,,13,10,3,646.573846153846,SUSPECTED_FRAUD,,0.7692,0,10
2026-08-31 10:00:00,Merchant_C,Stripe,wallet,BR,,14,13,1,313.73857142857145,SUSPECTED_FRAUD,,0.9286,0,10
2026-08-31 10:00:00,Merchant_C,Stripe,wallet,CO,,12,11,1,117441.9225,INVALID_CARD,,0.9167,0,10
2026-08-31 10:00:00,Merchant_C,Stripe,wallet,MX,,9,8,1,910.4911111111111,INVALID_CARD,,0.8889,0,10
2026-08-31 10:00:00,Merchant_C,dLocal,PIX,BR,,11,11,0,327.61454545454546,,,1.0,0,10
2026-08-31 10:00:00,Merchant_C,dLocal,PSE,CO,,10,10,0,124236.165,,,1.0,0,10
2026-08-31 10:00:00,Merchant_C,dLocal,card,BR,Banco do Brasil,2,2,0,450.1,,,1.0,0,10
2026-08-31 10:00:00,Merchant_C,dLocal,card,BR,Bradesco,6,6,0,363.62999999999994,,,1.0,0,10
2026-08-31 10:00:00,Merchant_C,dLocal,card,BR,Itau,2,2,0,147.57999999999998,,,1.0,0,10
2026-08-31 10:00:00,Merchant_C,dLocal,card,BR,Nubank,3,2,1,176.52666666666667,INVALID_CARD,,0.6667,0,10
2026-08-31 10:00:00,Merchant_C,dLocal,card,CO,Banco de Bogota,3,2,1,125261.04,DO_NOT_HONOR,,0.6667,0,10
2026-08-31 10:00:00,Merchant_C,dLocal,card,CO,Bancolombia,4,3,1,114204.735,SUSPECTED_FRAUD,,0.75,0,10
2026-08-31 10:00:00,Merchant_C,dLocal,card,CO,Davivienda,5,5,0,84008.43999999999,,,1.0,0,10
2026-08-31 10:00:00,Merchant_C,dLocal,card,MX,BBVA,8,8,0,832.07375,,,1.0,0,10
2026-08-31 10:00:00,Merchant_C,dLocal,card,MX,Banorte,5,1,4,837.144,INVALID_CARD,,0.2,0,10
2026-08-31 10:00:00,Merchant_C,dLocal,card,MX,Citibanamex,3,2,1,807.0633333333334,DO_NOT_HONOR,,0.6667,0,10
2026-08-31 10:00:00,Merchant_C,dLocal,card,MX,Santander,4,3,1,1035.3575,INSUFFICIENT_FUNDS,,0.75,0,10
2026-08-31 10:00:00,Merchant_C,dLocal,cash_in_store,MX,,14,11,3,1078.172142857143,INVALID_CARD,,0.7857,0,10
2026-08-31 10:00:00,Merchant_C,dLocal,wallet,BR,,11,11,0,281.6890909090909,,,1.0,0,10
2026-08-31 10:00:00,Merchant_C,dLocal,wallet,CO,,18,14,4,143205.18000000002,SUSPECTED_FRAUD,,0.7778,0,10
2026-08-31 10:00:00,Merchant_C,dLocal,wallet,MX,,17,15,2,844.9729411764706,INVALID_CARD,,0.8824,0,10
2026-08-31 10:01:00,Merchant_A,Adyen,PIX,BR,,13,12,1,275.6953846153846,SUSPECTED_FRAUD,,0.9231,0,10
2026-08-31 10:01:00,Merchant_A,Adyen,PSE,CO,,22,17,5,135602.51318181818,INVALID_CARD,,0.7727,0,10
2026-08-31 10:01:00,Merchant_A,Adyen,card,BR,Banco do Brasil,3,3,0,354.6266666666667,,,1.0,0,10
2026-08-31 10:01:00,Merchant_A,Adyen,card,BR,Bradesco,4,4,0,226.065,,,1.0,0,10
2026-08-31 10:01:00,Merchant_A,Adyen,card,BR,Itau,4,4,0,118.82,,,1.0,0,10
2026-08-31 10:01:00,Merchant_A,Adyen,card,BR,Nubank,2,2,0,230.335,,,1.0,0,10
2026-08-31 10:01:00,Merchant_A,Adyen,card,CO,Banco de Bogota,7,5,2,112680.36285714286,DO_NOT_HONOR,,0.7143,0,10
2026-08-31 10:01:00,Merchant_A,Adyen,card,CO,Bancolombia,4,4,0,136230.7825,,,1.0,0,10
2026-08-31 10:01:00,Merchant_A,Adyen,card,CO,Davivienda,5,4,1,77773.63200000001,SUSPECTED_FRAUD,,0.8,0,10
2026-08-31 10:01:00,Merchant_A,Adyen,card,MX,BBVA,5,5,0,1177.3799999999999,,,1.0,0,10
2026-08-31 10:01:00,Merchant_A,Adyen,card,MX,Banorte,4,4,0,715.62,,,1.0,0,10
2026-08-31 10:01:00,Merchant_A,Adyen,card,MX,Citibanamex,2,2,0,777.5699999999999,,,1.0,0,10
2026-08-31 10:01:00,Merchant_A,Adyen,card,MX,Santander,6,6,0,1194.035,,,1.0,0,10
2026-08-31 10:01:00,Merchant_A,Adyen,cash_in_store,MX,,15,12,3,1054.508,INSUFFICIENT_FUNDS,,0.8,0,10
2026-08-31 10:01:00,Merchant_A,Adyen,wallet,BR,,22,20,2,286.0790909090909,INVALID_CARD,,0.9091,0,10
2026-08-31 10:01:00,Merchant_A,Adyen,wallet,CO,,19,19,0,135910.49105263158,,,1.0,0,10
2026-08-31 10:01:00,Merchant_A,Adyen,wallet,MX,,21,21,0,868.5785714285715,,,1.0,0,10
2026-08-31 10:01:00,Merchant_A,Stripe,PIX,BR,,14,14,0,319.16857142857145,,,1.0,0,10
2026-08-31 10:01:00,Merchant_A,Stripe,PSE,CO,,22,22,0,117021.39,,,1.0,0,10
2026-08-31 10:01:00,Merchant_A,Stripe,card,BR,Banco do Brasil,4,3,1,261.6475,INVALID_CARD,,0.75,0,10
2026-08-31 10:01:00,Merchant_A,Stripe,card,BR,Bradesco,3,3,0,117.85000000000001,,,1.0,0,10
2026-08-31 10:01:00,Merchant_A,Stripe,card,BR,Itau,2,2,0,221.265,,,1.0,0,10
2026-08-31 10:01:00,Merchant_A,Stripe,card,BR,Nubank,4,4,0,286.64,,,1.0,0,10
2026-08-31 10:01:00,Merchant_A,Stripe,card,CO,Banco de Bogota,4,3,1,95403.0975,SUSPECTED_FRAUD,,0.75,0,10
2026-08-31 10:01:00,Merchant_A,Stripe,card,CO,Bancolombia,4,4,0,98703.5675,,,1.0,0,10
2026-08-31 10:01:00,Merchant_A,Stripe,card,CO,Davivienda,3,2,1,111207.58666666667,SUSPECTED_FRAUD,,0.6667,0,10
2026-08-31 10:01:00,Merchant_A,Stripe,card,MX,BBVA,1,1,0,890.29,,,1.0,0,10
2026-08-31 10:01:00,Merchant_A,Stripe,card,MX,Banorte,7,7,0,882.1714285714286,,,1.0,0,10
2026-08-31 10:01:00,Merchant_A,Stripe,card,MX,Citibanamex,5,5,0,860.0899999999999,,,1.0,0,10
2026-08-31 10:01:00,Merchant_A,Stripe,card,MX,Santander,6,6,0,800.3266666666667,,,1.0,0,10
2026-08-31 10:01:00,Merchant_A,Stripe,cash_in_store,MX,,9,9,0,941.3966666666666,,,1.0,0,10
2026-08-31 10:01:00,Merchant_A,Stripe,wallet,BR,,12,11,1,289.8666666666667,INVALID_CARD,,0.9167,0,10
2026-08-31 10:01:00,Merchant_A,Stripe,wallet,CO,,14,13,1,108853.76285714285,SUSPECTED_FRAUD,,0.9286,0,10
2026-08-31 10:01:00,Merchant_A,Stripe,wallet,MX,,16,15,1,1037.653125,INVALID_CARD,,0.9375,0,10
2026-08-31 10:01:00,Merchant_A,dLocal,PIX,BR,,14,14,0,251.1992857142857,,,1.0,0,10
2026-08-31 10:01:00,Merchant_A,dLocal,PSE,CO,,13,12,1,105030.54307692309,INSUFFICIENT_FUNDS,,0.9231,0,10
2026-08-31 10:01:00,Merchant_A,dLocal,card,BR,Banco do Brasil,5,5,0,401.54,,,1.0,0,10
2026-08-31 10:01:00,Merchant_A,dLocal,card,BR,Bradesco,1,1,0,452.16,,,1.0,0,10
2026-08-31 10:01:00,Merchant_A,dLocal,card,BR,Itau,9,8,1,292.4011111111111,DO_NOT_HONOR,,0.8889,0,10
2026-08-31 10:01:00,Merchant_A,dLocal,card,BR,Nubank,3,3,0,396.15000000000003,,,1.0,0,10
2026-08-31 10:01:00,Merchant_A,dLocal,card,CO,Banco de Bogota,4,4,0,133874.65,,,1.0,0,10
2026-08-31 10:01:00,Merchant_A,dLocal,card,CO,Bancolombia,8,8,0,82278.3775,,,1.0,0,10
2026-08-31 10:01:00,Merchant_A,dLocal,card,CO,Davivienda,4,4,0,137701.4075,,,1.0,0,10
2026-08-31 10:01:00,Merchant_A,dLocal,card,MX,BBVA,2,2,0,1165.635,,,1.0,0,10
2026-08-31 10:01:00,Merchant_A,dLocal,card,MX,Banorte,2,1,1,1051.22,SUSPECTED_FRAUD,,0.5,0,10
2026-08-31 10:01:00,Merchant_A,dLocal,card,MX,Citibanamex,2,1,1,1207.6,SUSPECTED_FRAUD,,0.5,0,10
2026-08-31 10:01:00,Merchant_A,dLocal,card,MX,Santander,8,7,1,703.325,DO_NOT_HONOR,,0.875,0,10
2026-08-31 10:01:00,Merchant_A,dLocal,cash_in_store,MX,,14,9,5,1157.7642857142857,SUSPECTED_FRAUD,,0.6429,0,10
2026-08-31 10:01:00,Merchant_A,dLocal,wallet,BR,,12,11,1,266.5808333333333,SUSPECTED_FRAUD,,0.9167,0,10
2026-08-31 10:01:00,Merchant_A,dLocal,wallet,CO,,7,6,1,131813.02,SUSPECTED_FRAUD,,0.8571,0,10
2026-08-31 10:01:00,Merchant_A,dLocal,wallet,MX,,11,8,3,945.6054545454546,INSUFFICIENT_FUNDS,,0.7273,0,10
2026-08-31 10:01:00,Merchant_B,Adyen,PIX,BR,,16,15,1,270.068125,SUSPECTED_FRAUD,,0.9375,0,10
2026-08-31 10:01:00,Merchant_B,Adyen,PSE,CO,,12,9,3,126143.4825,INSUFFICIENT_FUNDS,,0.75,0,10
2026-08-31 10:01:00,Merchant_B,Adyen,card,BR,Banco do Brasil,1,1,0,366.93,,,1.0,0,10
2026-08-31 10:01:00,Merchant_B,Adyen,card,BR,Bradesco,3,3,0,300.9166666666667,,,1.0,0,10
2026-08-31 10:01:00,Merchant_B,Adyen,card,BR,Itau,1,1,0,499.79,,,1.0,0,10
2026-08-31 10:01:00,Merchant_B,Adyen,card,BR,Nubank,4,4,0,293.62,,,1.0,0,10
2026-08-31 10:01:00,Merchant_B,Adyen,card,CO,Banco de Bogota,2,2,0,182383.09,,,1.0,0,10
2026-08-31 10:01:00,Merchant_B,Adyen,card,CO,Bancolombia,8,7,1,159773.16125,INVALID_CARD,,0.875,0,10
2026-08-31 10:01:00,Merchant_B,Adyen,card,CO,Davivienda,1,1,0,107690.19,,,1.0,0,10
2026-08-31 10:01:00,Merchant_B,Adyen,card,MX,BBVA,2,2,0,1175.645,,,1.0,0,10
2026-08-31 10:01:00,Merchant_B,Adyen,card,MX,Banorte,4,2,2,1145.4725,INSUFFICIENT_FUNDS,,0.5,0,10
2026-08-31 10:01:00,Merchant_B,Adyen,card,MX,Citibanamex,3,3,0,924.58,,,1.0,0,10
2026-08-31 10:01:00,Merchant_B,Adyen,card,MX,Santander,1,1,0,764.44,,,1.0,0,10
2026-08-31 10:01:00,Merchant_B,Adyen,cash_in_store,MX,,20,15,5,965.0530000000001,INSUFFICIENT_FUNDS,,0.75,0,10
2026-08-31 10:01:00,Merchant_B,Adyen,wallet,BR,,20,16,4,271.1845,INSUFFICIENT_FUNDS,,0.8,0,10
2026-08-31 10:01:00,Merchant_B,Adyen,wallet,CO,,18,18,0,100862.34611111111,,,1.0,0,10
2026-08-31 10:01:00,Merchant_B,Adyen,wallet,MX,,10,8,2,744.216,INSUFFICIENT_FUNDS,,0.8,0,10
2026-08-31 10:01:00,Merchant_B,Stripe,PIX,BR,,13,13,0,342.9876923076923,,,1.0,0,10
2026-08-31 10:01:00,Merchant_B,Stripe,PSE,CO,,8,6,2,138408.9225,INVALID_CARD,,0.75,0,10
2026-08-31 10:01:00,Merchant_B,Stripe,card,BR,Banco do Brasil,3,3,0,347.44,,,1.0,0,10
2026-08-31 10:01:00,Merchant_B,Stripe,card,BR,Bradesco,2,2,0,246.565,,,1.0,0,10
2026-08-31 10:01:00,Merchant_B,Stripe,card,BR,Itau,3,3,0,328.1066666666667,,,1.0,0,10
2026-08-31 10:01:00,Merchant_B,Stripe,card,BR,Nubank,7,7,0,308.7142857142857,,,1.0,0,10
2026-08-31 10:01:00,Merchant_B,Stripe,card,CO,Banco de Bogota,10,9,1,112527.081,INSUFFICIENT_FUNDS,,0.9,0,10
2026-08-31 10:01:00,Merchant_B,Stripe,card,CO,Bancolombia,4,4,0,119093.8575,,,1.0,0,10
2026-08-31 10:01:00,Merchant_B,Stripe,card,CO,Davivienda,1,1,0,12000.0,,,1.0,0,10
2026-08-31 10:01:00,Merchant_B,Stripe,card,MX,BBVA,4,4,0,831.6175,,,1.0,0,10
2026-08-31 10:01:00,Merchant_B,Stripe,card,MX,Banorte,6,6,0,953.2800000000001,,,1.0,0,10
2026-08-31 10:01:00,Merchant_B,Stripe,card,MX,Citibanamex,6,6,0,905.0833333333334,,,1.0,0,10
2026-08-31 10:01:00,Merchant_B,Stripe,card,MX,Santander,4,4,0,930.345,,,1.0,0,10
2026-08-31 10:01:00,Merchant_B,Stripe,cash_in_store,MX,,10,7,3,805.437,DO_NOT_HONOR,,0.7,0,10
2026-08-31 10:01:00,Merchant_B,Stripe,wallet,BR,,18,14,4,281.16,DO_NOT_HONOR,,0.7778,0,10
2026-08-31 10:01:00,Merchant_B,Stripe,wallet,CO,,12,11,1,105254.33666666667,DO_NOT_HONOR,,0.9167,0,10
2026-08-31 10:01:00,Merchant_B,Stripe,wallet,MX,,23,22,1,1028.8169565217393,SUSPECTED_FRAUD,,0.9565,0,10
2026-08-31 10:01:00,Merchant_B,dLocal,PIX,BR,,16,16,0,339.715625,,,1.0,0,10
2026-08-31 10:01:00,Merchant_B,dLocal,PSE,CO,,22,20,2,132827.70681818182,DO_NOT_HONOR,,0.9091,0,10
2026-08-31 10:01:00,Merchant_B,dLocal,card,BR,Banco do Brasil,2,2,0,536.44,,,1.0,0,10
2026-08-31 10:01:00,Merchant_B,dLocal,card,BR,Bradesco,3,1,2,277.6666666666667,DO_NOT_HONOR,,0.3333,0,10
2026-08-31 10:01:00,Merchant_B,dLocal,card,BR,Itau,2,1,1,357.70500000000004,INSUFFICIENT_FUNDS,,0.5,0,10
2026-08-31 10:01:00,Merchant_B,dLocal,card,BR,Nubank,5,4,1,247.042,INSUFFICIENT_FUNDS,,0.8,0,10
2026-08-31 10:01:00,Merchant_B,dLocal,card,CO,Banco de Bogota,3,3,0,164171.34333333335,,,1.0,0,10
2026-08-31 10:01:00,Merchant_B,dLocal,card,CO,Bancolombia,5,4,1,121024.93000000001,INSUFFICIENT_FUNDS,,0.8,0,10
2026-08-31 10:01:00,Merchant_B,dLocal,card,CO,Davivienda,4,4,0,132238.0,,,1.0,0,10
2026-08-31 10:01:00,Merchant_B,dLocal,card,MX,BBVA,3,3,0,1196.9233333333334,,,1.0,0,10
2026-08-31 10:01:00,Merchant_B,dLocal,card,MX,Banorte,4,3,1,1074.475,INSUFFICIENT_FUNDS,,0.75,0,10
2026-08-31 10:01:00,Merchant_B,dLocal,card,MX,Citibanamex,6,4,2,1199.16,INVALID_CARD,,0.6667,0,10
2026-08-31 10:01:00,Merchant_B,dLocal,card,MX,Santander,3,2,1,719.4866666666667,INVALID_CARD,,0.6667,0,10
2026-08-31 10:01:00,Merchant_B,dLocal,cash_in_store,MX,,17,12,5,853.9811764705883,INSUFFICIENT_FUNDS,,0.7059,0,10
2026-08-31 10:01:00,Merchant_B,dLocal,wallet,BR,,11,10,1,236.74636363636364,DO_NOT_HONOR,,0.9091,0,10
2026-08-31 10:01:00,Merchant_B,dLocal,wallet,CO,,19,18,1,127120.47736842104,DO_NOT_HONOR,,0.9474,0,10
2026-08-31 10:01:00,Merchant_B,dLocal,wallet,MX,,13,13,0,762.6961538461538,,,1.0,0,10
2026-08-31 10:01:00,Merchant_C,Adyen,PIX,BR,,16,15,1,326.25125,INVALID_CARD,,0.9375,0,10
2026-08-31 10:01:00,Merchant_C,Adyen,PSE,CO,,15,12,3,116376.73133333333,INSUFFICIENT_FUNDS,,0.8,0,10
2026-08-31 10:01:00,Merchant_C,Adyen,card,BR,Banco do Brasil,2,2,0,170.655,,,1.0,0,10
2026-08-31 10:01:00,Merchant_C,Adyen,card,BR,Bradesco,3,2,1,183.59333333333333,INSUFFICIENT_FUNDS,,0.6667,0,10
2026-08-31 10:01:00,Merchant_C,Adyen,card,BR,Itau,3,3,0,340.02000000000004,,,1.0,0,10
2026-08-31 10:01:00,Merchant_C,Adyen,card,BR,Nubank,7,5,2,291.45714285714286,INVALID_CARD,,0.7143,0,10
2026-08-31 10:01:00,Merchant_C,Adyen,card,CO,Banco de Bogota,5,5,0,118326.76000000001,,,1.0,0,10
2026-08-31 10:01:00,Merchant_C,Adyen,card,CO,Bancolombia,6,5,1,134164.795,INVALID_CARD,,0.8333,0,10
2026-08-31 10:01:00,Merchant_C,Adyen,card,CO,Davivienda,5,5,0,151403.634,,,1.0,0,10
2026-08-31 10:01:00,Merchant_C,Adyen,card,MX,BBVA,4,4,0,1458.46,,,1.0,0,10
2026-08-31 10:01:00,Merchant_C,Adyen,card,MX,Banorte,3,2,1,1010.9166666666666,INVALID_CARD,,0.6667,0,10
2026-08-31 10:01:00,Merchant_C,Adyen,card,MX,Citibanamex,2,2,0,1224.37,,,1.0,0,10
2026-08-31 10:01:00,Merchant_C,Adyen,card,MX,Santander,3,3,0,1113.1533333333334,,,1.0,0,10
2026-08-31 10:01:00,Merchant_C,Adyen,cash_in_store,MX,,12,10,2,1197.9958333333334,DO_NOT_HONOR,,0.8333,0,10
2026-08-31 10:01:00,Merchant_C,Adyen,wallet,BR,,15,15,0,309.92333333333335,,,1.0,0,10
2026-08-31 10:01:00,Merchant_C,Adyen,wallet,CO,,21,21,0,118280.59333333334,,,1.0,0,10
2026-08-31 10:01:00,Merchant_C,Adyen,wallet,MX,,17,17,0,596.1135294117647,,,1.0,0,10
2026-08-31 10:01:00,Merchant_C,Stripe,PIX,BR,,12,11,1,290.4191666666667,INSUFFICIENT_FUNDS,,0.9167,0,10
2026-08-31 10:01:00,Merchant_C,Stripe,PSE,CO,,15,15,0,124258.18666666668,,,1.0,0,10
2026-08-31 10:01:00,Merchant_C,Stripe,card,BR,Banco do Brasil,5,5,0,253.452,,,1.0,0,10
2026-08-31 10:01:00,Merchant_C,Stripe,card,BR,Bradesco,4,4,0,192.115,,,1.0,0,10
2026-08-31 10:01:00,Merchant_C,Stripe,card,BR,Itau,6,6,0,279.99333333333334,,,1.0,0,10
2026-08-31 10:01:00,Merchant_C,Stripe,card,BR,Nubank,7,7,0,324.9171428571429,,,1.0,0,10
2026-08-31 10:01:00,Merchant_C,Stripe,card,CO,Banco de Bogota,4,4,0,135862.51,,,1.0,0,10
2026-08-31 10:01:00,Merchant_C,Stripe,card,CO,Bancolombia,3,2,1,151746.98333333334,SUSPECTED_FRAUD,,0.6667,0,10
2026-08-31 10:01:00,Merchant_C,Stripe,card,CO,Davivienda,5,4,1,109506.1,INSUFFICIENT_FUNDS,,0.8,0,10
2026-08-31 10:01:00,Merchant_C,Stripe,card,MX,BBVA,4,3,1,1183.06,DO_NOT_HONOR,,0.75,0,10
2026-08-31 10:01:00,Merchant_C,Stripe,card,MX,Banorte,10,10,0,860.604,,,1.0,0,10
2026-08-31 10:01:00,Merchant_C,Stripe,card,MX,Santander,6,5,1,944.87,DO_NOT_HONOR,,0.8333,0,10
2026-08-31 10:01:00,Merchant_C,Stripe,cash_in_store,MX,,11,8,3,847.9045454545455,INSUFFICIENT_FUNDS,,0.7273,0,10
2026-08-31 10:01:00,Merchant_C,Stripe,wallet,BR,,7,7,0,261.78714285714284,,,1.0,0,10
2026-08-31 10:01:00,Merchant_C,Stripe,wallet,CO,,14,13,1,106254.90928571428,INVALID_CARD,,0.9286,0,10
2026-08-31 10:01:00,Merchant_C,Stripe,wallet,MX,,15,15,0,990.7773333333333,,,1.0,0,10
2026-08-31 10:01:00,Merchant_C,dLocal,PIX,BR,,19,19,0,321.79,,,1.0,0,10
2026-08-31 10:01:00,Merchant_C,dLocal,PSE,CO,,10,9,1,82404.364,SUSPECTED_FRAUD,,0.9,0,10
2026-08-31 10:01:00,Merchant_C,dLocal,card,BR,Banco do Brasil,1,0,1,387.66,INSUFFICIENT_FUNDS,,0.0,0,10
2026-08-31 10:01:00,Merchant_C,dLocal,card,BR,Bradesco,2,2,0,291.425,,,1.0,0,10
2026-08-31 10:01:00,Merchant_C,dLocal,card,BR,Itau,6,5,1,466.89833333333337,DO_NOT_HONOR,,0.8333,0,10
2026-08-31 10:01:00,Merchant_C,dLocal,card,BR,Nubank,1,1,0,195.42,,,1.0,0,10
2026-08-31 10:01:00,Merchant_C,dLocal,card,CO,Banco de Bogota,5,5,0,160721.27,,,1.0,0,10
2026-08-31 10:01:00,Merchant_C,dLocal,card,CO,Bancolombia,4,4,0,75053.1975,,,1.0,0,10
2026-08-31 10:01:00,Merchant_C,dLocal,card,CO,Davivienda,7,6,1,125545.35857142857,INVALID_CARD,,0.8571,0,10
2026-08-31 10:01:00,Merchant_C,dLocal,card,MX,BBVA,7,5,2,724.2614285714286,INVALID_CARD,,0.7143,0,10
2026-08-31 10:01:00,Merchant_C,dLocal,card,MX,Banorte,2,2,0,220.88,,,1.0,0,10
2026-08-31 10:01:00,Merchant_C,dLocal,card,MX,Citibanamex,3,3,0,814.18,,,1.0,0,10
2026-08-31 10:01:00,Merchant_C,dLocal,card,MX,Santander,3,3,0,1078.54,,,1.0,0,10
2026-08-31 10:01:00,Merchant_C,dLocal,cash_in_store,MX,,12,9,3,988.1608333333334,DO_NOT_HONOR,,0.75,0,10
2026-08-31 10:01:00,Merchant_C,dLocal,wallet,BR,,16,15,1,242.8525,INSUFFICIENT_FUNDS,,0.9375,0,10
2026-08-31 10:01:00,Merchant_C,dLocal,wallet,CO,,15,14,1,91882.75,DO_NOT_HONOR,,0.9333,0,10
2026-08-31 10:01:00,Merchant_C,dLocal,wallet,MX,,15,14,1,916.2153333333333,SUSPECTED_FRAUD,,0.9333,0,10
2026-08-31 10:02:00,Merchant_A,Adyen,PIX,BR,,17,16,1,275.45235294117646,DO_NOT_HONOR,,0.9412,0,10
2026-08-31 10:02:00,Merchant_A,Adyen,PSE,CO,,15,12,3,128893.69666666667,INSUFFICIENT_FUNDS,,0.8,0,10
2026-08-31 10:02:00,Merchant_A,Adyen,card,BR,Banco do Brasil,1,1,0,258.08,,,1.0,0,10
2026-08-31 10:02:00,Merchant_A,Adyen,card,BR,Bradesco,2,2,0,447.59000000000003,,,1.0,0,10
2026-08-31 10:02:00,Merchant_A,Adyen,card,BR,Itau,6,5,1,289.39166666666665,DO_NOT_HONOR,,0.8333,0,10
2026-08-31 10:02:00,Merchant_A,Adyen,card,BR,Nubank,5,3,2,343.644,DO_NOT_HONOR,,0.6,0,10
2026-08-31 10:02:00,Merchant_A,Adyen,card,CO,Banco de Bogota,6,6,0,142034.245,,,1.0,0,10
2026-08-31 10:02:00,Merchant_A,Adyen,card,CO,Davivienda,5,3,2,121715.46,INSUFFICIENT_FUNDS,,0.6,0,10
2026-08-31 10:02:00,Merchant_A,Adyen,card,MX,BBVA,3,3,0,1139.49,,,1.0,0,10
2026-08-31 10:02:00,Merchant_A,Adyen,card,MX,Banorte,5,5,0,741.908,,,1.0,0,10
2026-08-31 10:02:00,Merchant_A,Adyen,card,MX,Citibanamex,3,3,0,1193.4933333333333,,,1.0,0,10
2026-08-31 10:02:00,Merchant_A,Adyen,card,MX,Santander,5,3,2,972.85,INVALID_CARD,,0.6,0,10
2026-08-31 10:02:00,Merchant_A,Adyen,cash_in_store,MX,,15,14,1,939.5840000000001,DO_NOT_HONOR,,0.9333,0,10
2026-08-31 10:02:00,Merchant_A,Adyen,wallet,BR,,19,17,2,264.18631578947367,INVALID_CARD,,0.8947,0,10
2026-08-31 10:02:00,Merchant_A,Adyen,wallet,CO,,14,12,2,161887.66285714283,INSUFFICIENT_FUNDS,,0.8571,0,10
2026-08-31 10:02:00,Merchant_A,Adyen,wallet,MX,,8,7,1,1059.94375,DO_NOT_HONOR,,0.875,0,10
2026-08-31 10:02:00,Merchant_A,Stripe,PIX,BR,,15,14,1,241.82533333333333,INVALID_CARD,,0.9333,0,10
2026-08-31 10:02:00,Merchant_A,Stripe,PSE,CO,,15,14,1,136176.09466666667,DO_NOT_HONOR,,0.9333,0,10
2026-08-31 10:02:00,Merchant_A,Stripe,card,BR,Banco do Brasil,6,6,0,328.86833333333334,,,1.0,0,10
2026-08-31 10:02:00,Merchant_A,Stripe,card,BR,Bradesco,4,4,0,292.47999999999996,,,1.0,0,10
2026-08-31 10:02:00,Merchant_A,Stripe,card,BR,Itau,2,2,0,199.34,,,1.0,0,10
2026-08-31 10:02:00,Merchant_A,Stripe,card,BR,Nubank,2,2,0,279.55,,,1.0,0,10
2026-08-31 10:02:00,Merchant_A,Stripe,card,CO,Banco de Bogota,3,3,0,110792.5,,,1.0,0,10
2026-08-31 10:02:00,Merchant_A,Stripe,card,CO,Bancolombia,3,3,0,68667.54,,,1.0,0,10
2026-08-31 10:02:00,Merchant_A,Stripe,card,CO,Davivienda,7,7,0,149264.42857142858,,,1.0,0,10
2026-08-31 10:02:00,Merchant_A,Stripe,card,MX,BBVA,9,8,1,763.3833333333333,SUSPECTED_FRAUD,,0.8889,0,10
2026-08-31 10:02:00,Merchant_A,Stripe,card,MX,Banorte,5,4,1,920.4200000000001,DO_NOT_HONOR,,0.8,0,10
2026-08-31 10:02:00,Merchant_A,Stripe,card,MX,Santander,3,2,1,1139.7433333333333,DO_NOT_HONOR,,0.6667,0,10
2026-08-31 10:02:00,Merchant_A,Stripe,cash_in_store,MX,,17,16,1,1058.964705882353,SUSPECTED_FRAUD,,0.9412,0,10
2026-08-31 10:02:00,Merchant_A,Stripe,wallet,BR,,18,17,1,283.06444444444446,INVALID_CARD,,0.9444,0,10
2026-08-31 10:02:00,Merchant_A,Stripe,wallet,CO,,17,16,1,134462.4417647059,SUSPECTED_FRAUD,,0.9412,0,10
2026-08-31 10:02:00,Merchant_A,Stripe,wallet,MX,,20,19,1,1056.9215,DO_NOT_HONOR,,0.95,0,10
2026-08-31 10:02:00,Merchant_A,dLocal,PIX,BR,,18,17,1,300.15944444444443,DO_NOT_HONOR,,0.9444,0,10
2026-08-31 10:02:00,Merchant_A,dLocal,PSE,CO,,17,15,2,130767.35,INSUFFICIENT_FUNDS,,0.8824,0,10
2026-08-31 10:02:00,Merchant_A,dLocal,card,BR,Banco do Brasil,4,3,1,168.26,DO_NOT_HONOR,,0.75,0,10
2026-08-31 10:02:00,Merchant_A,dLocal,card,BR,Bradesco,5,5,0,307.546,,,1.0,0,10
2026-08-31 10:02:00,Merchant_A,dLocal,card,BR,Itau,7,5,2,262.8385714285714,SUSPECTED_FRAUD,,0.7143,0,10
2026-08-31 10:02:00,Merchant_A,dLocal,card,BR,Nubank,6,6,0,263.98333333333335,,,1.0,0,10
2026-08-31 10:02:00,Merchant_A,dLocal,card,CO,Banco de Bogota,9,7,2,113443.91333333333,SUSPECTED_FRAUD,,0.7778,0,10
2026-08-31 10:02:00,Merchant_A,dLocal,card,CO,Bancolombia,4,4,0,136368.605,,,1.0,0,10
2026-08-31 10:02:00,Merchant_A,dLocal,card,CO,Davivienda,8,7,1,98850.34125,INSUFFICIENT_FUNDS,,0.875,0,10
2026-08-31 10:02:00,Merchant_A,dLocal,card,MX,BBVA,6,5,1,759.6766666666667,DO_NOT_HONOR,,0.8333,0,10
2026-08-31 10:02:00,Merchant_A,dLocal,card,MX,Banorte,3,3,0,1082.03,,,1.0,0,10
2026-08-31 10:02:00,Merchant_A,dLocal,card,MX,Santander,5,4,1,839.5260000000001,INSUFFICIENT_FUNDS,,0.8,0,10
2026-08-31 10:02:00,Merchant_A,dLocal,cash_in_store,MX,,13,12,1,907.9769230769232,SUSPECTED_FRAUD,,0.9231,0,10
2026-08-31 10:02:00,Merchant_A,dLocal,wallet,BR,,26,23,3,309.6511538461539,INSUFFICIENT_FUNDS,,0.8846,0,10
2026-08-31 10:02:00,Merchant_A,dLocal,wallet,CO,,9,9,0,121126.22666666667,,,1.0,0,10
2026-08-31 10:02:00,Merchant_A,dLocal,wallet,MX,,9,9,0,928.7966666666666,,,1.0,0,10
2026-08-31 10:02:00,Merchant_B,Adyen,PIX,BR,,13,13,0,351.63846153846157,,,1.0,0,10
2026-08-31 10:02:00,Merchant_B,Adyen,PSE,CO,,12,10,2,132782.71833333335,DO_NOT_HONOR,,0.8333,0,10
2026-08-31 10:02:00,Merchant_B,Adyen,card,BR,Banco do Brasil,7,7,0,286.72571428571433,,,1.0,0,10
2026-08-31 10:02:00,Merchant_B,Adyen,card,BR,Bradesco,3,3,0,271.04333333333335,,,1.0,0,10
2026-08-31 10:02:00,Merchant_B,Adyen,card,BR,Itau,1,1,0,451.3,,,1.0,0,10
2026-08-31 10:02:00,Merchant_B,Adyen,card,BR,Nubank,5,5,0,344.70799999999997,,,1.0,0,10
2026-08-31 10:02:00,Merchant_B,Adyen,card,CO,Banco de Bogota,4,4,0,144628.385,,,1.0,0,10
2026-08-31 10:02:00,Merchant_B,Adyen,card,CO,Bancolombia,3,3,0,147263.57333333333,,,1.0,0,10
2026-08-31 10:02:00,Merchant_B,Adyen,card,CO,Davivienda,5,4,1,130275.51400000001,INSUFFICIENT_FUNDS,,0.8,0,10
2026-08-31 10:02:00,Merchant_B,Adyen,card,MX,BBVA,3,3,0,800.9933333333333,,,1.0,0,10
2026-08-31 10:02:00,Merchant_B,Adyen,card,MX,Banorte,4,4,0,864.375,,,1.0,0,10
2026-08-31 10:02:00,Merchant_B,Adyen,card,MX,Citibanamex,3,3,0,547.17,,,1.0,0,10
2026-08-31 10:02:00,Merchant_B,Adyen,card,MX,Santander,5,4,1,438.57,SUSPECTED_FRAUD,,0.8,0,10
2026-08-31 10:02:00,Merchant_B,Adyen,cash_in_store,MX,,11,11,0,782.9,,,1.0,0,10
2026-08-31 10:02:00,Merchant_B,Adyen,wallet,BR,,11,11,0,274.47545454545457,,,1.0,0,10
2026-08-31 10:02:00,Merchant_B,Adyen,wallet,CO,,15,14,1,135818.33666666667,INVALID_CARD,,0.9333,0,10
2026-08-31 10:02:00,Merchant_B,Adyen,wallet,MX,,17,15,2,807.0723529411764,SUSPECTED_FRAUD,,0.8824,0,10
2026-08-31 10:02:00,Merchant_B,Stripe,PIX,BR,,18,16,2,300.2294444444444,INSUFFICIENT_FUNDS,,0.8889,0,10
2026-08-31 10:02:00,Merchant_B,Stripe,PSE,CO,,18,15,3,145402.05444444445,INSUFFICIENT_FUNDS,,0.8333,0,10
2026-08-31 10:02:00,Merchant_B,Stripe,card,BR,Banco do Brasil,4,3,1,244.26749999999998,DO_NOT_HONOR,,0.75,0,10
2026-08-31 10:02:00,Merchant_B,Stripe,card,BR,Bradesco,5,5,0,173.298,,,1.0,0,10
2026-08-31 10:02:00,Merchant_B,Stripe,card,BR,Itau,5,5,0,281.4,,,1.0,0,10
2026-08-31 10:02:00,Merchant_B,Stripe,card,CO,Banco de Bogota,5,5,0,111647.624,,,1.0,0,10
2026-08-31 10:02:00,Merchant_B,Stripe,card,CO,Bancolombia,12,9,3,122038.675,DO_NOT_HONOR,,0.75,0,10
2026-08-31 10:02:00,Merchant_B,Stripe,card,CO,Davivienda,5,5,0,107883.43000000001,,,1.0,0,10
2026-08-31 10:02:00,Merchant_B,Stripe,card,MX,BBVA,6,6,0,788.335,,,1.0,0,10
2026-08-31 10:02:00,Merchant_B,Stripe,card,MX,Banorte,5,4,1,673.434,SUSPECTED_FRAUD,,0.8,0,10
2026-08-31 10:02:00,Merchant_B,Stripe,card,MX,Citibanamex,2,2,0,611.1700000000001,,,1.0,0,10
2026-08-31 10:02:00,Merchant_B,Stripe,card,MX,Santander,5,5,0,276.36199999999997,,,1.0,0,10
2026-08-31 10:02:00,Merchant_B,Stripe,cash_in_store,MX,,16,13,3,926.03125,DO_NOT_HONOR,,0.8125,0,10
2026-08-31 10:02:00,Merchant_B,Stripe,wallet,BR,,24,24,0,293.8545833333333,,,1.0,0,10
2026-08-31 10:02:00,Merchant_B,Stripe,wallet,CO,,13,10,3,104888.28538461539,DO_NOT_HONOR,,0.7692,0,10
2026-08-31 10:02:00,Merchant_B,Stripe,wallet,MX,,16,15,1,938.2268750000001,DO_NOT_HONOR,,0.9375,0,10
2026-08-31 10:02:00,Merchant_B,dLocal,PIX,BR,,13,13,0,282.62461538461537,,,1.0,0,10
2026-08-31 10:02:00,Merchant_B,dLocal,PSE,CO,,16,16,0,129002.488125,,,1.0,0,10
2026-08-31 10:02:00,Merchant_B,dLocal,card,BR,Banco do Brasil,6,5,1,315.01666666666665,SUSPECTED_FRAUD,,0.8333,0,10
2026-08-31 10:02:00,Merchant_B,dLocal,card,BR,Bradesco,2,2,0,467.455,,,1.0,0,10
2026-08-31 10:02:00,Merchant_B,dLocal,card,BR,Itau,3,3,0,360.75333333333333,,,1.0,0,10
2026-08-31 10:02:00,Merchant_B,dLocal,card,BR,Nubank,6,6,0,211.85,,,1.0,0,10
2026-08-31 10:02:00,Merchant_B,dLocal,card,CO,Banco de Bogota,6,4,2,97504.605,INSUFFICIENT_FUNDS,,0.6667,0,10
2026-08-31 10:02:00,Merchant_B,dLocal,card,CO,Bancolombia,3,3,0,114221.08666666667,,,1.0,0,10
2026-08-31 10:02:00,Merchant_B,dLocal,card,CO,Davivienda,6,5,1,152662.76833333334,SUSPECTED_FRAUD,,0.8333,0,10
2026-08-31 10:02:00,Merchant_B,dLocal,card,MX,BBVA,3,1,2,625.64,INVALID_CARD,,0.3333,0,10
2026-08-31 10:02:00,Merchant_B,dLocal,card,MX,Banorte,5,5,0,583.454,,,1.0,0,10
2026-08-31 10:02:00,Merchant_B,dLocal,card,MX,Citibanamex,5,4,1,1317.5520000000001,SUSPECTED_FRAUD,,0.8,0,10
2026-08-31 10:02:00,Merchant_B,dLocal,card,MX,Santander,3,2,1,1424.9466666666667,INSUFFICIENT_FUNDS,,0.6667,0,10
2026-08-31 10:02:00,Merchant_B,dLocal,cash_in_store,MX,,15,12,3,951.974,SUSPECTED_FRAUD,,0.8,0,10
2026-08-31 10:02:00,Merchant_B,dLocal,wallet,BR,,15,13,2,362.86133333333333,DO_NOT_HONOR,,0.8667,0,10
2026-08-31 10:02:00,Merchant_B,dLocal,wallet,CO,,13,13,0,113807.53153846154,,,1.0,0,10
2026-08-31 10:02:00,Merchant_B,dLocal,wallet,MX,,17,16,1,944.2170588235294,INSUFFICIENT_FUNDS,,0.9412,0,10
2026-08-31 10:02:00,Merchant_C,Adyen,PIX,BR,,13,12,1,259.1823076923077,SUSPECTED_FRAUD,,0.9231,0,10
2026-08-31 10:02:00,Merchant_C,Adyen,PSE,CO,,8,6,2,175863.98249999998,INVALID_CARD,,0.75,0,10
2026-08-31 10:02:00,Merchant_C,Adyen,card,BR,Banco do Brasil,6,5,1,311.5883333333333,DO_NOT_HONOR,,0.8333,0,10
2026-08-31 10:02:00,Merchant_C,Adyen,card,BR,Bradesco,1,1,0,220.72,,,1.0,0,10
2026-08-31 10:02:00,Merchant_C,Adyen,card,BR,Itau,4,3,1,159.185,SUSPECTED_FRAUD,,0.75,0,10
2026-08-31 10:02:00,Merchant_C,Adyen,card,BR,Nubank,1,1,0,345.56,,,1.0,0,10
2026-08-31 10:02:00,Merchant_C,Adyen,card,CO,Banco de Bogota,6,6,0,126775.54166666667,,,1.0,0,10
2026-08-31 10:02:00,Merchant_C,Adyen,card,CO,Bancolombia,4,3,1,98885.1325,DO_NOT_HONOR,,0.75,0,10
2026-08-31 10:02:00,Merchant_C,Adyen,card,CO,Davivienda,4,3,1,117014.015,DO_NOT_HONOR,,0.75,0,10
2026-08-31 10:02:00,Merchant_C,Adyen,card,MX,BBVA,4,4,0,891.23,,,1.0,0,10
2026-08-31 10:02:00,Merchant_C,Adyen,card,MX,Banorte,6,6,0,930.0583333333334,,,1.0,0,10
2026-08-31 10:02:00,Merchant_C,Adyen,card,MX,Citibanamex,5,3,2,813.202,INSUFFICIENT_FUNDS,,0.6,0,10
2026-08-31 10:02:00,Merchant_C,Adyen,card,MX,Santander,1,0,1,793.27,SUSPECTED_FRAUD,,0.0,0,10
2026-08-31 10:02:00,Merchant_C,Adyen,cash_in_store,MX,,15,13,2,994.5213333333334,SUSPECTED_FRAUD,,0.8667,0,10
2026-08-31 10:02:00,Merchant_C,Adyen,wallet,BR,,20,19,1,250.92249999999999,DO_NOT_HONOR,,0.95,0,10
2026-08-31 10:02:00,Merchant_C,Adyen,wallet,CO,,15,15,0,125362.416,,,1.0,0,10
2026-08-31 10:02:00,Merchant_C,Adyen,wallet,MX,,9,9,0,786.4788888888888,,,1.0,0,10
2026-08-31 10:02:00,Merchant_C,Stripe,PIX,BR,,19,18,1,284.0231578947368,INSUFFICIENT_FUNDS,,0.9474,0,10
2026-08-31 10:02:00,Merchant_C,Stripe,PSE,CO,,12,9,3,109741.82083333335,INSUFFICIENT_FUNDS,,0.75,0,10
2026-08-31 10:02:00,Merchant_C,Stripe,card,BR,Banco do Brasil,3,3,0,400.33,,,1.0,0,10
2026-08-31 10:02:00,Merchant_C,Stripe,card,BR,Bradesco,2,2,0,244.155,,,1.0,0,10
2026-08-31 10:02:00,Merchant_C,Stripe,card,BR,Itau,4,2,2,110.42750000000001,INSUFFICIENT_FUNDS,,0.5,0,10
2026-08-31 10:02:00,Merchant_C,Stripe,card,BR,Nubank,3,3,0,201.41,,,1.0,0,10
2026-08-31 10:02:00,Merchant_C,Stripe,card,CO,Banco de Bogota,7,5,2,75935.93000000001,DO_NOT_HONOR,,0.7143,0,10
2026-08-31 10:02:00,Merchant_C,Stripe,card,CO,Bancolombia,7,7,0,115451.67142857143,,,1.0,0,10
2026-08-31 10:02:00,Merchant_C,Stripe,card,CO,Davivienda,2,2,0,139018.4,,,1.0,0,10
2026-08-31 10:02:00,Merchant_C,Stripe,card,MX,BBVA,5,5,0,645.138,,,1.0,0,10
2026-08-31 10:02:00,Merchant_C,Stripe,card,MX,Banorte,6,6,0,1110.97,,,1.0,0,10
2026-08-31 10:02:00,Merchant_C,Stripe,card,MX,Citibanamex,2,2,0,698.94,,,1.0,0,10
2026-08-31 10:02:00,Merchant_C,Stripe,card,MX,Santander,4,4,0,1128.1475,,,1.0,0,10
2026-08-31 10:02:00,Merchant_C,Stripe,cash_in_store,MX,,13,11,2,909.2576923076923,DO_NOT_HONOR,,0.8462,0,10
2026-08-31 10:02:00,Merchant_C,Stripe,wallet,BR,,8,7,1,346.43875,SUSPECTED_FRAUD,,0.875,0,10
2026-08-31 10:02:00,Merchant_C,Stripe,wallet,CO,,12,12,0,112085.80249999999,,,1.0,0,10
2026-08-31 10:02:00,Merchant_C,Stripe,wallet,MX,,13,12,1,858.2830769230769,SUSPECTED_FRAUD,,0.9231,0,10
2026-08-31 10:02:00,Merchant_C,dLocal,PIX,BR,,12,11,1,352.3925,INSUFFICIENT_FUNDS,,0.9167,0,10
2026-08-31 10:02:00,Merchant_C,dLocal,PSE,CO,,14,11,3,95614.52857142857,INSUFFICIENT_FUNDS,,0.7857,0,10
2026-08-31 10:02:00,Merchant_C,dLocal,card,BR,Banco do Brasil,5,4,1,308.472,DO_NOT_HONOR,,0.8,0,10
2026-08-31 10:02:00,Merchant_C,dLocal,card,BR,Bradesco,5,5,0,308.51599999999996,,,1.0,0,10
2026-08-31 10:02:00,Merchant_C,dLocal,card,BR,Itau,3,3,0,256.00666666666666,,,1.0,0,10
2026-08-31 10:02:00,Merchant_C,dLocal,card,BR,Nubank,2,2,0,301.075,,,1.0,0,10
2026-08-31 10:02:00,Merchant_C,dLocal,card,CO,Banco de Bogota,7,6,1,134109.88428571427,DO_NOT_HONOR,,0.8571,0,10
2026-08-31 10:02:00,Merchant_C,dLocal,card,CO,Bancolombia,4,3,1,152658.03,INSUFFICIENT_FUNDS,,0.75,0,10
2026-08-31 10:02:00,Merchant_C,dLocal,card,CO,Davivienda,3,3,0,88205.59666666666,,,1.0,0,10
2026-08-31 10:02:00,Merchant_C,dLocal,card,MX,BBVA,1,1,0,970.18,,,1.0,0,10
2026-08-31 10:02:00,Merchant_C,dLocal,card,MX,Banorte,3,2,1,720.6999999999999,SUSPECTED_FRAUD,,0.6667,0,10
2026-08-31 10:02:00,Merchant_C,dLocal,card,MX,Citibanamex,1,1,0,1205.11,,,1.0,0,10
2026-08-31 10:02:00,Merchant_C,dLocal,card,MX,Santander,5,5,0,517.1659999999999,,,1.0,0,10
2026-08-31 10:02:00,Merchant_C,dLocal,cash_in_store,MX,,14,12,2,1025.6792857142857,DO_NOT_HONOR,,0.8571,0,10
2026-08-31 10:02:00,Merchant_C,dLocal,wallet,BR,,11,10,1,228.83363636363637,SUSPECTED_FRAUD,,0.9091,0,10
2026-08-31 10:02:00,Merchant_C,dLocal,wallet,CO,,14,14,0,136164.70214285716,,,1.0,0,10
2026-08-31 10:02:00,Merchant_C,dLocal,wallet,MX,,10,8,2,883.4530000000001,INSUFFICIENT_FUNDS,,0.8,0,10
2026-08-31 10:03:00,Merchant_A,Adyen,PIX,BR,,14,4,10,281.015,PROCESSOR_ERROR,INC-001,0.2857,0,10
2026-08-31 10:03:00,Merchant_A,Adyen,PSE,CO,,10,10,0,108431.34,,,1.0,0,10
2026-08-31 10:03:00,Merchant_A,Adyen,card,BR,Banco do Brasil,5,3,2,344.12800000000004,PROCESSOR_ERROR,INC-001,0.6,0,10
2026-08-31 10:03:00,Merchant_A,Adyen,card,BR,Bradesco,1,1,0,49.02,,INC-001,1.0,0,10
2026-08-31 10:03:00,Merchant_A,Adyen,card,BR,Itau,3,2,1,159.92666666666665,PROCESSOR_ERROR,INC-001,0.6667,0,10
2026-08-31 10:03:00,Merchant_A,Adyen,card,BR,Nubank,3,1,2,337.54,PROCESSOR_ERROR,INC-001,0.3333,0,10
2026-08-31 10:03:00,Merchant_A,Adyen,card,CO,Banco de Bogota,3,3,0,142670.50666666668,,,1.0,0,10
2026-08-31 10:03:00,Merchant_A,Adyen,card,CO,Bancolombia,6,6,0,95040.49833333334,,,1.0,0,10
2026-08-31 10:03:00,Merchant_A,Adyen,card,CO,Davivienda,3,3,0,133753.33,,,1.0,0,10
2026-08-31 10:03:00,Merchant_A,Adyen,card,MX,BBVA,4,4,0,1302.6725,,,1.0,0,10
2026-08-31 10:03:00,Merchant_A,Adyen,card,MX,Banorte,3,3,0,793.46,,,1.0,0,10
2026-08-31 10:03:00,Merchant_A,Adyen,card,MX,Citibanamex,1,1,0,1192.16,,,1.0,0,10
2026-08-31 10:03:00,Merchant_A,Adyen,card,MX,Santander,4,4,0,476.45,,,1.0,0,10
2026-08-31 10:03:00,Merchant_A,Adyen,cash_in_store,MX,,14,13,1,810.2842857142857,INSUFFICIENT_FUNDS,,0.9286,0,10
2026-08-31 10:03:00,Merchant_A,Adyen,wallet,BR,,17,10,7,263.6758823529412,PROCESSOR_ERROR,INC-001,0.5882,0,10
2026-08-31 10:03:00,Merchant_A,Adyen,wallet,CO,,21,19,2,118567.1838095238,INSUFFICIENT_FUNDS,,0.9048,0,10
2026-08-31 10:03:00,Merchant_A,Adyen,wallet,MX,,17,17,0,1051.2758823529412,,,1.0,0,10
2026-08-31 10:03:00,Merchant_A,Stripe,PIX,BR,,19,19,0,251.3684210526316,,,1.0,0,10
2026-08-31 10:03:00,Merchant_A,Stripe,PSE,CO,,22,18,4,107816.64272727273,SUSPECTED_FRAUD,,0.8182,0,10
2026-08-31 10:03:00,Merchant_A,Stripe,card,BR,Banco do Brasil,5,5,0,225.478,,,1.0,0,10
2026-08-31 10:03:00,Merchant_A,Stripe,card,BR,Bradesco,4,3,1,318.5725,INSUFFICIENT_FUNDS,,0.75,0,10
2026-08-31 10:03:00,Merchant_A,Stripe,card,BR,Itau,2,2,0,368.675,,,1.0,0,10
2026-08-31 10:03:00,Merchant_A,Stripe,card,BR,Nubank,8,8,0,351.26,,,1.0,0,10
2026-08-31 10:03:00,Merchant_A,Stripe,card,CO,Banco de Bogota,6,6,0,147229.49333333332,,,1.0,0,10
2026-08-31 10:03:00,Merchant_A,Stripe,card,CO,Bancolombia,5,5,0,130828.818,,,1.0,0,10
2026-08-31 10:03:00,Merchant_A,Stripe,card,CO,Davivienda,4,4,0,131104.45750000002,,,1.0,0,10
2026-08-31 10:03:00,Merchant_A,Stripe,card,MX,BBVA,8,7,1,797.1437500000001,DO_NOT_HONOR,,0.875,0,10
2026-08-31 10:03:00,Merchant_A,Stripe,card,MX,Banorte,3,3,0,513.76,,,1.0,0,10
2026-08-31 10:03:00,Merchant_A,Stripe,card,MX,Citibanamex,5,3,2,1105.3700000000001,SUSPECTED_FRAUD,,0.6,0,10
2026-08-31 10:03:00,Merchant_A,Stripe,card,MX,Santander,4,3,1,842.04,SUSPECTED_FRAUD,,0.75,0,10
2026-08-31 10:03:00,Merchant_A,Stripe,cash_in_store,MX,,18,16,2,1063.902222222222,DO_NOT_HONOR,,0.8889,0,10
2026-08-31 10:03:00,Merchant_A,Stripe,wallet,BR,,15,13,2,181.53733333333332,INVALID_CARD,,0.8667,0,10
2026-08-31 10:03:00,Merchant_A,Stripe,wallet,CO,,8,6,2,118423.74250000001,DO_NOT_HONOR,,0.75,0,10
2026-08-31 10:03:00,Merchant_A,Stripe,wallet,MX,,16,16,0,697.1925,,,1.0,0,10
2026-08-31 10:03:00,Merchant_A,dLocal,PIX,BR,,11,10,1,291.53181818181815,DO_NOT_HONOR,,0.9091,0,10
2026-08-31 10:03:00,Merchant_A,dLocal,PSE,CO,,14,12,2,121410.71428571429,INVALID_CARD,,0.8571,0,10
2026-08-31 10:03:00,Merchant_A,dLocal,card,BR,Banco do Brasil,3,3,0,367.24333333333334,,,1.0,0,10
2026-08-31 10:03:00,Merchant_A,dLocal,card,BR,Bradesco,7,7,0,237.71142857142857,,,1.0,0,10
2026-08-31 10:03:00,Merchant_A,dLocal,card,BR,Itau,3,2,1,417.3833333333334,INVALID_CARD,,0.6667,0,10
2026-08-31 10:03:00,Merchant_A,dLocal,card,BR,Nubank,5,4,1,235.26399999999998,SUSPECTED_FRAUD,,0.8,0,10
2026-08-31 10:03:00,Merchant_A,dLocal,card,CO,Banco de Bogota,2,2,0,127057.0,,,1.0,0,10
2026-08-31 10:03:00,Merchant_A,dLocal,card,CO,Bancolombia,8,8,0,109140.29625,,,1.0,0,10
2026-08-31 10:03:00,Merchant_A,dLocal,card,CO,Davivienda,3,3,0,112288.11666666665,,,1.0,0,10
2026-08-31 10:03:00,Merchant_A,dLocal,card,MX,BBVA,1,1,0,895.36,,,1.0,0,10
2026-08-31 10:03:00,Merchant_A,dLocal,card,MX,Banorte,5,5,0,951.7760000000001,,,1.0,0,10
2026-08-31 10:03:00,Merchant_A,dLocal,card,MX,Citibanamex,7,5,2,818.4914285714285,SUSPECTED_FRAUD,,0.7143,0,10
2026-08-31 10:03:00,Merchant_A,dLocal,card,MX,Santander,1,1,0,1240.11,,,1.0,0,10
2026-08-31 10:03:00,Merchant_A,dLocal,cash_in_store,MX,,14,13,1,938.9864285714285,DO_NOT_HONOR,,0.9286,0,10
2026-08-31 10:03:00,Merchant_A,dLocal,wallet,BR,,13,12,1,279.04076923076923,DO_NOT_HONOR,,0.9231,0,10
2026-08-31 10:03:00,Merchant_A,dLocal,wallet,CO,,18,17,1,109646.26555555555,DO_NOT_HONOR,,0.9444,0,10
2026-08-31 10:03:00,Merchant_A,dLocal,wallet,MX,,24,23,1,938.2745833333333,DO_NOT_HONOR,,0.9583,0,10
2026-08-31 10:03:00,Merchant_B,Adyen,PIX,BR,,14,6,8,328.97357142857146,PROCESSOR_ERROR,INC-001,0.4286,0,10
2026-08-31 10:03:00,Merchant_B,Adyen,PSE,CO,,9,9,0,134603.60555555555,,,1.0,0,10
2026-08-31 10:03:00,Merchant_B,Adyen,card,BR,Banco do Brasil,3,1,2,403.38000000000005,PROCESSOR_ERROR,INC-001,0.3333,0,10
2026-08-31 10:03:00,Merchant_B,Adyen,card,BR,Bradesco,1,1,0,316.33,,INC-001,1.0,0,10
2026-08-31 10:03:00,Merchant_B,Adyen,card,BR,Itau,3,3,0,355.70666666666665,,INC-001,1.0,0,10
2026-08-31 10:03:00,Merchant_B,Adyen,card,BR,Nubank,3,2,1,196.32333333333335,PROCESSOR_ERROR,INC-001,0.6667,0,10
2026-08-31 10:03:00,Merchant_B,Adyen,card,CO,Banco de Bogota,6,6,0,164675.94,,,1.0,0,10
2026-08-31 10:03:00,Merchant_B,Adyen,card,CO,Bancolombia,4,4,0,139735.1225,,,1.0,0,10
2026-08-31 10:03:00,Merchant_B,Adyen,card,CO,Davivienda,4,4,0,92445.1475,,,1.0,0,10
2026-08-31 10:03:00,Merchant_B,Adyen,card,MX,BBVA,6,6,0,722.0500000000001,,,1.0,0,10
2026-08-31 10:03:00,Merchant_B,Adyen,card,MX,Banorte,2,2,0,856.2,,,1.0,0,10
2026-08-31 10:03:00,Merchant_B,Adyen,card,MX,Citibanamex,8,7,1,1093.98875,DO_NOT_HONOR,,0.875,0,10
2026-08-31 10:03:00,Merchant_B,Adyen,card,MX,Santander,2,2,0,426.67999999999995,,,1.0,0,10
2026-08-31 10:03:00,Merchant_B,Adyen,cash_in_store,MX,,14,13,1,961.8378571428572,INSUFFICIENT_FUNDS,,0.9286,0,10
2026-08-31 10:03:00,Merchant_B,Adyen,wallet,BR,,13,5,8,228.56307692307695,PROCESSOR_ERROR,INC-001,0.3846,0,10
2026-08-31 10:03:00,Merchant_B,Adyen,wallet,CO,,11,10,1,117243.41363636364,DO_NOT_HONOR,,0.9091,0,10
2026-08-31 10:03:00,Merchant_B,Adyen,wallet,MX,,12,12,0,936.0316666666666,,,1.0,0,10
2026-08-31 10:03:00,Merchant_B,Stripe,PIX,BR,,17,16,1,261.7241176470588,SUSPECTED_FRAUD,,0.9412,0,10
2026-08-31 10:03:00,Merchant_B,Stripe,PSE,CO,,11,11,0,122293.48181818183,,,1.0,0,10
2026-08-31 10:03:00,Merchant_B,Stripe,card,BR,Banco do Brasil,7,6,1,375.9685714285714,INVALID_CARD,,0.8571,0,10
2026-08-31 10:03:00,Merchant_B,Stripe,card,BR,Bradesco,2,2,0,397.81,,,1.0,0,10
2026-08-31 10:03:00,Merchant_B,Stripe,card,BR,Itau,2,2,0,322.75,,,1.0,0,10
2026-08-31 10:03:00,Merchant_B,Stripe,card,BR,Nubank,7,6,1,291.8257142857143,DO_NOT_HONOR,,0.8571,0,10
2026-08-31 10:03:00,Merchant_B,Stripe,card,CO,Banco de Bogota,5,5,0,137772.276,,,1.0,0,10
2026-08-31 10:03:00,Merchant_B,Stripe,card,CO,Bancolombia,6,5,1,134103.58666666667,INVALID_CARD,,0.8333,0,10
2026-08-31 10:03:00,Merchant_B,Stripe,card,CO,Davivienda,4,4,0,120188.1325,,,1.0,0,10
2026-08-31 10:03:00,Merchant_B,Stripe,card,MX,BBVA,3,3,0,697.7033333333334,,,1.0,0,10
2026-08-31 10:03:00,Merchant_B,Stripe,card,MX,Banorte,8,8,0,1076.6625,,,1.0,0,10
2026-08-31 10:03:00,Merchant_B,Stripe,card,MX,Citibanamex,8,5,3,996.06875,DO_NOT_HONOR,,0.625,0,10
2026-08-31 10:03:00,Merchant_B,Stripe,card,MX,Santander,3,3,0,880.8233333333334,,,1.0,0,10
2026-08-31 10:03:00,Merchant_B,Stripe,cash_in_store,MX,,10,7,3,892.5189999999999,DO_NOT_HONOR,,0.7,0,10
2026-08-31 10:03:00,Merchant_B,Stripe,wallet,BR,,17,14,3,265.04764705882354,DO_NOT_HONOR,,0.8235,0,10
2026-08-31 10:03:00,Merchant_B,Stripe,wallet,CO,,15,13,2,111927.75933333334,DO_NOT_HONOR,,0.8667,0,10
2026-08-31 10:03:00,Merchant_B,Stripe,wallet,MX,,11,11,0,866.48,,,1.0,0,10
2026-08-31 10:03:00,Merchant_B,dLocal,PIX,BR,,14,13,1,264.29714285714283,INSUFFICIENT_FUNDS,,0.9286,0,10
2026-08-31 10:03:00,Merchant_B,dLocal,PSE,CO,,17,14,3,106853.81176470588,INSUFFICIENT_FUNDS,,0.8235,0,10
2026-08-31 10:03:00,Merchant_B,dLocal,card,BR,Banco do Brasil,4,3,1,270.84749999999997,INVALID_CARD,,0.75,0,10
2026-08-31 10:03:00,Merchant_B,dLocal,card,BR,Bradesco,3,2,1,190.12,INSUFFICIENT_FUNDS,,0.6667,0,10
2026-08-31 10:03:00,Merchant_B,dLocal,card,BR,Itau,3,3,0,192.4433333333333,,,1.0,0,10
2026-08-31 10:03:00,Merchant_B,dLocal,card,BR,Nubank,2,2,0,413.635,,,1.0,0,10
2026-08-31 10:03:00,Merchant_B,dLocal,card,CO,Banco de Bogota,3,3,0,141117.55333333332,,,1.0,0,10
2026-08-31 10:03:00,Merchant_B,dLocal,card,CO,Bancolombia,8,6,2,124980.12,INSUFFICIENT_FUNDS,,0.75,0,10
2026-08-31 10:03:00,Merchant_B,dLocal,card,CO,Davivienda,2,2,0,171587.175,,,1.0,0,10
2026-08-31 10:03:00,Merchant_B,dLocal,card,MX,BBVA,3,3,0,1052.3266666666666,,,1.0,0,10
2026-08-31 10:03:00,Merchant_B,dLocal,card,MX,Banorte,1,1,0,217.49,,,1.0,0,10
2026-08-31 10:03:00,Merchant_B,dLocal,card,MX,Citibanamex,4,3,1,969.4175,INVALID_CARD,,0.75,0,10
2026-08-31 10:03:00,Merchant_B,dLocal,card,MX,Santander,4,4,0,1035.1825,,,1.0,0,10
2026-08-31 10:03:00,Merchant_B,dLocal,cash_in_store,MX,,18,14,4,1008.5133333333334,DO_NOT_HONOR,,0.7778,0,10
2026-08-31 10:03:00,Merchant_B,dLocal,wallet,BR,,22,18,4,260.08681818181816,INSUFFICIENT_FUNDS,,0.8182,0,10
2026-08-31 10:03:00,Merchant_B,dLocal,wallet,CO,,19,17,2,106329.47789473685,DO_NOT_HONOR,,0.8947,0,10
2026-08-31 10:03:00,Merchant_B,dLocal,wallet,MX,,13,13,0,725.1176923076922,,,1.0,0,10
2026-08-31 10:03:00,Merchant_C,Adyen,PIX,BR,,13,12,1,272.3730769230769,PROCESSOR_ERROR,INC-001,0.9231,0,10
2026-08-31 10:03:00,Merchant_C,Adyen,PSE,CO,,16,14,2,124195.2825,INVALID_CARD,,0.875,0,10
2026-08-31 10:03:00,Merchant_C,Adyen,card,BR,Banco do Brasil,2,1,1,264.425,PROCESSOR_ERROR,INC-001,0.5,0,10
2026-08-31 10:03:00,Merchant_C,Adyen,card,BR,Bradesco,2,0,2,298.055,PROCESSOR_ERROR,INC-001,0.0,0,10
2026-08-31 10:03:00,Merchant_C,Adyen,card,BR,Itau,2,0,2,187.575,PROCESSOR_ERROR,INC-001,0.0,0,10
2026-08-31 10:03:00,Merchant_C,Adyen,card,BR,Nubank,1,0,1,184.54,PROCESSOR_ERROR,INC-001,0.0,0,10
2026-08-31 10:03:00,Merchant_C,Adyen,card,CO,Banco de Bogota,3,3,0,150781.23333333334,,,1.0,0,10
2026-08-31 10:03:00,Merchant_C,Adyen,card,CO,Bancolombia,5,4,1,113881.34599999999,SUSPECTED_FRAUD,,0.8,0,10
2026-08-31 10:03:00,Merchant_C,Adyen,card,CO,Davivienda,3,3,0,134879.48,,,1.0,0,10
2026-08-31 10:03:00,Merchant_C,Adyen,card,MX,BBVA,4,4,0,516.31,,,1.0,0,10
2026-08-31 10:03:00,Merchant_C,Adyen,card,MX,Banorte,4,4,0,804.0124999999999,,,1.0,0,10
2026-08-31 10:03:00,Merchant_C,Adyen,card,MX,Citibanamex,1,0,1,1143.65,SUSPECTED_FRAUD,,0.0,0,10
2026-08-31 10:03:00,Merchant_C,Adyen,card,MX,Santander,7,7,0,898.3914285714285,,,1.0,0,10
2026-08-31 10:03:00,Merchant_C,Adyen,cash_in_store,MX,,26,23,3,797.0550000000001,DO_NOT_HONOR,,0.8846,0,10
2026-08-31 10:03:00,Merchant_C,Adyen,wallet,BR,,19,11,8,254.3457894736842,PROCESSOR_ERROR,INC-001,0.5789,0,10
2026-08-31 10:03:00,Merchant_C,Adyen,wallet,CO,,12,11,1,126020.485,INVALID_CARD,,0.9167,0,10
2026-08-31 10:03:00,Merchant_C,Adyen,wallet,MX,,16,16,0,779.6475,,,1.0,0,10
2026-08-31 10:03:00,Merchant_C,Stripe,PIX,BR,,6,5,1,243.77666666666664,INSUFFICIENT_FUNDS,,0.8333,0,10
2026-08-31 10:03:00,Merchant_C,Stripe,PSE,CO,,17,17,0,138251.93294117646,,,1.0,0,10
2026-08-31 10:03:00,Merchant_C,Stripe,card,BR,Banco do Brasil,3,2,1,194.56000000000003,INVALID_CARD,,0.6667,0,10
2026-08-31 10:03:00,Merchant_C,Stripe,card,BR,Bradesco,8,8,0,319.38875,,,1.0,0,10
2026-08-31 10:03:00,Merchant_C,Stripe,card,BR,Itau,2,2,0,388.07,,,1.0,0,10
2026-08-31 10:03:00,Merchant_C,Stripe,card,BR,Nubank,4,3,1,262.42,INVALID_CARD,,0.75,0,10
2026-08-31 10:03:00,Merchant_C,Stripe,card,CO,Banco de Bogota,4,2,2,77434.725,INSUFFICIENT_FUNDS,,0.5,0,10
2026-08-31 10:03:00,Merchant_C,Stripe,card,CO,Bancolombia,6,6,0,83753.58666666667,,,1.0,0,10
2026-08-31 10:03:00,Merchant_C,Stripe,card,CO,Davivienda,8,6,2,118232.825,INSUFFICIENT_FUNDS,,0.75,0,10
2026-08-31 10:03:00,Merchant_C,Stripe,card,MX,BBVA,2,2,0,900.755,,,1.0,0,10
2026-08-31 10:03:00,Merchant_C,Stripe,card,MX,Banorte,3,3,0,1480.47,,,1.0,0,10
2026-08-31 10:03:00,Merchant_C,Stripe,card,MX,Citibanamex,5,3,2,744.48,DO_NOT_HONOR,,0.6,0,10
2026-08-31 10:03:00,Merchant_C,Stripe,card,MX,Santander,6,5,1,794.7616666666667,INVALID_CARD,,0.8333,0,10
2026-08-31 10:03:00,Merchant_C,Stripe,cash_in_store,MX,,11,9,2,1030.610909090909,DO_NOT_HONOR,,0.8182,0,10
2026-08-31 10:03:00,Merchant_C,Stripe,wallet,BR,,13,13,0,276.98307692307696,,,1.0,0,10
2026-08-31 10:03:00,Merchant_C,Stripe,wallet,CO,,9,8,1,114024.70666666668,DO_NOT_HONOR,,0.8889,0,10
2026-08-31 10:03:00,Merchant_C,Stripe,wallet,MX,,12,10,2,625.6708333333333,INSUFFICIENT_FUNDS,,0.8333,0,10
2026-08-31 10:03:00,Merchant_C,dLocal,PIX,BR,,17,17,0,288.5605882352941,,,1.0,0,10
2026-08-31 10:03:00,Merchant_C,dLocal,PSE,CO,,18,15,3,149230.30166666667,DO_NOT_HONOR,,0.8333,0,10
2026-08-31 10:03:00,Merchant_C,dLocal,card,BR,Banco do Brasil,1,1,0,240.22,,,1.0,0,10
2026-08-31 10:03:00,Merchant_C,dLocal,card,BR,Bradesco,4,3,1,336.425,SUSPECTED_FRAUD,,0.75,0,10
2026-08-31 10:03:00,Merchant_C,dLocal,card,BR,Itau,5,5,0,316.68600000000004,,,1.0,0,10
2026-08-31 10:03:00,Merchant_C,dLocal,card,BR,Nubank,6,6,0,242.81499999999997,,,1.0,0,10
2026-08-31 10:03:00,Merchant_C,dLocal,card,CO,Banco de Bogota,4,4,0,109489.5875,,,1.0,0,10
2026-08-31 10:03:00,Merchant_C,dLocal,card,CO,Bancolombia,11,11,0,95934.79272727272,,,1.0,0,10
2026-08-31 10:03:00,Merchant_C,dLocal,card,CO,Davivienda,1,1,0,36021.17,,,1.0,0,10
2026-08-31 10:03:00,Merchant_C,dLocal,card,MX,BBVA,4,4,0,893.21,,,1.0,0,10
2026-08-31 10:03:00,Merchant_C,dLocal,card,MX,Banorte,2,1,1,851.6700000000001,SUSPECTED_FRAUD,,0.5,0,10
2026-08-31 10:03:00,Merchant_C,dLocal,card,MX,Citibanamex,4,4,0,740.575,,,1.0,0,10
2026-08-31 10:03:00,Merchant_C,dLocal,card,MX,Santander,3,3,0,641.38,,,1.0,0,10
2026-08-31 10:03:00,Merchant_C,dLocal,cash_in_store,MX,,9,6,3,632.4644444444444,DO_NOT_HONOR,,0.6667,0,10
2026-08-31 10:03:00,Merchant_C,dLocal,wallet,BR,,14,11,3,240.71142857142857,INSUFFICIENT_FUNDS,,0.7857,0,10
2026-08-31 10:03:00,Merchant_C,dLocal,wallet,CO,,15,14,1,129422.70733333334,INSUFFICIENT_FUNDS,,0.9333,0,10
2026-08-31 10:03:00,Merchant_C,dLocal,wallet,MX,,16,14,2,884.5575,SUSPECTED_FRAUD,,0.875,0,10
2026-08-31 10:04:00,Merchant_A,Adyen,PIX,BR,,17,11,6,297.5005882352941,PROCESSOR_ERROR,INC-001,0.6471,0,10
2026-08-31 10:04:00,Merchant_A,Adyen,PSE,CO,,9,8,1,135375.77666666667,INSUFFICIENT_FUNDS,,0.8889,0,10
2026-08-31 10:04:00,Merchant_A,Adyen,card,BR,Banco do Brasil,1,1,0,376.03,,INC-001,1.0,0,10
2026-08-31 10:04:00,Merchant_A,Adyen,card,BR,Bradesco,5,5,0,149.25799999999998,,INC-001,1.0,0,10
2026-08-31 10:04:00,Merchant_A,Adyen,card,BR,Itau,4,3,1,305.3575,PROCESSOR_ERROR,INC-001,0.75,0,10
2026-08-31 10:04:00,Merchant_A,Adyen,card,BR,Nubank,5,3,2,215.60999999999999,PROCESSOR_ERROR,INC-001,0.6,0,10
2026-08-31 10:04:00,Merchant_A,Adyen,card,CO,Banco de Bogota,4,3,1,144815.9775,DO_NOT_HONOR,,0.75,0,10
2026-08-31 10:04:00,Merchant_A,Adyen,card,CO,Bancolombia,1,1,0,170101.4,,,1.0,0,10
2026-08-31 10:04:00,Merchant_A,Adyen,card,CO,Davivienda,4,4,0,163207.2725,,,1.0,0,10
2026-08-31 10:04:00,Merchant_A,Adyen,card,MX,BBVA,4,1,3,1091.975,ISSUER_UNAVAILABLE,INC-002,0.25,0,10
2026-08-31 10:04:00,Merchant_A,Adyen,card,MX,Banorte,7,7,0,1055.4557142857143,,,1.0,0,10
2026-08-31 10:04:00,Merchant_A,Adyen,card,MX,Citibanamex,5,4,1,503.288,INSUFFICIENT_FUNDS,,0.8,0,10
2026-08-31 10:04:00,Merchant_A,Adyen,card,MX,Santander,6,6,0,1047.2166666666667,,,1.0,0,10
2026-08-31 10:04:00,Merchant_A,Adyen,cash_in_store,MX,,22,18,4,1160.240909090909,INVALID_CARD,,0.8182,0,10
2026-08-31 10:04:00,Merchant_A,Adyen,wallet,BR,,18,5,13,251.8361111111111,PROCESSOR_ERROR,INC-001,0.2778,0,10
2026-08-31 10:04:00,Merchant_A,Adyen,wallet,CO,,19,18,1,125787.73684210527,DO_NOT_HONOR,,0.9474,0,10
2026-08-31 10:04:00,Merchant_A,Adyen,wallet,MX,,21,19,2,859.7747619047619,INSUFFICIENT_FUNDS,,0.9048,0,10
2026-08-31 10:04:00,Merchant_A,Stripe,PIX,BR,,10,10,0,298.579,,,1.0,0,10
2026-08-31 10:04:00,Merchant_A,Stripe,PSE,CO,,16,15,1,106229.83499999999,DO_NOT_HONOR,,0.9375,0,10
2026-08-31 10:04:00,Merchant_A,Stripe,card,BR,Banco do Brasil,4,3,1,212.98250000000002,DO_NOT_HONOR,,0.75,0,10
2026-08-31 10:04:00,Merchant_A,Stripe,card,BR,Bradesco,8,8,0,248.66125,,,1.0,0,10
2026-08-31 10:04:00,Merchant_A,Stripe,card,BR,Itau,2,2,0,230.565,,,1.0,0,10
2026-08-31 10:04:00,Merchant_A,Stripe,card,BR,Nubank,2,2,0,491.02000000000004,,,1.0,0,10
2026-08-31 10:04:00,Merchant_A,Stripe,card,CO,Banco de Bogota,4,3,1,89576.94499999999,SUSPECTED_FRAUD,,0.75,0,10
2026-08-31 10:04:00,Merchant_A,Stripe,card,CO,Bancolombia,6,4,2,125850.02,INVALID_CARD,,0.6667,0,10
2026-08-31 10:04:00,Merchant_A,Stripe,card,CO,Davivienda,6,6,0,115290.70166666666,,,1.0,0,10
2026-08-31 10:04:00,Merchant_A,Stripe,card,MX,BBVA,1,0,1,413.62,ISSUER_UNAVAILABLE,INC-002,0.0,0,10
2026-08-31 10:04:00,Merchant_A,Stripe,card,MX,Banorte,4,4,0,787.3050000000001,,,1.0,0,10
2026-08-31 10:04:00,Merchant_A,Stripe,card,MX,Citibanamex,5,5,0,835.6719999999999,,,1.0,0,10
2026-08-31 10:04:00,Merchant_A,Stripe,card,MX,Santander,3,3,0,644.4066666666666,,,1.0,0,10
2026-08-31 10:04:00,Merchant_A,Stripe,cash_in_store,MX,,15,14,1,856.0413333333332,DO_NOT_HONOR,,0.9333,0,10
2026-08-31 10:04:00,Merchant_A,Stripe,wallet,BR,,17,16,1,183.4105882352941,DO_NOT_HONOR,,0.9412,0,10
2026-08-31 10:04:00,Merchant_A,Stripe,wallet,CO,,20,19,1,118655.3445,INSUFFICIENT_FUNDS,,0.95,0,10
2026-08-31 10:04:00,Merchant_A,Stripe,wallet,MX,,7,7,0,870.8271428571428,,,1.0,0,10
2026-08-31 10:04:00,Merchant_A,dLocal,PIX,BR,,18,13,5,345.1511111111111,DO_NOT_HONOR,,0.7222,0,10
2026-08-31 10:04:00,Merchant_A,dLocal,PSE,CO,,6,6,0,78830.63833333332,,,1.0,0,10
2026-08-31 10:04:00,Merchant_A,dLocal,card,BR,Banco do Brasil,6,6,0,197.10833333333335,,,1.0,0,10
2026-08-31 10:04:00,Merchant_A,dLocal,card,BR,Bradesco,3,3,0,307.8066666666667,,,1.0,0,10
2026-08-31 10:04:00,Merchant_A,dLocal,card,BR,Itau,1,1,0,28.0,,,1.0,0,10
2026-08-31 10:04:00,Merchant_A,dLocal,card,BR,Nubank,4,4,0,321.5825,,,1.0,0,10
2026-08-31 10:04:00,Merchant_A,dLocal,card,CO,Banco de Bogota,7,7,0,144217.9442857143,,,1.0,0,10
2026-08-31 10:04:00,Merchant_A,dLocal,card,CO,Bancolombia,6,5,1,123750.48333333334,SUSPECTED_FRAUD,,0.8333,0,10
2026-08-31 10:04:00,Merchant_A,dLocal,card,CO,Davivienda,7,6,1,123260.07714285715,DO_NOT_HONOR,,0.8571,0,10
2026-08-31 10:04:00,Merchant_A,dLocal,card,MX,BBVA,2,0,2,876.665,ISSUER_UNAVAILABLE,INC-002,0.0,0,10
2026-08-31 10:04:00,Merchant_A,dLocal,card,MX,Banorte,7,5,2,555.6757142857143,DO_NOT_HONOR,,0.7143,0,10
2026-08-31 10:04:00,Merchant_A,dLocal,card,MX,Citibanamex,2,1,1,860.28,INVALID_CARD,,0.5,0,10
2026-08-31 10:04:00,Merchant_A,dLocal,card,MX,Santander,5,5,0,1104.1680000000001,,,1.0,0,10
2026-08-31 10:04:00,Merchant_A,dLocal,cash_in_store,MX,,9,5,4,850.2388888888888,DO_NOT_HONOR,,0.5556,0,10
2026-08-31 10:04:00,Merchant_A,dLocal,wallet,BR,,16,14,2,275.91125,DO_NOT_HONOR,,0.875,0,10
2026-08-31 10:04:00,Merchant_A,dLocal,wallet,CO,,19,17,2,133446.57842105263,INSUFFICIENT_FUNDS,,0.8947,0,10
2026-08-31 10:04:00,Merchant_A,dLocal,wallet,MX,,11,11,0,964.2236363636363,,,1.0,0,10
2026-08-31 10:04:00,Merchant_B,Adyen,PIX,BR,,17,11,6,294.82000000000005,PROCESSOR_ERROR,INC-001,0.6471,0,10
2026-08-31 10:04:00,Merchant_B,Adyen,PSE,CO,,14,12,2,85323.61142857143,INSUFFICIENT_FUNDS,,0.8571,0,10
2026-08-31 10:04:00,Merchant_B,Adyen,card,BR,Banco do Brasil,3,2,1,406.6033333333333,PROCESSOR_ERROR,INC-001,0.6667,0,10
2026-08-31 10:04:00,Merchant_B,Adyen,card,BR,Bradesco,2,1,1,167.675,PROCESSOR_ERROR,INC-001,0.5,0,10
2026-08-31 10:04:00,Merchant_B,Adyen,card,BR,Itau,3,2,1,307.2266666666667,PROCESSOR_ERROR,INC-001,0.6667,0,10
2026-08-31 10:04:00,Merchant_B,Adyen,card,BR,Nubank,2,1,1,335.15500000000003,PROCESSOR_ERROR,INC-001,0.5,0,10
2026-08-31 10:04:00,Merchant_B,Adyen,card,CO,Banco de Bogota,8,8,0,123287.76125,,,1.0,0,10
2026-08-31 10:04:00,Merchant_B,Adyen,card,CO,Bancolombia,6,4,2,92954.645,INSUFFICIENT_FUNDS,,0.6667,0,10
2026-08-31 10:04:00,Merchant_B,Adyen,card,CO,Davivienda,11,11,0,123367.06545454545,,,1.0,0,10
2026-08-31 10:04:00,Merchant_B,Adyen,card,MX,BBVA,2,2,0,839.73,,,1.0,0,10
2026-08-31 10:04:00,Merchant_B,Adyen,card,MX,Banorte,2,1,1,1301.9099999999999,SUSPECTED_FRAUD,,0.5,0,10
2026-08-31 10:04:00,Merchant_B,Adyen,card,MX,Citibanamex,3,3,0,959.3566666666667,,,1.0,0,10
2026-08-31 10:04:00,Merchant_B,Adyen,card,MX,Santander,2,1,1,507.445,DO_NOT_HONOR,,0.5,0,10
2026-08-31 10:04:00,Merchant_B,Adyen,cash_in_store,MX,,20,13,7,987.124,DO_NOT_HONOR,,0.65,0,10
2026-08-31 10:04:00,Merchant_B,Adyen,wallet,BR,,12,6,6,264.04,PROCESSOR_ERROR,INC-001,0.5,0,10
2026-08-31 10:04:00,Merchant_B,Adyen,wallet,CO,,22,19,3,141832.17636363636,DO_NOT_HONOR,,0.8636,0,10
2026-08-31 10:04:00,Merchant_B,Adyen,wallet,MX,,13,13,0,970.5692307692308,,,1.0,0,10
2026-08-31 10:04:00,Merchant_B,Stripe,PIX,BR,,10,10,0,283.253,,,1.0,0,10
2026-08-31 10:04:00,Merchant_B,Stripe,PSE,CO,,17,16,1,109058.71176470589,DO_NOT_HONOR,,0.9412,0,10
2026-08-31 10:04:00,Merchant_B,Stripe,card,BR,Banco do Brasil,3,3,0,212.80666666666664,,,1.0,0,10
2026-08-31 10:04:00,Merchant_B,Stripe,card,BR,Bradesco,3,2,1,291.0133333333333,INVALID_CARD,,0.6667,0,10
2026-08-31 10:04:00,Merchant_B,Stripe,card,BR,Itau,4,4,0,289.6275,,,1.0,0,10
2026-08-31 10:04:00,Merchant_B,Stripe,card,BR,Nubank,1,1,0,481.22,,,1.0,0,10
2026-08-31 10:04:00,Merchant_B,Stripe,card,CO,Banco de Bogota,6,5,1,52003.5,INSUFFICIENT_FUNDS,,0.8333,0,10
2026-08-31 10:04:00,Merchant_B,Stripe,card,CO,Bancolombia,5,4,1,147574.13,INSUFFICIENT_FUNDS,,0.8,0,10
2026-08-31 10:04:00,Merchant_B,Stripe,card,CO,Davivienda,4,4,0,145298.9325,,,1.0,0,10
2026-08-31 10:04:00,Merchant_B,Stripe,card,MX,BBVA,6,6,0,1078.6783333333333,,,1.0,0,10
2026-08-31 10:04:00,Merchant_B,Stripe,card,MX,Banorte,2,2,0,916.675,,,1.0,0,10
2026-08-31 10:04:00,Merchant_B,Stripe,card,MX,Citibanamex,4,4,0,1035.29,,,1.0,0,10
2026-08-31 10:04:00,Merchant_B,Stripe,card,MX,Santander,4,3,1,819.0725,INVALID_CARD,,0.75,0,10
2026-08-31 10:04:00,Merchant_B,Stripe,cash_in_store,MX,,6,6,0,1018.8283333333333,,,1.0,0,10
2026-08-31 10:04:00,Merchant_B,Stripe,wallet,BR,,21,19,2,302.37047619047615,INVALID_CARD,,0.9048,0,10
2026-08-31 10:04:00,Merchant_B,Stripe,wallet,CO,,17,17,0,100469.25,,,1.0,0,10
2026-08-31 10:04:00,Merchant_B,Stripe,wallet,MX,,10,10,0,801.437,,,1.0,0,10
2026-08-31 10:04:00,Merchant_B,dLocal,PIX,BR,,15,15,0,312.512,,,1.0,0,10
2026-08-31 10:04:00,Merchant_B,dLocal,PSE,CO,,21,17,4,99276.39761904762,DO_NOT_HONOR,,0.8095,0,10
2026-08-31 10:04:00,Merchant_B,dLocal,card,BR,Banco do Brasil,4,4,0,317.86249999999995,,,1.0,0,10
2026-08-31 10:04:00,Merchant_B,dLocal,card,BR,Bradesco,3,3,0,250.72000000000003,,,1.0,0,10
2026-08-31 10:04:00,Merchant_B,dLocal,card,BR,Itau,2,2,0,209.85,,,1.0,0,10
2026-08-31 10:04:00,Merchant_B,dLocal,card,BR,Nubank,4,4,0,105.925,,,1.0,0,10
2026-08-31 10:04:00,Merchant_B,dLocal,card,CO,Banco de Bogota,4,3,1,128616.47,INVALID_CARD,,0.75,0,10
2026-08-31 10:04:00,Merchant_B,dLocal,card,CO,Bancolombia,2,2,0,125170.99,,,1.0,0,10
2026-08-31 10:04:00,Merchant_B,dLocal,card,CO,Davivienda,5,5,0,135948.33000000002,,,1.0,0,10
2026-08-31 10:04:00,Merchant_B,dLocal,card,MX,BBVA,4,3,1,822.0325,INVALID_CARD,,0.75,0,10
2026-08-31 10:04:00,Merchant_B,dLocal,card,MX,Banorte,2,1,1,1282.455,INSUFFICIENT_FUNDS,,0.5,0,10
2026-08-31 10:04:00,Merchant_B,dLocal,card,MX,Citibanamex,3,2,1,780.3233333333333,INVALID_CARD,,0.6667,0,10
2026-08-31 10:04:00,Merchant_B,dLocal,card,MX,Santander,5,4,1,958.494,INSUFFICIENT_FUNDS,,0.8,0,10
2026-08-31 10:04:00,Merchant_B,dLocal,cash_in_store,MX,,13,12,1,780.2161538461538,INSUFFICIENT_FUNDS,,0.9231,0,10
2026-08-31 10:04:00,Merchant_B,dLocal,wallet,BR,,12,11,1,305.46,INVALID_CARD,,0.9167,0,10
2026-08-31 10:04:00,Merchant_B,dLocal,wallet,CO,,14,13,1,107708.43999999999,SUSPECTED_FRAUD,,0.9286,0,10
2026-08-31 10:04:00,Merchant_B,dLocal,wallet,MX,,22,19,3,833.3863636363636,DO_NOT_HONOR,,0.8636,0,10
2026-08-31 10:04:00,Merchant_C,Adyen,PIX,BR,,16,11,5,349.2875,PROCESSOR_ERROR,INC-001,0.6875,0,10
2026-08-31 10:04:00,Merchant_C,Adyen,PSE,CO,,19,19,0,114315.03210526315,,,1.0,0,10
2026-08-31 10:04:00,Merchant_C,Adyen,card,BR,Banco do Brasil,3,3,0,173.42666666666665,,INC-001,1.0,0,10
2026-08-31 10:04:00,Merchant_C,Adyen,card,BR,Bradesco,3,2,1,239.45333333333335,PROCESSOR_ERROR,INC-001,0.6667,0,10
2026-08-31 10:04:00,Merchant_C,Adyen,card,BR,Itau,3,2,1,392.34999999999997,PROCESSOR_ERROR,INC-001,0.6667,0,10
2026-08-31 10:04:00,Merchant_C,Adyen,card,BR,Nubank,2,1,1,197.205,PROCESSOR_ERROR,INC-001,0.5,0,10
2026-08-31 10:04:00,Merchant_C,Adyen,card,CO,Banco de Bogota,8,8,0,96905.21875,,,1.0,0,10
2026-08-31 10:04:00,Merchant_C,Adyen,card,CO,Bancolombia,6,6,0,122963.885,,,1.0,0,10
2026-08-31 10:04:00,Merchant_C,Adyen,card,CO,Davivienda,4,4,0,87974.6125,,,1.0,0,10
2026-08-31 10:04:00,Merchant_C,Adyen,card,MX,Banorte,1,1,0,620.23,,,1.0,0,10
2026-08-31 10:04:00,Merchant_C,Adyen,card,MX,Citibanamex,4,4,0,730.6424999999999,,,1.0,0,10
2026-08-31 10:04:00,Merchant_C,Adyen,card,MX,Santander,4,4,0,1126.875,,,1.0,0,10
2026-08-31 10:04:00,Merchant_C,Adyen,cash_in_store,MX,,14,12,2,921.6985714285714,INSUFFICIENT_FUNDS,,0.8571,0,10
2026-08-31 10:04:00,Merchant_C,Adyen,wallet,BR,,9,7,2,259.42333333333335,PROCESSOR_ERROR,INC-001,0.7778,0,10
2026-08-31 10:04:00,Merchant_C,Adyen,wallet,CO,,15,14,1,124496.52533333332,INVALID_CARD,,0.9333,0,10
2026-08-31 10:04:00,Merchant_C,Adyen,wallet,MX,,17,16,1,937.4364705882354,DO_NOT_HONOR,,0.9412,0,10
2026-08-31 10:04:00,Merchant_C,Stripe,PIX,BR,,16,14,2,286.5675,INSUFFICIENT_FUNDS,,0.875,0,10
2026-08-31 10:04:00,Merchant_C,Stripe,PSE,CO,,14,11,3,104770.96071428571,INVALID_CARD,,0.7857,0,10
2026-08-31 10:04:00,Merchant_C,Stripe,card,BR,Banco do Brasil,2,2,0,293.67,,,1.0,0,10
2026-08-31 10:04:00,Merchant_C,Stripe,card,BR,Bradesco,4,4,0,390.70000000000005,,,1.0,0,10
2026-08-31 10:04:00,Merchant_C,Stripe,card,BR,Itau,3,3,0,282.82666666666665,,,1.0,0,10
2026-08-31 10:04:00,Merchant_C,Stripe,card,BR,Nubank,4,4,0,180.125,,,1.0,0,10
2026-08-31 10:04:00,Merchant_C,Stripe,card,CO,Banco de Bogota,9,9,0,96443.89555555556,,,1.0,0,10
2026-08-31 10:04:00,Merchant_C,Stripe,card,CO,Bancolombia,2,2,0,75258.59,,,1.0,0,10
2026-08-31 10:04:00,Merchant_C,Stripe,card,CO,Davivienda,3,1,2,69614.20666666667,DO_NOT_HONOR,,0.3333,0,10
2026-08-31 10:04:00,Merchant_C,Stripe,card,MX,BBVA,2,2,0,724.25,,,1.0,0,10
2026-08-31 10:04:00,Merchant_C,Stripe,card,MX,Banorte,2,2,0,887.2950000000001,,,1.0,0,10
2026-08-31 10:04:00,Merchant_C,Stripe,card,MX,Citibanamex,2,2,0,539.04,,,1.0,0,10
2026-08-31 10:04:00,Merchant_C,Stripe,card,MX,Santander,3,3,0,800.1999999999999,,,1.0,0,10
2026-08-31 10:04:00,Merchant_C,Stripe,cash_in_store,MX,,9,8,1,919.7477777777777,INVALID_CARD,,0.8889,0,10
2026-08-31 10:04:00,Merchant_C,Stripe,wallet,BR,,5,5,0,277.726,,,1.0,0,10
2026-08-31 10:04:00,Merchant_C,Stripe,wallet,CO,,15,14,1,141072.238,INSUFFICIENT_FUNDS,,0.9333,0,10
2026-08-31 10:04:00,Merchant_C,Stripe,wallet,MX,,9,9,0,934.39,,,1.0,0,10
2026-08-31 10:04:00,Merchant_C,dLocal,PIX,BR,,12,11,1,291.6466666666667,SUSPECTED_FRAUD,,0.9167,0,10
2026-08-31 10:04:00,Merchant_C,dLocal,PSE,CO,,22,16,6,126768.50863636364,DO_NOT_HONOR,,0.7273,0,10
2026-08-31 10:04:00,Merchant_C,dLocal,card,BR,Banco do Brasil,3,3,0,290.81,,,1.0,0,10
2026-08-31 10:04:00,Merchant_C,dLocal,card,BR,Bradesco,1,1,0,431.81,,,1.0,0,10
2026-08-31 10:04:00,Merchant_C,dLocal,card,BR,Itau,6,6,0,246.17999999999998,,,1.0,0,10
2026-08-31 10:04:00,Merchant_C,dLocal,card,BR,Nubank,5,5,0,370.15999999999997,,,1.0,0,10
2026-08-31 10:04:00,Merchant_C,dLocal,card,CO,Banco de Bogota,8,8,0,94602.94,,,1.0,0,10
2026-08-31 10:04:00,Merchant_C,dLocal,card,CO,Bancolombia,1,0,1,170689.56,INVALID_CARD,,0.0,0,10
2026-08-31 10:04:00,Merchant_C,dLocal,card,CO,Davivienda,8,8,0,81703.88875,,,1.0,0,10
2026-08-31 10:04:00,Merchant_C,dLocal,card,MX,BBVA,9,9,0,917.821111111111,,,1.0,0,10
2026-08-31 10:04:00,Merchant_C,dLocal,card,MX,Banorte,4,4,0,1212.705,,,1.0,0,10
2026-08-31 10:04:00,Merchant_C,dLocal,card,MX,Citibanamex,7,6,1,1043.537142857143,INVALID_CARD,,0.8571,0,10
2026-08-31 10:04:00,Merchant_C,dLocal,card,MX,Santander,2,1,1,777.185,INVALID_CARD,,0.5,0,10
2026-08-31 10:04:00,Merchant_C,dLocal,cash_in_store,MX,,19,18,1,909.8852631578948,SUSPECTED_FRAUD,,0.9474,0,10
2026-08-31 10:04:00,Merchant_C,dLocal,wallet,BR,,15,12,3,319.4013333333333,INSUFFICIENT_FUNDS,,0.8,0,10
2026-08-31 10:04:00,Merchant_C,dLocal,wallet,CO,,15,14,1,132078.36533333332,DO_NOT_HONOR,,0.9333,0,10
2026-08-31 10:04:00,Merchant_C,dLocal,wallet,MX,,20,18,2,826.993,INSUFFICIENT_FUNDS,,0.9,0,10
2026-08-31 10:05:00,Merchant_A,Adyen,PIX,BR,,21,13,8,293.3561904761905,PROCESSOR_ERROR,INC-001,0.619,0,10
2026-08-31 10:05:00,Merchant_A,Adyen,PSE,CO,,18,18,0,140484.57666666666,,,1.0,0,10
2026-08-31 10:05:00,Merchant_A,Adyen,card,BR,Banco do Brasil,4,2,2,225.7175,PROCESSOR_ERROR,INC-001,0.5,0,10
2026-08-31 10:05:00,Merchant_A,Adyen,card,BR,Bradesco,2,1,1,258.755,PROCESSOR_ERROR,INC-001,0.5,0,10
2026-08-31 10:05:00,Merchant_A,Adyen,card,BR,Itau,7,3,4,278.25,PROCESSOR_ERROR,INC-001,0.4286,0,10
2026-08-31 10:05:00,Merchant_A,Adyen,card,BR,Nubank,4,0,4,295.8175,PROCESSOR_ERROR,INC-001,0.0,0,10
2026-08-31 10:05:00,Merchant_A,Adyen,card,CO,Banco de Bogota,9,8,1,83855.5188888889,INSUFFICIENT_FUNDS,,0.8889,0,10
2026-08-31 10:05:00,Merchant_A,Adyen,card,CO,Bancolombia,3,3,0,97150.70333333332,,,1.0,0,10
2026-08-31 10:05:00,Merchant_A,Adyen,card,CO,Davivienda,4,4,0,93334.8,,,1.0,0,10
2026-08-31 10:05:00,Merchant_A,Adyen,card,MX,BBVA,3,1,2,746.5966666666667,ISSUER_UNAVAILABLE,INC-002,0.3333,0,10
2026-08-31 10:05:00,Merchant_A,Adyen,card,MX,Banorte,2,2,0,768.2,,,1.0,0,10
2026-08-31 10:05:00,Merchant_A,Adyen,card,MX,Citibanamex,6,6,0,876.0133333333333,,,1.0,0,10
2026-08-31 10:05:00,Merchant_A,Adyen,card,MX,Santander,5,5,0,452.046,,,1.0,0,10
2026-08-31 10:05:00,Merchant_A,Adyen,cash_in_store,MX,,11,10,1,1104.3381818181817,INSUFFICIENT_FUNDS,,0.9091,0,10
2026-08-31 10:05:00,Merchant_A,Adyen,wallet,BR,,14,7,7,216.86357142857145,PROCESSOR_ERROR,INC-001,0.5,0,10
2026-08-31 10:05:00,Merchant_A,Adyen,wallet,CO,,11,11,0,165824.97090909092,,,1.0,0,10
2026-08-31 10:05:00,Merchant_A,Adyen,wallet,MX,,10,10,0,835.6479999999999,,,1.0,0,10
2026-08-31 10:05:00,Merchant_A,Stripe,PIX,BR,,21,20,1,331.7133333333333,SUSPECTED_FRAUD,,0.9524,0,10
2026-08-31 10:05:00,Merchant_A,Stripe,PSE,CO,,11,9,2,111155.22363636363,INSUFFICIENT_FUNDS,,0.8182,0,10
2026-08-31 10:05:00,Merchant_A,Stripe,card,BR,Banco do Brasil,1,1,0,423.7,,,1.0,0,10
2026-08-31 10:05:00,Merchant_A,Stripe,card,BR,Bradesco,3,3,0,334.1766666666667,,,1.0,0,10
2026-08-31 10:05:00,Merchant_A,Stripe,card,BR,Itau,7,7,0,375.12142857142857,,,1.0,0,10
2026-08-31 10:05:00,Merchant_A,Stripe,card,BR,Nubank,2,1,1,452.48,INSUFFICIENT_FUNDS,,0.5,0,10
2026-08-31 10:05:00,Merchant_A,Stripe,card,CO,Banco de Bogota,6,6,0,95617.98166666667,,,1.0,0,10
2026-08-31 10:05:00,Merchant_A,Stripe,card,CO,Bancolombia,3,2,1,160781.59333333335,INSUFFICIENT_FUNDS,,0.6667,0,10
2026-08-31 10:05:00,Merchant_A,Stripe,card,CO,Davivienda,3,1,2,149239.00333333333,DO_NOT_HONOR,,0.3333,0,10
2026-08-31 10:05:00,Merchant_A,Stripe,card,MX,BBVA,5,2,3,605.7560000000001,ISSUER_UNAVAILABLE,INC-002,0.4,0,10
2026-08-31 10:05:00,Merchant_A,Stripe,card,MX,Banorte,3,3,0,669.4033333333333,,,1.0,0,10
2026-08-31 10:05:00,Merchant_A,Stripe,card,MX,Citibanamex,3,2,1,1359.28,DO_NOT_HONOR,,0.6667,0,10
2026-08-31 10:05:00,Merchant_A,Stripe,card,MX,Santander,3,3,0,1173.6033333333332,,,1.0,0,10
2026-08-31 10:05:00,Merchant_A,Stripe,cash_in_store,MX,,18,14,4,807.4622222222222,INVALID_CARD,,0.7778,0,10
2026-08-31 10:05:00,Merchant_A,Stripe,wallet,BR,,19,17,2,257.9957894736842,INVALID_CARD,,0.8947,0,10
2026-08-31 10:05:00,Merchant_A,Stripe,wallet,CO,,17,16,1,109940.95529411765,INVALID_CARD,,0.9412,0,10
2026-08-31 10:05:00,Merchant_A,Stripe,wallet,MX,,18,14,4,815.42,INSUFFICIENT_FUNDS,,0.7778,0,10
2026-08-31 10:05:00,Merchant_A,dLocal,PIX,BR,,9,9,0,333.0488888888889,,,1.0,0,10
2026-08-31 10:05:00,Merchant_A,dLocal,PSE,CO,,14,12,2,135757.94,INVALID_CARD,,0.8571,0,10
2026-08-31 10:05:00,Merchant_A,dLocal,card,BR,Banco do Brasil,4,4,0,283.6675,,,1.0,0,10
2026-08-31 10:05:00,Merchant_A,dLocal,card,BR,Bradesco,4,2,2,353.8725,INSUFFICIENT_FUNDS,,0.5,0,10
2026-08-31 10:05:00,Merchant_A,dLocal,card,BR,Itau,2,2,0,537.455,,,1.0,0,10
2026-08-31 10:05:00,Merchant_A,dLocal,card,CO,Banco de Bogota,6,5,1,166885.72333333336,INSUFFICIENT_FUNDS,,0.8333,0,10
2026-08-31 10:05:00,Merchant_A,dLocal,card,CO,Bancolombia,5,4,1,114511.50600000001,SUSPECTED_FRAUD,,0.8,0,10
2026-08-31 10:05:00,Merchant_A,dLocal,card,CO,Davivienda,10,10,0,146301.027,,,1.0,0,10
2026-08-31 10:05:00,Merchant_A,dLocal,card,MX,BBVA,2,0,2,616.035,ISSUER_UNAVAILABLE,INC-002,0.0,0,10
2026-08-31 10:05:00,Merchant_A,dLocal,card,MX,Banorte,3,2,1,1219.4133333333332,SUSPECTED_FRAUD,,0.6667,0,10
2026-08-31 10:05:00,Merchant_A,dLocal,card,MX,Citibanamex,4,3,1,1049.7375,DO_NOT_HONOR,,0.75,0,10
2026-08-31 10:05:00,Merchant_A,dLocal,card,MX,Santander,3,3,0,1129.9533333333331,,,1.0,0,10
2026-08-31 10:05:00,Merchant_A,dLocal,cash_in_store,MX,,14,13,1,739.3264285714286,SUSPECTED_FRAUD,,0.9286,0,10
2026-08-31 10:05:00,Merchant_A,dLocal,wallet,BR,,15,14,1,286.5133333333333,DO_NOT_HONOR,,0.9333,0,10
2026-08-31 10:05:00,Merchant_A,dLocal,wallet,CO,,9,7,2,151384.38666666666,DO_NOT_HONOR,,0.7778,0,10
2026-08-31 10:05:00,Merchant_A,dLocal,wallet,MX,,17,16,1,927.7176470588236,DO_NOT_HONOR,,0.9412,0,10
2026-08-31 10:05:00,Merchant_B,Adyen,PIX,BR,,18,6,12,276.9622222222222,PROCESSOR_ERROR,INC-001,0.3333,0,10
2026-08-31 10:05:00,Merchant_B,Adyen,PSE,CO,,21,19,2,120468.85523809523,INSUFFICIENT_FUNDS,,0.9048,0,10
2026-08-31 10:05:00,Merchant_B,Adyen,card,BR,Banco do Brasil,4,3,1,317.6325,PROCESSOR_ERROR,INC-001,0.75,0,10
2026-08-31 10:05:00,Merchant_B,Adyen,card,BR,Bradesco,2,2,0,401.97,,INC-001,1.0,0,10
2026-08-31 10:05:00,Merchant_B,Adyen,card,BR,Itau,1,0,1,486.22,PROCESSOR_ERROR,INC-001,0.0,0,10
2026-08-31 10:05:00,Merchant_B,Adyen,card,BR,Nubank,1,1,0,28.0,,INC-001,1.0,0,10
2026-08-31 10:05:00,Merchant_B,Adyen,card,CO,Banco de Bogota,7,7,0,188691.80571428573,,,1.0,0,10
2026-08-31 10:05:00,Merchant_B,Adyen,card,CO,Bancolombia,6,5,1,96947.57166666666,INVALID_CARD,,0.8333,0,10
2026-08-31 10:05:00,Merchant_B,Adyen,card,CO,Davivienda,3,3,0,128107.8,,,1.0,0,10
2026-08-31 10:05:00,Merchant_B,Adyen,card,MX,BBVA,5,5,0,683.4800000000001,,,1.0,0,10
2026-08-31 10:05:00,Merchant_B,Adyen,card,MX,Banorte,3,3,0,984.6233333333333,,,1.0,0,10
2026-08-31 10:05:00,Merchant_B,Adyen,card,MX,Citibanamex,2,1,1,1187.835,INSUFFICIENT_FUNDS,,0.5,0,10
2026-08-31 10:05:00,Merchant_B,Adyen,card,MX,Santander,5,5,0,890.642,,,1.0,0,10
2026-08-31 10:05:00,Merchant_B,Adyen,cash_in_store,MX,,17,13,4,777.2770588235295,DO_NOT_HONOR,,0.7647,0,10
2026-08-31 10:05:00,Merchant_B,Adyen,wallet,BR,,18,10,8,270.13722222222225,PROCESSOR_ERROR,INC-001,0.5556,0,10
2026-08-31 10:05:00,Merchant_B,Adyen,wallet,CO,,17,14,3,124422.20411764707,DO_NOT_HONOR,,0.8235,0,10
2026-08-31 10:05:00,Merchant_B,Adyen,wallet,MX,,17,17,0,805.0711764705882,,,1.0,0,10
2026-08-31 10:05:00,Merchant_B,Stripe,PIX,BR,,19,19,0,237.49052631578945,,,1.0,0,10
2026-08-31 10:05:00,Merchant_B,Stripe,PSE,CO,,13,13,0,107819.44692307693,,,1.0,0,10
2026-08-31 10:05:00,Merchant_B,Stripe,card,BR,Bradesco,3,3,0,277.05,,,1.0,0,10
2026-08-31 10:05:00,Merchant_B,Stripe,card,BR,Itau,4,4,0,264.2825,,,1.0,0,10
2026-08-31 10:05:00,Merchant_B,Stripe,card,BR,Nubank,9,9,0,232.1188888888889,,,1.0,0,10
2026-08-31 10:05:00,Merchant_B,Stripe,card,CO,Banco de Bogota,3,3,0,157099.39666666667,,,1.0,0,10
2026-08-31 10:05:00,Merchant_B,Stripe,card,CO,Bancolombia,8,8,0,105417.01749999999,,,1.0,0,10
2026-08-31 10:05:00,Merchant_B,Stripe,card,CO,Davivienda,3,3,0,137842.46666666667,,,1.0,0,10
2026-08-31 10:05:00,Merchant_B,Stripe,card,MX,BBVA,1,1,0,339.79,,,1.0,0,10
2026-08-31 10:05:00,Merchant_B,Stripe,card,MX,Banorte,3,3,0,330.40000000000003,,,1.0,0,10
2026-08-31 10:05:00,Merchant_B,Stripe,card,MX,Citibanamex,4,4,0,701.0325,,,1.0,0,10
2026-08-31 10:05:00,Merchant_B,Stripe,card,MX,Santander,4,4,0,1099.3625,,,1.0,0,10
2026-08-31 10:05:00,Merchant_B,Stripe,cash_in_store,MX,,11,7,4,825.2645454545454,INVALID_CARD,,0.6364,0,10
2026-08-31 10:05:00,Merchant_B,Stripe,wallet,BR,,21,19,2,272.96999999999997,DO_NOT_HONOR,,0.9048,0,10
2026-08-31 10:05:00,Merchant_B,Stripe,wallet,CO,,13,11,2,117097.38846153846,DO_NOT_HONOR,,0.8462,0,10
2026-08-31 10:05:00,Merchant_B,Stripe,wallet,MX,,16,14,2,715.614375,DO_NOT_HONOR,,0.875,0,10
2026-08-31 10:05:00,Merchant_B,dLocal,PIX,BR,,19,19,0,326.9378947368421,,,1.0,0,10
2026-08-31 10:05:00,Merchant_B,dLocal,PSE,CO,,15,13,2,100640.354,SUSPECTED_FRAUD,,0.8667,0,10
2026-08-31 10:05:00,Merchant_B,dLocal,card,BR,Banco do Brasil,5,3,2,227.68400000000003,INVALID_CARD,,0.6,0,10
2026-08-31 10:05:00,Merchant_B,dLocal,card,BR,Bradesco,3,3,0,237.4466666666667,,,1.0,0,10
2026-08-31 10:05:00,Merchant_B,dLocal,card,BR,Itau,7,7,0,346.45285714285717,,,1.0,0,10
2026-08-31 10:05:00,Merchant_B,dLocal,card,BR,Nubank,3,3,0,134.82,,,1.0,0,10
2026-08-31 10:05:00,Merchant_B,dLocal,card,CO,Banco de Bogota,2,2,0,120970.13,,,1.0,0,10
2026-08-31 10:05:00,Merchant_B,dLocal,card,CO,Bancolombia,7,7,0,93206.34571428572,,,1.0,0,10
2026-08-31 10:05:00,Merchant_B,dLocal,card,CO,Davivienda,5,4,1,122550.302,SUSPECTED_FRAUD,,0.8,0,10
2026-08-31 10:05:00,Merchant_B,dLocal,card,MX,BBVA,2,2,0,1097.505,,,1.0,0,10
2026-08-31 10:05:00,Merchant_B,dLocal,card,MX,Banorte,4,3,1,808.2049999999999,INVALID_CARD,,0.75,0,10
2026-08-31 10:05:00,Merchant_B,dLocal,cash_in_store,MX,,17,17,0,887.87,,,1.0,0,10
2026-08-31 10:05:00,Merchant_B,dLocal,wallet,BR,,9,8,1,196.48444444444445,INVALID_CARD,,0.8889,0,10
2026-08-31 10:05:00,Merchant_B,dLocal,wallet,CO,,9,8,1,175988.95111111112,INSUFFICIENT_FUNDS,,0.8889,0,10
2026-08-31 10:05:00,Merchant_B,dLocal,wallet,MX,,9,7,2,780.7544444444444,DO_NOT_HONOR,,0.7778,0,10
2026-08-31 10:05:00,Merchant_C,Adyen,PIX,BR,,16,11,5,308.674375,PROCESSOR_ERROR,INC-001,0.6875,0,10
2026-08-31 10:05:00,Merchant_C,Adyen,PSE,CO,,11,8,3,69316.0,INSUFFICIENT_FUNDS,,0.7273,0,10
2026-08-31 10:05:00,Merchant_C,Adyen,card,BR,Banco do Brasil,4,1,3,222.4925,PROCESSOR_ERROR,INC-001,0.25,0,10
2026-08-31 10:05:00,Merchant_C,Adyen,card,BR,Bradesco,2,1,1,510.34000000000003,PROCESSOR_ERROR,INC-001,0.5,0,10
2026-08-31 10:05:00,Merchant_C,Adyen,card,BR,Itau,2,0,2,348.125,PROCESSOR_ERROR,INC-001,0.0,0,10
2026-08-31 10:05:00,Merchant_C,Adyen,card,BR,Nubank,3,1,2,419.6333333333334,PROCESSOR_ERROR,INC-001,0.3333,0,10
2026-08-31 10:05:00,Merchant_C,Adyen,card,CO,Banco de Bogota,7,7,0,102371.95,,,1.0,0,10
2026-08-31 10:05:00,Merchant_C,Adyen,card,CO,Bancolombia,5,5,0,129541.446,,,1.0,0,10
2026-08-31 10:05:00,Merchant_C,Adyen,card,CO,Davivienda,1,1,0,38516.46,,,1.0,0,10
2026-08-31 10:05:00,Merchant_C,Adyen,card,MX,BBVA,5,5,0,803.4,,,1.0,0,10
2026-08-31 10:05:00,Merchant_C,Adyen,card,MX,Banorte,7,7,0,840.99,,,1.0,0,10
2026-08-31 10:05:00,Merchant_C,Adyen,card,MX,Citibanamex,4,3,1,797.5475,INSUFFICIENT_FUNDS,,0.75,0,10
2026-08-31 10:05:00,Merchant_C,Adyen,card,MX,Santander,4,4,0,1441.2350000000001,,,1.0,0,10
2026-08-31 10:05:00,Merchant_C,Adyen,cash_in_store,MX,,14,14,0,1108.2185714285713,,,1.0,0,10
2026-08-31 10:05:00,Merchant_C,Adyen,wallet,BR,,13,9,4,212.8476923076923,PROCESSOR_ERROR,INC-001,0.6923,0,10
2026-08-31 10:05:00,Merchant_C,Adyen,wallet,CO,,16,14,2,119106.87375,INVALID_CARD,,0.875,0,10
2026-08-31 10:05:00,Merchant_C,Adyen,wallet,MX,,17,16,1,857.25,INVALID_CARD,,0.9412,0,10
2026-08-31 10:05:00,Merchant_C,Stripe,PIX,BR,,15,14,1,300.95,DO_NOT_HONOR,,0.9333,0,10
2026-08-31 10:05:00,Merchant_C,Stripe,PSE,CO,,11,10,1,130073.48,INVALID_CARD,,0.9091,0,10
2026-08-31 10:05:00,Merchant_C,Stripe,card,BR,Banco do Brasil,5,5,0,305.922,,,1.0,0,10
2026-08-31 10:05:00,Merchant_C,Stripe,card,BR,Bradesco,2,1,1,275.31,INVALID_CARD,,0.5,0,10
2026-08-31 10:05:00,Merchant_C,Stripe,card,BR,Itau,6,6,0,302.17333333333335,,,1.0,0,10
2026-08-31 10:05:00,Merchant_C,Stripe,card,BR,Nubank,7,7,0,361.87,,,1.0,0,10
2026-08-31 10:05:00,Merchant_C,Stripe,card,CO,Banco de Bogota,4,3,1,126517.0275,SUSPECTED_FRAUD,,0.75,0,10
2026-08-31 10:05:00,Merchant_C,Stripe,card,CO,Bancolombia,4,4,0,118293.44750000001,,,1.0,0,10
2026-08-31 10:05:00,Merchant_C,Stripe,card,CO,Davivienda,6,6,0,103871.34333333334,,,1.0,0,10
2026-08-31 10:05:00,Merchant_C,Stripe,card,MX,BBVA,4,4,0,758.55,,,1.0,0,10
2026-08-31 10:05:00,Merchant_C,Stripe,card,MX,Banorte,3,3,0,1064.49,,,1.0,0,10
2026-08-31 10:05:00,Merchant_C,Stripe,card,MX,Citibanamex,3,3,0,1469.72,,,1.0,0,10
2026-08-31 10:05:00,Merchant_C,Stripe,card,MX,Santander,5,4,1,943.774,INVALID_CARD,,0.8,0,10
2026-08-31 10:05:00,Merchant_C,Stripe,cash_in_store,MX,,9,5,4,847.5733333333333,DO_NOT_HONOR,,0.5556,0,10
2026-08-31 10:05:00,Merchant_C,Stripe,wallet,BR,,9,7,2,233.55777777777777,DO_NOT_HONOR,,0.7778,0,10
2026-08-31 10:05:00,Merchant_C,Stripe,wallet,CO,,17,15,2,110614.08882352941,DO_NOT_HONOR,,0.8824,0,10
2026-08-31 10:05:00,Merchant_C,Stripe,wallet,MX,,14,13,1,1185.1000000000001,SUSPECTED_FRAUD,,0.9286,0,10
2026-08-31 10:05:00,Merchant_C,dLocal,PIX,BR,,19,18,1,273.8205263157895,INSUFFICIENT_FUNDS,,0.9474,0,10
2026-08-31 10:05:00,Merchant_C,dLocal,PSE,CO,,17,15,2,106193.92941176471,INSUFFICIENT_FUNDS,,0.8824,0,10
2026-08-31 10:05:00,Merchant_C,dLocal,card,BR,Banco do Brasil,2,2,0,211.04500000000002,,,1.0,0,10
2026-08-31 10:05:00,Merchant_C,dLocal,card,BR,Bradesco,2,2,0,397.76,,,1.0,0,10
2026-08-31 10:05:00,Merchant_C,dLocal,card,BR,Itau,2,2,0,177.495,,,1.0,0,10
2026-08-31 10:05:00,Merchant_C,dLocal,card,BR,Nubank,2,2,0,341.32000000000005,,,1.0,0,10
2026-08-31 10:05:00,Merchant_C,dLocal,card,CO,Banco de Bogota,6,6,0,87616.15999999999,,,1.0,0,10
2026-08-31 10:05:00,Merchant_C,dLocal,card,CO,Bancolombia,7,7,0,132824.0242857143,,,1.0,0,10
2026-08-31 10:05:00,Merchant_C,dLocal,card,CO,Davivienda,4,2,2,92962.185,INSUFFICIENT_FUNDS,,0.5,0,10
2026-08-31 10:05:00,Merchant_C,dLocal,card,MX,BBVA,6,6,0,759.3616666666667,,,1.0,0,10
2026-08-31 10:05:00,Merchant_C,dLocal,card,MX,Banorte,4,4,0,953.0875,,,1.0,0,10
2026-08-31 10:05:00,Merchant_C,dLocal,card,MX,Citibanamex,5,3,2,1134.1779999999999,DO_NOT_HONOR,,0.6,0,10
2026-08-31 10:05:00,Merchant_C,dLocal,card,MX,Santander,3,3,0,825.79,,,1.0,0,10
2026-08-31 10:05:00,Merchant_C,dLocal,cash_in_store,MX,,16,15,1,946.345625,INSUFFICIENT_FUNDS,,0.9375,0,10
2026-08-31 10:05:00,Merchant_C,dLocal,wallet,BR,,14,11,3,329.1857142857143,INSUFFICIENT_FUNDS,,0.7857,0,10
2026-08-31 10:05:00,Merchant_C,dLocal,wallet,CO,,23,20,3,110906.06695652174,SUSPECTED_FRAUD,,0.8696,0,10
2026-08-31 10:05:00,Merchant_C,dLocal,wallet,MX,,17,17,0,881.1870588235295,,,1.0,0,10
2026-08-31 10:06:00,Merchant_A,Adyen,PIX,BR,,15,7,8,268.56733333333335,PROCESSOR_ERROR,INC-001,0.4667,0,10
2026-08-31 10:06:00,Merchant_A,Adyen,PSE,CO,,17,17,0,107686.82529411765,,,1.0,0,10
2026-08-31 10:06:00,Merchant_A,Adyen,card,BR,Banco do Brasil,4,3,1,356.9275,PROCESSOR_ERROR,INC-001,0.75,0,10
2026-08-31 10:06:00,Merchant_A,Adyen,card,BR,Bradesco,9,6,3,320.3666666666667,PROCESSOR_ERROR,INC-001,0.6667,0,10
2026-08-31 10:06:00,Merchant_A,Adyen,card,BR,Itau,3,1,2,373.1666666666667,PROCESSOR_ERROR,INC-001,0.3333,0,10
2026-08-31 10:06:00,Merchant_A,Adyen,card,BR,Nubank,3,1,2,339.4633333333333,PROCESSOR_ERROR,INC-001,0.3333,0,10
2026-08-31 10:06:00,Merchant_A,Adyen,card,CO,Banco de Bogota,8,8,0,96268.76125,,,1.0,0,10
2026-08-31 10:06:00,Merchant_A,Adyen,card,CO,Bancolombia,5,5,0,153260.53999999998,,,1.0,0,10
2026-08-31 10:06:00,Merchant_A,Adyen,card,CO,Davivienda,4,4,0,100859.3125,,,1.0,0,10
2026-08-31 10:06:00,Merchant_A,Adyen,card,MX,BBVA,4,1,3,899.9775,ISSUER_UNAVAILABLE,INC-002,0.25,0,10
2026-08-31 10:06:00,Merchant_A,Adyen,card,MX,Banorte,7,6,1,974.0914285714287,INVALID_CARD,,0.8571,0,10
2026-08-31 10:06:00,Merchant_A,Adyen,card,MX,Citibanamex,3,3,0,1441.4533333333336,,,1.0,0,10
2026-08-31 10:06:00,Merchant_A,Adyen,card,MX,Santander,3,3,0,1136.0833333333333,,,1.0,0,10
2026-08-31 10:06:00,Merchant_A,Adyen,cash_in_store,MX,,15,11,4,883.86,INVALID_CARD,,0.7333,0,10
2026-08-31 10:06:00,Merchant_A,Adyen,wallet,BR,,20,11,9,240.55900000000003,PROCESSOR_ERROR,INC-001,0.55,0,10
2026-08-31 10:06:00,Merchant_A,Adyen,wallet,CO,,15,13,2,93323.366,INSUFFICIENT_FUNDS,,0.8667,0,10
2026-08-31 10:06:00,Merchant_A,Adyen,wallet,MX,,15,14,1,1132.3066666666666,DO_NOT_HONOR,,0.9333,0,10
2026-08-31 10:06:00,Merchant_A,Stripe,PIX,BR,,11,10,1,233.0181818181818,INVALID_CARD,,0.9091,0,10
2026-08-31 10:06:00,Merchant_A,Stripe,PSE,CO,,18,17,1,119736.35777777777,DO_NOT_HONOR,,0.9444,0,10
2026-08-31 10:06:00,Merchant_A,Stripe,card,BR,Banco do Brasil,3,3,0,338.40333333333336,,,1.0,0,10
2026-08-31 10:06:00,Merchant_A,Stripe,card,BR,Bradesco,2,2,0,153.035,,,1.0,0,10
2026-08-31 10:06:00,Merchant_A,Stripe,card,BR,Itau,4,4,0,362.7625,,,1.0,0,10
2026-08-31 10:06:00,Merchant_A,Stripe,card,BR,Nubank,2,2,0,337.19,,,1.0,0,10
2026-08-31 10:06:00,Merchant_A,Stripe,card,CO,Banco de Bogota,3,3,0,81110.18666666666,,,1.0,0,10
2026-08-31 10:06:00,Merchant_A,Stripe,card,CO,Bancolombia,3,3,0,81874.41666666667,,,1.0,0,10
2026-08-31 10:06:00,Merchant_A,Stripe,card,CO,Davivienda,2,2,0,170006.115,,,1.0,0,10
2026-08-31 10:06:00,Merchant_A,Stripe,card,MX,BBVA,2,0,2,956.98,ISSUER_UNAVAILABLE,INC-002,0.0,0,10
2026-08-31 10:06:00,Merchant_A,Stripe,card,MX,Banorte,1,1,0,1299.05,,,1.0,0,10
2026-08-31 10:06:00,Merchant_A,Stripe,card,MX,Citibanamex,5,4,1,866.592,DO_NOT_HONOR,,0.8,0,10
2026-08-31 10:06:00,Merchant_A,Stripe,card,MX,Santander,3,3,0,851.9699999999999,,,1.0,0,10
2026-08-31 10:06:00,Merchant_A,Stripe,cash_in_store,MX,,7,7,0,1047.47,,,1.0,0,10
2026-08-31 10:06:00,Merchant_A,Stripe,wallet,BR,,16,15,1,303.966875,DO_NOT_HONOR,,0.9375,0,10
2026-08-31 10:06:00,Merchant_A,Stripe,wallet,CO,,15,15,0,127832.78533333333,,,1.0,0,10
2026-08-31 10:06:00,Merchant_A,Stripe,wallet,MX,,17,16,1,717.6594117647059,DO_NOT_HONOR,,0.9412,0,10
2026-08-31 10:06:00,Merchant_A,dLocal,PIX,BR,,20,19,1,308.892,INSUFFICIENT_FUNDS,,0.95,0,10
2026-08-31 10:06:00,Merchant_A,dLocal,PSE,CO,,13,13,0,129803.15153846153,,,1.0,0,10
2026-08-31 10:06:00,Merchant_A,dLocal,card,BR,Banco do Brasil,5,5,0,318.354,,,1.0,0,10
2026-08-31 10:06:00,Merchant_A,dLocal,card,BR,Bradesco,2,2,0,259.14,,,1.0,0,10
2026-08-31 10:06:00,Merchant_A,dLocal,card,BR,Itau,4,4,0,248.8875,,,1.0,0,10
2026-08-31 10:06:00,Merchant_A,dLocal,card,BR,Nubank,4,3,1,248.185,SUSPECTED_FRAUD,,0.75,0,10
2026-08-31 10:06:00,Merchant_A,dLocal,card,CO,Banco de Bogota,4,3,1,98747.7875,SUSPECTED_FRAUD,,0.75,0,10
2026-08-31 10:06:00,Merchant_A,dLocal,card,CO,Bancolombia,4,3,1,75210.505,INVALID_CARD,,0.75,0,10
2026-08-31 10:06:00,Merchant_A,dLocal,card,CO,Davivienda,4,3,1,46860.905,SUSPECTED_FRAUD,,0.75,0,10
2026-08-31 10:06:00,Merchant_A,dLocal,card,MX,BBVA,2,1,1,818.9399999999999,ISSUER_UNAVAILABLE,INC-002,0.5,0,10
2026-08-31 10:06:00,Merchant_A,dLocal,card,MX,Banorte,2,2,0,1367.635,,,1.0,0,10
2026-08-31 10:06:00,Merchant_A,dLocal,card,MX,Citibanamex,5,5,0,805.024,,,1.0,0,10
2026-08-31 10:06:00,Merchant_A,dLocal,card,MX,Santander,3,2,1,672.6866666666666,SUSPECTED_FRAUD,,0.6667,0,10
2026-08-31 10:06:00,Merchant_A,dLocal,cash_in_store,MX,,15,13,2,1081.234,DO_NOT_HONOR,,0.8667,0,10
2026-08-31 10:06:00,Merchant_A,dLocal,wallet,BR,,9,9,0,374.78555555555556,,,1.0,0,10
2026-08-31 10:06:00,Merchant_A,dLocal,wallet,CO,,25,23,2,125503.9056,INSUFFICIENT_FUNDS,,0.92,0,10
2026-08-31 10:06:00,Merchant_A,dLocal,wallet,MX,,17,17,0,1080.34,,,1.0,0,10
2026-08-31 10:06:00,Merchant_B,Adyen,PIX,BR,,14,8,6,270.47214285714284,PROCESSOR_ERROR,INC-001,0.5714,0,10
2026-08-31 10:06:00,Merchant_B,Adyen,PSE,CO,,19,15,4,118907.6157894737,INVALID_CARD,,0.7895,0,10
2026-08-31 10:06:00,Merchant_B,Adyen,card,BR,Banco do Brasil,1,0,1,138.97,PROCESSOR_ERROR,INC-001,0.0,0,10
2026-08-31 10:06:00,Merchant_B,Adyen,card,BR,Bradesco,3,0,3,302.43666666666667,PROCESSOR_ERROR,INC-001,0.0,0,10
2026-08-31 10:06:00,Merchant_B,Adyen,card,BR,Itau,1,0,1,260.01,PROCESSOR_ERROR,INC-001,0.0,0,10
2026-08-31 10:06:00,Merchant_B,Adyen,card,BR,Nubank,6,1,5,354.65333333333336,PROCESSOR_ERROR,INC-001,0.1667,0,10
2026-08-31 10:06:00,Merchant_B,Adyen,card,CO,Banco de Bogota,3,3,0,151423.22,,,1.0,0,10
2026-08-31 10:06:00,Merchant_B,Adyen,card,CO,Bancolombia,9,8,1,129299.15555555554,INSUFFICIENT_FUNDS,,0.8889,0,10
2026-08-31 10:06:00,Merchant_B,Adyen,card,CO,Davivienda,7,6,1,139241.0857142857,INVALID_CARD,,0.8571,0,10
2026-08-31 10:06:00,Merchant_B,Adyen,card,MX,BBVA,4,4,0,1297.5075,,,1.0,0,10
2026-08-31 10:06:00,Merchant_B,Adyen,card,MX,Banorte,1,1,0,1011.96,,,1.0,0,10
2026-08-31 10:06:00,Merchant_B,Adyen,card,MX,Citibanamex,4,4,0,723.15,,,1.0,0,10
2026-08-31 10:06:00,Merchant_B,Adyen,card,MX,Santander,4,4,0,512.765,,,1.0,0,10
2026-08-31 10:06:00,Merchant_B,Adyen,cash_in_store,MX,,17,15,2,837.945294117647,INVALID_CARD,,0.8824,0,10
2026-08-31 10:06:00,Merchant_B,Adyen,wallet,BR,,15,6,9,353.57866666666666,PROCESSOR_ERROR,INC-001,0.4,0,10
2026-08-31 10:06:00,Merchant_B,Adyen,wallet,CO,,10,10,0,129390.61500000002,,,1.0,0,10
2026-08-31 10:06:00,Merchant_B,Adyen,wallet,MX,,15,14,1,841.0486666666667,SUSPECTED_FRAUD,,0.9333,0,10
2026-08-31 10:06:00,Merchant_B,Stripe,PIX,BR,,15,15,0,302.0133333333333,,,1.0,0,10
2026-08-31 10:06:00,Merchant_B,Stripe,PSE,CO,,19,17,2,140748.1594736842,INVALID_CARD,,0.8947,0,10
2026-08-31 10:06:00,Merchant_B,Stripe,card,BR,Banco do Brasil,5,4,1,344.966,INSUFFICIENT_FUNDS,,0.8,0,10
2026-08-31 10:06:00,Merchant_B,Stripe,card,BR,Bradesco,2,1,1,329.155,INVALID_CARD,,0.5,0,10
2026-08-31 10:06:00,Merchant_B,Stripe,card,BR,Itau,2,2,0,382.08500000000004,,,1.0,0,10
2026-08-31 10:06:00,Merchant_B,Stripe,card,BR,Nubank,5,4,1,244.35399999999998,SUSPECTED_FRAUD,,0.8,0,10
2026-08-31 10:06:00,Merchant_B,Stripe,card,CO,Banco de Bogota,6,5,1,104341.38,INSUFFICIENT_FUNDS,,0.8333,0,10
2026-08-31 10:06:00,Merchant_B,Stripe,card,CO,Bancolombia,6,5,1,154832.65,SUSPECTED_FRAUD,,0.8333,0,10
2026-08-31 10:06:00,Merchant_B,Stripe,card,CO,Davivienda,6,6,0,102330.91666666667,,,1.0,0,10
2026-08-31 10:06:00,Merchant_B,Stripe,card,MX,BBVA,5,5,0,864.576,,,1.0,0,10
2026-08-31 10:06:00,Merchant_B,Stripe,card,MX,Banorte,5,4,1,719.2879999999999,DO_NOT_HONOR,,0.8,0,10
2026-08-31 10:06:00,Merchant_B,Stripe,card,MX,Citibanamex,10,9,1,932.235,INSUFFICIENT_FUNDS,,0.9,0,10
2026-08-31 10:06:00,Merchant_B,Stripe,card,MX,Santander,2,2,0,1205.0349999999999,,,1.0,0,10
2026-08-31 10:06:00,Merchant_B,Stripe,cash_in_store,MX,,17,13,4,936.4494117647059,DO_NOT_HONOR,,0.7647,0,10
2026-08-31 10:06:00,Merchant_B,Stripe,wallet,BR,,16,16,0,237.516875,,,1.0,0,10
2026-08-31 10:06:00,Merchant_B,Stripe,wallet,CO,,7,7,0,112052.87857142858,,,1.0,0,10
2026-08-31 10:06:00,Merchant_B,Stripe,wallet,MX,,10,9,1,1114.1100000000001,INSUFFICIENT_FUNDS,,0.9,0,10
2026-08-31 10:06:00,Merchant_B,dLocal,PIX,BR,,14,13,1,283.26,INSUFFICIENT_FUNDS,,0.9286,0,10
2026-08-31 10:06:00,Merchant_B,dLocal,PSE,CO,,20,15,5,126083.40849999999,INSUFFICIENT_FUNDS,,0.75,0,10
2026-08-31 10:06:00,Merchant_B,dLocal,card,BR,Banco do Brasil,4,3,1,285.9375,INSUFFICIENT_FUNDS,,0.75,0,10
2026-08-31 10:06:00,Merchant_B,dLocal,card,BR,Bradesco,4,3,1,290.065,SUSPECTED_FRAUD,,0.75,0,10
2026-08-31 10:06:00,Merchant_B,dLocal,card,BR,Itau,6,6,0,445.045,,,1.0,0,10
2026-08-31 10:06:00,Merchant_B,dLocal,card,BR,Nubank,3,2,1,495.2166666666667,DO_NOT_HONOR,,0.6667,0,10
2026-08-31 10:06:00,Merchant_B,dLocal,card,CO,Banco de Bogota,2,2,0,107293.05,,,1.0,0,10
2026-08-31 10:06:00,Merchant_B,dLocal,card,CO,Bancolombia,7,6,1,104393.87,DO_NOT_HONOR,,0.8571,0,10
2026-08-31 10:06:00,Merchant_B,dLocal,card,CO,Davivienda,3,3,0,137354.28666666665,,,1.0,0,10
2026-08-31 10:06:00,Merchant_B,dLocal,card,MX,BBVA,8,6,2,985.84625,DO_NOT_HONOR,,0.75,0,10
2026-08-31 10:06:00,Merchant_B,dLocal,card,MX,Banorte,9,7,2,720.7355555555555,DO_NOT_HONOR,,0.7778,0,10
2026-08-31 10:06:00,Merchant_B,dLocal,card,MX,Citibanamex,4,4,0,1134.635,,,1.0,0,10
2026-08-31 10:06:00,Merchant_B,dLocal,card,MX,Santander,3,1,2,873.1533333333333,INSUFFICIENT_FUNDS,,0.3333,0,10
2026-08-31 10:06:00,Merchant_B,dLocal,cash_in_store,MX,,18,17,1,805.1905555555555,INSUFFICIENT_FUNDS,,0.9444,0,10
2026-08-31 10:06:00,Merchant_B,dLocal,wallet,BR,,13,11,2,292.98307692307696,INSUFFICIENT_FUNDS,,0.8462,0,10
2026-08-31 10:06:00,Merchant_B,dLocal,wallet,CO,,14,11,3,134044.58357142858,INVALID_CARD,,0.7857,0,10
2026-08-31 10:06:00,Merchant_B,dLocal,wallet,MX,,12,10,2,946.7308333333334,DO_NOT_HONOR,,0.8333,0,10
2026-08-31 10:06:00,Merchant_C,Adyen,PIX,BR,,13,5,8,279.9469230769231,PROCESSOR_ERROR,INC-001,0.3846,0,10
2026-08-31 10:06:00,Merchant_C,Adyen,PSE,CO,,16,14,2,102592.775,INVALID_CARD,,0.875,0,10
2026-08-31 10:06:00,Merchant_C,Adyen,card,BR,Banco do Brasil,7,4,3,307.1714285714285,PROCESSOR_ERROR,INC-001,0.5714,0,10
2026-08-31 10:06:00,Merchant_C,Adyen,card,BR,Bradesco,6,3,3,389.28999999999996,PROCESSOR_ERROR,INC-001,0.5,0,10
2026-08-31 10:06:00,Merchant_C,Adyen,card,BR,Itau,5,3,2,281.33000000000004,PROCESSOR_ERROR,INC-001,0.6,0,10
2026-08-31 10:06:00,Merchant_C,Adyen,card,BR,Nubank,5,2,3,157.314,PROCESSOR_ERROR,INC-001,0.4,0,10
2026-08-31 10:06:00,Merchant_C,Adyen,card,CO,Banco de Bogota,1,1,0,134619.75,,,1.0,0,10
2026-08-31 10:06:00,Merchant_C,Adyen,card,CO,Bancolombia,3,3,0,114446.92666666668,,,1.0,0,10
2026-08-31 10:06:00,Merchant_C,Adyen,card,CO,Davivienda,6,6,0,199255.67500000002,,,1.0,0,10
2026-08-31 10:06:00,Merchant_C,Adyen,card,MX,BBVA,3,3,0,1005.6333333333333,,,1.0,0,10
2026-08-31 10:06:00,Merchant_C,Adyen,card,MX,Banorte,7,7,0,753.2457142857144,,,1.0,0,10
2026-08-31 10:06:00,Merchant_C,Adyen,card,MX,Citibanamex,2,2,0,1047.67,,,1.0,0,10
2026-08-31 10:06:00,Merchant_C,Adyen,card,MX,Santander,7,7,0,1222.0,,,1.0,0,10
2026-08-31 10:06:00,Merchant_C,Adyen,cash_in_store,MX,,13,9,4,960.4300000000001,DO_NOT_HONOR,,0.6923,0,10
2026-08-31 10:06:00,Merchant_C,Adyen,wallet,BR,,11,7,4,220.22363636363636,PROCESSOR_ERROR,INC-001,0.6364,0,10
2026-08-31 10:06:00,Merchant_C,Adyen,wallet,CO,,17,15,2,129168.15647058825,DO_NOT_HONOR,,0.8824,0,10
2026-08-31 10:06:00,Merchant_C,Adyen,wallet,MX,,14,14,0,819.5328571428571,,,1.0,0,10
2026-08-31 10:06:00,Merchant_C,Stripe,PIX,BR,,13,13,0,295.3230769230769,,,1.0,0,10
2026-08-31 10:06:00,Merchant_C,Stripe,PSE,CO,,12,12,0,116822.08916666667,,,1.0,0,10
2026-08-31 10:06:00,Merchant_C,Stripe,card,BR,Banco do Brasil,3,3,0,214.62333333333333,,,1.0,0,10
2026-08-31 10:06:00,Merchant_C,Stripe,card,BR,Bradesco,5,4,1,274.57800000000003,INVALID_CARD,,0.8,0,10
2026-08-31 10:06:00,Merchant_C,Stripe,card,BR,Itau,5,4,1,400.108,SUSPECTED_FRAUD,,0.8,0,10
2026-08-31 10:06:00,Merchant_C,Stripe,card,BR,Nubank,6,6,0,312.07666666666665,,,1.0,0,10
2026-08-31 10:06:00,Merchant_C,Stripe,card,CO,Banco de Bogota,6,6,0,93557.28666666667,,,1.0,0,10
2026-08-31 10:06:00,Merchant_C,Stripe,card,CO,Bancolombia,1,1,0,189698.56,,,1.0,0,10
2026-08-31 10:06:00,Merchant_C,Stripe,card,CO,Davivienda,5,3,2,119370.472,INSUFFICIENT_FUNDS,,0.6,0,10
2026-08-31 10:06:00,Merchant_C,Stripe,card,MX,BBVA,6,5,1,677.9983333333333,DO_NOT_HONOR,,0.8333,0,10
2026-08-31 10:06:00,Merchant_C,Stripe,card,MX,Banorte,2,2,0,536.67,,,1.0,0,10
2026-08-31 10:06:00,Merchant_C,Stripe,card,MX,Citibanamex,6,5,1,930.6550000000001,DO_NOT_HONOR,,0.8333,0,10
2026-08-31 10:06:00,Merchant_C,Stripe,card,MX,Santander,1,1,0,927.03,,,1.0,0,10
2026-08-31 10:06:00,Merchant_C,Stripe,cash_in_store,MX,,4,3,1,670.97,INSUFFICIENT_FUNDS,,0.75,0,10
2026-08-31 10:06:00,Merchant_C,Stripe,wallet,BR,,17,17,0,282.16764705882355,,,1.0,0,10
2026-08-31 10:06:00,Merchant_C,Stripe,wallet,CO,,12,12,0,130333.86833333333,,,1.0,0,10
2026-08-31 10:06:00,Merchant_C,Stripe,wallet,MX,,13,12,1,892.7246153846154,INSUFFICIENT_FUNDS,,0.9231,0,10
2026-08-31 10:06:00,Merchant_C,dLocal,PIX,BR,,19,19,0,314.16789473684213,,,1.0,0,10
2026-08-31 10:06:00,Merchant_C,dLocal,PSE,CO,,16,14,2,100333.796875,INSUFFICIENT_FUNDS,,0.875,0,10
2026-08-31 10:06:00,Merchant_C,dLocal,card,BR,Banco do Brasil,6,4,2,203.70666666666668,INSUFFICIENT_FUNDS,,0.6667,0,10
2026-08-31 10:06:00,Merchant_C,dLocal,card,BR,Bradesco,2,2,0,498.315,,,1.0,0,10
2026-08-31 10:06:00,Merchant_C,dLocal,card,BR,Itau,2,2,0,254.20499999999998,,,1.0,0,10
2026-08-31 10:06:00,Merchant_C,dLocal,card,BR,Nubank,4,4,0,256.3025,,,1.0,0,10
2026-08-31 10:06:00,Merchant_C,dLocal,card,CO,Banco de Bogota,4,4,0,114433.8175,,,1.0,0,10
2026-08-31 10:06:00,Merchant_C,dLocal,card,CO,Bancolombia,2,2,0,147784.535,,,1.0,0,10
2026-08-31 10:06:00,Merchant_C,dLocal,card,CO,Davivienda,3,3,0,153568.13999999998,,,1.0,0,10
2026-08-31 10:06:00,Merchant_C,dLocal,card,MX,BBVA,5,5,0,1203.176,,,1.0,0,10
2026-08-31 10:06:00,Merchant_C,dLocal,card,MX,Banorte,1,1,0,706.99,,,1.0,0,10
2026-08-31 10:06:00,Merchant_C,dLocal,card,MX,Citibanamex,1,1,0,1471.7,,,1.0,0,10
2026-08-31 10:06:00,Merchant_C,dLocal,card,MX,Santander,5,5,0,752.85,,,1.0,0,10
2026-08-31 10:06:00,Merchant_C,dLocal,cash_in_store,MX,,9,7,2,760.5222222222222,DO_NOT_HONOR,,0.7778,0,10
2026-08-31 10:06:00,Merchant_C,dLocal,wallet,BR,,15,14,1,327.70133333333337,SUSPECTED_FRAUD,,0.9333,0,10
2026-08-31 10:06:00,Merchant_C,dLocal,wallet,CO,,18,17,1,125505.03833333333,INVALID_CARD,,0.9444,0,10
2026-08-31 10:06:00,Merchant_C,dLocal,wallet,MX,,18,16,2,903.3933333333333,SUSPECTED_FRAUD,,0.8889,0,10
2026-08-31 10:07:00,Merchant_A,Adyen,PIX,BR,,14,7,7,272.56,PROCESSOR_ERROR,INC-001,0.5,0,10
2026-08-31 10:07:00,Merchant_A,Adyen,PSE,CO,,15,13,2,108506.462,INSUFFICIENT_FUNDS,,0.8667,0,10
2026-08-31 10:07:00,Merchant_A,Adyen,card,BR,Banco do Brasil,3,3,0,162.11,,INC-001,1.0,0,10
2026-08-31 10:07:00,Merchant_A,Adyen,card,BR,Bradesco,4,2,2,236.685,PROCESSOR_ERROR,INC-001,0.5,0,10
2026-08-31 10:07:00,Merchant_A,Adyen,card,BR,Itau,4,3,1,148.5775,PROCESSOR_ERROR,INC-001,0.75,0,10
2026-08-31 10:07:00,Merchant_A,Adyen,card,BR,Nubank,2,0,2,283.54,PROCESSOR_ERROR,INC-001,0.0,0,10
2026-08-31 10:07:00,Merchant_A,Adyen,card,CO,Banco de Bogota,6,6,0,113779.16666666667,,,1.0,0,10
2026-08-31 10:07:00,Merchant_A,Adyen,card,CO,Bancolombia,5,4,1,83722.916,SUSPECTED_FRAUD,,0.8,0,10
2026-08-31 10:07:00,Merchant_A,Adyen,card,CO,Davivienda,6,5,1,124308.94,INSUFFICIENT_FUNDS,,0.8333,0,10
2026-08-31 10:07:00,Merchant_A,Adyen,card,MX,BBVA,3,0,3,593.6366666666667,ISSUER_UNAVAILABLE,INC-002,0.0,0,10
2026-08-31 10:07:00,Merchant_A,Adyen,card,MX,Banorte,3,3,0,976.9733333333334,,,1.0,0,10
2026-08-31 10:07:00,Merchant_A,Adyen,card,MX,Citibanamex,4,4,0,971.53,,,1.0,0,10
2026-08-31 10:07:00,Merchant_A,Adyen,card,MX,Santander,1,1,0,987.79,,,1.0,0,10
2026-08-31 10:07:00,Merchant_A,Adyen,cash_in_store,MX,,11,8,3,758.3790909090909,SUSPECTED_FRAUD,,0.7273,0,10
2026-08-31 10:07:00,Merchant_A,Adyen,wallet,BR,,18,12,6,289.2655555555555,PROCESSOR_ERROR,INC-001,0.6667,0,10
2026-08-31 10:07:00,Merchant_A,Adyen,wallet,CO,,24,22,2,132008.51499999998,DO_NOT_HONOR,,0.9167,0,10
2026-08-31 10:07:00,Merchant_A,Adyen,wallet,MX,,13,13,0,817.3876923076924,,,1.0,0,10
2026-08-31 10:07:00,Merchant_A,Stripe,PIX,BR,,12,12,0,221.46666666666667,,,1.0,0,10
2026-08-31 10:07:00,Merchant_A,Stripe,PSE,CO,,31,23,8,141923.3829032258,DO_NOT_HONOR,,0.7419,0,10
2026-08-31 10:07:00,Merchant_A,Stripe,card,BR,Banco do Brasil,2,2,0,443.46000000000004,,,1.0,0,10
2026-08-31 10:07:00,Merchant_A,Stripe,card,BR,Bradesco,2,2,0,319.355,,,1.0,0,10
2026-08-31 10:07:00,Merchant_A,Stripe,card,BR,Itau,4,2,2,310.48,INSUFFICIENT_FUNDS,,0.5,0,10
2026-08-31 10:07:00,Merchant_A,Stripe,card,BR,Nubank,2,1,1,455.43,DO_NOT_HONOR,,0.5,0,10
2026-08-31 10:07:00,Merchant_A,Stripe,card,CO,Banco de Bogota,5,5,0,162402.056,,,1.0,0,10
2026-08-31 10:07:00,Merchant_A,Stripe,card,CO,Bancolombia,5,4,1,65936.45999999999,INVALID_CARD,,0.8,0,10
2026-08-31 10:07:00,Merchant_A,Stripe,card,CO,Davivienda,5,5,0,121693.616,,,1.0,0,10
2026-08-31 10:07:00,Merchant_A,Stripe,card,MX,BBVA,3,2,1,1069.8066666666666,ISSUER_UNAVAILABLE,INC-002,0.6667,0,10
2026-08-31 10:07:00,Merchant_A,Stripe,card,MX,Banorte,5,5,0,965.616,,,1.0,0,10
2026-08-31 10:07:00,Merchant_A,Stripe,card,MX,Citibanamex,1,1,0,396.4,,,1.0,0,10
2026-08-31 10:07:00,Merchant_A,Stripe,card,MX,Santander,4,4,0,1006.8,,,1.0,0,10
2026-08-31 10:07:00,Merchant_A,Stripe,cash_in_store,MX,,18,17,1,874.7622222222221,DO_NOT_HONOR,,0.9444,0,10
2026-08-31 10:07:00,Merchant_A,Stripe,wallet,BR,,16,13,3,303.645,SUSPECTED_FRAUD,,0.8125,0,10
2026-08-31 10:07:00,Merchant_A,Stripe,wallet,CO,,14,13,1,109507.48,DO_NOT_HONOR,,0.9286,0,10
2026-08-31 10:07:00,Merchant_A,Stripe,wallet,MX,,16,14,2,978.3000000000001,INSUFFICIENT_FUNDS,,0.875,0,10
2026-08-31 10:07:00,Merchant_A,dLocal,PIX,BR,,14,12,2,321.53785714285715,DO_NOT_HONOR,,0.8571,0,10
2026-08-31 10:07:00,Merchant_A,dLocal,PSE,CO,,20,18,2,119751.57250000001,DO_NOT_HONOR,,0.9,0,10
2026-08-31 10:07:00,Merchant_A,dLocal,card,BR,Banco do Brasil,4,4,0,311.4875,,,1.0,0,10
2026-08-31 10:07:00,Merchant_A,dLocal,card,BR,Bradesco,4,3,1,363.09250000000003,INVALID_CARD,,0.75,0,10
2026-08-31 10:07:00,Merchant_A,dLocal,card,BR,Itau,4,4,0,362.8275,,,1.0,0,10
2026-08-31 10:07:00,Merchant_A,dLocal,card,BR,Nubank,1,1,0,322.8,,,1.0,0,10
2026-08-31 10:07:00,Merchant_A,dLocal,card,CO,Banco de Bogota,6,6,0,124899.45833333333,,,1.0,0,10
2026-08-31 10:07:00,Merchant_A,dLocal,card,CO,Bancolombia,5,5,0,131496.632,,,1.0,0,10
2026-08-31 10:07:00,Merchant_A,dLocal,card,MX,BBVA,1,0,1,1263.59,ISSUER_UNAVAILABLE,INC-002,0.0,0,10
2026-08-31 10:07:00,Merchant_A,dLocal,card,MX,Banorte,4,4,0,788.3975,,,1.0,0,10
2026-08-31 10:07:00,Merchant_A,dLocal,card,MX,Citibanamex,6,5,1,1329.6766666666665,DO_NOT_HONOR,,0.8333,0,10
2026-08-31 10:07:00,Merchant_A,dLocal,card,MX,Santander,1,1,0,622.36,,,1.0,0,10
2026-08-31 10:07:00,Merchant_A,dLocal,cash_in_store,MX,,11,8,3,893.0781818181819,INVALID_CARD,,0.7273,0,10
2026-08-31 10:07:00,Merchant_A,dLocal,wallet,BR,,20,20,0,278.323,,,1.0,0,10
2026-08-31 10:07:00,Merchant_A,dLocal,wallet,CO,,15,14,1,136059.81,INSUFFICIENT_FUNDS,,0.9333,0,10
2026-08-31 10:07:00,Merchant_A,dLocal,wallet,MX,,21,19,2,819.6514285714286,INSUFFICIENT_FUNDS,,0.9048,0,10
2026-08-31 10:07:00,Merchant_B,Adyen,PIX,BR,,19,11,8,328.50315789473683,PROCESSOR_ERROR,INC-001,0.5789,0,10
2026-08-31 10:07:00,Merchant_B,Adyen,PSE,CO,,16,15,1,123887.750625,DO_NOT_HONOR,,0.9375,0,10
2026-08-31 10:07:00,Merchant_B,Adyen,card,BR,Banco do Brasil,3,2,1,291.21,PROCESSOR_ERROR,INC-001,0.6667,0,10
2026-08-31 10:07:00,Merchant_B,Adyen,card,BR,Bradesco,1,0,1,248.15,PROCESSOR_ERROR,INC-001,0.0,0,10
2026-08-31 10:07:00,Merchant_B,Adyen,card,BR,Itau,6,2,4,239.845,PROCESSOR_ERROR,INC-001,0.3333,0,10
2026-08-31 10:07:00,Merchant_B,Adyen,card,BR,Nubank,2,2,0,315.235,,INC-001,1.0,0,10
2026-08-31 10:07:00,Merchant_B,Adyen,card,CO,Bancolombia,4,4,0,164094.34,,,1.0,0,10
2026-08-31 10:07:00,Merchant_B,Adyen,card,CO,Davivienda,5,4,1,150231.49,INSUFFICIENT_FUNDS,,0.8,0,10
2026-08-31 10:07:00,Merchant_B,Adyen,card,MX,Citibanamex,2,1,1,748.29,INVALID_CARD,,0.5,0,10
2026-08-31 10:07:00,Merchant_B,Adyen,card,MX,Santander,4,4,0,869.4975000000001,,,1.0,0,10
2026-08-31 10:07:00,Merchant_B,Adyen,cash_in_store,MX,,13,10,3,889.4399999999999,DO_NOT_HONOR,,0.7692,0,10
2026-08-31 10:07:00,Merchant_B,Adyen,wallet,BR,,13,5,8,250.55769230769232,PROCESSOR_ERROR,INC-001,0.3846,0,10
2026-08-31 10:07:00,Merchant_B,Adyen,wallet,CO,,17,15,2,105773.00235294118,DO_NOT_HONOR,,0.8824,0,10
2026-08-31 10:07:00,Merchant_B,Adyen,wallet,MX,,21,17,4,716.8442857142857,INSUFFICIENT_FUNDS,,0.8095,0,10
2026-08-31 10:07:00,Merchant_B,Stripe,PIX,BR,,10,10,0,297.18600000000004,,,1.0,0,10
2026-08-31 10:07:00,Merchant_B,Stripe,PSE,CO,,12,10,2,129894.675,SUSPECTED_FRAUD,,0.8333,0,10
2026-08-31 10:07:00,Merchant_B,Stripe,card,BR,Banco do Brasil,3,1,2,231.48666666666668,DO_NOT_HONOR,,0.3333,0,10
2026-08-31 10:07:00,Merchant_B,Stripe,card,BR,Bradesco,3,3,0,186.97,,,1.0,0,10
2026-08-31 10:07:00,Merchant_B,Stripe,card,BR,Itau,3,3,0,256.69,,,1.0,0,10
2026-08-31 10:07:00,Merchant_B,Stripe,card,BR,Nubank,5,5,0,342.804,,,1.0,0,10
2026-08-31 10:07:00,Merchant_B,Stripe,card,CO,Banco de Bogota,3,3,0,96109.65333333334,,,1.0,0,10
2026-08-31 10:07:00,Merchant_B,Stripe,card,CO,Bancolombia,4,4,0,99467.59,,,1.0,0,10
2026-08-31 10:07:00,Merchant_B,Stripe,card,CO,Davivienda,7,7,0,138344.89714285714,,,1.0,0,10
2026-08-31 10:07:00,Merchant_B,Stripe,card,MX,BBVA,3,2,1,900.0733333333333,DO_NOT_HONOR,,0.6667,0,10
2026-08-31 10:07:00,Merchant_B,Stripe,card,MX,Banorte,6,6,0,658.6733333333333,,,1.0,0,10
2026-08-31 10:07:00,Merchant_B,Stripe,card,MX,Citibanamex,3,3,0,212.38,,,1.0,0,10
2026-08-31 10:07:00,Merchant_B,Stripe,card,MX,Santander,2,2,0,832.75,,,1.0,0,10
2026-08-31 10:07:00,Merchant_B,Stripe,cash_in_store,MX,,18,14,4,878.7744444444444,INSUFFICIENT_FUNDS,,0.7778,0,10
2026-08-31 10:07:00,Merchant_B,Stripe,wallet,BR,,19,19,0,252.5926315789474,,,1.0,0,10
2026-08-31 10:07:00,Merchant_B,Stripe,wallet,CO,,23,23,0,120874.86217391305,,,1.0,0,10
2026-08-31 10:07:00,Merchant_B,Stripe,wallet,MX,,17,17,0,1077.8570588235293,,,1.0,0,10
2026-08-31 10:07:00,Merchant_B,dLocal,PIX,BR,,14,10,4,300.92857142857144,SUSPECTED_FRAUD,,0.7143,0,10
2026-08-31 10:07:00,Merchant_B,dLocal,PSE,CO,,17,16,1,127794.28823529411,INVALID_CARD,,0.9412,0,10
2026-08-31 10:07:00,Merchant_B,dLocal,card,BR,Banco do Brasil,6,6,0,282.5833333333333,,,1.0,0,10
2026-08-31 10:07:00,Merchant_B,dLocal,card,BR,Bradesco,2,2,0,239.01500000000001,,,1.0,0,10
2026-08-31 10:07:00,Merchant_B,dLocal,card,BR,Itau,5,4,1,246.01799999999997,INSUFFICIENT_FUNDS,,0.8,0,10
2026-08-31 10:07:00,Merchant_B,dLocal,card,BR,Nubank,4,4,0,204.3525,,,1.0,0,10
2026-08-31 10:07:00,Merchant_B,dLocal,card,CO,Banco de Bogota,5,4,1,92254.74799999999,INSUFFICIENT_FUNDS,,0.8,0,10
2026-08-31 10:07:00,Merchant_B,dLocal,card,CO,Bancolombia,3,2,1,161066.65,INSUFFICIENT_FUNDS,,0.6667,0,10
2026-08-31 10:07:00,Merchant_B,dLocal,card,CO,Davivienda,8,7,1,69939.76125,DO_NOT_HONOR,,0.875,0,10
2026-08-31 10:07:00,Merchant_B,dLocal,card,MX,BBVA,3,2,1,875.3766666666667,SUSPECTED_FRAUD,,0.6667,0,10
2026-08-31 10:07:00,Merchant_B,dLocal,card,MX,Banorte,3,3,0,1179.02,,,1.0,0,10
2026-08-31 10:07:00,Merchant_B,dLocal,card,MX,Citibanamex,3,3,0,725.9866666666667,,,1.0,0,10
2026-08-31 10:07:00,Merchant_B,dLocal,card,MX,Santander,5,5,0,774.488,,,1.0,0,10
2026-08-31 10:07:00,Merchant_B,dLocal,cash_in_store,MX,,9,6,3,864.4000000000001,DO_NOT_HONOR,,0.6667,0,10
2026-08-31 10:07:00,Merchant_B,dLocal,wallet,BR,,12,12,0,276.11083333333335,,,1.0,0,10
2026-08-31 10:07:00,Merchant_B,dLocal,wallet,CO,,16,16,0,135265.4675,,,1.0,0,10
2026-08-31 10:07:00,Merchant_B,dLocal,wallet,MX,,10,10,0,980.4590000000001,,,1.0,0,10
2026-08-31 10:07:00,Merchant_C,Adyen,PIX,BR,,22,11,11,330.28636363636366,PROCESSOR_ERROR,INC-001,0.5,0,10
2026-08-31 10:07:00,Merchant_C,Adyen,PSE,CO,,11,11,0,133883.69727272727,,,1.0,0,10
2026-08-31 10:07:00,Merchant_C,Adyen,card,BR,Banco do Brasil,2,1,1,255.825,PROCESSOR_ERROR,INC-001,0.5,0,10
2026-08-31 10:07:00,Merchant_C,Adyen,card,BR,Bradesco,2,1,1,169.11,PROCESSOR_ERROR,INC-001,0.5,0,10
2026-08-31 10:07:00,Merchant_C,Adyen,card,BR,Itau,5,3,2,263.652,PROCESSOR_ERROR,INC-001,0.6,0,10
2026-08-31 10:07:00,Merchant_C,Adyen,card,BR,Nubank,4,2,2,288.14250000000004,PROCESSOR_ERROR,INC-001,0.5,0,10
2026-08-31 10:07:00,Merchant_C,Adyen,card,CO,Banco de Bogota,6,5,1,157524.36666666667,INVALID_CARD,,0.8333,0,10
2026-08-31 10:07:00,Merchant_C,Adyen,card,CO,Bancolombia,6,5,1,139038.85333333333,INVALID_CARD,,0.8333,0,10
2026-08-31 10:07:00,Merchant_C,Adyen,card,CO,Davivienda,5,5,0,81957.99799999999,,,1.0,0,10
2026-08-31 10:07:00,Merchant_C,Adyen,card,MX,BBVA,2,2,0,644.545,,,1.0,0,10
2026-08-31 10:07:00,Merchant_C,Adyen,card,MX,Banorte,5,5,0,613.2139999999999,,,1.0,0,10
2026-08-31 10:07:00,Merchant_C,Adyen,card,MX,Citibanamex,4,4,0,979.3699999999999,,,1.0,0,10
2026-08-31 10:07:00,Merchant_C,Adyen,card,MX,Santander,2,2,0,1270.51,,,1.0,0,10
2026-08-31 10:07:00,Merchant_C,Adyen,cash_in_store,MX,,16,13,3,974.0225,DO_NOT_HONOR,,0.8125,0,10
2026-08-31 10:07:00,Merchant_C,Adyen,wallet,BR,,12,3,9,265.7975,PROCESSOR_ERROR,INC-001,0.25,0,10
2026-08-31 10:07:00,Merchant_C,Adyen,wallet,CO,,10,10,0,150219.457,,,1.0,0,10
2026-08-31 10:07:00,Merchant_C,Adyen,wallet,MX,,13,13,0,1041.6961538461537,,,1.0,0,10
2026-08-31 10:07:00,Merchant_C,Stripe,PIX,BR,,18,17,1,299.92833333333334,INVALID_CARD,,0.9444,0,10
2026-08-31 10:07:00,Merchant_C,Stripe,PSE,CO,,11,10,1,150236.94636363635,INVALID_CARD,,0.9091,0,10
2026-08-31 10:07:00,Merchant_C,Stripe,card,BR,Banco do Brasil,3,3,0,418.03,,,1.0,0,10
2026-08-31 10:07:00,Merchant_C,Stripe,card,BR,Bradesco,1,1,0,164.24,,,1.0,0,10
2026-08-31 10:07:00,Merchant_C,Stripe,card,BR,Itau,1,1,0,156.73,,,1.0,0,10
2026-08-31 10:07:00,Merchant_C,Stripe,card,BR,Nubank,8,8,0,321.5125,,,1.0,0,10
2026-08-31 10:07:00,Merchant_C,Stripe,card,CO,Banco de Bogota,9,8,1,90548.07333333332,DO_NOT_HONOR,,0.8889,0,10
2026-08-31 10:07:00,Merchant_C,Stripe,card,CO,Bancolombia,3,3,0,131542.38666666666,,,1.0,0,10
2026-08-31 10:07:00,Merchant_C,Stripe,card,CO,Davivienda,3,2,1,122874.45666666667,DO_NOT_HONOR,,0.6667,0,10
2026-08-31 10:07:00,Merchant_C,Stripe,card,MX,BBVA,7,7,0,1020.3728571428571,,,1.0,0,10
2026-08-31 10:07:00,Merchant_C,Stripe,card,MX,Banorte,5,5,0,1070.7459999999999,,,1.0,0,10
2026-08-31 10:07:00,Merchant_C,Stripe,card,MX,Citibanamex,7,7,0,533.64,,,1.0,0,10
2026-08-31 10:07:00,Merchant_C,Stripe,card,MX,Santander,5,4,1,1088.9379999999999,SUSPECTED_FRAUD,,0.8,0,10
2026-08-31 10:07:00,Merchant_C,Stripe,cash_in_store,MX,,14,12,2,968.3778571428572,INSUFFICIENT_FUNDS,,0.8571,0,10
2026-08-31 10:07:00,Merchant_C,Stripe,wallet,BR,,15,13,2,364.3946666666667,INVALID_CARD,,0.8667,0,10
2026-08-31 10:07:00,Merchant_C,Stripe,wallet,CO,,17,16,1,119692.78470588235,INSUFFICIENT_FUNDS,,0.9412,0,10
2026-08-31 10:07:00,Merchant_C,Stripe,wallet,MX,,7,7,0,1087.26,,,1.0,0,10
2026-08-31 10:07:00,Merchant_C,dLocal,PIX,BR,,12,11,1,240.79583333333335,INSUFFICIENT_FUNDS,,0.9167,0,10
2026-08-31 10:07:00,Merchant_C,dLocal,PSE,CO,,11,9,2,110732.98999999999,INSUFFICIENT_FUNDS,,0.8182,0,10
2026-08-31 10:07:00,Merchant_C,dLocal,card,BR,Banco do Brasil,4,4,0,307.835,,,1.0,0,10
2026-08-31 10:07:00,Merchant_C,dLocal,card,BR,Bradesco,1,1,0,28.0,,,1.0,0,10
2026-08-31 10:07:00,Merchant_C,dLocal,card,BR,Itau,3,2,1,359.09999999999997,INSUFFICIENT_FUNDS,,0.6667,0,10
2026-08-31 10:07:00,Merchant_C,dLocal,card,BR,Nubank,5,4,1,325.966,INSUFFICIENT_FUNDS,,0.8,0,10
2026-08-31 10:07:00,Merchant_C,dLocal,card,CO,Banco de Bogota,5,5,0,134475.208,,,1.0,0,10
2026-08-31 10:07:00,Merchant_C,dLocal,card,CO,Bancolombia,6,5,1,98290.65833333333,INVALID_CARD,,0.8333,0,10
2026-08-31 10:07:00,Merchant_C,dLocal,card,CO,Davivienda,8,7,1,110066.265,INVALID_CARD,,0.875,0,10
2026-08-31 10:07:00,Merchant_C,dLocal,card,MX,BBVA,3,3,0,749.8466666666667,,,1.0,0,10
2026-08-31 10:07:00,Merchant_C,dLocal,card,MX,Banorte,8,7,1,1120.425,SUSPECTED_FRAUD,,0.875,0,10
2026-08-31 10:07:00,Merchant_C,dLocal,card,MX,Citibanamex,3,3,0,768.6466666666666,,,1.0,0,10
2026-08-31 10:07:00,Merchant_C,dLocal,card,MX,Santander,1,0,1,575.77,INSUFFICIENT_FUNDS,,0.0,0,10
2026-08-31 10:07:00,Merchant_C,dLocal,cash_in_store,MX,,18,14,4,879.4305555555555,INSUFFICIENT_FUNDS,,0.7778,0,10
2026-08-31 10:07:00,Merchant_C,dLocal,wallet,BR,,12,11,1,316.1141666666667,INVALID_CARD,,0.9167,0,10
2026-08-31 10:07:00,Merchant_C,dLocal,wallet,CO,,13,13,0,136464.14,,,1.0,0,10
2026-08-31 10:07:00,Merchant_C,dLocal,wallet,MX,,16,14,2,756.6281250000001,INSUFFICIENT_FUNDS,,0.875,0,10
2026-08-31 10:08:00,Merchant_A,Adyen,PIX,BR,,14,14,0,318.72357142857146,,,1.0,0,10
2026-08-31 10:08:00,Merchant_A,Adyen,PSE,CO,,13,13,0,152630.13,,,1.0,0,10
2026-08-31 10:08:00,Merchant_A,Adyen,card,BR,Banco do Brasil,2,2,0,154.68,,,1.0,0,10
2026-08-31 10:08:00,Merchant_A,Adyen,card,BR,Bradesco,2,2,0,276.85,,,1.0,0,10
2026-08-31 10:08:00,Merchant_A,Adyen,card,BR,Itau,2,2,0,381.03999999999996,,,1.0,0,10
2026-08-31 10:08:00,Merchant_A,Adyen,card,BR,Nubank,8,6,2,253.4725,INSUFFICIENT_FUNDS,,0.75,0,10
2026-08-31 10:08:00,Merchant_A,Adyen,card,CO,Banco de Bogota,5,4,1,94107.924,SUSPECTED_FRAUD,,0.8,0,10
2026-08-31 10:08:00,Merchant_A,Adyen,card,CO,Bancolombia,6,6,0,110330.08166666667,,,1.0,0,10
2026-08-31 10:08:00,Merchant_A,Adyen,card,CO,Davivienda,7,7,0,133651.88714285713,,,1.0,0,10
2026-08-31 10:08:00,Merchant_A,Adyen,card,MX,BBVA,5,0,5,1059.902,ISSUER_UNAVAILABLE,INC-002,0.0,0,10
2026-08-31 10:08:00,Merchant_A,Adyen,card,MX,Banorte,5,5,0,841.5139999999999,,,1.0,0,10
2026-08-31 10:08:00,Merchant_A,Adyen,card,MX,Citibanamex,3,1,2,1184.2766666666666,INVALID_CARD,,0.3333,0,10
2026-08-31 10:08:00,Merchant_A,Adyen,card,MX,Santander,7,6,1,1145.8342857142857,DO_NOT_HONOR,,0.8571,0,10
2026-08-31 10:08:00,Merchant_A,Adyen,cash_in_store,MX,,12,11,1,796.5441666666667,SUSPECTED_FRAUD,,0.9167,0,10
2026-08-31 10:08:00,Merchant_A,Adyen,wallet,BR,,15,14,1,328.84866666666665,SUSPECTED_FRAUD,,0.9333,0,10
2026-08-31 10:08:00,Merchant_A,Adyen,wallet,CO,,19,18,1,134649.39894736843,INSUFFICIENT_FUNDS,,0.9474,0,10
2026-08-31 10:08:00,Merchant_A,Adyen,wallet,MX,,18,17,1,992.51,DO_NOT_HONOR,,0.9444,0,10
2026-08-31 10:08:00,Merchant_A,Stripe,PIX,BR,,15,14,1,278.5293333333333,INSUFFICIENT_FUNDS,,0.9333,0,10
2026-08-31 10:08:00,Merchant_A,Stripe,PSE,CO,,10,9,1,117639.571,INSUFFICIENT_FUNDS,,0.9,0,10
2026-08-31 10:08:00,Merchant_A,Stripe,card,BR,Banco do Brasil,2,2,0,356.645,,,1.0,0,10
2026-08-31 10:08:00,Merchant_A,Stripe,card,BR,Bradesco,3,2,1,286.00333333333333,INSUFFICIENT_FUNDS,,0.6667,0,10
2026-08-31 10:08:00,Merchant_A,Stripe,card,BR,Itau,3,3,0,255.67333333333332,,,1.0,0,10
2026-08-31 10:08:00,Merchant_A,Stripe,card,BR,Nubank,3,3,0,328.9433333333333,,,1.0,0,10
2026-08-31 10:08:00,Merchant_A,Stripe,card,CO,Banco de Bogota,5,4,1,166715.23,INVALID_CARD,,0.8,0,10
2026-08-31 10:08:00,Merchant_A,Stripe,card,CO,Bancolombia,6,5,1,106949.29166666667,INVALID_CARD,,0.8333,0,10
2026-08-31 10:08:00,Merchant_A,Stripe,card,CO,Davivienda,5,5,0,123873.73799999998,,,1.0,0,10
2026-08-31 10:08:00,Merchant_A,Stripe,card,MX,BBVA,4,1,3,821.4975,ISSUER_UNAVAILABLE,INC-002,0.25,0,10
2026-08-31 10:08:00,Merchant_A,Stripe,card,MX,Banorte,6,5,1,832.125,SUSPECTED_FRAUD,,0.8333,0,10
2026-08-31 10:08:00,Merchant_A,Stripe,card,MX,Citibanamex,3,3,0,434.0233333333333,,,1.0,0,10
2026-08-31 10:08:00,Merchant_A,Stripe,card,MX,Santander,2,2,0,809.9200000000001,,,1.0,0,10
2026-08-31 10:08:00,Merchant_A,Stripe,cash_in_store,MX,,16,12,4,1182.24625,INVALID_CARD,,0.75,0,10
2026-08-31 10:08:00,Merchant_A,Stripe,wallet,BR,,13,11,2,329.3553846153846,INVALID_CARD,,0.8462,0,10
2026-08-31 10:08:00,Merchant_A,Stripe,wallet,CO,,16,15,1,107513.896875,INVALID_CARD,,0.9375,0,10
2026-08-31 10:08:00,Merchant_A,Stripe,wallet,MX,,14,13,1,909.5892857142857,INSUFFICIENT_FUNDS,,0.9286,0,10
2026-08-31 10:08:00,Merchant_A,dLocal,PIX,BR,,14,12,2,186.2057142857143,SUSPECTED_FRAUD,,0.8571,0,10
2026-08-31 10:08:00,Merchant_A,dLocal,PSE,CO,,21,17,4,84618.77761904763,INSUFFICIENT_FUNDS,,0.8095,0,10
2026-08-31 10:08:00,Merchant_A,dLocal,card,BR,Banco do Brasil,5,5,0,190.54000000000002,,,1.0,0,10
2026-08-31 10:08:00,Merchant_A,dLocal,card,BR,Bradesco,2,2,0,250.66,,,1.0,0,10
2026-08-31 10:08:00,Merchant_A,dLocal,card,BR,Itau,4,4,0,227.22,,,1.0,0,10
2026-08-31 10:08:00,Merchant_A,dLocal,card,BR,Nubank,1,1,0,310.44,,,1.0,0,10
2026-08-31 10:08:00,Merchant_A,dLocal,card,CO,Banco de Bogota,6,5,1,156478.93,DO_NOT_HONOR,,0.8333,0,10
2026-08-31 10:08:00,Merchant_A,dLocal,card,CO,Bancolombia,5,4,1,163007.546,INSUFFICIENT_FUNDS,,0.8,0,10
2026-08-31 10:08:00,Merchant_A,dLocal,card,CO,Davivienda,4,4,0,132750.83250000002,,,1.0,0,10
2026-08-31 10:08:00,Merchant_A,dLocal,card,MX,BBVA,1,1,0,1152.18,,INC-002,1.0,0,10
2026-08-31 10:08:00,Merchant_A,dLocal,card,MX,Banorte,6,5,1,1020.5783333333334,SUSPECTED_FRAUD,,0.8333,0,10
2026-08-31 10:08:00,Merchant_A,dLocal,card,MX,Citibanamex,2,2,0,551.99,,,1.0,0,10
2026-08-31 10:08:00,Merchant_A,dLocal,card,MX,Santander,6,5,1,994.6666666666666,DO_NOT_HONOR,,0.8333,0,10
2026-08-31 10:08:00,Merchant_A,dLocal,cash_in_store,MX,,17,14,3,835.5752941176471,DO_NOT_HONOR,,0.8235,0,10
2026-08-31 10:08:00,Merchant_A,dLocal,wallet,BR,,23,21,2,310.38608695652175,INSUFFICIENT_FUNDS,,0.913,0,10
2026-08-31 10:08:00,Merchant_A,dLocal,wallet,CO,,14,14,0,125375.56857142856,,,1.0,0,10
2026-08-31 10:08:00,Merchant_A,dLocal,wallet,MX,,12,8,4,1002.4825000000001,DO_NOT_HONOR,,0.6667,0,10
2026-08-31 10:08:00,Merchant_B,Adyen,PIX,BR,,12,12,0,234.6825,,,1.0,0,10
2026-08-31 10:08:00,Merchant_B,Adyen,PSE,CO,,17,16,1,115391.29235294118,DO_NOT_HONOR,,0.9412,0,10
2026-08-31 10:08:00,Merchant_B,Adyen,card,BR,Banco do Brasil,3,3,0,324.38,,,1.0,0,10
2026-08-31 10:08:00,Merchant_B,Adyen,card,BR,Bradesco,3,3,0,315.43666666666667,,,1.0,0,10
2026-08-31 10:08:00,Merchant_B,Adyen,card,BR,Itau,2,2,0,239.28500000000003,,,1.0,0,10
2026-08-31 10:08:00,Merchant_B,Adyen,card,BR,Nubank,2,2,0,233.09500000000003,,,1.0,0,10
2026-08-31 10:08:00,Merchant_B,Adyen,card,CO,Banco de Bogota,8,8,0,120941.635,,,1.0,0,10
2026-08-31 10:08:00,Merchant_B,Adyen,card,CO,Bancolombia,3,3,0,132565.42666666667,,,1.0,0,10
2026-08-31 10:08:00,Merchant_B,Adyen,card,CO,Davivienda,6,6,0,83621.69333333334,,,1.0,0,10
2026-08-31 10:08:00,Merchant_B,Adyen,card,MX,BBVA,2,2,0,842.45,,,1.0,0,10
2026-08-31 10:08:00,Merchant_B,Adyen,card,MX,Citibanamex,7,7,0,927.9714285714286,,,1.0,0,10
2026-08-31 10:08:00,Merchant_B,Adyen,card,MX,Santander,3,3,0,739.41,,,1.0,0,10
2026-08-31 10:08:00,Merchant_B,Adyen,cash_in_store,MX,,22,16,6,977.4118181818183,INVALID_CARD,,0.7273,0,10
2026-08-31 10:08:00,Merchant_B,Adyen,wallet,BR,,12,12,0,277.5391666666667,,,1.0,0,10
2026-08-31 10:08:00,Merchant_B,Adyen,wallet,CO,,16,16,0,131020.921875,,,1.0,0,10
2026-08-31 10:08:00,Merchant_B,Adyen,wallet,MX,,13,12,1,980.6653846153846,INSUFFICIENT_FUNDS,,0.9231,0,10
2026-08-31 10:08:00,Merchant_B,Stripe,PIX,BR,,14,14,0,281.83714285714285,,,1.0,0,10
2026-08-31 10:08:00,Merchant_B,Stripe,PSE,CO,,16,12,4,83474.25,DO_NOT_HONOR,,0.75,0,10
2026-08-31 10:08:00,Merchant_B,Stripe,card,BR,Banco do Brasil,5,4,1,192.65,INVALID_CARD,,0.8,0,10
2026-08-31 10:08:00,Merchant_B,Stripe,card,BR,Bradesco,3,3,0,299.5366666666667,,,1.0,0,10
2026-08-31 10:08:00,Merchant_B,Stripe,card,BR,Itau,3,3,0,323.19,,,1.0,0,10
2026-08-31 10:08:00,Merchant_B,Stripe,card,BR,Nubank,2,2,0,266.345,,,1.0,0,10
2026-08-31 10:08:00,Merchant_B,Stripe,card,CO,Banco de Bogota,7,6,1,108371.12,DO_NOT_HONOR,,0.8571,0,10
2026-08-31 10:08:00,Merchant_B,Stripe,card,CO,Bancolombia,6,6,0,108828.91666666667,,,1.0,0,10
2026-08-31 10:08:00,Merchant_B,Stripe,card,CO,Davivienda,4,3,1,99292.63,INVALID_CARD,,0.75,0,10
2026-08-31 10:08:00,Merchant_B,Stripe,card,MX,BBVA,1,0,1,787.14,DO_NOT_HONOR,,0.0,0,10
2026-08-31 10:08:00,Merchant_B,Stripe,card,MX,Banorte,5,5,0,815.49,,,1.0,0,10
2026-08-31 10:08:00,Merchant_B,Stripe,card,MX,Citibanamex,3,3,0,945.4433333333333,,,1.0,0,10
2026-08-31 10:08:00,Merchant_B,Stripe,card,MX,Santander,6,5,1,686.0333333333333,INVALID_CARD,,0.8333,0,10
2026-08-31 10:08:00,Merchant_B,Stripe,cash_in_store,MX,,12,10,2,988.225,INSUFFICIENT_FUNDS,,0.8333,0,10
2026-08-31 10:08:00,Merchant_B,Stripe,wallet,BR,,14,12,2,306.3957142857143,DO_NOT_HONOR,,0.8571,0,10
2026-08-31 10:08:00,Merchant_B,Stripe,wallet,CO,,13,13,0,120888.66,,,1.0,0,10
2026-08-31 10:08:00,Merchant_B,Stripe,wallet,MX,,8,8,0,811.6575,,,1.0,0,10
2026-08-31 10:08:00,Merchant_B,dLocal,PIX,BR,,18,15,3,222.94500000000002,DO_NOT_HONOR,,0.8333,0,10
2026-08-31 10:08:00,Merchant_B,dLocal,PSE,CO,,20,18,2,124889.853,DO_NOT_HONOR,,0.9,0,10
2026-08-31 10:08:00,Merchant_B,dLocal,card,BR,Banco do Brasil,1,1,0,457.03,,,1.0,0,10
2026-08-31 10:08:00,Merchant_B,dLocal,card,BR,Bradesco,3,3,0,201.94666666666663,,,1.0,0,10
2026-08-31 10:08:00,Merchant_B,dLocal,card,BR,Itau,4,4,0,232.74,,,1.0,0,10
2026-08-31 10:08:00,Merchant_B,dLocal,card,BR,Nubank,7,6,1,321.43,SUSPECTED_FRAUD,,0.8571,0,10
2026-08-31 10:08:00,Merchant_B,dLocal,card,CO,Banco de Bogota,2,2,0,114016.875,,,1.0,0,10
2026-08-31 10:08:00,Merchant_B,dLocal,card,CO,Bancolombia,6,6,0,72028.61,,,1.0,0,10
2026-08-31 10:08:00,Merchant_B,dLocal,card,CO,Davivienda,4,4,0,117454.45999999999,,,1.0,0,10
2026-08-31 10:08:00,Merchant_B,dLocal,card,MX,BBVA,3,2,1,427.95666666666665,DO_NOT_HONOR,,0.6667,0,10
2026-08-31 10:08:00,Merchant_B,dLocal,card,MX,Banorte,6,5,1,658.9216666666666,INSUFFICIENT_FUNDS,,0.8333,0,10
2026-08-31 10:08:00,Merchant_B,dLocal,card,MX,Citibanamex,1,1,0,90.0,,,1.0,0,10
2026-08-31 10:08:00,Merchant_B,dLocal,card,MX,Santander,3,2,1,789.3000000000001,INSUFFICIENT_FUNDS,,0.6667,0,10
2026-08-31 10:08:00,Merchant_B,dLocal,cash_in_store,MX,,11,8,3,872.5372727272727,DO_NOT_HONOR,,0.7273,0,10
2026-08-31 10:08:00,Merchant_B,dLocal,wallet,BR,,21,19,2,218.18142857142854,INSUFFICIENT_FUNDS,,0.9048,0,10
2026-08-31 10:08:00,Merchant_B,dLocal,wallet,CO,,15,14,1,107616.18933333334,INSUFFICIENT_FUNDS,,0.9333,0,10
2026-08-31 10:08:00,Merchant_B,dLocal,wallet,MX,,8,8,0,509.55125,,,1.0,0,10
2026-08-31 10:08:00,Merchant_C,Adyen,PIX,BR,,13,11,2,273.15153846153845,DO_NOT_HONOR,,0.8462,0,10
2026-08-31 10:08:00,Merchant_C,Adyen,PSE,CO,,19,18,1,100585.59947368421,INVALID_CARD,,0.9474,0,10
2026-08-31 10:08:00,Merchant_C,Adyen,card,BR,Banco do Brasil,4,4,0,349.65250000000003,,,1.0,0,10
2026-08-31 10:08:00,Merchant_C,Adyen,card,BR,Itau,3,3,0,204.27666666666664,,,1.0,0,10
2026-08-31 10:08:00,Merchant_C,Adyen,card,BR,Nubank,3,3,0,275.31666666666666,,,1.0,0,10
2026-08-31 10:08:00,Merchant_C,Adyen,card,CO,Banco de Bogota,5,5,0,152519.03,,,1.0,0,10
2026-08-31 10:08:00,Merchant_C,Adyen,card,CO,Bancolombia,3,3,0,198047.49,,,1.0,0,10
2026-08-31 10:08:00,Merchant_C,Adyen,card,CO,Davivienda,7,7,0,114000.12857142858,,,1.0,0,10
2026-08-31 10:08:00,Merchant_C,Adyen,card,MX,BBVA,1,1,0,932.4,,,1.0,0,10
2026-08-31 10:08:00,Merchant_C,Adyen,card,MX,Banorte,4,4,0,848.8875,,,1.0,0,10
2026-08-31 10:08:00,Merchant_C,Adyen,card,MX,Citibanamex,4,2,2,756.0825,DO_NOT_HONOR,,0.5,0,10
2026-08-31 10:08:00,Merchant_C,Adyen,card,MX,Santander,4,4,0,787.4350000000001,,,1.0,0,10
2026-08-31 10:08:00,Merchant_C,Adyen,cash_in_store,MX,,11,11,0,912.0,,,1.0,0,10
2026-08-31 10:08:00,Merchant_C,Adyen,wallet,BR,,12,12,0,278.7991666666667,,,1.0,0,10
2026-08-31 10:08:00,Merchant_C,Adyen,wallet,CO,,17,13,4,101237.2,DO_NOT_HONOR,,0.7647,0,10
2026-08-31 10:08:00,Merchant_C,Adyen,wallet,MX,,13,10,3,895.5561538461538,DO_NOT_HONOR,,0.7692,0,10
2026-08-31 10:08:00,Merchant_C,Stripe,PIX,BR,,10,9,1,394.308,INSUFFICIENT_FUNDS,,0.9,0,10
2026-08-31 10:08:00,Merchant_C,Stripe,PSE,CO,,14,13,1,137942.21357142858,INSUFFICIENT_FUNDS,,0.9286,0,10
2026-08-31 10:08:00,Merchant_C,Stripe,card,BR,Banco do Brasil,4,3,1,280.395,DO_NOT_HONOR,,0.75,0,10
2026-08-31 10:08:00,Merchant_C,Stripe,card,BR,Bradesco,3,3,0,395.6566666666667,,,1.0,0,10
2026-08-31 10:08:00,Merchant_C,Stripe,card,BR,Itau,3,3,0,341.40000000000003,,,1.0,0,10
2026-08-31 10:08:00,Merchant_C,Stripe,card,BR,Nubank,3,3,0,264.19666666666666,,,1.0,0,10
2026-08-31 10:08:00,Merchant_C,Stripe,card,CO,Banco de Bogota,7,7,0,171270.07,,,1.0,0,10
2026-08-31 10:08:00,Merchant_C,Stripe,card,CO,Bancolombia,8,7,1,129119.42125,SUSPECTED_FRAUD,,0.875,0,10
2026-08-31 10:08:00,Merchant_C,Stripe,card,CO,Davivienda,6,6,0,110660.72333333333,,,1.0,0,10
2026-08-31 10:08:00,Merchant_C,Stripe,card,MX,BBVA,3,3,0,1281.1566666666665,,,1.0,0,10
2026-08-31 10:08:00,Merchant_C,Stripe,card,MX,Banorte,5,5,0,997.1700000000001,,,1.0,0,10
2026-08-31 10:08:00,Merchant_C,Stripe,card,MX,Citibanamex,3,3,0,647.3000000000001,,,1.0,0,10
2026-08-31 10:08:00,Merchant_C,Stripe,card,MX,Santander,9,9,0,542.6844444444445,,,1.0,0,10
2026-08-31 10:08:00,Merchant_C,Stripe,cash_in_store,MX,,12,11,1,985.4125,DO_NOT_HONOR,,0.9167,0,10
2026-08-31 10:08:00,Merchant_C,Stripe,wallet,BR,,13,12,1,265.84153846153845,SUSPECTED_FRAUD,,0.9231,0,10
2026-08-31 10:08:00,Merchant_C,Stripe,wallet,CO,,10,9,1,160250.25,INVALID_CARD,,0.9,0,10
2026-08-31 10:08:00,Merchant_C,Stripe,wallet,MX,,11,10,1,950.6045454545455,INSUFFICIENT_FUNDS,,0.9091,0,10
2026-08-31 10:08:00,Merchant_C,dLocal,PIX,BR,,20,18,2,328.793,DO_NOT_HONOR,,0.9,0,10
2026-08-31 10:08:00,Merchant_C,dLocal,PSE,CO,,10,9,1,118490.103,SUSPECTED_FRAUD,,0.9,0,10
2026-08-31 10:08:00,Merchant_C,dLocal,card,BR,Banco do Brasil,3,2,1,323.69,SUSPECTED_FRAUD,,0.6667,0,10
2026-08-31 10:08:00,Merchant_C,dLocal,card,BR,Bradesco,3,3,0,255.79333333333332,,,1.0,0,10
2026-08-31 10:08:00,Merchant_C,dLocal,card,BR,Itau,6,5,1,393.02,INVALID_CARD,,0.8333,0,10
2026-08-31 10:08:00,Merchant_C,dLocal,card,BR,Nubank,8,7,1,335.05,SUSPECTED_FRAUD,,0.875,0,10
2026-08-31 10:08:00,Merchant_C,dLocal,card,CO,Banco de Bogota,6,6,0,130548.49666666666,,,1.0,0,10
2026-08-31 10:08:00,Merchant_C,dLocal,card,CO,Bancolombia,7,7,0,93435.58571428571,,,1.0,0,10
2026-08-31 10:08:00,Merchant_C,dLocal,card,CO,Davivienda,4,4,0,79326.32250000001,,,1.0,0,10
2026-08-31 10:08:00,Merchant_C,dLocal,card,MX,Banorte,5,5,0,1035.0459999999998,,,1.0,0,10
2026-08-31 10:08:00,Merchant_C,dLocal,card,MX,Citibanamex,2,2,0,742.925,,,1.0,0,10
2026-08-31 10:08:00,Merchant_C,dLocal,card,MX,Santander,3,3,0,915.1199999999999,,,1.0,0,10
2026-08-31 10:08:00,Merchant_C,dLocal,cash_in_store,MX,,16,12,4,1001.415,DO_NOT_HONOR,,0.75,0,10
2026-08-31 10:08:00,Merchant_C,dLocal,wallet,BR,,24,22,2,283.8808333333333,INVALID_CARD,,0.9167,0,10
2026-08-31 10:08:00,Merchant_C,dLocal,wallet,CO,,17,16,1,120732.28764705882,INVALID_CARD,,0.9412,0,10
2026-08-31 10:08:00,Merchant_C,dLocal,wallet,MX,,21,20,1,771.1295238095238,DO_NOT_HONOR,,0.9524,0,10
2026-08-31 10:09:00,Merchant_A,Adyen,PIX,BR,,14,14,0,279.7785714285714,,,1.0,0,10
2026-08-31 10:09:00,Merchant_A,Adyen,PSE,CO,,14,11,3,116569.35785714285,SUSPECTED_FRAUD,,0.7857,0,10
2026-08-31 10:09:00,Merchant_A,Adyen,card,BR,Bradesco,3,3,0,300.3833333333333,,,1.0,0,10
2026-08-31 10:09:00,Merchant_A,Adyen,card,BR,Itau,1,0,1,528.69,DO_NOT_HONOR,,0.0,0,10
2026-08-31 10:09:00,Merchant_A,Adyen,card,BR,Nubank,5,4,1,329.866,INVALID_CARD,,0.8,0,10
2026-08-31 10:09:00,Merchant_A,Adyen,card,CO,Banco de Bogota,5,4,1,154046.55,INSUFFICIENT_FUNDS,,0.8,0,10
2026-08-31 10:09:00,Merchant_A,Adyen,card,CO,Bancolombia,6,6,0,105306.92499999999,,,1.0,0,10
2026-08-31 10:09:00,Merchant_A,Adyen,card,CO,Davivienda,9,8,1,112298.02777777778,SUSPECTED_FRAUD,,0.8889,0,10
2026-08-31 10:09:00,Merchant_A,Adyen,card,MX,BBVA,3,3,0,266.67,,,1.0,0,10
2026-08-31 10:09:00,Merchant_A,Adyen,card,MX,Banorte,3,3,0,1179.4433333333334,,,1.0,0,10
2026-08-31 10:09:00,Merchant_A,Adyen,card,MX,Citibanamex,1,1,0,495.13,,,1.0,0,10
2026-08-31 10:09:00,Merchant_A,Adyen,card,MX,Santander,3,2,1,1071.09,DO_NOT_HONOR,,0.6667,0,10
2026-08-31 10:09:00,Merchant_A,Adyen,cash_in_store,MX,,12,11,1,1038.04,INSUFFICIENT_FUNDS,,0.9167,0,10
2026-08-31 10:09:00,Merchant_A,Adyen,wallet,BR,,15,14,1,284.906,SUSPECTED_FRAUD,,0.9333,0,10
2026-08-31 10:09:00,Merchant_A,Adyen,wallet,CO,,15,14,1,107390.876,SUSPECTED_FRAUD,,0.9333,0,10
2026-08-31 10:09:00,Merchant_A,Adyen,wallet,MX,,15,14,1,768.756,INSUFFICIENT_FUNDS,,0.9333,0,10
2026-08-31 10:09:00,Merchant_A,Stripe,PIX,BR,,11,10,1,300.2054545454546,INVALID_CARD,,0.9091,0,10
2026-08-31 10:09:00,Merchant_A,Stripe,PSE,CO,,16,15,1,129728.615625,SUSPECTED_FRAUD,,0.9375,0,10
2026-08-31 10:09:00,Merchant_A,Stripe,card,BR,Banco do Brasil,4,3,1,143.75,SUSPECTED_FRAUD,,0.75,0,10
2026-08-31 10:09:00,Merchant_A,Stripe,card,BR,Bradesco,3,3,0,319.7366666666667,,,1.0,0,10
2026-08-31 10:09:00,Merchant_A,Stripe,card,BR,Itau,4,4,0,199.275,,,1.0,0,10
2026-08-31 10:09:00,Merchant_A,Stripe,card,BR,Nubank,1,1,0,392.63,,,1.0,0,10
2026-08-31 10:09:00,Merchant_A,Stripe,card,CO,Banco de Bogota,11,9,2,142597.36727272728,DO_NOT_HONOR,,0.8182,0,10
2026-08-31 10:09:00,Merchant_A,Stripe,card,CO,Bancolombia,3,3,0,78303.65999999999,,,1.0,0,10
2026-08-31 10:09:00,Merchant_A,Stripe,card,CO,Davivienda,5,4,1,94462.79000000001,SUSPECTED_FRAUD,,0.8,0,10
2026-08-31 10:09:00,Merchant_A,Stripe,card,MX,BBVA,4,4,0,900.4175,,,1.0,0,10
2026-08-31 10:09:00,Merchant_A,Stripe,card,MX,Banorte,5,5,0,938.6479999999999,,,1.0,0,10
2026-08-31 10:09:00,Merchant_A,Stripe,card,MX,Citibanamex,3,2,1,875.2199999999999,INVALID_CARD,,0.6667,0,10
2026-08-31 10:09:00,Merchant_A,Stripe,card,MX,Santander,4,4,0,683.715,,,1.0,0,10
2026-08-31 10:09:00,Merchant_A,Stripe,cash_in_store,MX,,20,19,1,981.4620000000001,INVALID_CARD,,0.95,0,10
2026-08-31 10:09:00,Merchant_A,Stripe,wallet,BR,,14,13,1,252.6107142857143,INVALID_CARD,,0.9286,0,10
2026-08-31 10:09:00,Merchant_A,Stripe,wallet,CO,,17,13,4,108319.48588235294,DO_NOT_HONOR,,0.7647,0,10
2026-08-31 10:09:00,Merchant_A,Stripe,wallet,MX,,21,21,0,942.3723809523809,,,1.0,0,10
2026-08-31 10:09:00,Merchant_A,dLocal,PIX,BR,,9,9,0,285.52000000000004,,,1.0,0,10
2026-08-31 10:09:00,Merchant_A,dLocal,PSE,CO,,18,16,2,124110.56333333334,DO_NOT_HONOR,,0.8889,0,10
2026-08-31 10:09:00,Merchant_A,dLocal,card,BR,Banco do Brasil,2,2,0,306.495,,,1.0,0,10
2026-08-31 10:09:00,Merchant_A,dLocal,card,BR,Bradesco,5,5,0,338.44,,,1.0,0,10
2026-08-31 10:09:00,Merchant_A,dLocal,card,BR,Itau,2,2,0,303.965,,,1.0,0,10
2026-08-31 10:09:00,Merchant_A,dLocal,card,BR,Nubank,2,1,1,201.835,DO_NOT_HONOR,,0.5,0,10
2026-08-31 10:09:00,Merchant_A,dLocal,card,CO,Banco de Bogota,2,2,0,83706.845,,,1.0,0,10
2026-08-31 10:09:00,Merchant_A,dLocal,card,CO,Bancolombia,7,7,0,124678.26000000001,,,1.0,0,10
2026-08-31 10:09:00,Merchant_A,dLocal,card,CO,Davivienda,4,3,1,92014.97,INVALID_CARD,,0.75,0,10
2026-08-31 10:09:00,Merchant_A,dLocal,card,MX,BBVA,3,3,0,1047.1466666666668,,,1.0,0,10
2026-08-31 10:09:00,Merchant_A,dLocal,card,MX,Banorte,6,5,1,743.5916666666667,SUSPECTED_FRAUD,,0.8333,0,10
2026-08-31 10:09:00,Merchant_A,dLocal,card,MX,Citibanamex,5,4,1,995.2459999999999,SUSPECTED_FRAUD,,0.8,0,10
2026-08-31 10:09:00,Merchant_A,dLocal,card,MX,Santander,4,4,0,594.265,,,1.0,0,10
2026-08-31 10:09:00,Merchant_A,dLocal,cash_in_store,MX,,15,13,2,829.7639999999999,INVALID_CARD,,0.8667,0,10
2026-08-31 10:09:00,Merchant_A,dLocal,wallet,BR,,16,15,1,272.80875,DO_NOT_HONOR,,0.9375,0,10
2026-08-31 10:09:00,Merchant_A,dLocal,wallet,CO,,13,13,0,138429.65923076923,,,1.0,0,10
2026-08-31 10:09:00,Merchant_A,dLocal,wallet,MX,,18,18,0,887.8361111111111,,,1.0,0,10
2026-08-31 10:09:00,Merchant_B,Adyen,PIX,BR,,12,12,0,362.795,,,1.0,0,10
2026-08-31 10:09:00,Merchant_B,Adyen,PSE,CO,,12,11,1,108729.80833333333,SUSPECTED_FRAUD,,0.9167,0,10
2026-08-31 10:09:00,Merchant_B,Adyen,card,BR,Banco do Brasil,1,1,0,495.09,,,1.0,0,10
2026-08-31 10:09:00,Merchant_B,Adyen,card,BR,Bradesco,2,2,0,383.22,,,1.0,0,10
2026-08-31 10:09:00,Merchant_B,Adyen,card,BR,Itau,4,4,0,346.5125,,,1.0,0,10
2026-08-31 10:09:00,Merchant_B,Adyen,card,BR,Nubank,3,3,0,197.71,,,1.0,0,10
2026-08-31 10:09:00,Merchant_B,Adyen,card,CO,Banco de Bogota,4,4,0,156734.0875,,,1.0,0,10
2026-08-31 10:09:00,Merchant_B,Adyen,card,CO,Bancolombia,9,8,1,125352.75222222222,INVALID_CARD,,0.8889,0,10
2026-08-31 10:09:00,Merchant_B,Adyen,card,CO,Davivienda,6,6,0,118897.33333333333,,,1.0,0,10
2026-08-31 10:09:00,Merchant_B,Adyen,card,MX,BBVA,4,3,1,864.3375000000001,SUSPECTED_FRAUD,,0.75,0,10
2026-08-31 10:09:00,Merchant_B,Adyen,card,MX,Banorte,1,1,0,861.86,,,1.0,0,10
2026-08-31 10:09:00,Merchant_B,Adyen,card,MX,Citibanamex,4,4,0,890.655,,,1.0,0,10
2026-08-31 10:09:00,Merchant_B,Adyen,card,MX,Santander,2,2,0,515.005,,,1.0,0,10
2026-08-31 10:09:00,Merchant_B,Adyen,cash_in_store,MX,,12,10,2,987.355,INVALID_CARD,,0.8333,0,10
2026-08-31 10:09:00,Merchant_B,Adyen,wallet,BR,,19,17,2,245.61052631578949,INVALID_CARD,,0.8947,0,10
2026-08-31 10:09:00,Merchant_B,Adyen,wallet,CO,,18,15,3,99306.17666666667,SUSPECTED_FRAUD,,0.8333,0,10
2026-08-31 10:09:00,Merchant_B,Adyen,wallet,MX,,10,9,1,1001.226,SUSPECTED_FRAUD,,0.9,0,10
2026-08-31 10:09:00,Merchant_B,Stripe,PIX,BR,,15,15,0,299.5066666666667,,,1.0,0,10
2026-08-31 10:09:00,Merchant_B,Stripe,PSE,CO,,11,10,1,88218.17818181818,SUSPECTED_FRAUD,,0.9091,0,10
2026-08-31 10:09:00,Merchant_B,Stripe,card,BR,Banco do Brasil,3,3,0,201.08333333333334,,,1.0,0,10
2026-08-31 10:09:00,Merchant_B,Stripe,card,BR,Bradesco,4,2,2,355.07,INSUFFICIENT_FUNDS,,0.5,0,10
2026-08-31 10:09:00,Merchant_B,Stripe,card,BR,Itau,5,5,0,304.43199999999996,,,1.0,0,10
2026-08-31 10:09:00,Merchant_B,Stripe,card,BR,Nubank,3,3,0,215.55000000000004,,,1.0,0,10
2026-08-31 10:09:00,Merchant_B,Stripe,card,CO,Banco de Bogota,6,6,0,144759.26666666666,,,1.0,0,10
2026-08-31 10:09:00,Merchant_B,Stripe,card,CO,Bancolombia,3,3,0,145889.75666666668,,,1.0,0,10
2026-08-31 10:09:00,Merchant_B,Stripe,card,CO,Davivienda,11,9,2,160707.98090909093,DO_NOT_HONOR,,0.8182,0,10
2026-08-31 10:09:00,Merchant_B,Stripe,card,MX,BBVA,6,6,0,913.73,,,1.0,0,10
2026-08-31 10:09:00,Merchant_B,Stripe,card,MX,Banorte,2,2,0,371.78999999999996,,,1.0,0,10
2026-08-31 10:09:00,Merchant_B,Stripe,card,MX,Citibanamex,3,3,0,1027.3866666666665,,,1.0,0,10
2026-08-31 10:09:00,Merchant_B,Stripe,card,MX,Santander,7,6,1,970.5457142857142,SUSPECTED_FRAUD,,0.8571,0,10
2026-08-31 10:09:00,Merchant_B,Stripe,cash_in_store,MX,,18,15,3,790.5538888888889,INSUFFICIENT_FUNDS,,0.8333,0,10
2026-08-31 10:09:00,Merchant_B,Stripe,wallet,BR,,17,14,3,215.38529411764708,DO_NOT_HONOR,,0.8235,0,10
2026-08-31 10:09:00,Merchant_B,Stripe,wallet,CO,,14,13,1,113183.77571428572,DO_NOT_HONOR,,0.9286,0,10
2026-08-31 10:09:00,Merchant_B,Stripe,wallet,MX,,23,20,3,1026.9886956521739,SUSPECTED_FRAUD,,0.8696,0,10
2026-08-31 10:09:00,Merchant_B,dLocal,PIX,BR,,20,18,2,281.558,DO_NOT_HONOR,,0.9,0,10
2026-08-31 10:09:00,Merchant_B,dLocal,PSE,CO,,12,12,0,118538.84250000001,,,1.0,0,10
2026-08-31 10:09:00,Merchant_B,dLocal,card,BR,Banco do Brasil,5,4,1,350.502,DO_NOT_HONOR,,0.8,0,10
2026-08-31 10:09:00,Merchant_B,dLocal,card,BR,Bradesco,3,3,0,287.70666666666665,,,1.0,0,10
2026-08-31 10:09:00,Merchant_B,dLocal,card,BR,Itau,1,1,0,202.93,,,1.0,0,10
2026-08-31 10:09:00,Merchant_B,dLocal,card,BR,Nubank,1,1,0,223.73,,,1.0,0,10
2026-08-31 10:09:00,Merchant_B,dLocal,card,CO,Banco de Bogota,4,4,0,89615.28,,,1.0,0,10
2026-08-31 10:09:00,Merchant_B,dLocal,card,CO,Bancolombia,7,7,0,143293.48285714287,,,1.0,0,10
2026-08-31 10:09:00,Merchant_B,dLocal,card,CO,Davivienda,6,4,2,146525.745,DO_NOT_HONOR,,0.6667,0,10
2026-08-31 10:09:00,Merchant_B,dLocal,card,MX,BBVA,5,4,1,1035.054,DO_NOT_HONOR,,0.8,0,10
2026-08-31 10:09:00,Merchant_B,dLocal,card,MX,Banorte,3,3,0,685.8366666666667,,,1.0,0,10
2026-08-31 10:09:00,Merchant_B,dLocal,card,MX,Citibanamex,2,1,1,707.66,DO_NOT_HONOR,,0.5,0,10
2026-08-31 10:09:00,Merchant_B,dLocal,card,MX,Santander,3,2,1,1067.7366666666667,INVALID_CARD,,0.6667,0,10
2026-08-31 10:09:00,Merchant_B,dLocal,cash_in_store,MX,,12,10,2,742.96,DO_NOT_HONOR,,0.8333,0,10
2026-08-31 10:09:00,Merchant_B,dLocal,wallet,BR,,11,10,1,321.5018181818182,DO_NOT_HONOR,,0.9091,0,10
2026-08-31 10:09:00,Merchant_B,dLocal,wallet,CO,,16,14,2,109220.34625,DO_NOT_HONOR,,0.875,0,10
2026-08-31 10:09:00,Merchant_B,dLocal,wallet,MX,,22,19,3,972.2336363636364,DO_NOT_HONOR,,0.8636,0,10
2026-08-31 10:09:00,Merchant_C,Adyen,PIX,BR,,13,12,1,267.29153846153844,INSUFFICIENT_FUNDS,,0.9231,0,10
2026-08-31 10:09:00,Merchant_C,Adyen,PSE,CO,,24,19,5,127681.30416666665,INSUFFICIENT_FUNDS,,0.7917,0,10
2026-08-31 10:09:00,Merchant_C,Adyen,card,BR,Banco do Brasil,8,7,1,189.07375,SUSPECTED_FRAUD,,0.875,0,10
2026-08-31 10:09:00,Merchant_C,Adyen,card,BR,Bradesco,3,3,0,317.21,,,1.0,0,10
2026-08-31 10:09:00,Merchant_C,Adyen,card,BR,Itau,1,1,0,377.52,,,1.0,0,10
2026-08-31 10:09:00,Merchant_C,Adyen,card,BR,Nubank,6,6,0,275.5116666666667,,,1.0,0,10
2026-08-31 10:09:00,Merchant_C,Adyen,card,CO,Banco de Bogota,3,3,0,140087.41333333333,,,1.0,0,10
2026-08-31 10:09:00,Merchant_C,Adyen,card,CO,Bancolombia,4,3,1,141648.2,INVALID_CARD,,0.75,0,10
2026-08-31 10:09:00,Merchant_C,Adyen,card,CO,Davivienda,7,6,1,132189.35571428572,INVALID_CARD,,0.8571,0,10
2026-08-31 10:09:00,Merchant_C,Adyen,card,MX,BBVA,4,4,0,1064.1725000000001,,,1.0,0,10
2026-08-31 10:09:00,Merchant_C,Adyen,card,MX,Banorte,2,2,0,792.895,,,1.0,0,10
2026-08-31 10:09:00,Merchant_C,Adyen,card,MX,Citibanamex,5,5,0,732.292,,,1.0,0,10
2026-08-31 10:09:00,Merchant_C,Adyen,card,MX,Santander,3,3,0,1299.0466666666669,,,1.0,0,10
2026-08-31 10:09:00,Merchant_C,Adyen,cash_in_store,MX,,14,13,1,1037.087857142857,SUSPECTED_FRAUD,,0.9286,0,10
2026-08-31 10:09:00,Merchant_C,Adyen,wallet,BR,,18,17,1,259.31166666666667,INSUFFICIENT_FUNDS,,0.9444,0,10
2026-08-31 10:09:00,Merchant_C,Adyen,wallet,CO,,12,11,1,111691.93166666666,INVALID_CARD,,0.9167,0,10
2026-08-31 10:09:00,Merchant_C,Adyen,wallet,MX,,12,12,0,941.9183333333334,,,1.0,0,10
2026-08-31 10:09:00,Merchant_C,Stripe,PIX,BR,,11,11,0,235.36999999999998,,,1.0,0,10
2026-08-31 10:09:00,Merchant_C,Stripe,PSE,CO,,20,19,1,105693.7885,SUSPECTED_FRAUD,,0.95,0,10
2026-08-31 10:09:00,Merchant_C,Stripe,card,BR,Banco do Brasil,2,1,1,360.73,INSUFFICIENT_FUNDS,,0.5,0,10
2026-08-31 10:09:00,Merchant_C,Stripe,card,BR,Bradesco,3,3,0,277.78333333333336,,,1.0,0,10
2026-08-31 10:09:00,Merchant_C,Stripe,card,BR,Itau,5,5,0,293.44,,,1.0,0,10
2026-08-31 10:09:00,Merchant_C,Stripe,card,BR,Nubank,4,2,2,355.8075,INVALID_CARD,,0.5,0,10
2026-08-31 10:09:00,Merchant_C,Stripe,card,CO,Banco de Bogota,3,3,0,38559.503333333334,,,1.0,0,10
2026-08-31 10:09:00,Merchant_C,Stripe,card,CO,Bancolombia,4,4,0,91577.8525,,,1.0,0,10
2026-08-31 10:09:00,Merchant_C,Stripe,card,CO,Davivienda,3,3,0,83269.61,,,1.0,0,10
2026-08-31 10:09:00,Merchant_C,Stripe,card,MX,BBVA,5,5,0,795.426,,,1.0,0,10
2026-08-31 10:09:00,Merchant_C,Stripe,card,MX,Banorte,3,3,0,1139.6499999999999,,,1.0,0,10
2026-08-31 10:09:00,Merchant_C,Stripe,card,MX,Citibanamex,1,1,0,90.0,,,1.0,0,10
2026-08-31 10:09:00,Merchant_C,Stripe,card,MX,Santander,1,1,0,616.1,,,1.0,0,10
2026-08-31 10:09:00,Merchant_C,Stripe,cash_in_store,MX,,18,16,2,996.1222222222223,SUSPECTED_FRAUD,,0.8889,0,10
2026-08-31 10:09:00,Merchant_C,Stripe,wallet,BR,,11,11,0,338.32363636363635,,,1.0,0,10
2026-08-31 10:09:00,Merchant_C,Stripe,wallet,CO,,16,15,1,119384.954375,INSUFFICIENT_FUNDS,,0.9375,0,10
2026-08-31 10:09:00,Merchant_C,Stripe,wallet,MX,,16,15,1,809.959375,SUSPECTED_FRAUD,,0.9375,0,10
2026-08-31 10:09:00,Merchant_C,dLocal,PIX,BR,,22,21,1,294.3495454545454,DO_NOT_HONOR,,0.9545,0,10
2026-08-31 10:09:00,Merchant_C,dLocal,PSE,CO,,7,7,0,110749.95,,,1.0,0,10
2026-08-31 10:09:00,Merchant_C,dLocal,card,BR,Banco do Brasil,10,10,0,259.154,,,1.0,0,10
2026-08-31 10:09:00,Merchant_C,dLocal,card,BR,Bradesco,5,4,1,160.43200000000002,SUSPECTED_FRAUD,,0.8,0,10
2026-08-31 10:09:00,Merchant_C,dLocal,card,BR,Itau,6,6,0,365.64166666666665,,,1.0,0,10
2026-08-31 10:09:00,Merchant_C,dLocal,card,CO,Banco de Bogota,4,4,0,160970.02000000002,,,1.0,0,10
2026-08-31 10:09:00,Merchant_C,dLocal,card,CO,Bancolombia,5,3,2,180654.356,INVALID_CARD,,0.6,0,10
2026-08-31 10:09:00,Merchant_C,dLocal,card,CO,Davivienda,2,1,1,95468.005,SUSPECTED_FRAUD,,0.5,0,10
2026-08-31 10:09:00,Merchant_C,dLocal,card,MX,Banorte,5,5,0,695.494,,,1.0,0,10
2026-08-31 10:09:00,Merchant_C,dLocal,card,MX,Citibanamex,4,3,1,1182.95,INVALID_CARD,,0.75,0,10
2026-08-31 10:09:00,Merchant_C,dLocal,card,MX,Santander,3,3,0,1092.16,,,1.0,0,10
2026-08-31 10:09:00,Merchant_C,dLocal,cash_in_store,MX,,9,8,1,941.6277777777777,DO_NOT_HONOR,,0.8889,0,10
2026-08-31 10:09:00,Merchant_C,dLocal,wallet,BR,,16,16,0,287.79625,,,1.0,0,10
2026-08-31 10:09:00,Merchant_C,dLocal,wallet,CO,,17,16,1,96008.30647058823,INVALID_CARD,,0.9412,0,10
2026-08-31 10:09:00,Merchant_C,dLocal,wallet,MX,,12,11,1,1068.6358333333335,DO_NOT_HONOR,,0.9167,0,10
2026-08-31 10:10:00,Merchant_A,Adyen,PIX,BR,,12,11,1,272.92333333333335,INVALID_CARD,,0.9167,0,10
2026-08-31 10:10:00,Merchant_A,Adyen,PSE,CO,,11,9,2,94663.56909090909,DO_NOT_HONOR,,0.8182,0,10
2026-08-31 10:10:00,Merchant_A,Adyen,card,BR,Banco do Brasil,3,3,0,271.43666666666667,,,1.0,0,10
2026-08-31 10:10:00,Merchant_A,Adyen,card,BR,Bradesco,3,2,1,340.1433333333334,INVALID_CARD,,0.6667,0,10
2026-08-31 10:10:00,Merchant_A,Adyen,card,BR,Itau,6,5,1,237.25,DO_NOT_HONOR,,0.8333,0,10
2026-08-31 10:10:00,Merchant_A,Adyen,card,BR,Nubank,6,6,0,277.605,,,1.0,0,10
2026-08-31 10:10:00,Merchant_A,Adyen,card,CO,Banco de Bogota,5,5,0,124651.15400000001,,,1.0,0,10
2026-08-31 10:10:00,Merchant_A,Adyen,card,CO,Bancolombia,8,8,0,134272.655,,,1.0,0,10
2026-08-31 10:10:00,Merchant_A,Adyen,card,CO,Davivienda,4,4,0,168925.93,,,1.0,0,10
2026-08-31 10:10:00,Merchant_A,Adyen,card,MX,BBVA,2,2,0,1196.2350000000001,,,1.0,0,10
2026-08-31 10:10:00,Merchant_A,Adyen,card,MX,Banorte,3,3,0,1585.9733333333334,,,1.0,0,10
2026-08-31 10:10:00,Merchant_A,Adyen,card,MX,Citibanamex,6,6,0,1020.1233333333333,,,1.0,0,10
2026-08-31 10:10:00,Merchant_A,Adyen,card,MX,Santander,3,3,0,990.07,,,1.0,0,10
2026-08-31 10:10:00,Merchant_A,Adyen,cash_in_store,MX,,8,8,0,1013.215,,,1.0,0,10
2026-08-31 10:10:00,Merchant_A,Adyen,wallet,BR,,23,20,3,275.5926086956522,DO_NOT_HONOR,,0.8696,0,10
2026-08-31 10:10:00,Merchant_A,Adyen,wallet,CO,,17,15,2,122632.48647058824,INSUFFICIENT_FUNDS,,0.8824,0,10
2026-08-31 10:10:00,Merchant_A,Adyen,wallet,MX,,22,21,1,1059.2568181818183,INVALID_CARD,,0.9545,0,10
2026-08-31 10:10:00,Merchant_A,Stripe,PIX,BR,,19,17,2,293.12947368421055,INSUFFICIENT_FUNDS,,0.8947,0,10
2026-08-31 10:10:00,Merchant_A,Stripe,PSE,CO,,10,9,1,137532.429,INSUFFICIENT_FUNDS,,0.9,0,10
2026-08-31 10:10:00,Merchant_A,Stripe,card,BR,Banco do Brasil,2,2,0,169.505,,,1.0,0,10
2026-08-31 10:10:00,Merchant_A,Stripe,card,BR,Bradesco,4,2,2,162.85750000000002,INSUFFICIENT_FUNDS,,0.5,0,10
2026-08-31 10:10:00,Merchant_A,Stripe,card,BR,Itau,3,1,2,116.79666666666667,INVALID_CARD,,0.3333,0,10
2026-08-31 10:10:00,Merchant_A,Stripe,card,BR,Nubank,3,3,0,267.43333333333334,,,1.0,0,10
2026-08-31 10:10:00,Merchant_A,Stripe,card,CO,Banco de Bogota,2,2,0,106110.42499999999,,,1.0,0,10
2026-08-31 10:10:00,Merchant_A,Stripe,card,CO,Bancolombia,8,7,1,118107.3875,INVALID_CARD,,0.875,0,10
2026-08-31 10:10:00,Merchant_A,Stripe,card,CO,Davivienda,4,4,0,179841.365,,,1.0,0,10
2026-08-31 10:10:00,Merchant_A,Stripe,card,MX,BBVA,5,5,0,1403.3719999999998,,,1.0,0,10
2026-08-31 10:10:00,Merchant_A,Stripe,card,MX,Banorte,4,4,0,580.24,,,1.0,0,10
2026-08-31 10:10:00,Merchant_A,Stripe,card,MX,Citibanamex,5,5,0,725.63,,,1.0,0,10
2026-08-31 10:10:00,Merchant_A,Stripe,card,MX,Santander,1,1,0,940.16,,,1.0,0,10
2026-08-31 10:10:00,Merchant_A,Stripe,cash_in_store,MX,,15,15,0,839.812,,,1.0,0,10
2026-08-31 10:10:00,Merchant_A,Stripe,wallet,BR,,12,10,2,237.42583333333334,DO_NOT_HONOR,,0.8333,0,10
2026-08-31 10:10:00,Merchant_A,Stripe,wallet,CO,,13,10,3,122427.12615384617,DO_NOT_HONOR,,0.7692,0,10
2026-08-31 10:10:00,Merchant_A,Stripe,wallet,MX,,19,16,3,1119.893157894737,DO_NOT_HONOR,,0.8421,0,10
2026-08-31 10:10:00,Merchant_A,dLocal,PIX,BR,,15,14,1,214.47,INSUFFICIENT_FUNDS,,0.9333,0,10
2026-08-31 10:10:00,Merchant_A,dLocal,PSE,CO,,9,7,2,123230.75333333334,SUSPECTED_FRAUD,,0.7778,0,10
2026-08-31 10:10:00,Merchant_A,dLocal,card,BR,Banco do Brasil,3,3,0,218.29666666666665,,,1.0,0,10
2026-08-31 10:10:00,Merchant_A,dLocal,card,BR,Bradesco,3,3,0,177.69999999999996,,,1.0,0,10
2026-08-31 10:10:00,Merchant_A,dLocal,card,BR,Itau,1,0,1,95.02,INSUFFICIENT_FUNDS,,0.0,0,10
2026-08-31 10:10:00,Merchant_A,dLocal,card,BR,Nubank,5,5,0,340.61,,,1.0,0,10
2026-08-31 10:10:00,Merchant_A,dLocal,card,CO,Banco de Bogota,3,3,0,135854.75,,,1.0,0,10
2026-08-31 10:10:00,Merchant_A,dLocal,card,CO,Bancolombia,6,6,0,108126.88833333332,,,1.0,0,10
2026-08-31 10:10:00,Merchant_A,dLocal,card,CO,Davivienda,4,3,1,149132.5975,DO_NOT_HONOR,,0.75,0,10
2026-08-31 10:10:00,Merchant_A,dLocal,card,MX,BBVA,4,4,0,792.8625,,,1.0,0,10
2026-08-31 10:10:00,Merchant_A,dLocal,card,MX,Banorte,2,1,1,367.935,DO_NOT_HONOR,,0.5,0,10
2026-08-31 10:10:00,Merchant_A,dLocal,card,MX,Citibanamex,3,3,0,1040.86,,,1.0,0,10
2026-08-31 10:10:00,Merchant_A,dLocal,card,MX,Santander,3,2,1,1389.8433333333332,INSUFFICIENT_FUNDS,,0.6667,0,10
2026-08-31 10:10:00,Merchant_A,dLocal,cash_in_store,MX,,22,19,3,1109.0031818181817,DO_NOT_HONOR,,0.8636,0,10
2026-08-31 10:10:00,Merchant_A,dLocal,wallet,BR,,15,14,1,284.51533333333333,SUSPECTED_FRAUD,,0.9333,0,10
2026-08-31 10:10:00,Merchant_A,dLocal,wallet,CO,,17,14,3,115959.25764705881,DO_NOT_HONOR,,0.8235,0,10
2026-08-31 10:10:00,Merchant_A,dLocal,wallet,MX,,22,22,0,923.2540909090909,,,1.0,0,10
2026-08-31 10:10:00,Merchant_B,Adyen,PIX,BR,,16,16,0,260.97125,,,1.0,0,10
2026-08-31 10:10:00,Merchant_B,Adyen,PSE,CO,,15,11,4,111393.34599999999,DO_NOT_HONOR,,0.7333,0,10
2026-08-31 10:10:00,Merchant_B,Adyen,card,BR,Banco do Brasil,3,3,0,206.60333333333332,,,1.0,0,10
2026-08-31 10:10:00,Merchant_B,Adyen,card,BR,Bradesco,5,4,1,301.674,INVALID_CARD,,0.8,0,10
2026-08-31 10:10:00,Merchant_B,Adyen,card,BR,Itau,2,2,0,54.105,,,1.0,0,10
2026-08-31 10:10:00,Merchant_B,Adyen,card,BR,Nubank,5,5,0,277.356,,,1.0,0,10
2026-08-31 10:10:00,Merchant_B,Adyen,card,CO,Banco de Bogota,5,4,1,117099.92999999998,INVALID_CARD,,0.8,0,10
2026-08-31 10:10:00,Merchant_B,Adyen,card,CO,Bancolombia,7,7,0,141608.6842857143,,,1.0,0,10
2026-08-31 10:10:00,Merchant_B,Adyen,card,CO,Davivienda,6,6,0,154101.48500000002,,,1.0,0,10
2026-08-31 10:10:00,Merchant_B,Adyen,card,MX,BBVA,8,8,0,1061.91375,,,1.0,0,10
2026-08-31 10:10:00,Merchant_B,Adyen,card,MX,Banorte,4,3,1,788.915,INSUFFICIENT_FUNDS,,0.75,0,10
2026-08-31 10:10:00,Merchant_B,Adyen,card,MX,Citibanamex,3,3,0,500.4066666666667,,,1.0,0,10
2026-08-31 10:10:00,Merchant_B,Adyen,card,MX,Santander,3,3,0,1209.43,,,1.0,0,10
2026-08-31 10:10:00,Merchant_B,Adyen,cash_in_store,MX,,10,9,1,890.3220000000001,INVALID_CARD,,0.9,0,10
2026-08-31 10:10:00,Merchant_B,Adyen,wallet,BR,,13,13,0,317.30384615384617,,,1.0,0,10
2026-08-31 10:10:00,Merchant_B,Adyen,wallet,CO,,8,7,1,99651.7525,DO_NOT_HONOR,,0.875,0,10
2026-08-31 10:10:00,Merchant_B,Adyen,wallet,MX,,16,16,0,888.81875,,,1.0,0,10
2026-08-31 10:10:00,Merchant_B,Stripe,PIX,BR,,14,13,1,280.8357142857143,INSUFFICIENT_FUNDS,,0.9286,0,10
2026-08-31 10:10:00,Merchant_B,Stripe,PSE,CO,,15,14,1,127961.51333333334,INVALID_CARD,,0.9333,0,10
2026-08-31 10:10:00,Merchant_B,Stripe,card,BR,Bradesco,4,3,1,396.3375,DO_NOT_HONOR,,0.75,0,10
2026-08-31 10:10:00,Merchant_B,Stripe,card,BR,Itau,2,2,0,314.02,,,1.0,0,10
2026-08-31 10:10:00,Merchant_B,Stripe,card,BR,Nubank,4,3,1,358.20500000000004,DO_NOT_HONOR,,0.75,0,10
2026-08-31 10:10:00,Merchant_B,Stripe,card,CO,Banco de Bogota,5,5,0,152873.124,,,1.0,0,10
2026-08-31 10:10:00,Merchant_B,Stripe,card,CO,Bancolombia,7,5,2,139889.61000000002,DO_NOT_HONOR,,0.7143,0,10
2026-08-31 10:10:00,Merchant_B,Stripe,card,CO,Davivienda,9,8,1,85525.90333333334,INSUFFICIENT_FUNDS,,0.8889,0,10
2026-08-31 10:10:00,Merchant_B,Stripe,card,MX,BBVA,2,2,0,1494.295,,,1.0,0,10
2026-08-31 10:10:00,Merchant_B,Stripe,card,MX,Banorte,6,6,0,1376.0649999999998,,,1.0,0,10
2026-08-31 10:10:00,Merchant_B,Stripe,card,MX,Citibanamex,6,5,1,1236.7516666666668,INSUFFICIENT_FUNDS,,0.8333,0,10
2026-08-31 10:10:00,Merchant_B,Stripe,card,MX,Santander,3,3,0,750.62,,,1.0,0,10
2026-08-31 10:10:00,Merchant_B,Stripe,cash_in_store,MX,,19,15,4,968.3242105263158,DO_NOT_HONOR,,0.7895,0,10
2026-08-31 10:10:00,Merchant_B,Stripe,wallet,BR,,16,14,2,315.090625,DO_NOT_HONOR,,0.875,0,10
2026-08-31 10:10:00,Merchant_B,Stripe,wallet,CO,,17,16,1,140500.59235294117,INVALID_CARD,,0.9412,0,10
2026-08-31 10:10:00,Merchant_B,Stripe,wallet,MX,,14,13,1,734.7478571428571,INSUFFICIENT_FUNDS,,0.9286,0,10
2026-08-31 10:10:00,Merchant_B,dLocal,PIX,BR,,14,13,1,227.12357142857144,INSUFFICIENT_FUNDS,,0.9286,0,10
2026-08-31 10:10:00,Merchant_B,dLocal,PSE,CO,,12,12,0,130098.32583333332,,,1.0,0,10
2026-08-31 10:10:00,Merchant_B,dLocal,card,BR,Banco do Brasil,5,5,0,273.156,,,1.0,0,10
2026-08-31 10:10:00,Merchant_B,dLocal,card,BR,Bradesco,3,3,0,427.68,,,1.0,0,10
2026-08-31 10:10:00,Merchant_B,dLocal,card,BR,Itau,2,2,0,561.325,,,1.0,0,10
2026-08-31 10:10:00,Merchant_B,dLocal,card,BR,Nubank,5,3,2,300.502,DO_NOT_HONOR,,0.6,0,10
2026-08-31 10:10:00,Merchant_B,dLocal,card,CO,Banco de Bogota,3,3,0,149918.65,,,1.0,0,10
2026-08-31 10:10:00,Merchant_B,dLocal,card,CO,Bancolombia,4,4,0,155084.9425,,,1.0,0,10
2026-08-31 10:10:00,Merchant_B,dLocal,card,CO,Davivienda,4,4,0,71434.02249999999,,,1.0,0,10
2026-08-31 10:10:00,Merchant_B,dLocal,card,MX,BBVA,5,5,0,850.716,,,1.0,0,10
2026-08-31 10:10:00,Merchant_B,dLocal,card,MX,Banorte,3,2,1,914.79,SUSPECTED_FRAUD,,0.6667,0,10
2026-08-31 10:10:00,Merchant_B,dLocal,card,MX,Citibanamex,3,2,1,704.31,INVALID_CARD,,0.6667,0,10
2026-08-31 10:10:00,Merchant_B,dLocal,card,MX,Santander,1,1,0,1663.11,,,1.0,0,10
2026-08-31 10:10:00,Merchant_B,dLocal,cash_in_store,MX,,14,13,1,833.3014285714287,SUSPECTED_FRAUD,,0.9286,0,10
2026-08-31 10:10:00,Merchant_B,dLocal,wallet,BR,,14,13,1,304.2807142857143,INVALID_CARD,,0.9286,0,10
2026-08-31 10:10:00,Merchant_B,dLocal,wallet,CO,,13,10,3,132372.3253846154,SUSPECTED_FRAUD,,0.7692,0,10
2026-08-31 10:10:00,Merchant_B,dLocal,wallet,MX,,16,11,5,945.483125,SUSPECTED_FRAUD,,0.6875,0,10
2026-08-31 10:10:00,Merchant_C,Adyen,PIX,BR,,16,15,1,250.446875,SUSPECTED_FRAUD,,0.9375,0,10
2026-08-31 10:10:00,Merchant_C,Adyen,PSE,CO,,7,7,0,145610.31285714285,,,1.0,0,10
2026-08-31 10:10:00,Merchant_C,Adyen,card,BR,Banco do Brasil,8,6,2,248.47,INSUFFICIENT_FUNDS,,0.75,0,10
2026-08-31 10:10:00,Merchant_C,Adyen,card,BR,Bradesco,6,5,1,410.84999999999997,SUSPECTED_FRAUD,,0.8333,0,10
2026-08-31 10:10:00,Merchant_C,Adyen,card,BR,Itau,2,2,0,376.06,,,1.0,0,10
2026-08-31 10:10:00,Merchant_C,Adyen,card,BR,Nubank,2,2,0,289.11,,,1.0,0,10
2026-08-31 10:10:00,Merchant_C,Adyen,card,CO,Banco de Bogota,3,2,1,151334.65666666665,SUSPECTED_FRAUD,,0.6667,0,10
2026-08-31 10:10:00,Merchant_C,Adyen,card,CO,Bancolombia,9,9,0,108797.72333333333,,,1.0,0,10
2026-08-31 10:10:00,Merchant_C,Adyen,card,CO,Davivienda,8,7,1,148267.6875,SUSPECTED_FRAUD,,0.875,0,10
2026-08-31 10:10:00,Merchant_C,Adyen,card,MX,BBVA,4,3,1,828.7575,INSUFFICIENT_FUNDS,,0.75,0,10
2026-08-31 10:10:00,Merchant_C,Adyen,card,MX,Banorte,3,3,0,741.08,,,1.0,0,10
2026-08-31 10:10:00,Merchant_C,Adyen,card,MX,Citibanamex,4,4,0,670.4925,,,1.0,0,10
2026-08-31 10:10:00,Merchant_C,Adyen,card,MX,Santander,4,4,0,867.8,,,1.0,0,10
2026-08-31 10:10:00,Merchant_C,Adyen,cash_in_store,MX,,7,4,3,820.3514285714285,DO_NOT_HONOR,,0.5714,0,10
2026-08-31 10:10:00,Merchant_C,Adyen,wallet,BR,,14,10,4,306.92928571428575,DO_NOT_HONOR,,0.7143,0,10
2026-08-31 10:10:00,Merchant_C,Adyen,wallet,CO,,19,18,1,106227.04210526316,SUSPECTED_FRAUD,,0.9474,0,10
2026-08-31 10:10:00,Merchant_C,Adyen,wallet,MX,,22,19,3,906.675909090909,INSUFFICIENT_FUNDS,,0.8636,0,10
2026-08-31 10:10:00,Merchant_C,Stripe,PIX,BR,,18,17,1,200.2688888888889,SUSPECTED_FRAUD,,0.9444,0,10
2026-08-31 10:10:00,Merchant_C,Stripe,PSE,CO,,14,12,2,126476.10142857142,SUSPECTED_FRAUD,,0.8571,0,10
2026-08-31 10:10:00,Merchant_C,Stripe,card,BR,Banco do Brasil,4,4,0,214.5025,,,1.0,0,10
2026-08-31 10:10:00,Merchant_C,Stripe,card,BR,Bradesco,2,2,0,322.655,,,1.0,0,10
2026-08-31 10:10:00,Merchant_C,Stripe,card,BR,Itau,5,5,0,137.18800000000002,,,1.0,0,10
2026-08-31 10:10:00,Merchant_C,Stripe,card,BR,Nubank,1,1,0,505.09,,,1.0,0,10
2026-08-31 10:10:00,Merchant_C,Stripe,card,CO,Banco de Bogota,5,4,1,146463.766,SUSPECTED_FRAUD,,0.8,0,10
2026-08-31 10:10:00,Merchant_C,Stripe,card,CO,Bancolombia,4,2,2,133208.675,DO_NOT_HONOR,,0.5,0,10
2026-08-31 10:10:00,Merchant_C,Stripe,card,CO,Davivienda,3,3,0,104374.58333333333,,,1.0,0,10
2026-08-31 10:10:00,Merchant_C,Stripe,card,MX,BBVA,2,2,0,840.345,,,1.0,0,10
2026-08-31 10:10:00,Merchant_C,Stripe,card,MX,Banorte,5,4,1,842.876,SUSPECTED_FRAUD,,0.8,0,10
2026-08-31 10:10:00,Merchant_C,Stripe,card,MX,Citibanamex,1,1,0,1569.26,,,1.0,0,10
2026-08-31 10:10:00,Merchant_C,Stripe,card,MX,Santander,1,1,0,857.07,,,1.0,0,10
2026-08-31 10:10:00,Merchant_C,Stripe,cash_in_store,MX,,12,12,0,862.0083333333333,,,1.0,0,10
2026-08-31 10:10:00,Merchant_C,Stripe,wallet,BR,,11,11,0,224.64272727272729,,,1.0,0,10
2026-08-31 10:10:00,Merchant_C,Stripe,wallet,CO,,15,15,0,96534.414,,,1.0,0,10
2026-08-31 10:10:00,Merchant_C,Stripe,wallet,MX,,17,15,2,1117.0576470588235,INVALID_CARD,,0.8824,0,10
2026-08-31 10:10:00,Merchant_C,dLocal,PIX,BR,,12,12,0,341.31083333333333,,,1.0,0,10
2026-08-31 10:10:00,Merchant_C,dLocal,PSE,CO,,15,14,1,126541.36666666667,INSUFFICIENT_FUNDS,,0.9333,0,10
2026-08-31 10:10:00,Merchant_C,dLocal,card,BR,Banco do Brasil,3,3,0,275.12666666666667,,,1.0,0,10
2026-08-31 10:10:00,Merchant_C,dLocal,card,BR,Bradesco,8,8,0,258.65,,,1.0,0,10
2026-08-31 10:10:00,Merchant_C,dLocal,card,BR,Itau,2,2,0,275.795,,,1.0,0,10
2026-08-31 10:10:00,Merchant_C,dLocal,card,BR,Nubank,1,1,0,376.63,,,1.0,0,10
2026-08-31 10:10:00,Merchant_C,dLocal,card,CO,Banco de Bogota,6,5,1,95598.01166666666,DO_NOT_HONOR,,0.8333,0,10
2026-08-31 10:10:00,Merchant_C,dLocal,card,CO,Bancolombia,2,2,0,91958.86499999999,,,1.0,0,10
2026-08-31 10:10:00,Merchant_C,dLocal,card,CO,Davivienda,6,4,2,183938.78666666665,DO_NOT_HONOR,,0.6667,0,10
2026-08-31 10:10:00,Merchant_C,dLocal,card,MX,BBVA,4,4,0,1123.305,,,1.0,0,10
2026-08-31 10:10:00,Merchant_C,dLocal,card,MX,Banorte,7,6,1,650.9928571428571,DO_NOT_HONOR,,0.8571,0,10
2026-08-31 10:10:00,Merchant_C,dLocal,card,MX,Citibanamex,7,6,1,1046.327142857143,DO_NOT_HONOR,,0.8571,0,10
2026-08-31 10:10:00,Merchant_C,dLocal,card,MX,Santander,2,2,0,983.8299999999999,,,1.0,0,10
2026-08-31 10:10:00,Merchant_C,dLocal,cash_in_store,MX,,22,21,1,982.4113636363636,INSUFFICIENT_FUNDS,,0.9545,0,10
2026-08-31 10:10:00,Merchant_C,dLocal,wallet,BR,,13,13,0,257.67923076923074,,,1.0,0,10
2026-08-31 10:10:00,Merchant_C,dLocal,wallet,CO,,19,16,3,132821.75263157894,DO_NOT_HONOR,,0.8421,0,10
2026-08-31 10:10:00,Merchant_C,dLocal,wallet,MX,,12,12,0,727.7341666666666,,,1.0,0,10
2026-08-31 10:11:00,Merchant_A,Adyen,PIX,BR,,14,14,0,310.33500000000004,,,1.0,0,10
2026-08-31 10:11:00,Merchant_A,Adyen,PSE,CO,,11,9,2,162765.32272727272,INSUFFICIENT_FUNDS,,0.8182,0,10
2026-08-31 10:11:00,Merchant_A,Adyen,card,BR,Banco do Brasil,4,3,1,187.7175,INSUFFICIENT_FUNDS,,0.75,0,10
2026-08-31 10:11:00,Merchant_A,Adyen,card,BR,Bradesco,5,4,1,304.506,DO_NOT_HONOR,,0.8,0,10
2026-08-31 10:11:00,Merchant_A,Adyen,card,BR,Itau,2,1,1,309.47999999999996,INVALID_CARD,,0.5,0,10
2026-08-31 10:11:00,Merchant_A,Adyen,card,BR,Nubank,3,3,0,311.40333333333336,,,1.0,0,10
2026-08-31 10:11:00,Merchant_A,Adyen,card,CO,Banco de Bogota,6,5,1,101398.24333333333,SUSPECTED_FRAUD,,0.8333,0,10
2026-08-31 10:11:00,Merchant_A,Adyen,card,CO,Bancolombia,6,5,1,51349.915,SUSPECTED_FRAUD,,0.8333,0,10
2026-08-31 10:11:00,Merchant_A,Adyen,card,CO,Davivienda,5,5,0,119585.2,,,1.0,0,10
2026-08-31 10:11:00,Merchant_A,Adyen,card,MX,BBVA,1,1,0,1731.52,,,1.0,0,10
2026-08-31 10:11:00,Merchant_A,Adyen,card,MX,Banorte,5,5,0,1200.116,,,1.0,0,10
2026-08-31 10:11:00,Merchant_A,Adyen,card,MX,Citibanamex,6,6,0,1062.3283333333334,,,1.0,0,10
2026-08-31 10:11:00,Merchant_A,Adyen,card,MX,Santander,1,1,0,996.4,,,1.0,0,10
2026-08-31 10:11:00,Merchant_A,Adyen,cash_in_store,MX,,15,14,1,930.9666666666667,DO_NOT_HONOR,,0.9333,0,10
2026-08-31 10:11:00,Merchant_A,Adyen,wallet,BR,,13,13,0,326.3646153846154,,,1.0,0,10
2026-08-31 10:11:00,Merchant_A,Adyen,wallet,CO,,14,14,0,144279.92571428572,,,1.0,0,10
2026-08-31 10:11:00,Merchant_A,Adyen,wallet,MX,,13,12,1,988.7930769230769,DO_NOT_HONOR,,0.9231,0,10
2026-08-31 10:11:00,Merchant_A,Stripe,PIX,BR,,14,14,0,171.26500000000001,,,1.0,0,10
2026-08-31 10:11:00,Merchant_A,Stripe,PSE,CO,,23,19,4,118024.39739130436,INSUFFICIENT_FUNDS,,0.8261,0,10
2026-08-31 10:11:00,Merchant_A,Stripe,card,BR,Banco do Brasil,2,2,0,241.555,,,1.0,0,10
2026-08-31 10:11:00,Merchant_A,Stripe,card,BR,Bradesco,5,4,1,320.416,DO_NOT_HONOR,,0.8,0,10
2026-08-31 10:11:00,Merchant_A,Stripe,card,BR,Itau,2,2,0,315.535,,,1.0,0,10
2026-08-31 10:11:00,Merchant_A,Stripe,card,BR,Nubank,3,3,0,360.72666666666663,,,1.0,0,10
2026-08-31 10:11:00,Merchant_A,Stripe,card,CO,Banco de Bogota,6,5,1,141519.535,INVALID_CARD,,0.8333,0,10
2026-08-31 10:11:00,Merchant_A,Stripe,card,CO,Bancolombia,6,5,1,77561.085,DO_NOT_HONOR,,0.8333,0,10
2026-08-31 10:11:00,Merchant_A,Stripe,card,CO,Davivienda,7,7,0,134336.32571428572,,,1.0,0,10
2026-08-31 10:11:00,Merchant_A,Stripe,card,MX,BBVA,4,4,0,1378.9225000000001,,,1.0,0,10
2026-08-31 10:11:00,Merchant_A,Stripe,card,MX,Banorte,6,3,3,1227.92,SUSPECTED_FRAUD,,0.5,0,10
2026-08-31 10:11:00,Merchant_A,Stripe,card,MX,Citibanamex,4,4,0,813.5,,,1.0,0,10
2026-08-31 10:11:00,Merchant_A,Stripe,card,MX,Santander,6,4,2,997.695,INSUFFICIENT_FUNDS,,0.6667,0,10
2026-08-31 10:11:00,Merchant_A,Stripe,cash_in_store,MX,,8,6,2,857.69625,DO_NOT_HONOR,,0.75,0,10
2026-08-31 10:11:00,Merchant_A,Stripe,wallet,BR,,20,18,2,261.2045,INVALID_CARD,,0.9,0,10
2026-08-31 10:11:00,Merchant_A,Stripe,wallet,CO,,17,16,1,110834.02235294117,SUSPECTED_FRAUD,,0.9412,0,10
2026-08-31 10:11:00,Merchant_A,Stripe,wallet,MX,,17,15,2,922.8117647058823,SUSPECTED_FRAUD,,0.8824,0,10
2026-08-31 10:11:00,Merchant_A,dLocal,PIX,BR,,9,9,0,354.01666666666665,,,1.0,0,10
2026-08-31 10:11:00,Merchant_A,dLocal,PSE,CO,,27,23,4,125644.00518518519,SUSPECTED_FRAUD,,0.8519,0,10
2026-08-31 10:11:00,Merchant_A,dLocal,card,BR,Banco do Brasil,2,1,1,232.49,DO_NOT_HONOR,,0.5,0,10
2026-08-31 10:11:00,Merchant_A,dLocal,card,BR,Bradesco,3,2,1,238.98666666666668,DO_NOT_HONOR,,0.6667,0,10
2026-08-31 10:11:00,Merchant_A,dLocal,card,BR,Itau,2,2,0,424.245,,,1.0,0,10
2026-08-31 10:11:00,Merchant_A,dLocal,card,BR,Nubank,3,3,0,339.86999999999995,,,1.0,0,10
2026-08-31 10:11:00,Merchant_A,dLocal,card,CO,Banco de Bogota,8,6,2,97420.66500000001,DO_NOT_HONOR,,0.75,0,10
2026-08-31 10:11:00,Merchant_A,dLocal,card,CO,Bancolombia,1,1,0,49258.66,,,1.0,0,10
2026-08-31 10:11:00,Merchant_A,dLocal,card,CO,Davivienda,2,2,0,137723.925,,,1.0,0,10
2026-08-31 10:11:00,Merchant_A,dLocal,card,MX,BBVA,6,5,1,292.81666666666666,INSUFFICIENT_FUNDS,,0.8333,0,10
2026-08-31 10:11:00,Merchant_A,dLocal,card,MX,Banorte,5,5,0,949.2860000000001,,,1.0,0,10
2026-08-31 10:11:00,Merchant_A,dLocal,card,MX,Citibanamex,5,4,1,859.2940000000001,INVALID_CARD,,0.8,0,10
2026-08-31 10:11:00,Merchant_A,dLocal,card,MX,Santander,3,3,0,452.18666666666667,,,1.0,0,10
2026-08-31 10:11:00,Merchant_A,dLocal,cash_in_store,MX,,11,11,0,1189.5663636363636,,,1.0,0,10
2026-08-31 10:11:00,Merchant_A,dLocal,wallet,BR,,15,11,4,284.95666666666665,DO_NOT_HONOR,,0.7333,0,10
2026-08-31 10:11:00,Merchant_A,dLocal,wallet,CO,,14,13,1,108837.79857142856,INSUFFICIENT_FUNDS,,0.9286,0,10
2026-08-31 10:11:00,Merchant_A,dLocal,wallet,MX,,12,12,0,854.7358333333333,,,1.0,0,10
2026-08-31 10:11:00,Merchant_B,Adyen,PIX,BR,,20,17,3,261.241,DO_NOT_HONOR,,0.85,0,10
2026-08-31 10:11:00,Merchant_B,Adyen,PSE,CO,,13,11,2,106308.99307692307,DO_NOT_HONOR,,0.8462,0,10
2026-08-31 10:11:00,Merchant_B,Adyen,card,BR,Banco do Brasil,5,5,0,186.61999999999998,,,1.0,0,10
2026-08-31 10:11:00,Merchant_B,Adyen,card,BR,Bradesco,2,2,0,137.26,,,1.0,0,10
2026-08-31 10:11:00,Merchant_B,Adyen,card,BR,Itau,3,3,0,206.26999999999998,,,1.0,0,10
2026-08-31 10:11:00,Merchant_B,Adyen,card,BR,Nubank,4,3,1,293.145,INSUFFICIENT_FUNDS,,0.75,0,10
2026-08-31 10:11:00,Merchant_B,Adyen,card,CO,Banco de Bogota,2,2,0,100525.63500000001,,,1.0,0,10
2026-08-31 10:11:00,Merchant_B,Adyen,card,CO,Bancolombia,3,1,2,103969.69333333334,INVALID_CARD,,0.3333,0,10
2026-08-31 10:11:00,Merchant_B,Adyen,card,CO,Davivienda,5,4,1,108321.004,SUSPECTED_FRAUD,,0.8,0,10
2026-08-31 10:11:00,Merchant_B,Adyen,card,MX,Banorte,4,3,1,690.4725,DO_NOT_HONOR,,0.75,0,10
2026-08-31 10:11:00,Merchant_B,Adyen,card,MX,Citibanamex,3,3,0,1447.5633333333335,,,1.0,0,10
2026-08-31 10:11:00,Merchant_B,Adyen,card,MX,Santander,6,6,0,792.9933333333333,,,1.0,0,10
2026-08-31 10:11:00,Merchant_B,Adyen,cash_in_store,MX,,16,14,2,937.28125,INSUFFICIENT_FUNDS,,0.875,0,10
2026-08-31 10:11:00,Merchant_B,Adyen,wallet,BR,,9,9,0,336.9533333333333,,,1.0,0,10
2026-08-31 10:11:00,Merchant_B,Adyen,wallet,CO,,15,15,0,141452.016,,,1.0,0,10
2026-08-31 10:11:00,Merchant_B,Adyen,wallet,MX,,18,17,1,1070.4594444444444,INVALID_CARD,,0.9444,0,10
2026-08-31 10:11:00,Merchant_B,Stripe,PIX,BR,,19,19,0,276.55315789473684,,,1.0,0,10
2026-08-31 10:11:00,Merchant_B,Stripe,PSE,CO,,12,11,1,134217.875,INSUFFICIENT_FUNDS,,0.9167,0,10
2026-08-31 10:11:00,Merchant_B,Stripe,card,BR,Banco do Brasil,4,4,0,306.285,,,1.0,0,10
2026-08-31 10:11:00,Merchant_B,Stripe,card,BR,Bradesco,2,1,1,120.15,INSUFFICIENT_FUNDS,,0.5,0,10
2026-08-31 10:11:00,Merchant_B,Stripe,card,BR,Itau,3,3,0,189.91333333333333,,,1.0,0,10
2026-08-31 10:11:00,Merchant_B,Stripe,card,BR,Nubank,4,3,1,163.83,DO_NOT_HONOR,,0.75,0,10
2026-08-31 10:11:00,Merchant_B,Stripe,card,CO,Banco de Bogota,7,5,2,96576.4542857143,INSUFFICIENT_FUNDS,,0.7143,0,10
2026-08-31 10:11:00,Merchant_B,Stripe,card,CO,Bancolombia,6,6,0,134033.25,,,1.0,0,10
2026-08-31 10:11:00,Merchant_B,Stripe,card,CO,Davivienda,5,5,0,110647.50600000001,,,1.0,0,10
2026-08-31 10:11:00,Merchant_B,Stripe,card,MX,BBVA,4,4,0,346.61249999999995,,,1.0,0,10
2026-08-31 10:11:00,Merchant_B,Stripe,card,MX,Banorte,7,7,0,655.6585714285715,,,1.0,0,10
2026-08-31 10:11:00,Merchant_B,Stripe,card,MX,Citibanamex,3,3,0,1256.6000000000001,,,1.0,0,10
2026-08-31 10:11:00,Merchant_B,Stripe,card,MX,Santander,7,7,0,879.0114285714286,,,1.0,0,10
2026-08-31 10:11:00,Merchant_B,Stripe,cash_in_store,MX,,17,13,4,1012.5741176470588,DO_NOT_HONOR,,0.7647,0,10
2026-08-31 10:11:00,Merchant_B,Stripe,wallet,BR,,18,17,1,250.32000000000002,DO_NOT_HONOR,,0.9444,0,10
2026-08-31 10:11:00,Merchant_B,Stripe,wallet,CO,,13,13,0,146124.76615384614,,,1.0,0,10
2026-08-31 10:11:00,Merchant_B,Stripe,wallet,MX,,12,12,0,817.7508333333334,,,1.0,0,10
2026-08-31 10:11:00,Merchant_B,dLocal,PIX,BR,,16,16,0,339.19375,,,1.0,0,10
2026-08-31 10:11:00,Merchant_B,dLocal,PSE,CO,,14,10,4,125056.73714285714,INSUFFICIENT_FUNDS,,0.7143,0,10
2026-08-31 10:11:00,Merchant_B,dLocal,card,BR,Banco do Brasil,3,3,0,173.71666666666667,,,1.0,0,10
2026-08-31 10:11:00,Merchant_B,dLocal,card,BR,Bradesco,3,3,0,172.0566666666667,,,1.0,0,10
2026-08-31 10:11:00,Merchant_B,dLocal,card,BR,Itau,5,5,0,299.11199999999997,,,1.0,0,10
2026-08-31 10:11:00,Merchant_B,dLocal,card,BR,Nubank,6,6,0,330.51500000000004,,,1.0,0,10
2026-08-31 10:11:00,Merchant_B,dLocal,card,CO,Banco de Bogota,5,5,0,100160.73599999999,,,1.0,0,10
2026-08-31 10:11:00,Merchant_B,dLocal,card,CO,Bancolombia,4,4,0,181543.625,,,1.0,0,10
2026-08-31 10:11:00,Merchant_B,dLocal,card,CO,Davivienda,3,3,0,105740.04333333333,,,1.0,0,10
2026-08-31 10:11:00,Merchant_B,dLocal,card,MX,BBVA,2,0,2,919.2349999999999,INSUFFICIENT_FUNDS,,0.0,0,10
2026-08-31 10:11:00,Merchant_B,dLocal,card,MX,Banorte,3,2,1,1022.1166666666667,SUSPECTED_FRAUD,,0.6667,0,10
2026-08-31 10:11:00,Merchant_B,dLocal,card,MX,Citibanamex,3,3,0,805.8733333333333,,,1.0,0,10
2026-08-31 10:11:00,Merchant_B,dLocal,card,MX,Santander,8,6,2,625.5862500000001,DO_NOT_HONOR,,0.75,0,10
2026-08-31 10:11:00,Merchant_B,dLocal,cash_in_store,MX,,13,10,3,1079.2953846153846,DO_NOT_HONOR,,0.7692,0,10
2026-08-31 10:11:00,Merchant_B,dLocal,wallet,BR,,17,14,3,332.09529411764703,DO_NOT_HONOR,,0.8235,0,10
2026-08-31 10:11:00,Merchant_B,dLocal,wallet,CO,,17,16,1,141678.96,INSUFFICIENT_FUNDS,,0.9412,0,10
2026-08-31 10:11:00,Merchant_B,dLocal,wallet,MX,,11,10,1,870.2945454545454,INSUFFICIENT_FUNDS,,0.9091,0,10
2026-08-31 10:11:00,Merchant_C,Adyen,PIX,BR,,18,18,0,234.16,,,1.0,0,10
2026-08-31 10:11:00,Merchant_C,Adyen,PSE,CO,,9,9,0,100856.49555555555,,,1.0,0,10
2026-08-31 10:11:00,Merchant_C,Adyen,card,BR,Banco do Brasil,6,5,1,318.65833333333336,INVALID_CARD,,0.8333,0,10
2026-08-31 10:11:00,Merchant_C,Adyen,card,BR,Bradesco,5,5,0,281.846,,,1.0,0,10
2026-08-31 10:11:00,Merchant_C,Adyen,card,BR,Itau,3,3,0,300.92,,,1.0,0,10
2026-08-31 10:11:00,Merchant_C,Adyen,card,BR,Nubank,3,3,0,414.8933333333334,,,1.0,0,10
2026-08-31 10:11:00,Merchant_C,Adyen,card,CO,Banco de Bogota,4,4,0,148134.15,,,1.0,0,10
2026-08-31 10:11:00,Merchant_C,Adyen,card,CO,Bancolombia,3,2,1,73729.65666666666,INSUFFICIENT_FUNDS,,0.6667,0,10
2026-08-31 10:11:00,Merchant_C,Adyen,card,CO,Davivienda,2,2,0,196376.86,,,1.0,0,10
2026-08-31 10:11:00,Merchant_C,Adyen,card,MX,BBVA,4,4,0,888.6125,,,1.0,0,10
2026-08-31 10:11:00,Merchant_C,Adyen,card,MX,Banorte,5,5,0,1307.608,,,1.0,0,10
2026-08-31 10:11:00,Merchant_C,Adyen,card,MX,Santander,3,2,1,642.2066666666666,INVALID_CARD,,0.6667,0,10
2026-08-31 10:11:00,Merchant_C,Adyen,cash_in_store,MX,,20,20,0,994.164,,,1.0,0,10
2026-08-31 10:11:00,Merchant_C,Adyen,wallet,BR,,17,15,2,367.8276470588235,INSUFFICIENT_FUNDS,,0.8824,0,10
2026-08-31 10:11:00,Merchant_C,Adyen,wallet,CO,,16,15,1,143627.26750000002,DO_NOT_HONOR,,0.9375,0,10
2026-08-31 10:11:00,Merchant_C,Adyen,wallet,MX,,20,17,3,1019.1415,SUSPECTED_FRAUD,,0.85,0,10
2026-08-31 10:11:00,Merchant_C,Stripe,PIX,BR,,9,9,0,355.7366666666667,,,1.0,0,10
2026-08-31 10:11:00,Merchant_C,Stripe,PSE,CO,,13,10,3,104131.84538461539,INSUFFICIENT_FUNDS,,0.7692,0,10
2026-08-31 10:11:00,Merchant_C,Stripe,card,BR,Banco do Brasil,4,4,0,304.3175,,,1.0,0,10
2026-08-31 10:11:00,Merchant_C,Stripe,card,BR,Bradesco,2,2,0,157.96,,,1.0,0,10
2026-08-31 10:11:00,Merchant_C,Stripe,card,BR,Itau,4,4,0,233.92000000000002,,,1.0,0,10
2026-08-31 10:11:00,Merchant_C,Stripe,card,BR,Nubank,4,4,0,141.47,,,1.0,0,10
2026-08-31 10:11:00,Merchant_C,Stripe,card,CO,Banco de Bogota,9,8,1,97605.86111111111,DO_NOT_HONOR,,0.8889,0,10
2026-08-31 10:11:00,Merchant_C,Stripe,card,CO,Bancolombia,2,2,0,95858.86,,,1.0,0,10
2026-08-31 10:11:00,Merchant_C,Stripe,card,CO,Davivienda,5,5,0,113747.96599999999,,,1.0,0,10
2026-08-31 10:11:00,Merchant_C,Stripe,card,MX,BBVA,6,6,0,995.1983333333334,,,1.0,0,10
2026-08-31 10:11:00,Merchant_C,Stripe,card,MX,Banorte,5,5,0,913.51,,,1.0,0,10
2026-08-31 10:11:00,Merchant_C,Stripe,card,MX,Citibanamex,4,4,0,1682.9575,,,1.0,0,10
2026-08-31 10:11:00,Merchant_C,Stripe,card,MX,Santander,3,2,1,986.1566666666666,DO_NOT_HONOR,,0.6667,0,10
2026-08-31 10:11:00,Merchant_C,Stripe,cash_in_store,MX,,17,12,5,1044.2858823529411,INSUFFICIENT_FUNDS,,0.7059,0,10
2026-08-31 10:11:00,Merchant_C,Stripe,wallet,BR,,13,11,2,372.00384615384615,INVALID_CARD,,0.8462,0,10
2026-08-31 10:11:00,Merchant_C,Stripe,wallet,CO,,13,12,1,96777.88692307692,INVALID_CARD,,0.9231,0,10
2026-08-31 10:11:00,Merchant_C,Stripe,wallet,MX,,17,15,2,972.244705882353,INVALID_CARD,,0.8824,0,10
2026-08-31 10:11:00,Merchant_C,dLocal,PIX,BR,,16,16,0,273.653125,,,1.0,0,10
2026-08-31 10:11:00,Merchant_C,dLocal,PSE,CO,,6,6,0,117588.30666666666,,,1.0,0,10
2026-08-31 10:11:00,Merchant_C,dLocal,card,BR,Banco do Brasil,3,3,0,257.53333333333336,,,1.0,0,10
2026-08-31 10:11:00,Merchant_C,dLocal,card,BR,Bradesco,10,9,1,385.081,SUSPECTED_FRAUD,,0.9,0,10
2026-08-31 10:11:00,Merchant_C,dLocal,card,BR,Itau,1,0,1,132.47,DO_NOT_HONOR,,0.0,0,10
2026-08-31 10:11:00,Merchant_C,dLocal,card,BR,Nubank,2,2,0,550.08,,,1.0,0,10
2026-08-31 10:11:00,Merchant_C,dLocal,card,CO,Banco de Bogota,6,5,1,130210.10333333333,INSUFFICIENT_FUNDS,,0.8333,0,10
2026-08-31 10:11:00,Merchant_C,dLocal,card,CO,Bancolombia,5,5,0,152635.45,,,1.0,0,10
2026-08-31 10:11:00,Merchant_C,dLocal,card,CO,Davivienda,7,7,0,130449.08714285714,,,1.0,0,10
2026-08-31 10:11:00,Merchant_C,dLocal,card,MX,BBVA,4,3,1,1196.42,DO_NOT_HONOR,,0.75,0,10
2026-08-31 10:11:00,Merchant_C,dLocal,card,MX,Banorte,3,3,0,478.2966666666667,,,1.0,0,10
2026-08-31 10:11:00,Merchant_C,dLocal,card,MX,Citibanamex,2,2,0,479.6,,,1.0,0,10
2026-08-31 10:11:00,Merchant_C,dLocal,card,MX,Santander,2,2,0,980.925,,,1.0,0,10
2026-08-31 10:11:00,Merchant_C,dLocal,cash_in_store,MX,,20,16,4,1084.096,DO_NOT_HONOR,,0.8,0,10
2026-08-31 10:11:00,Merchant_C,dLocal,wallet,BR,,11,11,0,219.53272727272727,,,1.0,0,10
2026-08-31 10:11:00,Merchant_C,dLocal,wallet,CO,,8,7,1,145116.185,INSUFFICIENT_FUNDS,,0.875,0,10
2026-08-31 10:11:00,Merchant_C,dLocal,wallet,MX,,20,20,0,1141.6235000000001,,,1.0,0,10
