minute,detection_level,merchant,provider,payment_method,country,issuing_bank,weekday,hour,attempts,approvals,declines,approval_rate,dominant_decline_code,injected_incident_id,injected_records,injected_share,incident_ids,window_minutes,window_usable,window_strategy,detected,detection_status,expected_approval_rate,approval_rate_drop,z_score,severity,baseline_level,historical_attempts,reason
2026-08-31 10:00:00,L1_PROVIDER_COUNTRY,,Adyen,,BR,,0,10,137,132,5,0.9635036496350364,INVALID_CARD,,0,0.0,,1,True,fast_1m,False,normal,0.908203125,-0.05530052463503654,-2.2417340612750887,,L1_PROVIDER_COUNTRY,512.0,Observed drop is within normal variation.
2026-08-31 10:00:00,L1_PROVIDER_COUNTRY,,Adyen,,CO,,0,10,140,128,12,0.9142857142857144,INSUFFICIENT_FUNDS,,0,0.0,,1,True,fast_1m,False,normal,0.905982905982906,-0.008302808302808273,-0.3366089160467461,,L1_PROVIDER_COUNTRY,468.0,Observed drop is within normal variation.
2026-08-31 10:00:00,L1_PROVIDER_COUNTRY,,Adyen,,MX,,0,10,137,124,13,0.9051094890510948,DO_NOT_HONOR,,0,0.0,,1,True,fast_1m,False,normal,0.9114173228346456,0.006307833783550709,0.259840883520291,,L1_PROVIDER_COUNTRY,508.0,Observed drop is within normal variation.
2026-08-31 10:00:00,L1_PROVIDER_COUNTRY,,Stripe,,BR,,0,10,149,137,12,0.9194630872483222,SUSPECTED_FRAUD,,0,0.0,,1,True,fast_1m,False,normal,0.929368029739777,0.009904942491454793,0.4719006415248493,,L1_PROVIDER_COUNTRY,538.0,Observed drop is within normal variation.
2026-08-31 10:00:00,L1_PROVIDER_COUNTRY,,Stripe,,CO,,0,10,128,114,14,0.890625,INSUFFICIENT_FUNDS,,0,0.0,,1,True,fast_1m,False,normal,0.8833652007648184,-0.007259799235181608,-0.2558853245889721,,L1_PROVIDER_COUNTRY,523.0,Observed drop is within normal variation.
2026-08-31 10:00:00,L1_PROVIDER_COUNTRY,,Stripe,,MX,,0,10,114,97,17,0.8508771929824561,INVALID_CARD,,0,0.0,,1,True,fast_1m,False,normal,0.87374749498998,0.022870302007523824,0.7352099086406892,,L1_PROVIDER_COUNTRY,499.0,Observed drop is within normal variation.
2026-08-31 10:00:00,L1_PROVIDER_COUNTRY,,dLocal,,BR,,0,10,130,117,13,0.9,INVALID_CARD,,0,0.0,,1,True,fast_1m,False,normal,0.9145129224652088,0.014512922465208744,0.5918087645103474,,L1_PROVIDER_COUNTRY,503.0,Observed drop is within normal variation.
2026-08-31 10:00:00,L1_PROVIDER_COUNTRY,,dLocal,,CO,,0,10,131,116,15,0.8854961832061069,DO_NOT_HONOR,,0,0.0,,1,True,fast_1m,False,normal,0.8871681415929203,0.0016719583868134436,0.06048424618551756,,L1_PROVIDER_COUNTRY,452.0,Observed drop is within normal variation.
2026-08-31 10:00:00,L1_PROVIDER_COUNTRY,,dLocal,,MX,,0,10,134,113,21,0.8432835820895522,INVALID_CARD,,0,0.0,,1,True,fast_1m,False,normal,0.8839103869653768,0.040626804875824596,1.4681291676677033,,L1_PROVIDER_COUNTRY,491.0,Observed drop is within normal variation.
2026-08-31 10:00:00,L2_METHOD_COUNTRY,,,PIX,BR,,0,10,128,120,8,0.9375,DO_NOT_HONOR,,0,0.0,,1,True,fast_1m,False,normal,0.9430740037950665,0.005574003795066451,0.27217237209926215,,L2_METHOD_COUNTRY,527.0,Observed drop is within normal variation.
2026-08-31 10:00:00,L2_METHOD_COUNTRY,,,PSE,CO,,0,10,127,117,10,0.9212598425196852,INSUFFICIENT_FUNDS,,0,0.0,,1,True,fast_1m,False,normal,0.8881720430107527,-0.03308779950893237,-1.1831668722691164,,L2_METHOD_COUNTRY,465.0,Observed drop is within normal variation.
2026-08-31 10:00:00,L2_METHOD_COUNTRY,,,card,BR,,0,10,132,120,12,0.9090909090909092,INVALID_CARD,,0,0.0,,1,True,fast_1m,False,normal,0.896421845574388,-0.012669063516521084,-0.47768453258870464,,L2_METHOD_COUNTRY,531.0,Observed drop is within normal variation.
2026-08-31 10:00:00,L2_METHOD_COUNTRY,,,card,CO,,0,10,130,116,14,0.8923076923076924,INVALID_CARD,,0,0.0,,1,True,fast_1m,False,normal,0.8782961460446247,-0.014011546263067665,-0.4886355802291606,,L2_METHOD_COUNTRY,493.0,Observed drop is within normal variation.
2026-08-31 10:00:00,L2_METHOD_COUNTRY,,,card,MX,,0,10,129,111,18,0.8604651162790697,DO_NOT_HONOR,,0,0.0,,1,True,fast_1m,True,confirmed_anomaly,0.924949290060852,0.06448417378178228,2.7797877118195187,medium,L2_METHOD_COUNTRY,493.0,Approval rate is meaningfully below the historical baseline.
2026-08-31 10:00:00,L2_METHOD_COUNTRY,,,cash_in_store,MX,,0,10,125,104,21,0.832,INSUFFICIENT_FUNDS,,0,0.0,,1,True,fast_1m,False,normal,0.8406909788867563,0.008690978886756295,0.26551271477172783,,L2_METHOD_COUNTRY,521.0,Observed drop is within normal variation.
2026-08-31 10:00:00,L2_METHOD_COUNTRY,,,wallet,BR,,0,10,156,146,10,0.935897435897436,DO_NOT_HONOR,,0,0.0,,1,True,fast_1m,False,normal,0.9131313131313132,-0.022766122766122665,-1.0096087977458787,,L2_METHOD_COUNTRY,495.0,Observed drop is within normal variation.
2026-08-31 10:00:00,L2_METHOD_COUNTRY,,,wallet,CO,,0,10,142,125,17,0.8802816901408451,DO_NOT_HONOR,,0,0.0,,1,True,fast_1m,False,normal,0.909278350515464,0.0289966603746189,1.2030626935004876,,L2_METHOD_COUNTRY,485.0,Observed drop is within normal variation.
2026-08-31 10:00:00,L2_METHOD_COUNTRY,,,wallet,MX,,0,10,131,119,12,0.9083969465648856,INVALID_CARD,,0,0.0,,1,True,fast_1m,False,normal,0.9070247933884298,-0.0013721531764556705,-0.05408104661380416,,L2_METHOD_COUNTRY,484.0,Observed drop is within normal variation.
2026-08-31 10:00:00,L3_MERCHANT_COUNTRY,Merchant_A,,,BR,,0,10,150,139,11,0.9266666666666666,INVALID_CARD,,0,0.0,,1,True,fast_1m,False,normal,0.918560606060606,-0.008106060606060672,-0.36298134156937245,,L3_MERCHANT_COUNTRY,528.0,Observed drop is within normal variation.
2026-08-31 10:00:00,L3_MERCHANT_COUNTRY,Merchant_A,,,CO,,0,10,138,125,13,0.9057971014492754,INSUFFICIENT_FUNDS,,0,0.0,,1,True,fast_1m,False,normal,0.8931451612903226,-0.012651940158952768,-0.48110353824464647,,L3_MERCHANT_COUNTRY,496.0,Observed drop is within normal variation.
2026-08-31 10:00:00,L3_MERCHANT_COUNTRY,Merchant_A,,,MX,,0,10,128,113,15,0.8828125,SUSPECTED_FRAUD,,0,0.0,,1,True,fast_1m,False,normal,0.8972868217054264,0.014474321705426396,0.5394168109590503,,L3_MERCHANT_COUNTRY,516.0,Observed drop is within normal variation.
2026-08-31 10:00:00,L3_MERCHANT_COUNTRY,Merchant_B,,,BR,,0,10,134,125,9,0.9328358208955224,INVALID_CARD,,0,0.0,,1,True,fast_1m,False,normal,0.9155206286836935,-0.017315192211828867,-0.7207262039493301,,L3_MERCHANT_COUNTRY,509.0,Observed drop is within normal variation.
2026-08-31 10:00:00,L3_MERCHANT_COUNTRY,Merchant_B,,,CO,,0,10,134,123,11,0.917910447761194,INSUFFICIENT_FUNDS,,0,0.0,,1,True,fast_1m,False,normal,0.8948497854077253,-0.02306066235346871,-0.8702499868857375,,L3_MERCHANT_COUNTRY,466.0,Observed drop is within normal variation.
2026-08-31 10:00:00,L3_MERCHANT_COUNTRY,Merchant_B,,,MX,,0,10,124,108,16,0.8709677419354839,INVALID_CARD,,0,0.0,,1,True,fast_1m,False,normal,0.8829365079365079,0.011968766001024034,0.41455746883052347,,L3_MERCHANT_COUNTRY,504.0,Observed drop is within normal variation.
2026-08-31 10:00:00,L3_MERCHANT_COUNTRY,Merchant_C,,,BR,,0,10,132,122,10,0.9242424242424242,INSUFFICIENT_FUNDS,,0,0.0,,1,True,fast_1m,False,normal,0.9186046511627908,-0.0056377730796334236,-0.23688111724575694,,L3_MERCHANT_COUNTRY,516.0,Observed drop is within normal variation.
2026-08-31 10:00:00,L3_MERCHANT_COUNTRY,Merchant_C,,,CO,,0,10,127,110,17,0.8661417322834646,SUSPECTED_FRAUD,,0,0.0,,1,True,fast_1m,False,normal,0.8877338877338877,0.021592155450423145,0.770782982491274,,L3_MERCHANT_COUNTRY,481.0,Observed drop is within normal variation.
2026-08-31 10:00:00,L3_MERCHANT_COUNTRY,Merchant_C,,,MX,,0,10,133,113,20,0.849624060150376,INVALID_CARD,,0,0.0,,1,True,fast_1m,False,normal,0.8891213389121339,0.039497278761757904,1.4507363481003166,,L3_MERCHANT_COUNTRY,478.0,Observed drop is within normal variation.
2026-08-31 10:00:00,L4_BANK_COUNTRY,,,,BR,Banco do Brasil,0,10,30,26,4,0.8666666666666667,DO_NOT_HONOR,,0,0.0,,1,True,fast_1m,False,normal,0.8958333333333334,0.029166666666666674,0.5229611573463401,,L4_BANK_COUNTRY,144.0,Observed drop is within normal variation.
2026-08-31 10:00:00,L4_BANK_COUNTRY,,,,BR,Bradesco,0,10,33,33,0,1.0,,,0,0.0,,1,True,fast_1m,False,normal,0.8968253968253969,-0.10317460317460314,-1.9484507119737848,,L4_BANK_COUNTRY,126.0,Observed drop is within normal variation.
2026-08-31 10:00:00,L4_BANK_COUNTRY,,,,BR,Itau,0,10,30,28,2,0.9333333333333332,INVALID_CARD,,0,0.0,,1,True,fast_1m,False,normal,0.916083916083916,-0.01724941724941731,-0.3407570277972493,,L4_BANK_COUNTRY,143.0,Observed drop is within normal variation.
2026-08-31 10:00:00,L4_BANK_COUNTRY,,,,BR,Nubank,0,10,39,33,6,0.8461538461538461,INVALID_CARD,,0,0.0,,1,True,fast_1m,False,normal,0.8728813559322034,0.02672750977835725,0.5010817275503465,,L4_BANK_COUNTRY,118.0,Observed drop is within normal variation.
2026-08-31 10:00:00,L4_BANK_COUNTRY,,,,BR,,0,10,284,266,18,0.9366197183098592,DO_NOT_HONOR,,0,0.0,,1,True,fast_1m,False,normal,0.9285714285714286,-0.008048289738430525,-0.5266464149413028,,L4_BANK_COUNTRY,1022.0,Observed drop is within normal variation.
2026-08-31 10:00:00,L4_BANK_COUNTRY,,,,CO,Banco de Bogota,0,10,45,39,6,0.8666666666666667,DO_NOT_HONOR,,0,0.0,,1,True,fast_1m,False,potential_anomaly,0.925925925925926,0.059259259259259345,1.5178932768808253,,L4_BANK_COUNTRY,162.0,"A conversion drop exists, but the statistical evidence is not yet strong enough."
2026-08-31 10:00:00,L4_BANK_COUNTRY,,,,CO,Bancolombia,0,10,41,34,7,0.8292682926829268,INSUFFICIENT_FUNDS,,0,0.0,,1,True,fast_1m,False,normal,0.8547486033519553,0.02548031066902856,0.4630386985512737,,L4_BANK_COUNTRY,179.0,Observed drop is within normal variation.
2026-08-31 10:00:00,L4_BANK_COUNTRY,,,,CO,Davivienda,0,10,44,43,1,0.9772727272727272,INVALID_CARD,,0,0.0,,1,True,fast_1m,False,normal,0.8552631578947368,-0.12200956937799046,-2.300280532381685,,L4_BANK_COUNTRY,152.0,Observed drop is within normal variation.
2026-08-31 10:00:00,L4_BANK_COUNTRY,,,,CO,,0,10,269,242,27,0.8996282527881041,INSUFFICIENT_FUNDS,,0,0.0,,1,True,fast_1m,False,normal,0.8989473684210526,-0.000680884367051493,-0.037051735611795956,,L4_BANK_COUNTRY,950.0,Observed drop is within normal variation.
2026-08-31 10:00:00,L4_BANK_COUNTRY,,,,MX,BBVA,0,10,41,39,2,0.951219512195122,DO_NOT_HONOR,,0,0.0,,1,True,fast_1m,False,normal,0.9166666666666666,-0.03455284552845528,-0.8004987358916186,,L4_BANK_COUNTRY,120.0,Observed drop is within normal variation.
2026-08-31 10:00:00,L4_BANK_COUNTRY,,,,MX,Banorte,0,10,25,18,7,0.72,INVALID_CARD,,0,0.0,,5,False,insufficient_data,False,insufficient_data,,,,,,,Insufficient live transaction volume.
2026-08-31 10:00:00,L4_BANK_COUNTRY,,,,MX,Citibanamex,0,10,34,27,7,0.7941176470588235,DO_NOT_HONOR,,0,0.0,,1,True,fast_1m,False,potential_anomaly,0.8879310344827587,0.09381338742393519,1.7340913705541583,,L4_BANK_COUNTRY,116.0,"A conversion drop exists, but the statistical evidence is not yet strong enough."
2026-08-31 10:00:00,L4_BANK_COUNTRY,,,,MX,Santander,0,10,29,27,2,0.9310344827586208,INSUFFICIENT_FUNDS,,0,0.0,,5,False,insufficient_data,False,insufficient_data,,,,,,,Insufficient live transaction volume.
2026-08-31 10:00:00,L4_BANK_COUNTRY,,,,MX,,0,10,256,223,33,0.87109375,INVALID_CARD,,0,0.0,,1,True,fast_1m,False,normal,0.872636815920398,0.0015430659203979902,0.0740569364824557,,L4_BANK_COUNTRY,1005.0,Observed drop is within normal variation.
2026-08-31 10:00:00,L5_PROVIDER_METHOD_COUNTRY,,Adyen,PIX,BR,,0,10,48,44,4,0.9166666666666666,DO_NOT_HONOR,,0,0.0,,1,True,fast_1m,False,normal,0.9011627906976744,-0.015503875968992276,-0.35991424939792466,,L5_PROVIDER_METHOD_COUNTRY,172.0,Observed drop is within normal variation.
2026-08-31 10:00:00,L5_PROVIDER_METHOD_COUNTRY,,Adyen,PSE,CO,,0,10,50,49,1,0.98,INSUFFICIENT_FUNDS,,0,0.0,,1,True,fast_1m,False,normal,0.9,-0.07999999999999996,-1.885618083164126,,L5_PROVIDER_METHOD_COUNTRY,160.0,Observed drop is within normal variation.
2026-08-31 10:00:00,L5_PROVIDER_METHOD_COUNTRY,,Adyen,card,BR,,0,10,38,38,0,1.0,,,0,0.0,,1,True,fast_1m,False,normal,0.9193548387096774,-0.08064516129032262,-1.8257418583505545,,L5_PROVIDER_METHOD_COUNTRY,186.0,Observed drop is within normal variation.
2026-08-31 10:00:00,L5_PROVIDER_METHOD_COUNTRY,,Adyen,card,CO,,0,10,42,37,5,0.8809523809523809,INSUFFICIENT_FUNDS,,0,0.0,,1,True,fast_1m,False,normal,0.9144736842105264,0.03352130325814551,0.776801493468633,,L5_PROVIDER_METHOD_COUNTRY,152.0,Observed drop is within normal variation.
2026-08-31 10:00:00,L5_PROVIDER_METHOD_COUNTRY,,Adyen,card,MX,,0,10,45,42,3,0.9333333333333332,SUSPECTED_FRAUD,,0,0.0,,1,True,fast_1m,False,normal,0.9545454545454546,0.021212121212121238,0.6831300510639743,,L5_PROVIDER_METHOD_COUNTRY,154.0,Observed drop is within normal variation.
2026-08-31 10:00:00,L5_PROVIDER_METHOD_COUNTRY,,Adyen,cash_in_store,MX,,0,10,42,37,5,0.8809523809523809,DO_NOT_HONOR,,0,0.0,,1,True,fast_1m,False,normal,0.8865979381443299,0.0056455571919489245,0.11538719675367017,,L5_PROVIDER_METHOD_COUNTRY,194.0,Observed drop is within normal variation.
2026-08-31 10:00:00,L5_PROVIDER_METHOD_COUNTRY,,Adyen,wallet,BR,,0,10,51,50,1,0.9803921568627452,INVALID_CARD,,0,0.0,,1,True,fast_1m,False,normal,0.9025974025974026,-0.07779475426534244,-1.8737130973411547,,L5_PROVIDER_METHOD_COUNTRY,154.0,Observed drop is within normal variation.
2026-08-31 10:00:00,L5_PROVIDER_METHOD_COUNTRY,,Adyen,wallet,CO,,0,10,48,42,6,0.875,INVALID_CARD,,0,0.0,,1,True,fast_1m,False,normal,0.903846153846154,0.028846153846153966,0.6779192194392416,,L5_PROVIDER_METHOD_COUNTRY,156.0,Observed drop is within normal variation.
2026-08-31 10:00:00,L5_PROVIDER_METHOD_COUNTRY,,Adyen,wallet,MX,,0,10,50,45,5,0.9,DO_NOT_HONOR,,0,0.0,,1,True,fast_1m,False,normal,0.9,0.0,0.0,,L5_PROVIDER_METHOD_COUNTRY,160.0,Observed drop is within normal variation.
2026-08-31 10:00:00,L5_PROVIDER_METHOD_COUNTRY,,Stripe,PIX,BR,,0,10,44,41,3,0.9318181818181818,DO_NOT_HONOR,,0,0.0,,1,True,fast_1m,False,normal,0.9689119170984456,0.03709373528026383,1.4177112547166038,,L5_PROVIDER_METHOD_COUNTRY,193.0,Observed drop is within normal variation.
2026-08-31 10:00:00,L5_PROVIDER_METHOD_COUNTRY,,Stripe,PSE,CO,,0,10,35,30,5,0.8571428571428571,INSUFFICIENT_FUNDS,,0,0.0,,1,True,fast_1m,False,normal,0.8881987577639752,0.03105590062111807,0.5830418852345355,,L5_PROVIDER_METHOD_COUNTRY,161.0,Observed drop is within normal variation.
2026-08-31 10:00:00,L5_PROVIDER_METHOD_COUNTRY,,Stripe,card,BR,,0,10,50,44,6,0.88,INSUFFICIENT_FUNDS,,0,0.0,,1,True,fast_1m,False,normal,0.9055555555555556,0.025555555555555554,0.6179090712666895,,L5_PROVIDER_METHOD_COUNTRY,180.0,Observed drop is within normal variation.
2026-08-31 10:00:00,L5_PROVIDER_METHOD_COUNTRY,,Stripe,card,CO,,0,10,51,47,4,0.9215686274509804,INVALID_CARD,,0,0.0,,1,True,fast_1m,False,normal,0.8524590163934426,-0.06910961105753777,-1.3916513503069392,,L5_PROVIDER_METHOD_COUNTRY,183.0,Observed drop is within normal variation.
2026-08-31 10:00:00,L5_PROVIDER_METHOD_COUNTRY,,Stripe,card,MX,,0,10,38,33,5,0.868421052631579,DO_NOT_HONOR,,0,0.0,,1,True,fast_1m,False,potential_anomaly,0.92,0.05157894736842106,1.171993939425603,,L5_PROVIDER_METHOD_COUNTRY,175.0,"A conversion drop exists, but the statistical evidence is not yet strong enough."
2026-08-31 10:00:00,L5_PROVIDER_METHOD_COUNTRY,,Stripe,cash_in_store,MX,,0,10,39,31,8,0.7948717948717948,SUSPECTED_FRAUD,,0,0.0,,1,True,fast_1m,False,normal,0.8,0.005128205128205221,0.08006407690254502,,L5_PROVIDER_METHOD_COUNTRY,170.0,Observed drop is within normal variation.
2026-08-31 10:00:00,L5_PROVIDER_METHOD_COUNTRY,,Stripe,wallet,BR,,0,10,55,52,3,0.9454545454545454,SUSPECTED_FRAUD,,0,0.0,,1,True,fast_1m,False,normal,0.9090909090909092,-0.036363636363636265,-0.9380831519646837,,L5_PROVIDER_METHOD_COUNTRY,165.0,Observed drop is within normal variation.
2026-08-31 10:00:00,L5_PROVIDER_METHOD_COUNTRY,,Stripe,wallet,CO,,0,10,42,37,5,0.8809523809523809,DO_NOT_HONOR,,0,0.0,,1,True,fast_1m,False,normal,0.9106145251396648,0.029662144187283856,0.6737928906422124,,L5_PROVIDER_METHOD_COUNTRY,179.0,Observed drop is within normal variation.
2026-08-31 10:00:00,L5_PROVIDER_METHOD_COUNTRY,,Stripe,wallet,MX,,0,10,37,33,4,0.8918918918918919,INVALID_CARD,,0,0.0,,1,True,fast_1m,False,normal,0.9025974025974026,0.010705510705510735,0.21962205116096103,,L5_PROVIDER_METHOD_COUNTRY,154.0,Observed drop is within normal variation.
2026-08-31 10:00:00,L5_PROVIDER_METHOD_COUNTRY,,dLocal,PIX,BR,,0,10,36,35,1,0.9722222222222222,INVALID_CARD,,0,0.0,,1,True,fast_1m,False,normal,0.9567901234567902,-0.015432098765432056,-0.4553825555391861,,L5_PROVIDER_METHOD_COUNTRY,162.0,Observed drop is within normal variation.
2026-08-31 10:00:00,L5_PROVIDER_METHOD_COUNTRY,,dLocal,PSE,CO,,0,10,42,38,4,0.9047619047619048,INSUFFICIENT_FUNDS,,0,0.0,,1,True,fast_1m,False,normal,0.875,-0.029761904761904767,-0.5832118435198044,,L5_PROVIDER_METHOD_COUNTRY,144.0,Observed drop is within normal variation.
2026-08-31 10:00:00,L5_PROVIDER_METHOD_COUNTRY,,dLocal,card,BR,,0,10,44,38,6,0.8636363636363636,INVALID_CARD,,0,0.0,,1,True,fast_1m,False,normal,0.8606060606060606,-0.00303030303030305,-0.05803476796466788,,L5_PROVIDER_METHOD_COUNTRY,165.0,Observed drop is within normal variation.
2026-08-31 10:00:00,L5_PROVIDER_METHOD_COUNTRY,,dLocal,card,CO,,0,10,37,32,5,0.8648648648648649,DO_NOT_HONOR,,0,0.0,,1,True,fast_1m,False,normal,0.8734177215189873,0.00855285665412242,0.15646406214166875,,L5_PROVIDER_METHOD_COUNTRY,158.0,Observed drop is within normal variation.
2026-08-31 10:00:00,L5_PROVIDER_METHOD_COUNTRY,,dLocal,card,MX,,0,10,46,36,10,0.782608695652174,INVALID_CARD,,0,0.0,,1,True,fast_1m,True,confirmed_anomaly,0.902439024390244,0.11983032873807009,2.7390418354350197,medium,L5_PROVIDER_METHOD_COUNTRY,164.0,Approval rate is meaningfully below the historical baseline.
2026-08-31 10:00:00,L5_PROVIDER_METHOD_COUNTRY,,dLocal,cash_in_store,MX,,0,10,44,36,8,0.8181818181818182,INVALID_CARD,,0,0.0,,1,True,fast_1m,False,normal,0.8280254777070064,0.009843659525188175,0.17303303135652992,,L5_PROVIDER_METHOD_COUNTRY,157.0,Observed drop is within normal variation.
2026-08-31 10:00:00,L5_PROVIDER_METHOD_COUNTRY,,dLocal,wallet,BR,,0,10,50,44,6,0.88,DO_NOT_HONOR,,0,0.0,,1,True,fast_1m,False,normal,0.9261363636363636,0.04613636363636364,1.247313299536853,,L5_PROVIDER_METHOD_COUNTRY,176.0,Observed drop is within normal variation.
2026-08-31 10:00:00,L5_PROVIDER_METHOD_COUNTRY,,dLocal,wallet,CO,,0,10,52,46,6,0.8846153846153846,SUSPECTED_FRAUD,,0,0.0,,1,True,fast_1m,False,normal,0.9133333333333332,0.028717948717948638,0.7360619820328994,,L5_PROVIDER_METHOD_COUNTRY,150.0,Observed drop is within normal variation.
2026-08-31 10:00:00,L5_PROVIDER_METHOD_COUNTRY,,dLocal,wallet,MX,,0,10,44,41,3,0.9318181818181818,SUSPECTED_FRAUD,,0,0.0,,1,True,fast_1m,False,normal,0.9176470588235294,-0.014171122994652396,-0.34194260033628704,,L5_PROVIDER_METHOD_COUNTRY,170.0,Observed drop is within normal variation.
2026-08-31 10:00:00,L6_MERCHANT_BANK_COUNTRY,Merchant_A,,,BR,Banco do Brasil,0,10,13,11,2,0.8461538461538461,INVALID_CARD,,0,0.0,,5,False,insufficient_data,False,insufficient_data,,,,,,,Insufficient live transaction volume.
2026-08-31 10:00:00,L6_MERCHANT_BANK_COUNTRY,Merchant_A,,,BR,Bradesco,0,10,8,8,0,1.0,,,0,0.0,,5,False,insufficient_data,False,insufficient_data,,,,,,,Insufficient live transaction volume.
2026-08-31 10:00:00,L6_MERCHANT_BANK_COUNTRY,Merchant_A,,,BR,Itau,0,10,12,11,1,0.9166666666666666,INVALID_CARD,,0,0.0,,5,False,insufficient_data,False,insufficient_data,,,,,,,Insufficient live transaction volume.
2026-08-31 10:00:00,L6_MERCHANT_BANK_COUNTRY,Merchant_A,,,BR,Nubank,0,10,12,11,1,0.9166666666666666,SUSPECTED_FRAUD,,0,0.0,,5,False,insufficient_data,False,insufficient_data,,,,,,,Insufficient live transaction volume.
2026-08-31 10:00:00,L6_MERCHANT_BANK_COUNTRY,Merchant_A,,,BR,,0,10,105,98,7,0.9333333333333332,DO_NOT_HONOR,,0,0.0,,1,True,fast_1m,False,normal,0.9304347826086956,-0.0028985507246377384,-0.11674452230874519,,L6_MERCHANT_BANK_COUNTRY,345.0,Observed drop is within normal variation.
2026-08-31 10:00:00,L6_MERCHANT_BANK_COUNTRY,Merchant_A,,,CO,Banco de Bogota,0,10,18,16,2,0.8888888888888888,DO_NOT_HONOR,,0,0.0,,5,False,insufficient_data,False,insufficient_data,,,,,,,Insufficient live transaction volume.
2026-08-31 10:00:00,L6_MERCHANT_BANK_COUNTRY,Merchant_A,,,CO,Bancolombia,0,10,14,12,2,0.8571428571428571,INVALID_CARD,,0,0.0,,5,False,insufficient_data,False,insufficient_data,,,,,,,Insufficient live transaction volume.
2026-08-31 10:00:00,L6_MERCHANT_BANK_COUNTRY,Merchant_A,,,CO,Davivienda,0,10,9,8,1,0.8888888888888888,INVALID_CARD,,0,0.0,,5,False,insufficient_data,False,insufficient_data,,,,,,,Insufficient live transaction volume.
2026-08-31 10:00:00,L6_MERCHANT_BANK_COUNTRY,Merchant_A,,,CO,,0,10,97,89,8,0.9175257731958762,INSUFFICIENT_FUNDS,,0,0.0,,1,True,fast_1m,False,normal,0.9006211180124224,-0.016904655183453854,-0.5565114027077598,,L6_MERCHANT_BANK_COUNTRY,322.0,Observed drop is within normal variation.
2026-08-31 10:00:00,L6_MERCHANT_BANK_COUNTRY,Merchant_A,,,MX,BBVA,0,10,15,15,0,1.0,,,0,0.0,,5,False,insufficient_data,False,insufficient_data,,,,,,,Insufficient live transaction volume.
2026-08-31 10:00:00,L6_MERCHANT_BANK_COUNTRY,Merchant_A,,,MX,Banorte,0,10,10,9,1,0.9,SUSPECTED_FRAUD,,0,0.0,,5,False,insufficient_data,False,insufficient_data,,,,,,,Insufficient live transaction volume.
2026-08-31 10:00:00,L6_MERCHANT_BANK_COUNTRY,Merchant_A,,,MX,Citibanamex,0,10,11,9,2,0.8181818181818182,INSUFFICIENT_FUNDS,,0,0.0,,5,False,insufficient_data,False,insufficient_data,,,,,,,Insufficient live transaction volume.
2026-08-31 10:00:00,L6_MERCHANT_BANK_COUNTRY,Merchant_A,,,MX,Santander,0,10,8,8,0,1.0,,,0,0.0,,5,False,insufficient_data,False,insufficient_data,,,,,,,Insufficient live transaction volume.
2026-08-31 10:00:00,L6_MERCHANT_BANK_COUNTRY,Merchant_A,,,MX,,0,10,84,72,12,0.8571428571428571,DO_NOT_HONOR,,0,0.0,,1,True,fast_1m,False,normal,0.8876080691642652,0.03046521202140806,0.8840272677217839,,L6_MERCHANT_BANK_COUNTRY,347.0,Observed drop is within normal variation.
2026-08-31 10:00:00,L6_MERCHANT_BANK_COUNTRY,Merchant_B,,,BR,Banco do Brasil,0,10,9,9,0,1.0,,,0,0.0,,5,False,insufficient_data,False,insufficient_data,,,,,,,Insufficient live transaction volume.
2026-08-31 10:00:00,L6_MERCHANT_BANK_COUNTRY,Merchant_B,,,BR,Bradesco,0,10,10,10,0,1.0,,,0,0.0,,5,False,insufficient_data,False,insufficient_data,,,,,,,Insufficient live transaction volume.
2026-08-31 10:00:00,L6_MERCHANT_BANK_COUNTRY,Merchant_B,,,BR,Itau,0,10,9,8,1,0.8888888888888888,INVALID_CARD,,0,0.0,,5,False,insufficient_data,False,insufficient_data,,,,,,,Insufficient live transaction volume.
2026-08-31 10:00:00,L6_MERCHANT_BANK_COUNTRY,Merchant_B,,,BR,Nubank,0,10,19,17,2,0.8947368421052632,INVALID_CARD,,0,0.0,,5,False,insufficient_data,False,insufficient_data,,,,,,,Insufficient live transaction volume.
2026-08-31 10:00:00,L6_MERCHANT_BANK_COUNTRY,Merchant_B,,,BR,,0,10,87,81,6,0.9310344827586208,DO_NOT_HONOR,,0,0.0,,1,True,fast_1m,False,normal,0.935672514619883,0.004638031861262326,0.17633281086651859,,L6_MERCHANT_BANK_COUNTRY,342.0,Observed drop is within normal variation.
2026-08-31 10:00:00,L6_MERCHANT_BANK_COUNTRY,Merchant_B,,,CO,Banco de Bogota,0,10,13,11,2,0.8461538461538461,INSUFFICIENT_FUNDS,,0,0.0,,5,False,insufficient_data,False,insufficient_data,,,,,,,Insufficient live transaction volume.
2026-08-31 10:00:00,L6_MERCHANT_BANK_COUNTRY,Merchant_B,,,CO,Bancolombia,0,10,16,15,1,0.9375,DO_NOT_HONOR,,0,0.0,,5,False,insufficient_data,False,insufficient_data,,,,,,,Insufficient live transaction volume.
2026-08-31 10:00:00,L6_MERCHANT_BANK_COUNTRY,Merchant_B,,,CO,Davivienda,0,10,18,18,0,1.0,,,0,0.0,,5,False,insufficient_data,False,insufficient_data,,,,,,,Insufficient live transaction volume.
2026-08-31 10:00:00,L6_MERCHANT_BANK_COUNTRY,Merchant_B,,,CO,,0,10,87,79,8,0.9080459770114944,INSUFFICIENT_FUNDS,,0,0.0,,1,True,fast_1m,False,normal,0.9078947368421052,-0.00015124016938905527,-0.00487828094691623,,L6_MERCHANT_BANK_COUNTRY,304.0,Observed drop is within normal variation.
2026-08-31 10:00:00,L6_MERCHANT_BANK_COUNTRY,Merchant_B,,,MX,BBVA,0,10,12,10,2,0.8333333333333334,DO_NOT_HONOR,,0,0.0,,5,False,insufficient_data,False,insufficient_data,,,,,,,Insufficient live transaction volume.
2026-08-31 10:00:00,L6_MERCHANT_BANK_COUNTRY,Merchant_B,,,MX,Banorte,0,10,4,3,1,0.75,INVALID_CARD,,0,0.0,,5,False,insufficient_data,False,insufficient_data,,,,,,,Insufficient live transaction volume.
2026-08-31 10:00:00,L6_MERCHANT_BANK_COUNTRY,Merchant_B,,,MX,Citibanamex,0,10,10,8,2,0.8,INVALID_CARD,,0,0.0,,5,False,insufficient_data,False,insufficient_data,,,,,,,Insufficient live transaction volume.
2026-08-31 10:00:00,L6_MERCHANT_BANK_COUNTRY,Merchant_B,,,MX,Santander,0,10,9,8,1,0.8888888888888888,SUSPECTED_FRAUD,,0,0.0,,5,False,insufficient_data,False,insufficient_data,,,,,,,Insufficient live transaction volume.
2026-08-31 10:00:00,L6_MERCHANT_BANK_COUNTRY,Merchant_B,,,MX,,0,10,89,79,10,0.8876404494382022,INVALID_CARD,,0,0.0,,1,True,fast_1m,False,normal,0.8580060422960725,-0.029634407142129726,-0.8009605781144158,,L6_MERCHANT_BANK_COUNTRY,331.0,Observed drop is within normal variation.
2026-08-31 10:00:00,L6_MERCHANT_BANK_COUNTRY,Merchant_C,,,BR,Banco do Brasil,0,10,8,6,2,0.75,DO_NOT_HONOR,,0,0.0,,5,False,insufficient_data,False,insufficient_data,,,,,,,Insufficient live transaction volume.
2026-08-31 10:00:00,L6_MERCHANT_BANK_COUNTRY,Merchant_C,,,BR,Bradesco,0,10,15,15,0,1.0,,,0,0.0,,5,False,insufficient_data,False,insufficient_data,,,,,,,Insufficient live transaction volume.
2026-08-31 10:00:00,L6_MERCHANT_BANK_COUNTRY,Merchant_C,,,BR,Itau,0,10,9,9,0,1.0,,,0,0.0,,5,False,insufficient_data,False,insufficient_data,,,,,,,Insufficient live transaction volume.
2026-08-31 10:00:00,L6_MERCHANT_BANK_COUNTRY,Merchant_C,,,BR,Nubank,0,10,8,5,3,0.625,INVALID_CARD,,0,0.0,,5,False,insufficient_data,False,insufficient_data,,,,,,,Insufficient live transaction volume.
2026-08-31 10:00:00,L6_MERCHANT_BANK_COUNTRY,Merchant_C,,,BR,,0,10,92,87,5,0.9456521739130436,SUSPECTED_FRAUD,,0,0.0,,1,True,fast_1m,False,normal,0.9194029850746268,-0.02624918883841665,-0.9249055119274001,,L6_MERCHANT_BANK_COUNTRY,335.0,Observed drop is within normal variation.
2026-08-31 10:00:00,L6_MERCHANT_BANK_COUNTRY,Merchant_C,,,CO,Banco de Bogota,0,10,14,12,2,0.8571428571428571,DO_NOT_HONOR,,0,0.0,,5,False,insufficient_data,False,insufficient_data,,,,,,,Insufficient live transaction volume.
2026-08-31 10:00:00,L6_MERCHANT_BANK_COUNTRY,Merchant_C,,,CO,Bancolombia,0,10,11,7,4,0.6363636363636364,INSUFFICIENT_FUNDS,,0,0.0,,5,False,insufficient_data,False,insufficient_data,,,,,,,Insufficient live transaction volume.
2026-08-31 10:00:00,L6_MERCHANT_BANK_COUNTRY,Merchant_C,,,CO,Davivienda,0,10,17,17,0,1.0,,,0,0.0,,5,False,insufficient_data,False,insufficient_data,,,,,,,Insufficient live transaction volume.
2026-08-31 10:00:00,L6_MERCHANT_BANK_COUNTRY,Merchant_C,,,CO,,0,10,85,74,11,0.8705882352941177,SUSPECTED_FRAUD,,0,0.0,,1,True,fast_1m,False,normal,0.8888888888888888,0.018300653594771177,0.5368754921931572,,L6_MERCHANT_BANK_COUNTRY,324.0,Observed drop is within normal variation.
2026-08-31 10:00:00,L6_MERCHANT_BANK_COUNTRY,Merchant_C,,,MX,BBVA,0,10,14,14,0,1.0,,,0,0.0,,5,False,insufficient_data,False,insufficient_data,,,,,,,Insufficient live transaction volume.
2026-08-31 10:00:00,L6_MERCHANT_BANK_COUNTRY,Merchant_C,,,MX,Banorte,0,10,11,6,5,0.5454545454545454,DO_NOT_HONOR,,0,0.0,,5,False,insufficient_data,False,insufficient_data,,,,,,,Insufficient live transaction volume.
2026-08-31 10:00:00,L6_MERCHANT_BANK_COUNTRY,Merchant_C,,,MX,Citibanamex,0,10,13,10,3,0.7692307692307693,DO_NOT_HONOR,,0,0.0,,5,False,insufficient_data,False,insufficient_data,,,,,,,Insufficient live transaction volume.
2026-08-31 10:00:00,L6_MERCHANT_BANK_COUNTRY,Merchant_C,,,MX,Santander,0,10,12,11,1,0.9166666666666666,INSUFFICIENT_FUNDS,,0,0.0,,5,False,insufficient_data,False,insufficient_data,,,,,,,Insufficient live transaction volume.
2026-08-31 10:00:00,L6_MERCHANT_BANK_COUNTRY,Merchant_C,,,MX,,0,10,83,72,11,0.8674698795180723,INVALID_CARD,,0,0.0,,1,True,fast_1m,False,normal,0.8715596330275229,0.004089753509450622,0.11136195778548091,,L6_MERCHANT_BANK_COUNTRY,327.0,Observed drop is within normal variation.
2026-08-31 10:01:00,L1_PROVIDER_COUNTRY,,Adyen,,BR,,0,10,139,127,12,0.9136690647482014,INVALID_CARD,,0,0.0,,1,True,fast_1m,False,normal,0.908203125,-0.0054659397482014205,-0.22318592140750582,,L1_PROVIDER_COUNTRY,512.0,Observed drop is within normal variation.
2026-08-31 10:01:00,L1_PROVIDER_COUNTRY,,Adyen,,CO,,0,10,150,134,16,0.8933333333333333,INVALID_CARD,,0,0.0,,1,True,fast_1m,False,normal,0.905982905982906,0.012649572649572671,0.5308331908432804,,L1_PROVIDER_COUNTRY,468.0,Observed drop is within normal variation.
2026-08-31 10:01:00,L1_PROVIDER_COUNTRY,,Adyen,,MX,,0,10,134,119,15,0.8880597014925373,INVALID_CARD,,0,0.0,,1,True,fast_1m,False,normal,0.9114173228346456,0.02335762134210828,0.9515858439741577,,L1_PROVIDER_COUNTRY,508.0,Observed drop is within normal variation.
2026-08-31 10:01:00,L1_PROVIDER_COUNTRY,,Stripe,,BR,,0,10,126,119,7,0.9444444444444444,DO_NOT_HONOR,,0,0.0,,1,True,fast_1m,False,normal,0.929368029739777,-0.015076414704667473,-0.6605243354039407,,L1_PROVIDER_COUNTRY,538.0,Observed drop is within normal variation.
2026-08-31 10:01:00,L1_PROVIDER_COUNTRY,,Stripe,,CO,,0,10,123,113,10,0.91869918699187,SUSPECTED_FRAUD,,0,0.0,,1,True,fast_1m,False,normal,0.8833652007648184,-0.03533398622705153,-1.2208462533145052,,L1_PROVIDER_COUNTRY,523.0,Observed drop is within normal variation.
2026-08-31 10:01:00,L1_PROVIDER_COUNTRY,,Stripe,,MX,,0,10,143,133,10,0.93006993006993,DO_NOT_HONOR,,0,0.0,,1,True,fast_1m,False,normal,0.87374749498998,-0.05632243507995016,-2.027852993012644,,L1_PROVIDER_COUNTRY,499.0,Observed drop is within normal variation.
2026-08-31 10:01:00,L1_PROVIDER_COUNTRY,,dLocal,,BR,,0,10,128,118,10,0.921875,DO_NOT_HONOR,,0,0.0,,1,True,fast_1m,False,normal,0.9145129224652088,-0.007362077534791234,-0.2978929417631015,,L1_PROVIDER_COUNTRY,503.0,Observed drop is within normal variation.
2026-08-31 10:01:00,L1_PROVIDER_COUNTRY,,dLocal,,CO,,0,10,130,121,9,0.9307692307692308,DO_NOT_HONOR,,0,0.0,,1,True,fast_1m,False,normal,0.8871681415929203,-0.04360108917631045,-1.57126767083429,,L1_PROVIDER_COUNTRY,452.0,Observed drop is within normal variation.
2026-08-31 10:01:00,L1_PROVIDER_COUNTRY,,dLocal,,MX,,0,10,127,101,26,0.7952755905511811,SUSPECTED_FRAUD,,0,0.0,,1,True,fast_1m,True,confirmed_anomaly,0.8839103869653768,0.0886347964141957,3.1182096520169305,medium,L1_PROVIDER_COUNTRY,491.0,Approval rate is meaningfully below the historical baseline.
2026-08-31 10:01:00,L2_METHOD_COUNTRY,,,PIX,BR,,0,10,133,129,4,0.9699248120300752,SUSPECTED_FRAUD,,0,0.0,,1,True,fast_1m,False,normal,0.9430740037950665,-0.02685080823500874,-1.336456959456611,,L2_METHOD_COUNTRY,527.0,Observed drop is within normal variation.
2026-08-31 10:01:00,L2_METHOD_COUNTRY,,,PSE,CO,,0,10,139,122,17,0.8776978417266187,INVALID_CARD,,0,0.0,,1,True,fast_1m,False,normal,0.8881720430107527,0.01047420128413401,0.3918362134152401,,L2_METHOD_COUNTRY,465.0,Observed drop is within normal variation.
2026-08-31 10:01:00,L2_METHOD_COUNTRY,,,card,BR,,0,10,127,116,11,0.9133858267716536,DO_NOT_HONOR,,0,0.0,,1,True,fast_1m,False,normal,0.896421845574388,-0.01696398119726561,-0.6273925290933098,,L2_METHOD_COUNTRY,531.0,Observed drop is within normal variation.
2026-08-31 10:01:00,L2_METHOD_COUNTRY,,,card,CO,,0,10,125,113,12,0.904,INSUFFICIENT_FUNDS,,0,0.0,,1,True,fast_1m,False,normal,0.8782961460446247,-0.025703853955375333,-0.8789832463386975,,L2_METHOD_COUNTRY,493.0,Observed drop is within normal variation.
2026-08-31 10:01:00,L2_METHOD_COUNTRY,,,card,MX,,0,10,143,129,14,0.902097902097902,INVALID_CARD,,0,0.0,,1,True,fast_1m,False,normal,0.924949290060852,0.022851387962949943,1.0371563682841134,,L2_METHOD_COUNTRY,493.0,Observed drop is within normal variation.
2026-08-31 10:01:00,L2_METHOD_COUNTRY,,,cash_in_store,MX,,0,10,120,91,29,0.7583333333333333,INSUFFICIENT_FUNDS,,0,0.0,,1,True,fast_1m,True,confirmed_anomaly,0.8406909788867563,0.08235764555342295,2.4652227525763117,medium,L2_METHOD_COUNTRY,521.0,Approval rate is meaningfully below the historical baseline.
2026-08-31 10:01:00,L2_METHOD_COUNTRY,,,wallet,BR,,0,10,133,119,14,0.8947368421052632,INSUFFICIENT_FUNDS,,0,0.0,,1,True,fast_1m,False,normal,0.9131313131313132,0.018394471026050074,0.7532079190948895,,L2_METHOD_COUNTRY,495.0,Observed drop is within normal variation.
2026-08-31 10:01:00,L2_METHOD_COUNTRY,,,wallet,CO,,0,10,139,133,6,0.9568345323741008,DO_NOT_HONOR,,0,0.0,,1,True,fast_1m,False,normal,0.909278350515464,-0.04755618185863675,-1.9521378627808696,,L2_METHOD_COUNTRY,485.0,Observed drop is within normal variation.
2026-08-31 10:01:00,L2_METHOD_COUNTRY,,,wallet,MX,,0,10,141,133,8,0.9432624113475178,INVALID_CARD,,0,0.0,,1,True,fast_1m,False,normal,0.9070247933884298,-0.036237617959087975,-1.4817537773171447,,L2_METHOD_COUNTRY,484.0,Observed drop is within normal variation.
2026-08-31 10:01:00,L3_MERCHANT_COUNTRY,Merchant_A,,,BR,,0,10,131,124,7,0.9465648854961832,INVALID_CARD,,0,0.0,,1,True,fast_1m,False,normal,0.918560606060606,-0.028004279435577262,-1.1718954708595715,,L3_MERCHANT_COUNTRY,528.0,Observed drop is within normal variation.
2026-08-31 10:01:00,L3_MERCHANT_COUNTRY,Merchant_A,,,CO,,0,10,140,127,13,0.9071428571428573,SUSPECTED_FRAUD,,0,0.0,,1,True,fast_1m,False,normal,0.8931451612903226,-0.01399769585253452,-0.5361205434806651,,L3_MERCHANT_COUNTRY,496.0,Observed drop is within normal variation.
2026-08-31 10:01:00,L3_MERCHANT_COUNTRY,Merchant_A,,,MX,,0,10,136,121,15,0.8897058823529411,SUSPECTED_FRAUD,,0,0.0,,1,True,fast_1m,False,normal,0.8972868217054264,0.007580939352485272,0.29121500455800786,,L3_MERCHANT_COUNTRY,516.0,Observed drop is within normal variation.
2026-08-31 10:01:00,L3_MERCHANT_COUNTRY,Merchant_B,,,BR,,0,10,130,116,14,0.8923076923076924,DO_NOT_HONOR,,0,0.0,,1,True,fast_1m,False,normal,0.9155206286836935,0.023212936376001192,0.9516830917474647,,L3_MERCHANT_COUNTRY,509.0,Observed drop is within normal variation.
2026-08-31 10:01:00,L3_MERCHANT_COUNTRY,Merchant_B,,,CO,,0,10,129,117,12,0.9069767441860463,INSUFFICIENT_FUNDS,,0,0.0,,1,True,fast_1m,False,normal,0.8948497854077253,-0.01212695877832115,-0.44902095132853376,,L3_MERCHANT_COUNTRY,466.0,Observed drop is within normal variation.
2026-08-31 10:01:00,L3_MERCHANT_COUNTRY,Merchant_B,,,MX,,0,10,139,117,22,0.841726618705036,INSUFFICIENT_FUNDS,,0,0.0,,1,True,fast_1m,False,normal,0.8829365079365079,0.04120988923147195,1.511239764511818,,L3_MERCHANT_COUNTRY,504.0,Observed drop is within normal variation.
2026-08-31 10:01:00,L3_MERCHANT_COUNTRY,Merchant_C,,,BR,,0,10,132,124,8,0.9393939393939394,INSUFFICIENT_FUNDS,,0,0.0,,1,True,fast_1m,False,normal,0.9186046511627908,-0.020789288231148673,-0.8734991198437465,,L3_MERCHANT_COUNTRY,516.0,Observed drop is within normal variation.
2026-08-31 10:01:00,L3_MERCHANT_COUNTRY,Merchant_C,,,CO,,0,10,134,124,10,0.9253731343283582,INSUFFICIENT_FUNDS,,0,0.0,,1,True,fast_1m,False,normal,0.8877338877338877,-0.03763924659447049,-1.3801541000421895,,L3_MERCHANT_COUNTRY,481.0,Observed drop is within normal variation.
2026-08-31 10:01:00,L3_MERCHANT_COUNTRY,Merchant_C,,,MX,,0,10,129,115,14,0.8914728682170543,DO_NOT_HONOR,,0,0.0,,1,True,fast_1m,False,normal,0.8891213389121339,-0.002351529304920441,-0.08506301016999392,,L3_MERCHANT_COUNTRY,478.0,Observed drop is within normal variation.
2026-08-31 10:01:00,L4_BANK_COUNTRY,,,,BR,Banco do Brasil,0,10,56,50,6,0.8928571428571429,DO_NOT_HONOR,,0,0.0,,5,True,fallback_5m,False,normal,0.8958333333333334,0.0029761904761904656,0.07290826165764867,,L4_BANK_COUNTRY,144.0,Observed drop is within normal variation.
2026-08-31 10:01:00,L4_BANK_COUNTRY,,,,BR,Bradesco,0,10,58,55,3,0.9482758620689656,DO_NOT_HONOR,,0,0.0,,5,True,fallback_5m,False,normal,0.8968253968253969,-0.051450465243568666,-1.2881396555544429,,L4_BANK_COUNTRY,126.0,Observed drop is within normal variation.
2026-08-31 10:01:00,L4_BANK_COUNTRY,,,,BR,Itau,0,10,36,33,3,0.9166666666666666,DO_NOT_HONOR,,0,0.0,,1,True,fast_1m,False,normal,0.916083916083916,-0.0005827505827505908,-0.012610831807633128,,L4_BANK_COUNTRY,143.0,Observed drop is within normal variation.
2026-08-31 10:01:00,L4_BANK_COUNTRY,,,,BR,Nubank,0,10,40,37,3,0.925,INSUFFICIENT_FUNDS,,0,0.0,,1,True,fast_1m,False,normal,0.8728813559322034,-0.05211864406779665,-0.9895571236522301,,L4_BANK_COUNTRY,118.0,Observed drop is within normal variation.
2026-08-31 10:01:00,L4_BANK_COUNTRY,,,,BR,,0,10,266,248,18,0.9323308270676692,INSUFFICIENT_FUNDS,,0,0.0,,1,True,fast_1m,False,normal,0.9285714285714286,-0.003759398496240518,-0.23807595834799727,,L4_BANK_COUNTRY,1022.0,Observed drop is within normal variation.
2026-08-31 10:01:00,L4_BANK_COUNTRY,,,,CO,Banco de Bogota,0,10,44,40,4,0.9090909090909092,INSUFFICIENT_FUNDS,,0,0.0,,1,True,fast_1m,False,normal,0.925925925925926,0.01683501683501698,0.4264014327112248,,L4_BANK_COUNTRY,162.0,Observed drop is within normal variation.
2026-08-31 10:01:00,L4_BANK_COUNTRY,,,,CO,Bancolombia,0,10,46,42,4,0.9130434782608696,INVALID_CARD,,0,0.0,,1,True,fast_1m,False,normal,0.8547486033519553,-0.05829487490891416,-1.1220957879382099,,L4_BANK_COUNTRY,179.0,Observed drop is within normal variation.
2026-08-31 10:01:00,L4_BANK_COUNTRY,,,,CO,Davivienda,0,10,35,31,4,0.8857142857142857,SUSPECTED_FRAUD,,0,0.0,,1,True,fast_1m,False,normal,0.8552631578947368,-0.03045112781954884,-0.5120330284052208,,L4_BANK_COUNTRY,152.0,Observed drop is within normal variation.
2026-08-31 10:01:00,L4_BANK_COUNTRY,,,,CO,,0,10,278,255,23,0.9172661870503596,INVALID_CARD,,0,0.0,,1,True,fast_1m,False,normal,0.8989473684210526,-0.018318818629307065,-1.013395366377704,,L4_BANK_COUNTRY,950.0,Observed drop is within normal variation.
2026-08-31 10:01:00,L4_BANK_COUNTRY,,,,MX,BBVA,0,10,32,29,3,0.90625,DO_NOT_HONOR,,0,0.0,,1,True,fast_1m,False,normal,0.9166666666666666,0.01041666666666663,0.21320071635560964,,L4_BANK_COUNTRY,120.0,Observed drop is within normal variation.
2026-08-31 10:01:00,L4_BANK_COUNTRY,,,,MX,Banorte,0,10,42,37,5,0.8809523809523809,INSUFFICIENT_FUNDS,,0,0.0,,1,True,fast_1m,False,potential_anomaly,0.9323308270676692,0.0513784461152883,1.3256386391745856,,L4_BANK_COUNTRY,133.0,"A conversion drop exists, but the statistical evidence is not yet strong enough."
2026-08-31 10:01:00,L4_BANK_COUNTRY,,,,MX,Citibanamex,0,10,63,53,10,0.8412698412698413,DO_NOT_HONOR,,0,0.0,,5,True,fallback_5m,False,normal,0.8879310344827587,0.046661193212917396,1.1740695261464131,,L4_BANK_COUNTRY,116.0,Observed drop is within normal variation.
2026-08-31 10:01:00,L4_BANK_COUNTRY,,,,MX,Santander,0,10,40,37,3,0.925,DO_NOT_HONOR,,0,0.0,,1,True,fast_1m,False,normal,0.9596774193548387,0.0346774193548387,1.114910404509723,,L4_BANK_COUNTRY,124.0,Observed drop is within normal variation.
2026-08-31 10:01:00,L4_BANK_COUNTRY,,,,MX,,0,10,261,224,37,0.8582375478927203,INSUFFICIENT_FUNDS,,0,0.0,,1,True,fast_1m,False,normal,0.872636815920398,0.014399268027677659,0.6977855146141235,,L4_BANK_COUNTRY,1005.0,Observed drop is within normal variation.
2026-08-31 10:01:00,L5_PROVIDER_METHOD_COUNTRY,,Adyen,PIX,BR,,0,10,45,42,3,0.9333333333333332,SUSPECTED_FRAUD,,0,0.0,,1,True,fast_1m,False,normal,0.9011627906976744,-0.032170542635658994,-0.7231073575025949,,L5_PROVIDER_METHOD_COUNTRY,172.0,Observed drop is within normal variation.
2026-08-31 10:01:00,L5_PROVIDER_METHOD_COUNTRY,,Adyen,PSE,CO,,0,10,49,38,11,0.7755102040816326,INSUFFICIENT_FUNDS,,0,0.0,,1,True,fast_1m,True,confirmed_anomaly,0.9,0.1244897959183674,2.9047619047619064,medium,L5_PROVIDER_METHOD_COUNTRY,160.0,Approval rate is meaningfully below the historical baseline.
2026-08-31 10:01:00,L5_PROVIDER_METHOD_COUNTRY,,Adyen,card,BR,,0,10,37,34,3,0.918918918918919,INSUFFICIENT_FUNDS,,0,0.0,,1,True,fast_1m,False,normal,0.9193548387096774,0.00043591979075841003,0.009738155563503943,,L5_PROVIDER_METHOD_COUNTRY,186.0,Observed drop is within normal variation.
2026-08-31 10:01:00,L5_PROVIDER_METHOD_COUNTRY,,Adyen,card,CO,,0,10,43,38,5,0.8837209302325582,INVALID_CARD,,0,0.0,,1,True,fast_1m,False,normal,0.9144736842105264,0.030752753977968283,0.7210788432187825,,L5_PROVIDER_METHOD_COUNTRY,152.0,Observed drop is within normal variation.
2026-08-31 10:01:00,L5_PROVIDER_METHOD_COUNTRY,,Adyen,card,MX,,0,10,39,36,3,0.9230769230769232,INVALID_CARD,,0,0.0,,1,True,fast_1m,False,normal,0.9545454545454546,0.03146853146853146,0.9434563530497264,,L5_PROVIDER_METHOD_COUNTRY,154.0,Observed drop is within normal variation.
2026-08-31 10:01:00,L5_PROVIDER_METHOD_COUNTRY,,Adyen,cash_in_store,MX,,0,10,47,37,10,0.7872340425531915,INVALID_CARD,,0,0.0,,1,True,fast_1m,True,confirmed_anomaly,0.8865979381443299,0.09936389559113834,2.1483434141512543,medium,L5_PROVIDER_METHOD_COUNTRY,194.0,Approval rate is meaningfully below the historical baseline.
2026-08-31 10:01:00,L5_PROVIDER_METHOD_COUNTRY,,Adyen,wallet,BR,,0,10,57,51,6,0.8947368421052632,INVALID_CARD,,0,0.0,,1,True,fast_1m,False,normal,0.9025974025974026,0.007860560492139457,0.20015140047588373,,L5_PROVIDER_METHOD_COUNTRY,154.0,Observed drop is within normal variation.
2026-08-31 10:01:00,L5_PROVIDER_METHOD_COUNTRY,,Adyen,wallet,CO,,0,10,58,58,0,1.0,,,0,0.0,,1,True,fast_1m,False,normal,0.903846153846154,-0.09615384615384603,-2.4839912974802143,,L5_PROVIDER_METHOD_COUNTRY,156.0,Observed drop is within normal variation.
2026-08-31 10:01:00,L5_PROVIDER_METHOD_COUNTRY,,Adyen,wallet,MX,,0,10,48,46,2,0.9583333333333334,INSUFFICIENT_FUNDS,,0,0.0,,1,True,fast_1m,False,normal,0.9,-0.05833333333333335,-1.3471506281091272,,L5_PROVIDER_METHOD_COUNTRY,160.0,Observed drop is within normal variation.
2026-08-31 10:01:00,L5_PROVIDER_METHOD_COUNTRY,,Stripe,PIX,BR,,0,10,39,38,1,0.9743589743589745,INSUFFICIENT_FUNDS,,0,0.0,,1,True,fast_1m,False,normal,0.9689119170984456,-0.005447057260528743,-0.19599957278902244,,L5_PROVIDER_METHOD_COUNTRY,193.0,Observed drop is within normal variation.
2026-08-31 10:01:00,L5_PROVIDER_METHOD_COUNTRY,,Stripe,PSE,CO,,0,10,45,43,2,0.9555555555555556,INVALID_CARD,,0,0.0,,1,True,fast_1m,False,normal,0.8881987577639752,-0.06735679779158044,-1.433868400276652,,L5_PROVIDER_METHOD_COUNTRY,161.0,Observed drop is within normal variation.
2026-08-31 10:01:00,L5_PROVIDER_METHOD_COUNTRY,,Stripe,card,BR,,0,10,50,49,1,0.98,INVALID_CARD,,0,0.0,,1,True,fast_1m,False,normal,0.9055555555555556,-0.07444444444444442,-1.7999959902116605,,L5_PROVIDER_METHOD_COUNTRY,180.0,Observed drop is within normal variation.
2026-08-31 10:01:00,L5_PROVIDER_METHOD_COUNTRY,,Stripe,card,CO,,0,10,38,33,5,0.868421052631579,SUSPECTED_FRAUD,,0,0.0,,1,True,fast_1m,False,normal,0.8524590163934426,-0.015962036238136412,-0.2774514502439408,,L5_PROVIDER_METHOD_COUNTRY,183.0,Observed drop is within normal variation.
2026-08-31 10:01:00,L5_PROVIDER_METHOD_COUNTRY,,Stripe,card,MX,,0,10,59,57,2,0.9661016949152542,DO_NOT_HONOR,,0,0.0,,1,True,fast_1m,False,normal,0.92,-0.04610169491525418,-1.3052809239188121,,L5_PROVIDER_METHOD_COUNTRY,175.0,Observed drop is within normal variation.
2026-08-31 10:01:00,L5_PROVIDER_METHOD_COUNTRY,,Stripe,cash_in_store,MX,,0,10,30,24,6,0.8,INSUFFICIENT_FUNDS,,0,0.0,,1,True,fast_1m,False,normal,0.8,0.0,0.0,,L5_PROVIDER_METHOD_COUNTRY,170.0,Observed drop is within normal variation.
2026-08-31 10:01:00,L5_PROVIDER_METHOD_COUNTRY,,Stripe,wallet,BR,,0,10,37,32,5,0.8648648648648649,DO_NOT_HONOR,,0,0.0,,1,True,fast_1m,False,normal,0.9090909090909092,0.04422604422604426,0.9357754408380665,,L5_PROVIDER_METHOD_COUNTRY,165.0,Observed drop is within normal variation.
2026-08-31 10:01:00,L5_PROVIDER_METHOD_COUNTRY,,Stripe,wallet,CO,,0,10,40,37,3,0.925,DO_NOT_HONOR,,0,0.0,,1,True,fast_1m,False,normal,0.9106145251396648,-0.014385474860335257,-0.31889920422288387,,L5_PROVIDER_METHOD_COUNTRY,179.0,Observed drop is within normal variation.
2026-08-31 10:01:00,L5_PROVIDER_METHOD_COUNTRY,,Stripe,wallet,MX,,0,10,54,52,2,0.9629629629629628,INVALID_CARD,,0,0.0,,1,True,fast_1m,False,normal,0.9025974025974026,-0.06036556036556029,-1.496076521969341,,L5_PROVIDER_METHOD_COUNTRY,154.0,Observed drop is within normal variation.
2026-08-31 10:01:00,L5_PROVIDER_METHOD_COUNTRY,,dLocal,PIX,BR,,0,10,49,49,0,1.0,,,0,0.0,,1,True,fast_1m,False,normal,0.9567901234567902,-0.043209876543209846,-1.4875830147613442,,L5_PROVIDER_METHOD_COUNTRY,162.0,Observed drop is within normal variation.
2026-08-31 10:01:00,L5_PROVIDER_METHOD_COUNTRY,,dLocal,PSE,CO,,0,10,45,41,4,0.9111111111111112,DO_NOT_HONOR,,0,0.0,,1,True,fast_1m,False,normal,0.875,-0.036111111111111094,-0.7324670207647139,,L5_PROVIDER_METHOD_COUNTRY,144.0,Observed drop is within normal variation.
2026-08-31 10:01:00,L5_PROVIDER_METHOD_COUNTRY,,dLocal,card,BR,,0,10,40,33,7,0.825,DO_NOT_HONOR,,0,0.0,,1,True,fast_1m,False,normal,0.8606060606060606,0.03560606060606064,0.6501742665258443,,L5_PROVIDER_METHOD_COUNTRY,165.0,Observed drop is within normal variation.
2026-08-31 10:01:00,L5_PROVIDER_METHOD_COUNTRY,,dLocal,card,CO,,0,10,44,42,2,0.9545454545454546,INSUFFICIENT_FUNDS,,0,0.0,,1,True,fast_1m,False,normal,0.8734177215189873,-0.08112773302646725,-1.6184460414029282,,L5_PROVIDER_METHOD_COUNTRY,158.0,Observed drop is within normal variation.
2026-08-31 10:01:00,L5_PROVIDER_METHOD_COUNTRY,,dLocal,card,MX,,0,10,45,36,9,0.8,SUSPECTED_FRAUD,,0,0.0,,1,True,fast_1m,True,confirmed_anomaly,0.902439024390244,0.102439024390244,2.315926059595498,medium,L5_PROVIDER_METHOD_COUNTRY,164.0,Approval rate is meaningfully below the historical baseline.
2026-08-31 10:01:00,L5_PROVIDER_METHOD_COUNTRY,,dLocal,cash_in_store,MX,,0,10,43,30,13,0.6976744186046512,DO_NOT_HONOR,,0,0.0,,1,True,fast_1m,True,confirmed_anomaly,0.8280254777070064,0.13035105910235523,2.265139148797156,medium,L5_PROVIDER_METHOD_COUNTRY,157.0,Approval rate is meaningfully below the historical baseline.
2026-08-31 10:01:00,L5_PROVIDER_METHOD_COUNTRY,,dLocal,wallet,BR,,0,10,39,36,3,0.9230769230769232,DO_NOT_HONOR,,0,0.0,,1,True,fast_1m,False,normal,0.9261363636363636,0.0030594405594405183,0.07305021741975921,,L5_PROVIDER_METHOD_COUNTRY,176.0,Observed drop is within normal variation.
2026-08-31 10:01:00,L5_PROVIDER_METHOD_COUNTRY,,dLocal,wallet,CO,,0,10,41,38,3,0.926829268292683,DO_NOT_HONOR,,0,0.0,,1,True,fast_1m,False,normal,0.9133333333333332,-0.013495934959349754,-0.3071526059244306,,L5_PROVIDER_METHOD_COUNTRY,150.0,Observed drop is within normal variation.
2026-08-31 10:01:00,L5_PROVIDER_METHOD_COUNTRY,,dLocal,wallet,MX,,0,10,39,35,4,0.8974358974358975,SUSPECTED_FRAUD,,0,0.0,,1,True,fast_1m,False,normal,0.9176470588235294,0.020211161387631904,0.4591411079008299,,L5_PROVIDER_METHOD_COUNTRY,170.0,Observed drop is within normal variation.
2026-08-31 10:01:00,L6_MERCHANT_BANK_COUNTRY,Merchant_A,,,BR,Banco do Brasil,0,10,25,22,3,0.88,INVALID_CARD,,0,0.0,,5,False,insufficient_data,False,insufficient_data,,,,,,,Insufficient live transaction volume.
2026-08-31 10:01:00,L6_MERCHANT_BANK_COUNTRY,Merchant_A,,,BR,Bradesco,0,10,16,16,0,1.0,,,0,0.0,,5,False,insufficient_data,False,insufficient_data,,,,,,,Insufficient live transaction volume.
2026-08-31 10:01:00,L6_MERCHANT_BANK_COUNTRY,Merchant_A,,,BR,Itau,0,10,27,25,2,0.925925925925926,DO_NOT_HONOR,,0,0.0,,5,False,insufficient_data,False,insufficient_data,,,,,,,Insufficient live transaction volume.
2026-08-31 10:01:00,L6_MERCHANT_BANK_COUNTRY,Merchant_A,,,BR,Nubank,0,10,21,20,1,0.9523809523809524,SUSPECTED_FRAUD,,0,0.0,,5,False,insufficient_data,False,insufficient_data,,,,,,,Insufficient live transaction volume.
2026-08-31 10:01:00,L6_MERCHANT_BANK_COUNTRY,Merchant_A,,,BR,,0,10,87,82,5,0.942528735632184,SUSPECTED_FRAUD,,0,0.0,,1,True,fast_1m,False,normal,0.9304347826086956,-0.012093953023488258,-0.4433930298061225,,L6_MERCHANT_BANK_COUNTRY,345.0,Observed drop is within normal variation.
2026-08-31 10:01:00,L6_MERCHANT_BANK_COUNTRY,Merchant_A,,,CO,Banco de Bogota,0,10,33,28,5,0.8484848484848485,DO_NOT_HONOR,,0,0.0,,5,True,fallback_5m,True,confirmed_anomaly,0.9365079365079364,0.08802308802308789,2.07366271162946,medium,L6_MERCHANT_BANK_COUNTRY,63.0,Approval rate is meaningfully below the historical baseline.
2026-08-31 10:01:00,L6_MERCHANT_BANK_COUNTRY,Merchant_A,,,CO,Bancolombia,0,10,30,28,2,0.9333333333333332,INVALID_CARD,,0,0.0,,5,True,fallback_5m,False,normal,0.8363636363636363,-0.09696969696969704,-1.4356850721551087,,L6_MERCHANT_BANK_COUNTRY,55.0,Observed drop is within normal variation.
2026-08-31 10:01:00,L6_MERCHANT_BANK_COUNTRY,Merchant_A,,,CO,Davivienda,0,10,21,18,3,0.8571428571428571,INVALID_CARD,,0,0.0,,5,False,insufficient_data,False,insufficient_data,,,,,,,Insufficient live transaction volume.
2026-08-31 10:01:00,L6_MERCHANT_BANK_COUNTRY,Merchant_A,,,CO,,0,10,97,89,8,0.9175257731958762,INVALID_CARD,,0,0.0,,1,True,fast_1m,False,normal,0.9006211180124224,-0.016904655183453854,-0.5565114027077598,,L6_MERCHANT_BANK_COUNTRY,322.0,Observed drop is within normal variation.
2026-08-31 10:01:00,L6_MERCHANT_BANK_COUNTRY,Merchant_A,,,MX,BBVA,0,10,23,23,0,1.0,,,0,0.0,,5,False,insufficient_data,False,insufficient_data,,,,,,,Insufficient live transaction volume.
2026-08-31 10:01:00,L6_MERCHANT_BANK_COUNTRY,Merchant_A,,,MX,Banorte,0,10,23,21,2,0.9130434782608696,SUSPECTED_FRAUD,,0,0.0,,5,False,insufficient_data,False,insufficient_data,,,,,,,Insufficient live transaction volume.
2026-08-31 10:01:00,L6_MERCHANT_BANK_COUNTRY,Merchant_A,,,MX,Citibanamex,0,10,20,17,3,0.85,INSUFFICIENT_FUNDS,,0,0.0,,5,False,insufficient_data,False,insufficient_data,,,,,,,Insufficient live transaction volume.
2026-08-31 10:01:00,L6_MERCHANT_BANK_COUNTRY,Merchant_A,,,MX,Santander,0,10,28,27,1,0.9642857142857144,DO_NOT_HONOR,,0,0.0,,5,False,insufficient_data,False,insufficient_data,,,,,,,Insufficient live transaction volume.
2026-08-31 10:01:00,L6_MERCHANT_BANK_COUNTRY,Merchant_A,,,MX,,0,10,86,74,12,0.8604651162790697,INVALID_CARD,,0,0.0,,1,True,fast_1m,False,normal,0.8876080691642652,0.027142952885195415,0.7969445986141263,,L6_MERCHANT_BANK_COUNTRY,347.0,Observed drop is within normal variation.
2026-08-31 10:01:00,L6_MERCHANT_BANK_COUNTRY,Merchant_B,,,BR,Banco do Brasil,0,10,15,15,0,1.0,,,0,0.0,,5,False,insufficient_data,False,insufficient_data,,,,,,,Insufficient live transaction volume.
2026-08-31 10:01:00,L6_MERCHANT_BANK_COUNTRY,Merchant_B,,,BR,Bradesco,0,10,18,16,2,0.8888888888888888,DO_NOT_HONOR,,0,0.0,,5,False,insufficient_data,False,insufficient_data,,,,,,,Insufficient live transaction volume.
2026-08-31 10:01:00,L6_MERCHANT_BANK_COUNTRY,Merchant_B,,,BR,Itau,0,10,15,13,2,0.8666666666666667,INSUFFICIENT_FUNDS,,0,0.0,,5,False,insufficient_data,False,insufficient_data,,,,,,,Insufficient live transaction volume.
2026-08-31 10:01:00,L6_MERCHANT_BANK_COUNTRY,Merchant_B,,,BR,Nubank,0,10,35,32,3,0.9142857142857144,INSUFFICIENT_FUNDS,,0,0.0,,5,True,fallback_5m,False,normal,0.8571428571428571,-0.05714285714285716,-0.966091783079296,,L6_MERCHANT_BANK_COUNTRY,42.0,Observed drop is within normal variation.
2026-08-31 10:01:00,L6_MERCHANT_BANK_COUNTRY,Merchant_B,,,BR,,0,10,94,84,10,0.8936170212765957,DO_NOT_HONOR,,0,0.0,,1,True,fast_1m,False,normal,0.935672514619883,0.04205549334328729,1.6619824567827932,,L6_MERCHANT_BANK_COUNTRY,342.0,Observed drop is within normal variation.
2026-08-31 10:01:00,L6_MERCHANT_BANK_COUNTRY,Merchant_B,,,CO,Banco de Bogota,0,10,28,25,3,0.8928571428571429,INSUFFICIENT_FUNDS,,0,0.0,,5,False,insufficient_data,False,insufficient_data,,,,,,,Insufficient live transaction volume.
2026-08-31 10:01:00,L6_MERCHANT_BANK_COUNTRY,Merchant_B,,,CO,Bancolombia,0,10,33,30,3,0.9090909090909092,DO_NOT_HONOR,,0,0.0,,5,True,fallback_5m,False,normal,0.8333333333333334,-0.07575757575757569,-1.1677484162422835,,L6_MERCHANT_BANK_COUNTRY,60.0,Observed drop is within normal variation.
2026-08-31 10:01:00,L6_MERCHANT_BANK_COUNTRY,Merchant_B,,,CO,Davivienda,0,10,24,24,0,1.0,,,0,0.0,,5,False,insufficient_data,False,insufficient_data,,,,,,,Insufficient live transaction volume.
2026-08-31 10:01:00,L6_MERCHANT_BANK_COUNTRY,Merchant_B,,,CO,,0,10,91,82,9,0.9010989010989012,DO_NOT_HONOR,,0,0.0,,1,True,fast_1m,False,normal,0.9078947368421052,0.006795835743204082,0.2241834748201855,,L6_MERCHANT_BANK_COUNTRY,304.0,Observed drop is within normal variation.
2026-08-31 10:01:00,L6_MERCHANT_BANK_COUNTRY,Merchant_B,,,MX,BBVA,0,10,21,19,2,0.9047619047619048,DO_NOT_HONOR,,0,0.0,,5,False,insufficient_data,False,insufficient_data,,,,,,,Insufficient live transaction volume.
2026-08-31 10:01:00,L6_MERCHANT_BANK_COUNTRY,Merchant_B,,,MX,Banorte,0,10,18,14,4,0.7777777777777778,INSUFFICIENT_FUNDS,,0,0.0,,5,False,insufficient_data,False,insufficient_data,,,,,,,Insufficient live transaction volume.
2026-08-31 10:01:00,L6_MERCHANT_BANK_COUNTRY,Merchant_B,,,MX,Citibanamex,0,10,25,21,4,0.84,INVALID_CARD,,0,0.0,,5,False,insufficient_data,False,insufficient_data,,,,,,,Insufficient live transaction volume.
2026-08-31 10:01:00,L6_MERCHANT_BANK_COUNTRY,Merchant_B,,,MX,Santander,0,10,17,15,2,0.8823529411764706,INVALID_CARD,,0,0.0,,5,False,insufficient_data,False,insufficient_data,,,,,,,Insufficient live transaction volume.
2026-08-31 10:01:00,L6_MERCHANT_BANK_COUNTRY,Merchant_B,,,MX,,0,10,93,77,16,0.8279569892473119,INSUFFICIENT_FUNDS,,0,0.0,,1,True,fast_1m,False,normal,0.8580060422960725,0.0300490530487606,0.8302180274601888,,L6_MERCHANT_BANK_COUNTRY,331.0,Observed drop is within normal variation.
2026-08-31 10:01:00,L6_MERCHANT_BANK_COUNTRY,Merchant_C,,,BR,Banco do Brasil,0,10,16,13,3,0.8125,DO_NOT_HONOR,,0,0.0,,5,False,insufficient_data,False,insufficient_data,,,,,,,Insufficient live transaction volume.
2026-08-31 10:01:00,L6_MERCHANT_BANK_COUNTRY,Merchant_C,,,BR,Bradesco,0,10,24,23,1,0.9583333333333334,INSUFFICIENT_FUNDS,,0,0.0,,5,False,insufficient_data,False,insufficient_data,,,,,,,Insufficient live transaction volume.
2026-08-31 10:01:00,L6_MERCHANT_BANK_COUNTRY,Merchant_C,,,BR,Itau,0,10,24,23,1,0.9583333333333334,DO_NOT_HONOR,,0,0.0,,5,False,insufficient_data,False,insufficient_data,,,,,,,Insufficient live transaction volume.
2026-08-31 10:01:00,L6_MERCHANT_BANK_COUNTRY,Merchant_C,,,BR,Nubank,0,10,23,18,5,0.782608695652174,INVALID_CARD,,0,0.0,,5,False,insufficient_data,False,insufficient_data,,,,,,,Insufficient live transaction volume.
2026-08-31 10:01:00,L6_MERCHANT_BANK_COUNTRY,Merchant_C,,,BR,,0,10,85,82,3,0.9647058823529412,INSUFFICIENT_FUNDS,,0,0.0,,1,True,fast_1m,False,normal,0.9194029850746268,-0.04530289727831438,-1.5343449459094745,,L6_MERCHANT_BANK_COUNTRY,335.0,Observed drop is within normal variation.
2026-08-31 10:01:00,L6_MERCHANT_BANK_COUNTRY,Merchant_C,,,CO,Banco de Bogota,0,10,28,26,2,0.9285714285714286,DO_NOT_HONOR,,0,0.0,,5,False,insufficient_data,False,insufficient_data,,,,,,,Insufficient live transaction volume.
2026-08-31 10:01:00,L6_MERCHANT_BANK_COUNTRY,Merchant_C,,,CO,Bancolombia,0,10,24,18,6,0.75,INSUFFICIENT_FUNDS,,0,0.0,,5,False,insufficient_data,False,insufficient_data,,,,,,,Insufficient live transaction volume.
2026-08-31 10:01:00,L6_MERCHANT_BANK_COUNTRY,Merchant_C,,,CO,Davivienda,0,10,34,32,2,0.9411764705882352,INSUFFICIENT_FUNDS,,0,0.0,,5,True,fallback_5m,False,normal,0.8648648648648649,-0.07631160572337037,-1.301582746911936,,L6_MERCHANT_BANK_COUNTRY,37.0,Observed drop is within normal variation.
2026-08-31 10:01:00,L6_MERCHANT_BANK_COUNTRY,Merchant_C,,,CO,,0,10,90,84,6,0.9333333333333332,INSUFFICIENT_FUNDS,,0,0.0,,1,True,fast_1m,False,normal,0.8888888888888888,-0.04444444444444451,-1.3416407864998756,,L6_MERCHANT_BANK_COUNTRY,324.0,Observed drop is within normal variation.
2026-08-31 10:01:00,L6_MERCHANT_BANK_COUNTRY,Merchant_C,,,MX,BBVA,0,10,29,26,3,0.896551724137931,DO_NOT_HONOR,,0,0.0,,5,False,insufficient_data,False,insufficient_data,,,,,,,Insufficient live transaction volume.
2026-08-31 10:01:00,L6_MERCHANT_BANK_COUNTRY,Merchant_C,,,MX,Banorte,0,10,26,20,6,0.7692307692307693,DO_NOT_HONOR,,0,0.0,,5,False,insufficient_data,False,insufficient_data,,,,,,,Insufficient live transaction volume.
2026-08-31 10:01:00,L6_MERCHANT_BANK_COUNTRY,Merchant_C,,,MX,Citibanamex,0,10,18,15,3,0.8333333333333334,DO_NOT_HONOR,,0,0.0,,5,False,insufficient_data,False,insufficient_data,,,,,,,Insufficient live transaction volume.
2026-08-31 10:01:00,L6_MERCHANT_BANK_COUNTRY,Merchant_C,,,MX,Santander,0,10,24,22,2,0.9166666666666666,DO_NOT_HONOR,,0,0.0,,5,False,insufficient_data,False,insufficient_data,,,,,,,Insufficient live transaction volume.
2026-08-31 10:01:00,L6_MERCHANT_BANK_COUNTRY,Merchant_C,,,MX,,0,10,82,73,9,0.8902439024390244,DO_NOT_HONOR,,0,0.0,,1,True,fast_1m,False,normal,0.8715596330275229,-0.018684269411501475,-0.5056892535203673,,L6_MERCHANT_BANK_COUNTRY,327.0,Observed drop is within normal variation.
2026-08-31 10:02:00,L1_PROVIDER_COUNTRY,,Adyen,,BR,,0,10,135,125,10,0.925925925925926,DO_NOT_HONOR,,0,0.0,,1,True,fast_1m,False,normal,0.908203125,-0.01772280092592593,-0.7131712037791684,,L1_PROVIDER_COUNTRY,512.0,Observed drop is within normal variation.
2026-08-31 10:02:00,L1_PROVIDER_COUNTRY,,Adyen,,CO,,0,10,116,101,15,0.8706896551724138,INSUFFICIENT_FUNDS,,0,0.0,,1,True,fast_1m,False,normal,0.905982905982906,0.03529325081049217,1.302438554393058,,L1_PROVIDER_COUNTRY,468.0,Observed drop is within normal variation.
2026-08-31 10:02:00,L1_PROVIDER_COUNTRY,,Adyen,,MX,,0,10,122,110,12,0.9016393442622952,SUSPECTED_FRAUD,,0,0.0,,1,True,fast_1m,False,normal,0.9114173228346456,0.00977797857235052,0.38009832557247203,,L1_PROVIDER_COUNTRY,508.0,Observed drop is within normal variation.
2026-08-31 10:02:00,L1_PROVIDER_COUNTRY,,Stripe,,BR,,0,10,142,133,9,0.9366197183098592,INSUFFICIENT_FUNDS,,0,0.0,,1,True,fast_1m,False,normal,0.929368029739777,-0.007251688570082182,-0.3372786043185357,,L1_PROVIDER_COUNTRY,538.0,Observed drop is within normal variation.
2026-08-31 10:02:00,L1_PROVIDER_COUNTRY,,Stripe,,CO,,0,10,138,122,16,0.8840579710144928,DO_NOT_HONOR,,0,0.0,,1,True,fast_1m,False,normal,0.8833652007648184,-0.0006927702496744015,-0.025353887319154462,,L1_PROVIDER_COUNTRY,523.0,Observed drop is within normal variation.
2026-08-31 10:02:00,L1_PROVIDER_COUNTRY,,Stripe,,MX,,0,10,147,134,13,0.91156462585034,DO_NOT_HONOR,,0,0.0,,1,True,fast_1m,False,normal,0.87374749498998,-0.037817130860360204,-1.3804931944652228,,L1_PROVIDER_COUNTRY,499.0,Observed drop is within normal variation.
2026-08-31 10:02:00,L1_PROVIDER_COUNTRY,,dLocal,,BR,,0,10,149,136,13,0.912751677852349,DO_NOT_HONOR,,0,0.0,,1,True,fast_1m,False,normal,0.9145129224652088,0.001761244612859758,0.0768896091663045,,L1_PROVIDER_COUNTRY,503.0,Observed drop is within normal variation.
2026-08-31 10:02:00,L1_PROVIDER_COUNTRY,,dLocal,,CO,,0,10,133,120,13,0.9022556390977444,INSUFFICIENT_FUNDS,,0,0.0,,1,True,fast_1m,False,normal,0.8871681415929203,-0.015087497504823966,-0.5499512483702199,,L1_PROVIDER_COUNTRY,452.0,Observed drop is within normal variation.
2026-08-31 10:02:00,L1_PROVIDER_COUNTRY,,dLocal,,MX,,0,10,118,102,16,0.864406779661017,SUSPECTED_FRAUD,,0,0.0,,1,True,fast_1m,False,normal,0.8839103869653768,0.01950360730435985,0.6613862277718517,,L1_PROVIDER_COUNTRY,491.0,Observed drop is within normal variation.
2026-08-31 10:02:00,L2_METHOD_COUNTRY,,,PIX,BR,,0,10,138,130,8,0.9420289855072465,INSUFFICIENT_FUNDS,,0,0.0,,1,True,fast_1m,False,normal,0.9430740037950665,0.0010450182878201097,0.052982839219526276,,L2_METHOD_COUNTRY,527.0,Observed drop is within normal variation.
2026-08-31 10:02:00,L2_METHOD_COUNTRY,,,PSE,CO,,0,10,127,108,19,0.8503937007874016,INSUFFICIENT_FUNDS,,0,0.0,,1,True,fast_1m,False,normal,0.8881720430107527,0.03777834222335108,1.3508931893717477,,L2_METHOD_COUNTRY,465.0,Observed drop is within normal variation.
2026-08-31 10:02:00,L2_METHOD_COUNTRY,,,card,BR,,0,10,136,123,13,0.9044117647058824,DO_NOT_HONOR,,0,0.0,,1,True,fast_1m,False,normal,0.896421845574388,-0.007989919131494383,-0.30578877410313887,,L2_METHOD_COUNTRY,531.0,Observed drop is within normal variation.
2026-08-31 10:02:00,L2_METHOD_COUNTRY,,,card,CO,,0,10,138,120,18,0.8695652173913043,SUSPECTED_FRAUD,,0,0.0,,1,True,fast_1m,False,normal,0.8782961460446247,0.008730928653320369,0.31370925286139684,,L2_METHOD_COUNTRY,493.0,Observed drop is within normal variation.
2026-08-31 10:02:00,L2_METHOD_COUNTRY,,,card,MX,,0,10,139,122,17,0.8776978417266187,SUSPECTED_FRAUD,,0,0.0,,1,True,fast_1m,False,normal,0.924949290060852,0.04725144833423334,2.1143951840048674,,L2_METHOD_COUNTRY,493.0,Observed drop is within normal variation.
2026-08-31 10:02:00,L2_METHOD_COUNTRY,,,cash_in_store,MX,,0,10,129,114,15,0.8837209302325582,SUSPECTED_FRAUD,,0,0.0,,1,True,fast_1m,False,normal,0.8406909788867563,-0.0430299513458019,-1.3354490762770923,,L2_METHOD_COUNTRY,521.0,Observed drop is within normal variation.
2026-08-31 10:02:00,L2_METHOD_COUNTRY,,,wallet,BR,,0,10,152,141,11,0.9276315789473684,INVALID_CARD,,0,0.0,,1,True,fast_1m,False,normal,0.9131313131313132,-0.014500265816055236,-0.6347453257463819,,L2_METHOD_COUNTRY,495.0,Observed drop is within normal variation.
2026-08-31 10:02:00,L2_METHOD_COUNTRY,,,wallet,CO,,0,10,122,115,7,0.9426229508196722,DO_NOT_HONOR,,0,0.0,,1,True,fast_1m,False,normal,0.909278350515464,-0.03334460030420816,-1.282335120742317,,L2_METHOD_COUNTRY,485.0,Observed drop is within normal variation.
2026-08-31 10:02:00,L2_METHOD_COUNTRY,,,wallet,MX,,0,10,119,110,9,0.9243697478991596,SUSPECTED_FRAUD,,0,0.0,,1,True,fast_1m,False,normal,0.9070247933884298,-0.017344954510729926,-0.651558613587854,,L2_METHOD_COUNTRY,484.0,Observed drop is within normal variation.
2026-08-31 10:02:00,L3_MERCHANT_COUNTRY,Merchant_A,,,BR,,0,10,163,148,15,0.9079754601226994,DO_NOT_HONOR,,0,0.0,,1,True,fast_1m,False,normal,0.918560606060606,0.010585145937906604,0.49410526054838183,,L3_MERCHANT_COUNTRY,528.0,Observed drop is within normal variation.
2026-08-31 10:02:00,L3_MERCHANT_COUNTRY,Merchant_A,,,CO,,0,10,132,118,14,0.8939393939393939,INSUFFICIENT_FUNDS,,0,0.0,,1,True,fast_1m,False,normal,0.8931451612903226,-0.0007942326490713025,-0.029537693529112723,,L3_MERCHANT_COUNTRY,496.0,Observed drop is within normal variation.
2026-08-31 10:02:00,L3_MERCHANT_COUNTRY,Merchant_A,,,MX,,0,10,129,117,12,0.9069767441860463,DO_NOT_HONOR,,0,0.0,,1,True,fast_1m,False,normal,0.8972868217054264,-0.009689922480620061,-0.3625237211387379,,L3_MERCHANT_COUNTRY,516.0,Observed drop is within normal variation.
2026-08-31 10:02:00,L3_MERCHANT_COUNTRY,Merchant_B,,,BR,,0,10,141,135,6,0.9574468085106383,DO_NOT_HONOR,,0,0.0,,1,True,fast_1m,False,normal,0.9155206286836935,-0.0419261798269448,-1.7901336046407033,,L3_MERCHANT_COUNTRY,509.0,Observed drop is within normal variation.
2026-08-31 10:02:00,L3_MERCHANT_COUNTRY,Merchant_B,,,CO,,0,10,136,120,16,0.8823529411764706,DO_NOT_HONOR,,0,0.0,,1,True,fast_1m,False,normal,0.8948497854077253,0.012496844231254745,0.47510506448892154,,L3_MERCHANT_COUNTRY,466.0,Observed drop is within normal variation.
2026-08-31 10:02:00,L3_MERCHANT_COUNTRY,Merchant_B,,,MX,,0,10,141,125,16,0.8865248226950354,SUSPECTED_FRAUD,,0,0.0,,1,True,fast_1m,False,normal,0.8829365079365079,-0.0035883147585275,-0.1325331782430742,,L3_MERCHANT_COUNTRY,504.0,Observed drop is within normal variation.
2026-08-31 10:02:00,L3_MERCHANT_COUNTRY,Merchant_C,,,BR,,0,10,122,111,11,0.9098360655737704,SUSPECTED_FRAUD,,0,0.0,,1,True,fast_1m,False,normal,0.9186046511627908,0.008768585589020272,0.35419738160553754,,L3_MERCHANT_COUNTRY,516.0,Observed drop is within normal variation.
2026-08-31 10:02:00,L3_MERCHANT_COUNTRY,Merchant_C,,,CO,,0,10,119,105,14,0.8823529411764706,DO_NOT_HONOR,,0,0.0,,1,True,fast_1m,False,normal,0.8877338877338877,0.0053809465574171655,0.18593725637807007,,L3_MERCHANT_COUNTRY,481.0,Observed drop is within normal variation.
2026-08-31 10:02:00,L3_MERCHANT_COUNTRY,Merchant_C,,,MX,,0,10,117,104,13,0.8888888888888888,SUSPECTED_FRAUD,,0,0.0,,1,True,fast_1m,False,normal,0.8891213389121339,0.00023245002324501218,0.008007888575810735,,L3_MERCHANT_COUNTRY,478.0,Observed drop is within normal variation.
2026-08-31 10:02:00,L4_BANK_COUNTRY,,,,BR,Banco do Brasil,0,10,42,37,5,0.8809523809523809,DO_NOT_HONOR,,0,0.0,,1,True,fast_1m,False,normal,0.8958333333333334,0.014880952380952439,0.3157020337064358,,L4_BANK_COUNTRY,144.0,Observed drop is within normal variation.
2026-08-31 10:02:00,L4_BANK_COUNTRY,,,,BR,Bradesco,0,10,87,84,3,0.9655172413793104,DO_NOT_HONOR,,0,0.0,,5,True,fallback_5m,False,normal,0.8968253968253969,-0.06869184455391353,-2.106320487398323,,L4_BANK_COUNTRY,126.0,Observed drop is within normal variation.
2026-08-31 10:02:00,L4_BANK_COUNTRY,,,,BR,Itau,0,10,35,29,6,0.8285714285714286,SUSPECTED_FRAUD,,0,0.0,,1,True,fast_1m,False,potential_anomaly,0.916083916083916,0.08751248751248741,1.8672987972617479,,L4_BANK_COUNTRY,143.0,"A conversion drop exists, but the statistical evidence is not yet strong enough."
2026-08-31 10:02:00,L4_BANK_COUNTRY,,,,BR,Nubank,0,10,30,28,2,0.9333333333333332,DO_NOT_HONOR,,0,0.0,,1,True,fast_1m,False,normal,0.8728813559322034,-0.06045197740112995,-0.9940057670560414,,L4_BANK_COUNTRY,118.0,Observed drop is within normal variation.
2026-08-31 10:02:00,L4_BANK_COUNTRY,,,,BR,,0,10,290,271,19,0.9344827586206896,INSUFFICIENT_FUNDS,,0,0.0,,1,True,fast_1m,False,normal,0.9285714285714286,-0.005911330049261032,-0.39087740519067043,,L4_BANK_COUNTRY,1022.0,Observed drop is within normal variation.
2026-08-31 10:02:00,L4_BANK_COUNTRY,,,,CO,Banco de Bogota,0,10,53,46,7,0.8679245283018868,SUSPECTED_FRAUD,,0,0.0,,1,True,fast_1m,False,potential_anomaly,0.925925925925926,0.05800139762403922,1.6123345315130622,,L4_BANK_COUNTRY,162.0,"A conversion drop exists, but the statistical evidence is not yet strong enough."
2026-08-31 10:02:00,L4_BANK_COUNTRY,,,,CO,Bancolombia,0,10,40,35,5,0.875,DO_NOT_HONOR,,0,0.0,,1,True,fast_1m,False,normal,0.8547486033519553,-0.02025139664804465,-0.36350100604769553,,L4_BANK_COUNTRY,179.0,Observed drop is within normal variation.
2026-08-31 10:02:00,L4_BANK_COUNTRY,,,,CO,Davivienda,0,10,45,39,6,0.8666666666666667,INSUFFICIENT_FUNDS,,0,0.0,,1,True,fast_1m,False,normal,0.8552631578947368,-0.01140350877192986,-0.2174229226018443,,L4_BANK_COUNTRY,152.0,Observed drop is within normal variation.
2026-08-31 10:02:00,L4_BANK_COUNTRY,,,,CO,,0,10,249,223,26,0.8955823293172691,INSUFFICIENT_FUNDS,,0,0.0,,1,True,fast_1m,False,normal,0.8989473684210526,0.003365039103783496,0.17617685068455546,,L4_BANK_COUNTRY,950.0,Observed drop is within normal variation.
2026-08-31 10:02:00,L4_BANK_COUNTRY,,,,MX,BBVA,0,10,40,36,4,0.9,SUSPECTED_FRAUD,,0,0.0,,1,True,fast_1m,False,normal,0.9166666666666666,0.016666666666666607,0.38138503569823545,,L4_BANK_COUNTRY,120.0,Observed drop is within normal variation.
2026-08-31 10:02:00,L4_BANK_COUNTRY,,,,MX,Banorte,0,10,42,39,3,0.9285714285714286,SUSPECTED_FRAUD,,0,0.0,,1,True,fast_1m,False,normal,0.9323308270676692,0.003759398496240629,0.09699794920789707,,L4_BANK_COUNTRY,133.0,Observed drop is within normal variation.
2026-08-31 10:02:00,L4_BANK_COUNTRY,,,,MX,Citibanamex,0,10,84,71,13,0.8452380952380952,DO_NOT_HONOR,,0,0.0,,5,True,fallback_5m,False,normal,0.8879310344827587,0.04269293924466344,1.240404688410593,,L4_BANK_COUNTRY,116.0,Observed drop is within normal variation.
2026-08-31 10:02:00,L4_BANK_COUNTRY,,,,MX,Santander,0,10,36,29,7,0.8055555555555556,SUSPECTED_FRAUD,,0,0.0,,1,True,fast_1m,True,confirmed_anomaly,0.9596774193548387,0.15412186379928317,4.7008750203605185,high,L4_BANK_COUNTRY,124.0,Approval rate is meaningfully below the historical baseline.
2026-08-31 10:02:00,L4_BANK_COUNTRY,,,,MX,,0,10,248,224,24,0.9032258064516128,SUSPECTED_FRAUD,,0,0.0,,1,True,fast_1m,False,normal,0.872636815920398,-0.030588990531214888,-1.4449481580020929,,L4_BANK_COUNTRY,1005.0,Observed drop is within normal variation.
2026-08-31 10:02:00,L5_PROVIDER_METHOD_COUNTRY,,Adyen,PIX,BR,,0,10,43,41,2,0.9534883720930232,DO_NOT_HONOR,,0,0.0,,1,True,fast_1m,False,normal,0.9011627906976744,-0.05232558139534893,-1.1497050195065524,,L5_PROVIDER_METHOD_COUNTRY,172.0,Observed drop is within normal variation.
2026-08-31 10:02:00,L5_PROVIDER_METHOD_COUNTRY,,Adyen,PSE,CO,,0,10,35,28,7,0.8,DO_NOT_HONOR,,0,0.0,,1,True,fast_1m,False,potential_anomaly,0.9,0.09999999999999998,1.9720265943665385,,L5_PROVIDER_METHOD_COUNTRY,160.0,"A conversion drop exists, but the statistical evidence is not yet strong enough."
2026-08-31 10:02:00,L5_PROVIDER_METHOD_COUNTRY,,Adyen,card,BR,,0,10,42,37,5,0.8809523809523809,DO_NOT_HONOR,,0,0.0,,1,True,fast_1m,False,normal,0.9193548387096774,0.03840245775729645,0.9140141618451357,,L5_PROVIDER_METHOD_COUNTRY,186.0,Observed drop is within normal variation.
2026-08-31 10:02:00,L5_PROVIDER_METHOD_COUNTRY,,Adyen,card,CO,,0,10,37,32,5,0.8648648648648649,DO_NOT_HONOR,,0,0.0,,1,True,fast_1m,False,normal,0.9144736842105264,0.049608819345661526,1.0790070069701396,,L5_PROVIDER_METHOD_COUNTRY,152.0,Observed drop is within normal variation.
2026-08-31 10:02:00,L5_PROVIDER_METHOD_COUNTRY,,Adyen,card,MX,,0,10,47,41,6,0.8723404255319149,SUSPECTED_FRAUD,,0,0.0,,1,True,fast_1m,True,confirmed_anomaly,0.9545454545454546,0.08220502901353965,2.70557980983673,medium,L5_PROVIDER_METHOD_COUNTRY,154.0,Approval rate is meaningfully below the historical baseline.
2026-08-31 10:02:00,L5_PROVIDER_METHOD_COUNTRY,,Adyen,cash_in_store,MX,,0,10,41,38,3,0.926829268292683,SUSPECTED_FRAUD,,0,0.0,,1,True,fast_1m,False,normal,0.8865979381443299,-0.04023133014835312,-0.8124235165839083,,L5_PROVIDER_METHOD_COUNTRY,194.0,Observed drop is within normal variation.
2026-08-31 10:02:00,L5_PROVIDER_METHOD_COUNTRY,,Adyen,wallet,BR,,0,10,50,47,3,0.94,INVALID_CARD,,0,0.0,,1,True,fast_1m,False,normal,0.9025974025974026,-0.037402597402597326,-0.891978642838814,,L5_PROVIDER_METHOD_COUNTRY,154.0,Observed drop is within normal variation.
2026-08-31 10:02:00,L5_PROVIDER_METHOD_COUNTRY,,Adyen,wallet,CO,,0,10,44,41,3,0.9318181818181818,INSUFFICIENT_FUNDS,,0,0.0,,1,True,fast_1m,False,normal,0.903846153846154,-0.027972027972027802,-0.6293898061189245,,L5_PROVIDER_METHOD_COUNTRY,156.0,Observed drop is within normal variation.
2026-08-31 10:02:00,L5_PROVIDER_METHOD_COUNTRY,,Adyen,wallet,MX,,0,10,34,31,3,0.9117647058823528,SUSPECTED_FRAUD,,0,0.0,,1,True,fast_1m,False,normal,0.9,-0.0117647058823529,-0.228664780190011,,L5_PROVIDER_METHOD_COUNTRY,160.0,Observed drop is within normal variation.
2026-08-31 10:02:00,L5_PROVIDER_METHOD_COUNTRY,,Stripe,PIX,BR,,0,10,52,48,4,0.9230769230769232,INSUFFICIENT_FUNDS,,0,0.0,,1,True,fast_1m,False,normal,0.9689119170984456,0.04583499402152247,1.9044068345475096,,L5_PROVIDER_METHOD_COUNTRY,193.0,Observed drop is within normal variation.
2026-08-31 10:02:00,L5_PROVIDER_METHOD_COUNTRY,,Stripe,PSE,CO,,0,10,45,38,7,0.8444444444444444,INSUFFICIENT_FUNDS,,0,0.0,,1,True,fast_1m,False,normal,0.8881987577639752,0.043754313319530724,0.9314268091961037,,L5_PROVIDER_METHOD_COUNTRY,161.0,Observed drop is within normal variation.
2026-08-31 10:02:00,L5_PROVIDER_METHOD_COUNTRY,,Stripe,card,BR,,0,10,40,37,3,0.925,DO_NOT_HONOR,,0,0.0,,1,True,fast_1m,False,normal,0.9055555555555556,-0.019444444444444486,-0.4205133396027209,,L5_PROVIDER_METHOD_COUNTRY,180.0,Observed drop is within normal variation.
2026-08-31 10:02:00,L5_PROVIDER_METHOD_COUNTRY,,Stripe,card,CO,,0,10,51,46,5,0.9019607843137256,DO_NOT_HONOR,,0,0.0,,1,True,fast_1m,False,normal,0.8524590163934426,-0.049501767920282935,-0.9968107346384601,,L5_PROVIDER_METHOD_COUNTRY,183.0,Observed drop is within normal variation.
2026-08-31 10:02:00,L5_PROVIDER_METHOD_COUNTRY,,Stripe,card,MX,,0,10,52,48,4,0.9230769230769232,DO_NOT_HONOR,,0,0.0,,1,True,fast_1m,False,normal,0.92,-0.003076923076923088,-0.08178608201095339,,L5_PROVIDER_METHOD_COUNTRY,175.0,Observed drop is within normal variation.
2026-08-31 10:02:00,L5_PROVIDER_METHOD_COUNTRY,,Stripe,cash_in_store,MX,,0,10,46,40,6,0.8695652173913043,DO_NOT_HONOR,,0,0.0,,1,True,fast_1m,False,normal,0.8,-0.06956521739130428,-1.179535649239176,,L5_PROVIDER_METHOD_COUNTRY,170.0,Observed drop is within normal variation.
2026-08-31 10:02:00,L5_PROVIDER_METHOD_COUNTRY,,Stripe,wallet,BR,,0,10,50,48,2,0.96,INVALID_CARD,,0,0.0,,1,True,fast_1m,False,normal,0.9090909090909092,-0.05090909090909079,-1.2521980673998798,,L5_PROVIDER_METHOD_COUNTRY,165.0,Observed drop is within normal variation.
2026-08-31 10:02:00,L5_PROVIDER_METHOD_COUNTRY,,Stripe,wallet,CO,,0,10,42,38,4,0.9047619047619048,DO_NOT_HONOR,,0,0.0,,1,True,fast_1m,False,normal,0.9106145251396648,0.0058526203777600205,0.1329456824585526,,L5_PROVIDER_METHOD_COUNTRY,179.0,Observed drop is within normal variation.
2026-08-31 10:02:00,L5_PROVIDER_METHOD_COUNTRY,,Stripe,wallet,MX,,0,10,49,46,3,0.9387755102040816,DO_NOT_HONOR,,0,0.0,,1,True,fast_1m,False,normal,0.9025974025974026,-0.036178107606679055,-0.8541056157628861,,L5_PROVIDER_METHOD_COUNTRY,154.0,Observed drop is within normal variation.
2026-08-31 10:02:00,L5_PROVIDER_METHOD_COUNTRY,,dLocal,PIX,BR,,0,10,43,41,2,0.9534883720930232,DO_NOT_HONOR,,0,0.0,,1,True,fast_1m,False,normal,0.9567901234567902,0.0033017513637668694,0.10648262263367221,,L5_PROVIDER_METHOD_COUNTRY,162.0,Observed drop is within normal variation.
2026-08-31 10:02:00,L5_PROVIDER_METHOD_COUNTRY,,dLocal,PSE,CO,,0,10,47,42,5,0.8936170212765957,INSUFFICIENT_FUNDS,,0,0.0,,1,True,fast_1m,False,normal,0.875,-0.018617021276595702,-0.38592249249397903,,L5_PROVIDER_METHOD_COUNTRY,144.0,Observed drop is within normal variation.
2026-08-31 10:02:00,L5_PROVIDER_METHOD_COUNTRY,,dLocal,card,BR,,0,10,54,49,5,0.9074074074074074,SUSPECTED_FRAUD,,0,0.0,,1,True,fast_1m,False,normal,0.8606060606060606,-0.046801346801346844,-0.9929584703200659,,L5_PROVIDER_METHOD_COUNTRY,165.0,Observed drop is within normal variation.
2026-08-31 10:02:00,L5_PROVIDER_METHOD_COUNTRY,,dLocal,card,CO,,0,10,50,42,8,0.84,SUSPECTED_FRAUD,,0,0.0,,1,True,fast_1m,False,normal,0.8734177215189873,0.033417721518987364,0.7106641107167789,,L5_PROVIDER_METHOD_COUNTRY,158.0,Observed drop is within normal variation.
2026-08-31 10:02:00,L5_PROVIDER_METHOD_COUNTRY,,dLocal,card,MX,,0,10,40,33,7,0.825,SUSPECTED_FRAUD,,0,0.0,,1,True,fast_1m,False,potential_anomaly,0.902439024390244,0.07743902439024408,1.6506039025893702,,L5_PROVIDER_METHOD_COUNTRY,164.0,"A conversion drop exists, but the statistical evidence is not yet strong enough."
2026-08-31 10:02:00,L5_PROVIDER_METHOD_COUNTRY,,dLocal,cash_in_store,MX,,0,10,42,36,6,0.8571428571428571,SUSPECTED_FRAUD,,0,0.0,,1,True,fast_1m,False,normal,0.8280254777070064,-0.029117379435850688,-0.5000610463343936,,L5_PROVIDER_METHOD_COUNTRY,157.0,Observed drop is within normal variation.
2026-08-31 10:02:00,L5_PROVIDER_METHOD_COUNTRY,,dLocal,wallet,BR,,0,10,52,46,6,0.8846153846153846,INSUFFICIENT_FUNDS,,0,0.0,,1,True,fast_1m,False,normal,0.9261363636363636,0.041520979020979065,1.1447652730593236,,L5_PROVIDER_METHOD_COUNTRY,176.0,Observed drop is within normal variation.
2026-08-31 10:02:00,L5_PROVIDER_METHOD_COUNTRY,,dLocal,wallet,CO,,0,10,36,36,0,1.0,,,0,0.0,,1,True,fast_1m,False,normal,0.9133333333333332,-0.08666666666666678,-1.8482582054898575,,L5_PROVIDER_METHOD_COUNTRY,150.0,Observed drop is within normal variation.
2026-08-31 10:02:00,L5_PROVIDER_METHOD_COUNTRY,,dLocal,wallet,MX,,0,10,36,33,3,0.9166666666666666,INSUFFICIENT_FUNDS,,0,0.0,,1,True,fast_1m,False,normal,0.9176470588235294,0.0009803921568627416,0.02139802462554557,,L5_PROVIDER_METHOD_COUNTRY,170.0,Observed drop is within normal variation.
2026-08-31 10:02:00,L6_MERCHANT_BANK_COUNTRY,Merchant_A,,,BR,Banco do Brasil,0,10,36,32,4,0.8888888888888888,INVALID_CARD,,0,0.0,,5,True,fallback_5m,False,potential_anomaly,0.9433962264150944,0.05450733752620551,1.4152607402747268,,L6_MERCHANT_BANK_COUNTRY,53.0,"A conversion drop exists, but the statistical evidence is not yet strong enough."
2026-08-31 10:02:00,L6_MERCHANT_BANK_COUNTRY,Merchant_A,,,BR,Bradesco,0,10,27,27,0,1.0,,,0,0.0,,5,False,insufficient_data,False,insufficient_data,,,,,,,Insufficient live transaction volume.
2026-08-31 10:02:00,L6_MERCHANT_BANK_COUNTRY,Merchant_A,,,BR,Itau,0,10,42,37,5,0.8809523809523809,DO_NOT_HONOR,,0,0.0,,5,True,fallback_5m,False,normal,0.9,0.01904761904761909,0.4114755998989127,,L6_MERCHANT_BANK_COUNTRY,50.0,Observed drop is within normal variation.
2026-08-31 10:02:00,L6_MERCHANT_BANK_COUNTRY,Merchant_A,,,BR,Nubank,0,10,34,31,3,0.9117647058823528,DO_NOT_HONOR,,0,0.0,,5,True,fallback_5m,False,normal,0.8333333333333334,-0.07843137254901955,-1.227143982155792,,L6_MERCHANT_BANK_COUNTRY,36.0,Observed drop is within normal variation.
2026-08-31 10:02:00,L6_MERCHANT_BANK_COUNTRY,Merchant_A,,,BR,,0,10,113,104,9,0.9203539823008848,INVALID_CARD,,0,0.0,,1,True,fast_1m,False,normal,0.9304347826086956,0.010080800307810667,0.4212066232099668,,L6_MERCHANT_BANK_COUNTRY,345.0,Observed drop is within normal variation.
2026-08-31 10:02:00,L6_MERCHANT_BANK_COUNTRY,Merchant_A,,,CO,Banco de Bogota,0,10,51,44,7,0.8627450980392157,DO_NOT_HONOR,,0,0.0,,5,True,fallback_5m,True,confirmed_anomaly,0.9365079365079364,0.07376283846872067,2.16026612961175,medium,L6_MERCHANT_BANK_COUNTRY,63.0,Approval rate is meaningfully below the historical baseline.
2026-08-31 10:02:00,L6_MERCHANT_BANK_COUNTRY,Merchant_A,,,CO,Bancolombia,0,10,37,35,2,0.945945945945946,INVALID_CARD,,0,0.0,,5,True,fallback_5m,False,normal,0.8363636363636363,-0.10958230958230963,-1.8017885820118251,,L6_MERCHANT_BANK_COUNTRY,55.0,Observed drop is within normal variation.
2026-08-31 10:02:00,L6_MERCHANT_BANK_COUNTRY,Merchant_A,,,CO,Davivienda,0,10,41,35,6,0.8536585365853658,INSUFFICIENT_FUNDS,,0,0.0,,5,True,fallback_5m,False,normal,0.8571428571428571,0.0034843205574912606,0.0637576713063333,,L6_MERCHANT_BANK_COUNTRY,56.0,Observed drop is within normal variation.
2026-08-31 10:02:00,L6_MERCHANT_BANK_COUNTRY,Merchant_A,,,CO,,0,10,87,78,9,0.896551724137931,INSUFFICIENT_FUNDS,,0,0.0,,1,True,fast_1m,False,normal,0.9006211180124224,0.004069393874491345,0.12687359237576082,,L6_MERCHANT_BANK_COUNTRY,322.0,Observed drop is within normal variation.
2026-08-31 10:02:00,L6_MERCHANT_BANK_COUNTRY,Merchant_A,,,MX,BBVA,0,10,41,39,2,0.951219512195122,DO_NOT_HONOR,,0,0.0,,5,True,fallback_5m,False,normal,0.945945945945946,-0.005273566249175854,-0.14933067858930735,,L6_MERCHANT_BANK_COUNTRY,37.0,Observed drop is within normal variation.
2026-08-31 10:02:00,L6_MERCHANT_BANK_COUNTRY,Merchant_A,,,MX,Banorte,0,10,36,33,3,0.9166666666666666,SUSPECTED_FRAUD,,0,0.0,,5,True,fallback_5m,False,normal,0.8947368421052632,-0.021929824561403466,-0.42874646285627127,,L6_MERCHANT_BANK_COUNTRY,38.0,Observed drop is within normal variation.
2026-08-31 10:02:00,L6_MERCHANT_BANK_COUNTRY,Merchant_A,,,MX,Citibanamex,0,10,23,20,3,0.8695652173913043,INSUFFICIENT_FUNDS,,0,0.0,,5,False,insufficient_data,False,insufficient_data,,,,,,,Insufficient live transaction volume.
2026-08-31 10:02:00,L6_MERCHANT_BANK_COUNTRY,Merchant_A,,,MX,Santander,0,10,41,36,5,0.8780487804878049,DO_NOT_HONOR,,0,0.0,,5,True,fallback_5m,True,confirmed_anomaly,0.9491525423728814,0.0711037618850765,2.0724395786610845,medium,L6_MERCHANT_BANK_COUNTRY,59.0,Approval rate is meaningfully below the historical baseline.
2026-08-31 10:02:00,L6_MERCHANT_BANK_COUNTRY,Merchant_A,,,MX,,0,10,82,77,5,0.9390243902439024,DO_NOT_HONOR,,0,0.0,,1,True,fast_1m,False,normal,0.8876080691642652,-0.05141632107963723,-1.4741094766733762,,L6_MERCHANT_BANK_COUNTRY,347.0,Observed drop is within normal variation.
2026-08-31 10:02:00,L6_MERCHANT_BANK_COUNTRY,Merchant_B,,,BR,Banco do Brasil,0,10,32,30,2,0.9375,DO_NOT_HONOR,,0,0.0,,5,True,fallback_5m,False,normal,0.8913043478260869,-0.04619565217391308,-0.8395701571521518,,L6_MERCHANT_BANK_COUNTRY,46.0,Observed drop is within normal variation.
2026-08-31 10:02:00,L6_MERCHANT_BANK_COUNTRY,Merchant_B,,,BR,Bradesco,0,10,28,26,2,0.9285714285714286,DO_NOT_HONOR,,0,0.0,,5,False,insufficient_data,False,insufficient_data,,,,,,,Insufficient live transaction volume.
2026-08-31 10:02:00,L6_MERCHANT_BANK_COUNTRY,Merchant_B,,,BR,Itau,0,10,24,22,2,0.9166666666666666,INSUFFICIENT_FUNDS,,0,0.0,,5,False,insufficient_data,False,insufficient_data,,,,,,,Insufficient live transaction volume.
2026-08-31 10:02:00,L6_MERCHANT_BANK_COUNTRY,Merchant_B,,,BR,Nubank,0,10,46,43,3,0.9347826086956522,INSUFFICIENT_FUNDS,,0,0.0,,5,True,fallback_5m,False,normal,0.8571428571428571,-0.07763975155279512,-1.5048231635721165,,L6_MERCHANT_BANK_COUNTRY,42.0,Observed drop is within normal variation.
2026-08-31 10:02:00,L6_MERCHANT_BANK_COUNTRY,Merchant_B,,,BR,,0,10,94,90,4,0.9574468085106383,INVALID_CARD,,0,0.0,,1,True,fast_1m,False,normal,0.935672514619883,-0.02177429389075536,-0.8604938755532255,,L6_MERCHANT_BANK_COUNTRY,342.0,Observed drop is within normal variation.
2026-08-31 10:02:00,L6_MERCHANT_BANK_COUNTRY,Merchant_B,,,CO,Banco de Bogota,0,10,43,38,5,0.8837209302325582,INSUFFICIENT_FUNDS,,0,0.0,,5,True,fallback_5m,True,confirmed_anomaly,0.9534883720930232,0.06976744186046502,2.172443830141974,medium,L6_MERCHANT_BANK_COUNTRY,43.0,Approval rate is meaningfully below the historical baseline.
2026-08-31 10:02:00,L6_MERCHANT_BANK_COUNTRY,Merchant_B,,,CO,Bancolombia,0,10,51,45,6,0.8823529411764706,DO_NOT_HONOR,,0,0.0,,5,True,fallback_5m,False,normal,0.8333333333333334,-0.04901960784313719,-0.939336436627723,,L6_MERCHANT_BANK_COUNTRY,60.0,Observed drop is within normal variation.
2026-08-31 10:02:00,L6_MERCHANT_BANK_COUNTRY,Merchant_B,,,CO,Davivienda,0,10,40,38,2,0.95,INSUFFICIENT_FUNDS,,0,0.0,,5,True,fallback_5m,False,normal,0.847457627118644,-0.10254237288135593,-1.80376150184983,,L6_MERCHANT_BANK_COUNTRY,59.0,Observed drop is within normal variation.
2026-08-31 10:02:00,L6_MERCHANT_BANK_COUNTRY,Merchant_B,,,CO,,0,10,87,78,9,0.896551724137931,DO_NOT_HONOR,,0,0.0,,1,True,fast_1m,False,normal,0.9078947368421052,0.011343012704174149,0.3658710710185561,,L6_MERCHANT_BANK_COUNTRY,304.0,Observed drop is within normal variation.
2026-08-31 10:02:00,L6_MERCHANT_BANK_COUNTRY,Merchant_B,,,MX,BBVA,0,10,33,29,4,0.8787878787878788,DO_NOT_HONOR,,0,0.0,,5,True,fallback_5m,False,normal,0.9090909090909092,0.030303030303030387,0.6055300708195003,,L6_MERCHANT_BANK_COUNTRY,44.0,Observed drop is within normal variation.
2026-08-31 10:02:00,L6_MERCHANT_BANK_COUNTRY,Merchant_B,,,MX,Banorte,0,10,32,27,5,0.84375,INSUFFICIENT_FUNDS,,0,0.0,,5,True,fallback_5m,True,confirmed_anomaly,0.9574468085106383,0.11369680851063835,3.1863968679372032,high,L6_MERCHANT_BANK_COUNTRY,47.0,Approval rate is meaningfully below the historical baseline.
2026-08-31 10:02:00,L6_MERCHANT_BANK_COUNTRY,Merchant_B,,,MX,Citibanamex,0,10,35,30,5,0.8571428571428571,INVALID_CARD,,0,0.0,,5,True,fallback_5m,False,normal,0.8780487804878049,0.020905923344947785,0.37796447300922814,,L6_MERCHANT_BANK_COUNTRY,41.0,Observed drop is within normal variation.
2026-08-31 10:02:00,L6_MERCHANT_BANK_COUNTRY,Merchant_B,,,MX,Santander,0,10,30,26,4,0.8666666666666667,INSUFFICIENT_FUNDS,,0,0.0,,5,True,fallback_5m,True,confirmed_anomaly,0.975609756097561,0.10894308943089426,3.8682468035704893,high,L6_MERCHANT_BANK_COUNTRY,41.0,Approval rate is meaningfully below the historical baseline.
2026-08-31 10:02:00,L6_MERCHANT_BANK_COUNTRY,Merchant_B,,,MX,,0,10,92,82,10,0.8913043478260869,SUSPECTED_FRAUD,,0,0.0,,1,True,fast_1m,False,normal,0.8580060422960725,-0.03329830553001445,-0.9150312838335811,,L6_MERCHANT_BANK_COUNTRY,331.0,Observed drop is within normal variation.
2026-08-31 10:02:00,L6_MERCHANT_BANK_COUNTRY,Merchant_C,,,BR,Banco do Brasil,0,10,30,25,5,0.8333333333333334,DO_NOT_HONOR,,0,0.0,,5,True,fallback_5m,False,normal,0.8444444444444444,0.011111111111111072,0.1679151235648663,,L6_MERCHANT_BANK_COUNTRY,45.0,Observed drop is within normal variation.
2026-08-31 10:02:00,L6_MERCHANT_BANK_COUNTRY,Merchant_C,,,BR,Bradesco,0,10,32,31,1,0.96875,INSUFFICIENT_FUNDS,,0,0.0,,5,True,fallback_5m,False,normal,0.9333333333333332,-0.03541666666666676,-0.8031745051446095,,L6_MERCHANT_BANK_COUNTRY,45.0,Observed drop is within normal variation.
2026-08-31 10:02:00,L6_MERCHANT_BANK_COUNTRY,Merchant_C,,,BR,Itau,0,10,35,31,4,0.8857142857142857,DO_NOT_HONOR,,0,0.0,,5,True,fallback_5m,True,confirmed_anomaly,0.9607843137254902,0.07507002801120455,2.2880090521544134,medium,L6_MERCHANT_BANK_COUNTRY,51.0,Approval rate is meaningfully below the historical baseline.
2026-08-31 10:02:00,L6_MERCHANT_BANK_COUNTRY,Merchant_C,,,BR,Nubank,0,10,29,24,5,0.8275862068965517,INVALID_CARD,,0,0.0,,5,False,insufficient_data,False,insufficient_data,,,,,,,Insufficient live transaction volume.
2026-08-31 10:02:00,L6_MERCHANT_BANK_COUNTRY,Merchant_C,,,BR,,0,10,83,77,6,0.927710843373494,SUSPECTED_FRAUD,,0,0.0,,1,True,fast_1m,False,normal,0.9194029850746268,-0.008307858298867155,-0.27804538648895427,,L6_MERCHANT_BANK_COUNTRY,335.0,Observed drop is within normal variation.
2026-08-31 10:02:00,L6_MERCHANT_BANK_COUNTRY,Merchant_C,,,CO,Banco de Bogota,0,10,48,43,5,0.8958333333333334,DO_NOT_HONOR,,0,0.0,,5,True,fallback_5m,False,normal,0.8928571428571429,-0.0029761904761904656,-0.06666666666666644,,L6_MERCHANT_BANK_COUNTRY,56.0,Observed drop is within normal variation.
2026-08-31 10:02:00,L6_MERCHANT_BANK_COUNTRY,Merchant_C,,,CO,Bancolombia,0,10,39,31,8,0.7948717948717948,DO_NOT_HONOR,,0,0.0,,5,True,fallback_5m,False,potential_anomaly,0.890625,0.09575320512820518,1.9159278464714635,,L6_MERCHANT_BANK_COUNTRY,64.0,"A conversion drop exists, but the statistical evidence is not yet strong enough."
2026-08-31 10:02:00,L6_MERCHANT_BANK_COUNTRY,Merchant_C,,,CO,Davivienda,0,10,43,40,3,0.9302325581395348,DO_NOT_HONOR,,0,0.0,,5,True,fallback_5m,False,normal,0.8648648648648649,-0.06536769327466996,-1.2538313376430705,,L6_MERCHANT_BANK_COUNTRY,37.0,Observed drop is within normal variation.
2026-08-31 10:02:00,L6_MERCHANT_BANK_COUNTRY,Merchant_C,,,CO,,0,10,75,67,8,0.8933333333333333,INSUFFICIENT_FUNDS,,0,0.0,,1,True,fast_1m,False,normal,0.8888888888888888,-0.004444444444444473,-0.12247448713915968,,L6_MERCHANT_BANK_COUNTRY,324.0,Observed drop is within normal variation.
2026-08-31 10:02:00,L6_MERCHANT_BANK_COUNTRY,Merchant_C,,,MX,BBVA,0,10,39,36,3,0.9230769230769232,DO_NOT_HONOR,,0,0.0,,5,True,fallback_5m,False,normal,0.8974358974358975,-0.02564102564102566,-0.527798662911748,,L6_MERCHANT_BANK_COUNTRY,39.0,Observed drop is within normal variation.
2026-08-31 10:02:00,L6_MERCHANT_BANK_COUNTRY,Merchant_C,,,MX,Banorte,0,10,41,34,7,0.8292682926829268,DO_NOT_HONOR,,0,0.0,,5,True,fallback_5m,True,confirmed_anomaly,0.9375,0.10823170731707321,2.8629963268365684,medium,L6_MERCHANT_BANK_COUNTRY,48.0,Approval rate is meaningfully below the historical baseline.
2026-08-31 10:02:00,L6_MERCHANT_BANK_COUNTRY,Merchant_C,,,MX,Citibanamex,0,10,26,21,5,0.8076923076923077,DO_NOT_HONOR,,0,0.0,,5,False,insufficient_data,False,insufficient_data,,,,,,,Insufficient live transaction volume.
2026-08-31 10:02:00,L6_MERCHANT_BANK_COUNTRY,Merchant_C,,,MX,Santander,0,10,34,31,3,0.9117647058823528,DO_NOT_HONOR,,0,0.0,,5,True,fallback_5m,False,normal,0.9035,-0.008264705882352952,-0.16320712943171595,,L6_GLOBAL,455992.0,Observed drop is within normal variation.
2026-08-31 10:02:00,L6_MERCHANT_BANK_COUNTRY,Merchant_C,,,MX,,0,10,74,65,9,0.8783783783783784,SUSPECTED_FRAUD,,0,0.0,,1,True,fast_1m,False,normal,0.8715596330275229,-0.006818745350855471,-0.1753157803532992,,L6_MERCHANT_BANK_COUNTRY,327.0,Observed drop is within normal variation.
2026-08-31 10:03:00,L1_PROVIDER_COUNTRY,,Adyen,,BR,,0,10,119,63,56,0.5294117647058824,PROCESSOR_ERROR,INC-001,119,1.0,INC-001,1,True,fast_1m,True,confirmed_anomaly,0.908203125,0.37879136029411764,14.310938027691533,critical,L1_PROVIDER_COUNTRY,512.0,Approval rate is meaningfully below the historical baseline.
2026-08-31 10:03:00,L1_PROVIDER_COUNTRY,,Adyen,,CO,,0,10,116,109,7,0.9396551724137931,INSUFFICIENT_FUNDS,,0,0.0,,1,True,fast_1m,False,normal,0.905982905982906,-0.033672266430887166,-1.2426188295566358,,L1_PROVIDER_COUNTRY,468.0,Observed drop is within normal variation.
2026-08-31 10:03:00,L1_PROVIDER_COUNTRY,,Adyen,,MX,,0,10,145,138,7,0.9517241379310344,INSUFFICIENT_FUNDS,,0,0.0,,1,True,fast_1m,False,normal,0.9114173228346456,-0.04030681509638889,-1.7081635253575913,,L1_PROVIDER_COUNTRY,508.0,Observed drop is within normal variation.
2026-08-31 10:03:00,L1_PROVIDER_COUNTRY,,Stripe,,BR,,0,10,141,129,12,0.9148936170212766,INVALID_CARD,,0,0.0,,1,True,fast_1m,False,normal,0.929368029739777,0.014474412718500362,0.6708354170546724,,L1_PROVIDER_COUNTRY,538.0,Observed drop is within normal variation.
2026-08-31 10:03:00,L1_PROVIDER_COUNTRY,,Stripe,,CO,,0,10,130,116,14,0.8923076923076924,DO_NOT_HONOR,,0,0.0,,1,True,fast_1m,False,normal,0.8833652007648184,-0.008942491542873965,-0.31764790681424565,,L1_PROVIDER_COUNTRY,523.0,Observed drop is within normal variation.
2026-08-31 10:03:00,L1_PROVIDER_COUNTRY,,Stripe,,MX,,0,10,136,117,19,0.8602941176470589,DO_NOT_HONOR,,0,0.0,,1,True,fast_1m,False,normal,0.87374749498998,0.013453377342921069,0.47237597789715874,,L1_PROVIDER_COUNTRY,499.0,Observed drop is within normal variation.
2026-08-31 10:03:00,L1_PROVIDER_COUNTRY,,dLocal,,BR,,0,10,137,122,15,0.8905109489051095,INSUFFICIENT_FUNDS,,0,0.0,,1,True,fast_1m,False,normal,0.9145129224652088,0.024001973560099255,1.0047594002177587,,L1_PROVIDER_COUNTRY,503.0,Observed drop is within normal variation.
2026-08-31 10:03:00,L1_PROVIDER_COUNTRY,,dLocal,,CO,,0,10,143,129,14,0.902097902097902,INSUFFICIENT_FUNDS,,0,0.0,,1,True,fast_1m,False,normal,0.8871681415929203,-0.014929760504981737,-0.5642895663026726,,L1_PROVIDER_COUNTRY,452.0,Observed drop is within normal variation.
2026-08-31 10:03:00,L1_PROVIDER_COUNTRY,,dLocal,,MX,,0,10,133,118,15,0.8872180451127819,DO_NOT_HONOR,,0,0.0,,1,True,fast_1m,False,normal,0.8839103869653768,-0.0033076581474050792,-0.11908186783688504,,L1_PROVIDER_COUNTRY,491.0,Observed drop is within normal variation.
2026-08-31 10:03:00,L2_METHOD_COUNTRY,,,PIX,BR,,0,10,125,102,23,0.816,PROCESSOR_ERROR,INC-001,41,0.328,INC-001,1,True,fast_1m,True,confirmed_anomaly,0.9430740037950665,0.1270740037950665,6.1317369251828895,high,L2_METHOD_COUNTRY,527.0,Approval rate is meaningfully below the historical baseline.
2026-08-31 10:03:00,L2_METHOD_COUNTRY,,,PSE,CO,,0,10,134,120,14,0.8955223880597015,INSUFFICIENT_FUNDS,,0,0.0,,1,True,fast_1m,False,normal,0.8881720430107527,-0.007350345048948825,-0.26998297659152404,,L2_METHOD_COUNTRY,465.0,Observed drop is within normal variation.
2026-08-31 10:03:00,L2_METHOD_COUNTRY,,,card,BR,,0,10,129,105,24,0.813953488372093,PROCESSOR_ERROR,INC-001,29,0.2248062015503876,INC-001,1,True,fast_1m,True,confirmed_anomaly,0.896421845574388,0.08246835720229495,3.0739153133766917,medium,L2_METHOD_COUNTRY,531.0,Approval rate is meaningfully below the historical baseline.
2026-08-31 10:03:00,L2_METHOD_COUNTRY,,,card,CO,,0,10,127,119,8,0.937007874015748,INSUFFICIENT_FUNDS,,0,0.0,,1,True,fast_1m,False,normal,0.8782961460446247,-0.05871172797112334,-2.0237369855571083,,L2_METHOD_COUNTRY,493.0,Observed drop is within normal variation.
2026-08-31 10:03:00,L2_METHOD_COUNTRY,,,card,MX,,0,10,143,127,16,0.8881118881118881,SUSPECTED_FRAUD,,0,0.0,,1,True,fast_1m,False,normal,0.924949290060852,0.0368374019489639,1.6719398438447146,,L2_METHOD_COUNTRY,493.0,Observed drop is within normal variation.
2026-08-31 10:03:00,L2_METHOD_COUNTRY,,,cash_in_store,MX,,0,10,134,114,20,0.8507462686567164,DO_NOT_HONOR,,0,0.0,,1,True,fast_1m,False,normal,0.8406909788867563,-0.010055289769960174,-0.31805967548933634,,L2_METHOD_COUNTRY,521.0,Observed drop is within normal variation.
2026-08-31 10:03:00,L2_METHOD_COUNTRY,,,wallet,BR,,0,10,143,107,36,0.7482517482517482,PROCESSOR_ERROR,INC-001,49,0.3426573426573426,INC-001,1,True,fast_1m,True,confirmed_anomaly,0.9131313131313132,0.164879564879565,7.000621623848863,high,L2_METHOD_COUNTRY,495.0,Approval rate is meaningfully below the historical baseline.
2026-08-31 10:03:00,L2_METHOD_COUNTRY,,,wallet,CO,,0,10,128,115,13,0.8984375,DO_NOT_HONOR,,0,0.0,,1,True,fast_1m,False,normal,0.909278350515464,0.010840850515464018,0.42703595865275956,,L2_METHOD_COUNTRY,485.0,Observed drop is within normal variation.
2026-08-31 10:03:00,L2_METHOD_COUNTRY,,,wallet,MX,,0,10,137,132,5,0.9635036496350364,SUSPECTED_FRAUD,,0,0.0,,1,True,fast_1m,False,normal,0.9070247933884298,-0.05647885624660676,-2.276423296495594,,L2_METHOD_COUNTRY,484.0,Observed drop is within normal variation.
2026-08-31 10:03:00,L3_MERCHANT_COUNTRY,Merchant_A,,,BR,,0,10,138,109,29,0.7898550724637681,PROCESSOR_ERROR,INC-001,43,0.3115942028985507,INC-001,1,True,fast_1m,True,confirmed_anomaly,0.918560606060606,0.1287055335968379,5.527968862467017,high,L3_MERCHANT_COUNTRY,528.0,Approval rate is meaningfully below the historical baseline.
2026-08-31 10:03:00,L3_MERCHANT_COUNTRY,Merchant_A,,,CO,,0,10,133,122,11,0.9172932330827068,DO_NOT_HONOR,,0,0.0,,1,True,fast_1m,False,normal,0.8931451612903226,-0.024148071792384096,-0.9014676730955024,,L3_MERCHANT_COUNTRY,496.0,Observed drop is within normal variation.
2026-08-31 10:03:00,L3_MERCHANT_COUNTRY,Merchant_A,,,MX,,0,10,149,138,11,0.9261744966442952,SUSPECTED_FRAUD,,0,0.0,,1,True,fast_1m,False,normal,0.8972868217054264,-0.0288876749388689,-1.1615208071512415,,L3_MERCHANT_COUNTRY,516.0,Observed drop is within normal variation.
2026-08-31 10:03:00,L3_MERCHANT_COUNTRY,Merchant_B,,,BR,,0,10,137,105,32,0.7664233576642335,PROCESSOR_ERROR,INC-001,37,0.2700729927007299,INC-001,1,True,fast_1m,True,confirmed_anomaly,0.9155206286836935,0.14909727101946002,6.275098889360469,high,L3_MERCHANT_COUNTRY,509.0,Approval rate is meaningfully below the historical baseline.
2026-08-31 10:03:00,L3_MERCHANT_COUNTRY,Merchant_B,,,CO,,0,10,124,113,11,0.9112903225806452,DO_NOT_HONOR,,0,0.0,,1,True,fast_1m,False,normal,0.8948497854077253,-0.016440537172919822,-0.5968245719136206,,L3_MERCHANT_COUNTRY,466.0,Observed drop is within normal variation.
2026-08-31 10:03:00,L3_MERCHANT_COUNTRY,Merchant_B,,,MX,,0,10,130,117,13,0.9,DO_NOT_HONOR,,0,0.0,,1,True,fast_1m,False,normal,0.8829365079365079,-0.017063492063492114,-0.6051515027398774,,L3_MERCHANT_COUNTRY,504.0,Observed drop is within normal variation.
2026-08-31 10:03:00,L3_MERCHANT_COUNTRY,Merchant_C,,,BR,,0,10,122,100,22,0.819672131147541,PROCESSOR_ERROR,INC-001,39,0.319672131147541,INC-001,1,True,fast_1m,True,confirmed_anomaly,0.9186046511627908,0.09893252001524977,3.996270457679841,medium,L3_MERCHANT_COUNTRY,516.0,Approval rate is meaningfully below the historical baseline.
2026-08-31 10:03:00,L3_MERCHANT_COUNTRY,Merchant_C,,,CO,,0,10,132,119,13,0.9015151515151516,INSUFFICIENT_FUNDS,,0,0.0,,1,True,fast_1m,False,normal,0.8877338877338877,-0.013781263781263764,-0.5015454212809826,,L3_MERCHANT_COUNTRY,481.0,Observed drop is within normal variation.
2026-08-31 10:03:00,L3_MERCHANT_COUNTRY,Merchant_C,,,MX,,0,10,135,118,17,0.8740740740740741,DO_NOT_HONOR,,0,0.0,,1,True,fast_1m,False,normal,0.8891213389121339,0.015047264838059737,0.5568265643343384,,L3_MERCHANT_COUNTRY,478.0,Observed drop is within normal variation.
2026-08-31 10:03:00,L4_BANK_COUNTRY,,,,BR,Banco do Brasil,0,10,33,25,8,0.7575757575757576,PROCESSOR_ERROR,INC-001,10,0.303030303030303,INC-001,1,True,fast_1m,True,confirmed_anomaly,0.8958333333333334,0.1382575757575758,2.599967474182632,medium,L4_BANK_COUNTRY,144.0,Approval rate is meaningfully below the historical baseline.
2026-08-31 10:03:00,L4_BANK_COUNTRY,,,,BR,Bradesco,0,10,32,27,5,0.84375,INSUFFICIENT_FUNDS,INC-001,4,0.125,INC-001,1,True,fast_1m,False,potential_anomaly,0.8968253968253969,0.05307539682539686,0.9870243940890674,,L4_BANK_COUNTRY,126.0,"A conversion drop exists, but the statistical evidence is not yet strong enough."
2026-08-31 10:03:00,L4_BANK_COUNTRY,,,,BR,Itau,0,10,126,111,15,0.8809523809523809,DO_NOT_HONOR,INC-001,8,0.0634920634920634,INC-001,5,True,fallback_5m,False,normal,0.916083916083916,0.03513153513153511,1.422303132732721,,L4_BANK_COUNTRY,143.0,Observed drop is within normal variation.
2026-08-31 10:03:00,L4_BANK_COUNTRY,,,,BR,Nubank,0,10,39,32,7,0.8205128205128205,PROCESSOR_ERROR,INC-001,7,0.1794871794871795,INC-001,1,True,fast_1m,False,potential_anomaly,0.8728813559322034,0.05236853541938291,0.9817942791840124,,L4_BANK_COUNTRY,118.0,"A conversion drop exists, but the statistical evidence is not yet strong enough."
2026-08-31 10:03:00,L4_BANK_COUNTRY,,,,BR,,0,10,268,209,59,0.7798507462686567,PROCESSOR_ERROR,INC-001,90,0.3358208955223881,INC-001,1,True,fast_1m,True,confirmed_anomaly,0.9285714285714286,0.1487206823027719,9.45355435862518,high,L4_BANK_COUNTRY,1022.0,Approval rate is meaningfully below the historical baseline.
2026-08-31 10:03:00,L4_BANK_COUNTRY,,,,CO,Banco de Bogota,0,10,36,34,2,0.9444444444444444,INSUFFICIENT_FUNDS,,0,0.0,,1,True,fast_1m,False,normal,0.925925925925926,-0.01851851851851838,-0.4242640687119256,,L4_BANK_COUNTRY,162.0,Observed drop is within normal variation.
2026-08-31 10:03:00,L4_BANK_COUNTRY,,,,CO,Bancolombia,0,10,59,55,4,0.9322033898305084,INVALID_CARD,,0,0.0,,1,True,fast_1m,False,normal,0.8547486033519553,-0.07745478647855308,-1.6884760641615646,,L4_BANK_COUNTRY,179.0,Observed drop is within normal variation.
2026-08-31 10:03:00,L4_BANK_COUNTRY,,,,CO,Davivienda,0,10,32,30,2,0.9375,INSUFFICIENT_FUNDS,,0,0.0,,1,True,fast_1m,False,normal,0.8552631578947368,-0.08223684210526316,-1.322214713369863,,L4_BANK_COUNTRY,152.0,Observed drop is within normal variation.
2026-08-31 10:03:00,L4_BANK_COUNTRY,,,,CO,,0,10,262,235,27,0.8969465648854962,DO_NOT_HONOR,,0,0.0,,1,True,fast_1m,False,normal,0.8989473684210526,0.002000803535556428,0.1074519113816019,,L4_BANK_COUNTRY,950.0,Observed drop is within normal variation.
2026-08-31 10:03:00,L4_BANK_COUNTRY,,,,MX,BBVA,0,10,35,34,1,0.9714285714285714,DO_NOT_HONOR,,0,0.0,,1,True,fast_1m,False,normal,0.9166666666666666,-0.05476190476190479,-1.172188540306539,,L4_BANK_COUNTRY,120.0,Observed drop is within normal variation.
2026-08-31 10:03:00,L4_BANK_COUNTRY,,,,MX,Banorte,0,10,31,30,1,0.967741935483871,SUSPECTED_FRAUD,,0,0.0,,1,True,fast_1m,False,normal,0.9323308270676692,-0.035411108416201764,-0.7849462365591394,,L4_BANK_COUNTRY,133.0,Observed drop is within normal variation.
2026-08-31 10:03:00,L4_BANK_COUNTRY,,,,MX,Citibanamex,0,10,43,31,12,0.7209302325581395,SUSPECTED_FRAUD,,0,0.0,,1,True,fast_1m,True,confirmed_anomaly,0.8879310344827587,0.1670008019246192,3.471526502446157,high,L4_BANK_COUNTRY,116.0,Approval rate is meaningfully below the historical baseline.
2026-08-31 10:03:00,L4_BANK_COUNTRY,,,,MX,Santander,0,10,34,32,2,0.9411764705882352,INVALID_CARD,,0,0.0,,1,True,fast_1m,False,normal,0.9596774193548387,0.018500948766603464,0.5483990089887235,,L4_BANK_COUNTRY,124.0,Observed drop is within normal variation.
2026-08-31 10:03:00,L4_BANK_COUNTRY,,,,MX,,0,10,271,246,25,0.9077490774907748,DO_NOT_HONOR,,0,0.0,,1,True,fast_1m,False,normal,0.872636815920398,-0.035112261570376946,-1.733822876448008,,L4_BANK_COUNTRY,1005.0,Observed drop is within normal variation.
2026-08-31 10:03:00,L5_PROVIDER_METHOD_COUNTRY,,Adyen,PIX,BR,,0,10,41,22,19,0.5365853658536586,PROCESSOR_ERROR,INC-001,41,1.0,INC-001,1,True,fast_1m,True,confirmed_anomaly,0.9011627906976744,0.3645774248440158,7.822036506084142,critical,L5_PROVIDER_METHOD_COUNTRY,172.0,Approval rate is meaningfully below the historical baseline.
2026-08-31 10:03:00,L5_PROVIDER_METHOD_COUNTRY,,Adyen,PSE,CO,,0,10,35,33,2,0.9428571428571428,INVALID_CARD,,0,0.0,,1,True,fast_1m,False,normal,0.9,-0.042857142857142816,-0.8451542547285159,,L5_PROVIDER_METHOD_COUNTRY,160.0,Observed drop is within normal variation.
2026-08-31 10:03:00,L5_PROVIDER_METHOD_COUNTRY,,Adyen,card,BR,,0,10,146,124,22,0.8493150684931506,DO_NOT_HONOR,INC-001,29,0.1986301369863013,INC-001,5,True,fallback_5m,True,confirmed_anomaly,0.9193548387096774,0.07003977021652674,3.1080671986183197,medium,L5_PROVIDER_METHOD_COUNTRY,186.0,Approval rate is meaningfully below the historical baseline.
2026-08-31 10:03:00,L5_PROVIDER_METHOD_COUNTRY,,Adyen,card,CO,,0,10,37,36,1,0.972972972972973,SUSPECTED_FRAUD,,0,0.0,,1,True,fast_1m,False,normal,0.9144736842105264,-0.05849928876244659,-1.272377438326792,,L5_PROVIDER_METHOD_COUNTRY,152.0,Observed drop is within normal variation.
2026-08-31 10:03:00,L5_PROVIDER_METHOD_COUNTRY,,Adyen,card,MX,,0,10,46,44,2,0.9565217391304348,DO_NOT_HONOR,,0,0.0,,1,True,fast_1m,False,normal,0.9545454545454546,-0.0019762845849802257,-0.06434894520877835,,L5_PROVIDER_METHOD_COUNTRY,154.0,Observed drop is within normal variation.
2026-08-31 10:03:00,L5_PROVIDER_METHOD_COUNTRY,,Adyen,cash_in_store,MX,,0,10,54,49,5,0.9074074074074074,INSUFFICIENT_FUNDS,,0,0.0,,1,True,fast_1m,False,normal,0.8865979381443299,-0.020809469263077585,-0.4822631181583931,,L5_PROVIDER_METHOD_COUNTRY,194.0,Observed drop is within normal variation.
2026-08-31 10:03:00,L5_PROVIDER_METHOD_COUNTRY,,Adyen,wallet,BR,,0,10,49,26,23,0.5306122448979592,PROCESSOR_ERROR,INC-001,49,1.0,INC-001,1,True,fast_1m,True,confirmed_anomaly,0.9025974025974026,0.3719851576994434,8.781957741561978,critical,L5_PROVIDER_METHOD_COUNTRY,154.0,Approval rate is meaningfully below the historical baseline.
2026-08-31 10:03:00,L5_PROVIDER_METHOD_COUNTRY,,Adyen,wallet,CO,,0,10,44,40,4,0.9090909090909092,INSUFFICIENT_FUNDS,,0,0.0,,1,True,fast_1m,False,normal,0.903846153846154,-0.005244755244755095,-0.11801058864729567,,L5_PROVIDER_METHOD_COUNTRY,156.0,Observed drop is within normal variation.
2026-08-31 10:03:00,L5_PROVIDER_METHOD_COUNTRY,,Adyen,wallet,MX,,0,10,45,45,0,1.0,,,0,0.0,,1,True,fast_1m,False,normal,0.9,-0.09999999999999998,-2.2360679774997894,,L5_PROVIDER_METHOD_COUNTRY,160.0,Observed drop is within normal variation.
2026-08-31 10:03:00,L5_PROVIDER_METHOD_COUNTRY,,Stripe,PIX,BR,,0,10,42,40,2,0.9523809523809524,INSUFFICIENT_FUNDS,,0,0.0,,1,True,fast_1m,False,normal,0.9689119170984456,0.01653096471749327,0.6172821586521087,,L5_PROVIDER_METHOD_COUNTRY,193.0,Observed drop is within normal variation.
2026-08-31 10:03:00,L5_PROVIDER_METHOD_COUNTRY,,Stripe,PSE,CO,,0,10,50,46,4,0.92,SUSPECTED_FRAUD,,0,0.0,,1,True,fast_1m,False,normal,0.8881987577639752,-0.031801242236024874,-0.7135931818727181,,L5_PROVIDER_METHOD_COUNTRY,161.0,Observed drop is within normal variation.
2026-08-31 10:03:00,L5_PROVIDER_METHOD_COUNTRY,,Stripe,card,BR,,0,10,54,49,5,0.9074074074074074,INVALID_CARD,,0,0.0,,1,True,fast_1m,False,normal,0.9055555555555556,-0.0018518518518518823,-0.04653260460398358,,L5_PROVIDER_METHOD_COUNTRY,180.0,Observed drop is within normal variation.
2026-08-31 10:03:00,L5_PROVIDER_METHOD_COUNTRY,,Stripe,card,CO,,0,10,48,43,5,0.8958333333333334,INSUFFICIENT_FUNDS,,0,0.0,,1,True,fast_1m,False,normal,0.8524590163934426,-0.0433743169398908,-0.8473448138852543,,L5_PROVIDER_METHOD_COUNTRY,183.0,Observed drop is within normal variation.
2026-08-31 10:03:00,L5_PROVIDER_METHOD_COUNTRY,,Stripe,card,MX,,0,10,58,48,10,0.8275862068965517,DO_NOT_HONOR,,0,0.0,,1,True,fast_1m,True,confirmed_anomaly,0.92,0.09241379310344833,2.5942503604189286,medium,L5_PROVIDER_METHOD_COUNTRY,175.0,Approval rate is meaningfully below the historical baseline.
2026-08-31 10:03:00,L5_PROVIDER_METHOD_COUNTRY,,Stripe,cash_in_store,MX,,0,10,39,32,7,0.8205128205128205,DO_NOT_HONOR,,0,0.0,,1,True,fast_1m,False,normal,0.8,-0.02051282051282044,-0.32025630761017315,,L5_PROVIDER_METHOD_COUNTRY,170.0,Observed drop is within normal variation.
2026-08-31 10:03:00,L5_PROVIDER_METHOD_COUNTRY,,Stripe,wallet,BR,,0,10,45,40,5,0.8888888888888888,DO_NOT_HONOR,,0,0.0,,1,True,fast_1m,False,normal,0.9090909090909092,0.020202020202020332,0.4714045207910349,,L5_PROVIDER_METHOD_COUNTRY,165.0,Observed drop is within normal variation.
2026-08-31 10:03:00,L5_PROVIDER_METHOD_COUNTRY,,Stripe,wallet,CO,,0,10,32,27,5,0.84375,DO_NOT_HONOR,,0,0.0,,1,True,fast_1m,False,potential_anomaly,0.9106145251396648,0.06686452513966479,1.325775506644471,,L5_PROVIDER_METHOD_COUNTRY,179.0,"A conversion drop exists, but the statistical evidence is not yet strong enough."
2026-08-31 10:03:00,L5_PROVIDER_METHOD_COUNTRY,,Stripe,wallet,MX,,0,10,39,37,2,0.9487179487179488,INSUFFICIENT_FUNDS,,0,0.0,,1,True,fast_1m,False,normal,0.9025974025974026,-0.04612054612054606,-0.9713918063499227,,L5_PROVIDER_METHOD_COUNTRY,154.0,Observed drop is within normal variation.
2026-08-31 10:03:00,L5_PROVIDER_METHOD_COUNTRY,,dLocal,PIX,BR,,0,10,42,40,2,0.9523809523809524,DO_NOT_HONOR,,0,0.0,,1,True,fast_1m,False,normal,0.9567901234567902,0.0044091710758378255,0.1405341076679926,,L5_PROVIDER_METHOD_COUNTRY,162.0,Observed drop is within normal variation.
2026-08-31 10:03:00,L5_PROVIDER_METHOD_COUNTRY,,dLocal,PSE,CO,,0,10,49,41,8,0.8367346938775511,INSUFFICIENT_FUNDS,,0,0.0,,1,True,fast_1m,False,normal,0.875,0.03826530612244894,0.8099238707340576,,L5_PROVIDER_METHOD_COUNTRY,144.0,Observed drop is within normal variation.
2026-08-31 10:03:00,L5_PROVIDER_METHOD_COUNTRY,,dLocal,card,BR,,0,10,46,41,5,0.8913043478260869,INVALID_CARD,,0,0.0,,1,True,fast_1m,False,normal,0.8606060606060606,-0.03069828722002632,-0.6011307094764513,,L5_PROVIDER_METHOD_COUNTRY,165.0,Observed drop is within normal variation.
2026-08-31 10:03:00,L5_PROVIDER_METHOD_COUNTRY,,dLocal,card,CO,,0,10,42,40,2,0.9523809523809524,INSUFFICIENT_FUNDS,,0,0.0,,1,True,fast_1m,False,normal,0.8734177215189873,-0.078963230861965,-1.5390477727896927,,L5_PROVIDER_METHOD_COUNTRY,158.0,Observed drop is within normal variation.
2026-08-31 10:03:00,L5_PROVIDER_METHOD_COUNTRY,,dLocal,card,MX,,0,10,39,35,4,0.8974358974358975,SUSPECTED_FRAUD,,0,0.0,,1,True,fast_1m,False,normal,0.902439024390244,0.005003126954346571,0.10529962529853353,,L5_PROVIDER_METHOD_COUNTRY,164.0,Observed drop is within normal variation.
2026-08-31 10:03:00,L5_PROVIDER_METHOD_COUNTRY,,dLocal,cash_in_store,MX,,0,10,41,33,8,0.8048780487804879,DO_NOT_HONOR,,0,0.0,,1,True,fast_1m,False,normal,0.8280254777070064,0.023147428926518554,0.39277223664585287,,L5_PROVIDER_METHOD_COUNTRY,157.0,Observed drop is within normal variation.
2026-08-31 10:03:00,L5_PROVIDER_METHOD_COUNTRY,,dLocal,wallet,BR,,0,10,49,41,8,0.8367346938775511,INSUFFICIENT_FUNDS,,0,0.0,,1,True,fast_1m,True,confirmed_anomaly,0.9261363636363636,0.08940166975881259,2.392714380065823,medium,L5_PROVIDER_METHOD_COUNTRY,176.0,Approval rate is meaningfully below the historical baseline.
2026-08-31 10:03:00,L5_PROVIDER_METHOD_COUNTRY,,dLocal,wallet,CO,,0,10,52,48,4,0.9230769230769232,DO_NOT_HONOR,,0,0.0,,1,True,fast_1m,False,normal,0.9133333333333332,-0.009743589743589909,-0.24973531533259577,,L5_PROVIDER_METHOD_COUNTRY,150.0,Observed drop is within normal variation.
2026-08-31 10:03:00,L5_PROVIDER_METHOD_COUNTRY,,dLocal,wallet,MX,,0,10,53,50,3,0.9433962264150944,SUSPECTED_FRAUD,,0,0.0,,1,True,fast_1m,False,normal,0.9176470588235294,-0.02574916759156498,-0.6819047773490706,,L5_PROVIDER_METHOD_COUNTRY,170.0,Observed drop is within normal variation.
2026-08-31 10:03:00,L6_MERCHANT_BANK_COUNTRY,Merchant_A,,,BR,Banco do Brasil,0,10,49,43,6,0.8775510204081632,INVALID_CARD,INC-001,5,0.1020408163265306,INC-001,5,True,fallback_5m,False,potential_anomaly,0.9433962264150944,0.06584520600693111,1.9945845048377322,,L6_MERCHANT_BANK_COUNTRY,53.0,"A conversion drop exists, but the statistical evidence is not yet strong enough."
2026-08-31 10:03:00,L6_MERCHANT_BANK_COUNTRY,Merchant_A,,,BR,Bradesco,0,10,39,38,1,0.9743589743589745,INSUFFICIENT_FUNDS,INC-001,1,0.0256410256410256,INC-001,5,True,fallback_5m,False,normal,0.8863636363636364,-0.08799533799533799,-1.731519305653683,,L6_MERCHANT_BANK_COUNTRY,44.0,Observed drop is within normal variation.
2026-08-31 10:03:00,L6_MERCHANT_BANK_COUNTRY,Merchant_A,,,BR,Itau,0,10,50,43,7,0.86,INVALID_CARD,INC-001,3,0.06,INC-001,5,True,fallback_5m,False,normal,0.9,0.040000000000000036,0.9428090415820644,,L6_MERCHANT_BANK_COUNTRY,50.0,Observed drop is within normal variation.
2026-08-31 10:03:00,L6_MERCHANT_BANK_COUNTRY,Merchant_A,,,BR,Nubank,0,10,50,44,6,0.88,DO_NOT_HONOR,INC-001,3,0.06,INC-001,5,True,fallback_5m,False,normal,0.8333333333333334,-0.046666666666666634,-0.8854377448471457,,L6_MERCHANT_BANK_COUNTRY,36.0,Observed drop is within normal variation.
2026-08-31 10:03:00,L6_MERCHANT_BANK_COUNTRY,Merchant_A,,,BR,,0,10,89,68,21,0.7640449438202247,PROCESSOR_ERROR,INC-001,31,0.348314606741573,INC-001,1,True,fast_1m,True,confirmed_anomaly,0.9304347826086956,0.1663898387884709,6.169965878812487,high,L6_MERCHANT_BANK_COUNTRY,345.0,Approval rate is meaningfully below the historical baseline.
2026-08-31 10:03:00,L6_MERCHANT_BANK_COUNTRY,Merchant_A,,,CO,Banco de Bogota,0,10,62,55,7,0.8870967741935484,DO_NOT_HONOR,,0,0.0,,5,True,fallback_5m,False,normal,0.9365079365079364,0.049411162314388024,1.5955317940580744,,L6_MERCHANT_BANK_COUNTRY,63.0,Observed drop is within normal variation.
2026-08-31 10:03:00,L6_MERCHANT_BANK_COUNTRY,Merchant_A,,,CO,Bancolombia,0,10,56,54,2,0.9642857142857144,INVALID_CARD,,0,0.0,,5,True,fallback_5m,False,normal,0.8363636363636363,-0.127922077922078,-2.587629167151715,,L6_MERCHANT_BANK_COUNTRY,55.0,Observed drop is within normal variation.
2026-08-31 10:03:00,L6_MERCHANT_BANK_COUNTRY,Merchant_A,,,CO,Davivienda,0,10,51,45,6,0.8823529411764706,INSUFFICIENT_FUNDS,,0,0.0,,5,True,fallback_5m,False,normal,0.8571428571428571,-0.025210084033613467,-0.5144957554275269,,L6_MERCHANT_BANK_COUNTRY,56.0,Observed drop is within normal variation.
2026-08-31 10:03:00,L6_MERCHANT_BANK_COUNTRY,Merchant_A,,,CO,,0,10,93,82,11,0.8817204301075269,DO_NOT_HONOR,,0,0.0,,1,True,fast_1m,False,normal,0.9006211180124224,0.01890068790489552,0.6092576188488135,,L6_MERCHANT_BANK_COUNTRY,322.0,Observed drop is within normal variation.
2026-08-31 10:03:00,L6_MERCHANT_BANK_COUNTRY,Merchant_A,,,MX,BBVA,0,10,54,51,3,0.9444444444444444,DO_NOT_HONOR,,0,0.0,,5,True,fallback_5m,False,normal,0.945945945945946,0.0015015015015016342,0.048795003647431015,,L6_MERCHANT_BANK_COUNTRY,37.0,Observed drop is within normal variation.
2026-08-31 10:03:00,L6_MERCHANT_BANK_COUNTRY,Merchant_A,,,MX,Banorte,0,10,47,44,3,0.9361702127659576,SUSPECTED_FRAUD,,0,0.0,,5,True,fallback_5m,False,normal,0.8947368421052632,-0.0414333706606943,-0.9255786675573812,,L6_MERCHANT_BANK_COUNTRY,38.0,Observed drop is within normal variation.
2026-08-31 10:03:00,L6_MERCHANT_BANK_COUNTRY,Merchant_A,,,MX,Citibanamex,0,10,36,29,7,0.8055555555555556,SUSPECTED_FRAUD,,0,0.0,,5,True,fallback_5m,False,potential_anomaly,0.8571428571428571,0.051587301587301515,0.8845379626717018,,L6_MERCHANT_BANK_COUNTRY,35.0,"A conversion drop exists, but the statistical evidence is not yet strong enough."
2026-08-31 10:03:00,L6_MERCHANT_BANK_COUNTRY,Merchant_A,,,MX,Santander,0,10,50,44,6,0.88,DO_NOT_HONOR,,0,0.0,,5,True,fallback_5m,True,confirmed_anomaly,0.9491525423728814,0.06915254237288138,2.2258224804071234,medium,L6_MERCHANT_BANK_COUNTRY,59.0,Approval rate is meaningfully below the historical baseline.
2026-08-31 10:03:00,L6_MERCHANT_BANK_COUNTRY,Merchant_A,,,MX,,0,10,103,98,5,0.9514563106796116,DO_NOT_HONOR,,0,0.0,,1,True,fast_1m,False,normal,0.8876080691642652,-0.06384824151534652,-2.051584295518827,,L6_MERCHANT_BANK_COUNTRY,347.0,Observed drop is within normal variation.
2026-08-31 10:03:00,L6_MERCHANT_BANK_COUNTRY,Merchant_B,,,BR,Banco do Brasil,0,10,46,40,6,0.8695652173913043,DO_NOT_HONOR,INC-001,3,0.0652173913043478,INC-001,5,True,fallback_5m,False,normal,0.8913043478260869,0.021739130434782594,0.47369847361210554,,L6_MERCHANT_BANK_COUNTRY,46.0,Observed drop is within normal variation.
2026-08-31 10:03:00,L6_MERCHANT_BANK_COUNTRY,Merchant_B,,,BR,Bradesco,0,10,34,31,3,0.9117647058823528,DO_NOT_HONOR,INC-001,1,0.0294117647058823,INC-001,5,True,fallback_5m,False,normal,0.8648648648648649,-0.04689984101748801,-0.7999310632062936,,L6_MERCHANT_BANK_COUNTRY,37.0,Observed drop is within normal variation.
2026-08-31 10:03:00,L6_MERCHANT_BANK_COUNTRY,Merchant_B,,,BR,Itau,0,10,32,30,2,0.9375,INSUFFICIENT_FUNDS,INC-001,3,0.09375,INC-001,5,True,fallback_5m,False,normal,0.8809523809523809,-0.05654761904761907,-0.9877629653290694,,L6_MERCHANT_BANK_COUNTRY,42.0,Observed drop is within normal variation.
2026-08-31 10:03:00,L6_MERCHANT_BANK_COUNTRY,Merchant_B,,,BR,Nubank,0,10,58,53,5,0.913793103448276,DO_NOT_HONOR,INC-001,3,0.0517241379310344,INC-001,5,True,fallback_5m,False,normal,0.8571428571428571,-0.05665024630541882,-1.232929415063466,,L6_MERCHANT_BANK_COUNTRY,42.0,Observed drop is within normal variation.
2026-08-31 10:03:00,L6_MERCHANT_BANK_COUNTRY,Merchant_B,,,BR,,0,10,97,72,25,0.7422680412371134,PROCESSOR_ERROR,INC-001,27,0.2783505154639175,INC-001,1,True,fast_1m,True,confirmed_anomaly,0.935672514619883,0.19340447338276956,7.764118560382837,high,L6_MERCHANT_BANK_COUNTRY,342.0,Approval rate is meaningfully below the historical baseline.
2026-08-31 10:03:00,L6_MERCHANT_BANK_COUNTRY,Merchant_B,,,CO,Banco de Bogota,0,10,57,52,5,0.912280701754386,INSUFFICIENT_FUNDS,,0,0.0,,5,True,fallback_5m,False,normal,0.9534883720930232,0.04120767033863726,1.4773283082146818,,L6_MERCHANT_BANK_COUNTRY,43.0,Observed drop is within normal variation.
2026-08-31 10:03:00,L6_MERCHANT_BANK_COUNTRY,Merchant_B,,,CO,Bancolombia,0,10,69,60,9,0.8695652173913043,DO_NOT_HONOR,,0,0.0,,5,True,fallback_5m,False,normal,0.8333333333333334,-0.03623188405797095,-0.8075728530872469,,L6_MERCHANT_BANK_COUNTRY,60.0,Observed drop is within normal variation.
2026-08-31 10:03:00,L6_MERCHANT_BANK_COUNTRY,Merchant_B,,,CO,Davivienda,0,10,50,48,2,0.96,INSUFFICIENT_FUNDS,,0,0.0,,5,True,fallback_5m,False,normal,0.847457627118644,-0.11254237288135593,-2.2133333333333334,,L6_MERCHANT_BANK_COUNTRY,59.0,Observed drop is within normal variation.
2026-08-31 10:03:00,L6_MERCHANT_BANK_COUNTRY,Merchant_B,,,CO,,0,10,82,74,8,0.902439024390244,DO_NOT_HONOR,,0,0.0,,1,True,fast_1m,False,normal,0.9078947368421052,0.005455712451861272,0.17084348639591612,,L6_MERCHANT_BANK_COUNTRY,304.0,Observed drop is within normal variation.
2026-08-31 10:03:00,L6_MERCHANT_BANK_COUNTRY,Merchant_B,,,MX,BBVA,0,10,45,41,4,0.9111111111111112,DO_NOT_HONOR,,0,0.0,,5,True,fallback_5m,False,normal,0.9090909090909092,-0.002020202020201922,-0.0471404520791009,,L6_MERCHANT_BANK_COUNTRY,44.0,Observed drop is within normal variation.
2026-08-31 10:03:00,L6_MERCHANT_BANK_COUNTRY,Merchant_B,,,MX,Banorte,0,10,43,38,5,0.8837209302325582,INSUFFICIENT_FUNDS,,0,0.0,,5,True,fallback_5m,True,confirmed_anomaly,0.9574468085106383,0.07372587827808019,2.395139350113049,medium,L6_MERCHANT_BANK_COUNTRY,47.0,Approval rate is meaningfully below the historical baseline.
2026-08-31 10:03:00,L6_MERCHANT_BANK_COUNTRY,Merchant_B,,,MX,Citibanamex,0,10,55,45,10,0.8181818181818182,INVALID_CARD,,0,0.0,,5,True,fallback_5m,False,potential_anomaly,0.8780487804878049,0.05986696230598665,1.3568010505999353,,L6_MERCHANT_BANK_COUNTRY,41.0,"A conversion drop exists, but the statistical evidence is not yet strong enough."
2026-08-31 10:03:00,L6_MERCHANT_BANK_COUNTRY,Merchant_B,,,MX,Santander,0,10,39,35,4,0.8974358974358975,INSUFFICIENT_FUNDS,,0,0.0,,5,True,fallback_5m,True,confirmed_anomaly,0.975609756097561,0.07817385866166349,3.1648105221364546,medium,L6_MERCHANT_BANK_COUNTRY,41.0,Approval rate is meaningfully below the historical baseline.
2026-08-31 10:03:00,L6_MERCHANT_BANK_COUNTRY,Merchant_B,,,MX,,0,10,78,70,8,0.8974358974358975,DO_NOT_HONOR,,0,0.0,,1,True,fast_1m,False,normal,0.8580060422960725,-0.039429855139825,-0.9976825532656108,,L6_MERCHANT_BANK_COUNTRY,331.0,Observed drop is within normal variation.
2026-08-31 10:03:00,L6_MERCHANT_BANK_COUNTRY,Merchant_C,,,BR,Banco do Brasil,0,10,36,29,7,0.8055555555555556,DO_NOT_HONOR,INC-001,2,0.0555555555555555,INC-001,5,True,fallback_5m,False,normal,0.8444444444444444,0.03888888888888886,0.6437963064592136,,L6_MERCHANT_BANK_COUNTRY,45.0,Observed drop is within normal variation.
2026-08-31 10:03:00,L6_MERCHANT_BANK_COUNTRY,Merchant_C,,,BR,Bradesco,0,10,46,42,4,0.9130434782608696,INSUFFICIENT_FUNDS,INC-001,2,0.0434782608695652,INC-001,5,True,fallback_5m,False,normal,0.9333333333333332,0.020289855072463725,0.5516772843673688,,L6_MERCHANT_BANK_COUNTRY,45.0,Observed drop is within normal variation.
2026-08-31 10:03:00,L6_MERCHANT_BANK_COUNTRY,Merchant_C,,,BR,Itau,0,10,44,38,6,0.8636363636363636,DO_NOT_HONOR,INC-001,2,0.0454545454545454,INC-001,5,True,fallback_5m,True,confirmed_anomaly,0.9607843137254902,0.09714795008912658,3.3198397261087926,medium,L6_MERCHANT_BANK_COUNTRY,51.0,Approval rate is meaningfully below the historical baseline.
2026-08-31 10:03:00,L6_MERCHANT_BANK_COUNTRY,Merchant_C,,,BR,Nubank,0,10,40,33,7,0.825,INVALID_CARD,INC-001,1,0.025,INC-001,5,True,fallback_5m,True,confirmed_anomaly,0.925,0.10000000000000009,2.4012009007506596,medium,L6_MERCHANT_BANK_COUNTRY,40.0,Approval rate is meaningfully below the historical baseline.
2026-08-31 10:03:00,L6_MERCHANT_BANK_COUNTRY,Merchant_C,,,BR,,0,10,82,69,13,0.8414634146341463,PROCESSOR_ERROR,INC-001,32,0.3902439024390244,INC-001,1,True,fast_1m,True,confirmed_anomaly,0.9194029850746268,0.0779395704404805,2.592701391529129,medium,L6_MERCHANT_BANK_COUNTRY,335.0,Approval rate is meaningfully below the historical baseline.
2026-08-31 10:03:00,L6_MERCHANT_BANK_COUNTRY,Merchant_C,,,CO,Banco de Bogota,0,10,59,52,7,0.8813559322033898,DO_NOT_HONOR,,0,0.0,,5,True,fallback_5m,False,normal,0.8928571428571429,0.011501210653753091,0.2856254906410766,,L6_MERCHANT_BANK_COUNTRY,56.0,Observed drop is within normal variation.
2026-08-31 10:03:00,L6_MERCHANT_BANK_COUNTRY,Merchant_C,,,CO,Bancolombia,0,10,61,52,9,0.8524590163934426,DO_NOT_HONOR,,0,0.0,,5,True,fallback_5m,False,normal,0.890625,0.03816598360655743,0.9550693392562126,,L6_MERCHANT_BANK_COUNTRY,64.0,Observed drop is within normal variation.
2026-08-31 10:03:00,L6_MERCHANT_BANK_COUNTRY,Merchant_C,,,CO,Davivienda,0,10,55,50,5,0.9090909090909092,INSUFFICIENT_FUNDS,,0,0.0,,5,True,fallback_5m,False,normal,0.8648648648648649,-0.04422604422604415,-0.9594032236002454,,L6_MERCHANT_BANK_COUNTRY,37.0,Observed drop is within normal variation.
2026-08-31 10:03:00,L6_MERCHANT_BANK_COUNTRY,Merchant_C,,,CO,,0,10,87,79,8,0.9080459770114944,INVALID_CARD,,0,0.0,,1,True,fast_1m,False,normal,0.8888888888888888,-0.019157088122605415,-0.5685735326841789,,L6_MERCHANT_BANK_COUNTRY,324.0,Observed drop is within normal variation.
2026-08-31 10:03:00,L6_MERCHANT_BANK_COUNTRY,Merchant_C,,,MX,BBVA,0,10,49,46,3,0.9387755102040816,DO_NOT_HONOR,,0,0.0,,5,True,fallback_5m,False,normal,0.8974358974358975,-0.04133961276818421,-0.9538169446221835,,L6_MERCHANT_BANK_COUNTRY,39.0,Observed drop is within normal variation.
2026-08-31 10:03:00,L6_MERCHANT_BANK_COUNTRY,Merchant_C,,,MX,Banorte,0,10,50,42,8,0.84,SUSPECTED_FRAUD,,0,0.0,,5,True,fallback_5m,True,confirmed_anomaly,0.9375,0.09750000000000003,2.848157299026865,medium,L6_MERCHANT_BANK_COUNTRY,48.0,Approval rate is meaningfully below the historical baseline.
2026-08-31 10:03:00,L6_MERCHANT_BANK_COUNTRY,Merchant_C,,,MX,Citibanamex,0,10,36,28,8,0.7777777777777778,DO_NOT_HONOR,,0,0.0,,5,True,fallback_5m,True,confirmed_anomaly,0.925,0.14722222222222225,3.3536915849921645,high,L6_MERCHANT_BANK_COUNTRY,40.0,Approval rate is meaningfully below the historical baseline.
2026-08-31 10:03:00,L6_MERCHANT_BANK_COUNTRY,Merchant_C,,,MX,Santander,0,10,50,46,4,0.92,DO_NOT_HONOR,,0,0.0,,5,True,fallback_5m,False,normal,0.9035,-0.01650000000000007,-0.39513109796311474,,L6_GLOBAL,455992.0,Observed drop is within normal variation.
2026-08-31 10:03:00,L6_MERCHANT_BANK_COUNTRY,Merchant_C,,,MX,,0,10,90,78,12,0.8666666666666667,DO_NOT_HONOR,,0,0.0,,1,True,fast_1m,False,normal,0.8715596330275229,0.004892966360856232,0.13873759512385814,,L6_MERCHANT_BANK_COUNTRY,327.0,Observed drop is within normal variation.
2026-08-31 10:04:00,L1_PROVIDER_COUNTRY,,Adyen,,BR,,0,10,125,77,48,0.616,PROCESSOR_ERROR,INC-001,125,1.0,INC-001,1,True,fast_1m,True,confirmed_anomaly,0.908203125,0.292203125,11.314475289941988,critical,L1_PROVIDER_COUNTRY,512.0,Approval rate is meaningfully below the historical baseline.
2026-08-31 10:04:00,L1_PROVIDER_COUNTRY,,Adyen,,CO,,0,10,150,139,11,0.9266666666666666,DO_NOT_HONOR,,0,0.0,,1,True,fast_1m,False,normal,0.905982905982906,-0.020683760683760655,-0.8679840012437396,,L1_PROVIDER_COUNTRY,468.0,Observed drop is within normal variation.
2026-08-31 10:04:00,L1_PROVIDER_COUNTRY,,Adyen,,MX,,0,10,147,125,22,0.8503401360544217,INSUFFICIENT_FUNDS,INC-002,4,0.0272108843537414,INC-002,1,True,fast_1m,True,confirmed_anomaly,0.9114173228346456,0.06107718678022389,2.60618146911181,medium,L1_PROVIDER_COUNTRY,508.0,Approval rate is meaningfully below the historical baseline.
2026-08-31 10:04:00,L1_PROVIDER_COUNTRY,,Stripe,,BR,,0,10,119,112,7,0.9411764705882352,INVALID_CARD,,0,0.0,,1,True,fast_1m,False,normal,0.929368029739777,-0.011808440848458335,-0.5027724990077654,,L1_PROVIDER_COUNTRY,538.0,Observed drop is within normal variation.
2026-08-31 10:04:00,L1_PROVIDER_COUNTRY,,Stripe,,CO,,0,10,144,130,14,0.9027777777777778,INSUFFICIENT_FUNDS,,0,0.0,,1,True,fast_1m,False,normal,0.8833652007648184,-0.019412577012959398,-0.7257385978107054,,L1_PROVIDER_COUNTRY,523.0,Observed drop is within normal variation.
2026-08-31 10:04:00,L1_PROVIDER_COUNTRY,,Stripe,,MX,,0,10,94,90,4,0.9574468085106383,INVALID_CARD,INC-002,1,0.0106382978723404,INC-002,1,True,fast_1m,False,normal,0.87374749498998,-0.0836993135206584,-2.443277800908724,,L1_PROVIDER_COUNTRY,499.0,Observed drop is within normal variation.
2026-08-31 10:04:00,L1_PROVIDER_COUNTRY,,dLocal,,BR,,0,10,130,118,12,0.9076923076923076,INVALID_CARD,,0,0.0,,1,True,fast_1m,False,normal,0.9145129224652088,0.006820614772901079,0.2781314109289946,,L1_PROVIDER_COUNTRY,503.0,Observed drop is within normal variation.
2026-08-31 10:04:00,L1_PROVIDER_COUNTRY,,dLocal,,CO,,0,10,145,127,18,0.8758620689655172,INVALID_CARD,,0,0.0,,1,True,fast_1m,False,normal,0.8871681415929203,0.01130607262740313,0.4303055350739745,,L1_PROVIDER_COUNTRY,452.0,Observed drop is within normal variation.
2026-08-31 10:04:00,L1_PROVIDER_COUNTRY,,dLocal,,MX,,0,10,146,124,22,0.8493150684931506,INVALID_CARD,INC-002,2,0.0136986301369863,INC-002,1,True,fast_1m,False,normal,0.8839103869653768,0.03459531847222619,1.3049472615300388,,L1_PROVIDER_COUNTRY,491.0,Observed drop is within normal variation.
2026-08-31 10:04:00,L2_METHOD_COUNTRY,,,PIX,BR,,0,10,131,106,25,0.8091603053435115,PROCESSOR_ERROR,INC-001,50,0.3816793893129771,INC-001,1,True,fast_1m,True,confirmed_anomaly,0.9430740037950665,0.13391369845155499,6.61503956294056,high,L2_METHOD_COUNTRY,527.0,Approval rate is meaningfully below the historical baseline.
2026-08-31 10:04:00,L2_METHOD_COUNTRY,,,PSE,CO,,0,10,138,120,18,0.8695652173913043,INSUFFICIENT_FUNDS,,0,0.0,,1,True,fast_1m,False,normal,0.8881720430107527,0.018606825619448375,0.6935664646393455,,L2_METHOD_COUNTRY,465.0,Observed drop is within normal variation.
2026-08-31 10:04:00,L2_METHOD_COUNTRY,,,card,BR,,0,10,118,106,12,0.8983050847457628,PROCESSOR_ERROR,INC-001,36,0.3050847457627119,INC-001,1,True,fast_1m,False,normal,0.896421845574388,-0.0018832391713747842,-0.06713611135919338,,L2_METHOD_COUNTRY,531.0,Observed drop is within normal variation.
2026-08-31 10:04:00,L2_METHOD_COUNTRY,,,card,CO,,0,10,145,131,14,0.903448275862069,INVALID_CARD,,0,0.0,,1,True,fast_1m,False,normal,0.8782961460446247,-0.025152129817444302,-0.926373478355832,,L2_METHOD_COUNTRY,493.0,Observed drop is within normal variation.
2026-08-31 10:04:00,L2_METHOD_COUNTRY,,,card,MX,,0,10,130,111,19,0.8538461538461538,INVALID_CARD,INC-002,7,0.0538461538461538,INC-002,1,True,fast_1m,True,confirmed_anomaly,0.924949290060852,0.07110313621469821,3.0769757183099595,medium,L2_METHOD_COUNTRY,493.0,Approval rate is meaningfully below the historical baseline.
2026-08-31 10:04:00,L2_METHOD_COUNTRY,,,cash_in_store,MX,,0,10,127,106,21,0.8346456692913385,INSUFFICIENT_FUNDS,,0,0.0,,1,True,fast_1m,False,normal,0.8406909788867563,0.006045309595417714,0.18615813929919506,,L2_METHOD_COUNTRY,521.0,Observed drop is within normal variation.
2026-08-31 10:04:00,L2_METHOD_COUNTRY,,,wallet,BR,,0,10,125,95,30,0.76,PROCESSOR_ERROR,INC-001,39,0.312,INC-001,1,True,fast_1m,True,confirmed_anomaly,0.9131313131313132,0.15313131313131323,6.07884076128246,high,L2_METHOD_COUNTRY,495.0,Approval rate is meaningfully below the historical baseline.
2026-08-31 10:04:00,L2_METHOD_COUNTRY,,,wallet,CO,,0,10,156,145,11,0.9294871794871796,DO_NOT_HONOR,,0,0.0,,1,True,fast_1m,False,normal,0.909278350515464,-0.020208828971715498,-0.8788192337093713,,L2_METHOD_COUNTRY,485.0,Observed drop is within normal variation.
2026-08-31 10:04:00,L2_METHOD_COUNTRY,,,wallet,MX,,0,10,130,122,8,0.9384615384615383,DO_NOT_HONOR,,0,0.0,,1,True,fast_1m,False,normal,0.9070247933884298,-0.031436745073108674,-1.2342868273298575,,L2_METHOD_COUNTRY,484.0,Observed drop is within normal variation.
2026-08-31 10:04:00,L3_MERCHANT_COUNTRY,Merchant_A,,,BR,,0,10,141,110,31,0.7801418439716312,PROCESSOR_ERROR,INC-001,50,0.3546099290780142,INC-001,1,True,fast_1m,True,confirmed_anomaly,0.918560606060606,0.13841876208897474,6.009430857550119,high,L3_MERCHANT_COUNTRY,528.0,Approval rate is meaningfully below the historical baseline.
2026-08-31 10:04:00,L3_MERCHANT_COUNTRY,Merchant_A,,,CO,,0,10,134,122,12,0.9104477611940298,DO_NOT_HONOR,,0,0.0,,1,True,fast_1m,False,normal,0.8931451612903226,-0.017302599903707194,-0.6483442197070188,,L3_MERCHANT_COUNTRY,496.0,Observed drop is within normal variation.
2026-08-31 10:04:00,L3_MERCHANT_COUNTRY,Merchant_A,,,MX,,0,10,136,115,21,0.8455882352941176,ISSUER_UNAVAILABLE,INC-002,7,0.0514705882352941,INC-002,1,True,fast_1m,False,potential_anomaly,0.8972868217054264,0.051698586411308756,1.9859549558955654,,L3_MERCHANT_COUNTRY,516.0,"A conversion drop exists, but the statistical evidence is not yet strong enough."
2026-08-31 10:04:00,L3_MERCHANT_COUNTRY,Merchant_B,,,BR,,0,10,121,101,20,0.8347107438016529,PROCESSOR_ERROR,INC-001,39,0.3223140495867768,INC-001,1,True,fast_1m,True,confirmed_anomaly,0.9155206286836935,0.08080988488204066,3.1963017270177607,medium,L3_MERCHANT_COUNTRY,509.0,Approval rate is meaningfully below the historical baseline.
2026-08-31 10:04:00,L3_MERCHANT_COUNTRY,Merchant_B,,,CO,,0,10,156,140,16,0.8974358974358975,INSUFFICIENT_FUNDS,,0,0.0,,1,True,fast_1m,False,normal,0.8948497854077253,-0.0025861120281721606,-0.10530026947280526,,L3_MERCHANT_COUNTRY,466.0,Observed drop is within normal variation.
2026-08-31 10:04:00,L3_MERCHANT_COUNTRY,Merchant_B,,,MX,,0,10,123,105,18,0.8536585365853658,DO_NOT_HONOR,,0,0.0,,1,True,fast_1m,False,normal,0.8829365079365079,0.029277971351142074,1.00999229890419,,L3_MERCHANT_COUNTRY,504.0,Observed drop is within normal variation.
2026-08-31 10:04:00,L3_MERCHANT_COUNTRY,Merchant_C,,,BR,,0,10,112,96,16,0.8571428571428571,PROCESSOR_ERROR,INC-001,36,0.3214285714285714,INC-001,1,True,fast_1m,True,confirmed_anomaly,0.9186046511627908,0.06146179401993368,2.3787572762435993,medium,L3_MERCHANT_COUNTRY,516.0,Approval rate is meaningfully below the historical baseline.
2026-08-31 10:04:00,L3_MERCHANT_COUNTRY,Merchant_C,,,CO,,0,10,149,134,15,0.8993288590604027,INVALID_CARD,,0,0.0,,1,True,fast_1m,False,normal,0.8877338877338877,-0.011594971326514991,-0.4483292479595405,,L3_MERCHANT_COUNTRY,481.0,Observed drop is within normal variation.
2026-08-31 10:04:00,L3_MERCHANT_COUNTRY,Merchant_C,,,MX,,0,10,128,119,9,0.9296875,INVALID_CARD,,0,0.0,,1,True,fast_1m,False,normal,0.8891213389121339,-0.04056616108786615,-1.4617206841563712,,L3_MERCHANT_COUNTRY,478.0,Observed drop is within normal variation.
2026-08-31 10:04:00,L4_BANK_COUNTRY,,,,BR,Banco do Brasil,0,10,160,139,21,0.86875,DO_NOT_HONOR,INC-001,17,0.10625,INC-001,5,True,fallback_5m,False,normal,0.8958333333333334,0.027083333333333348,1.1214608413157603,,L4_BANK_COUNTRY,144.0,Observed drop is within normal variation.
2026-08-31 10:04:00,L4_BANK_COUNTRY,,,,BR,Bradesco,0,10,32,29,3,0.90625,PROCESSOR_ERROR,INC-001,10,0.3125,INC-001,1,True,fast_1m,False,normal,0.8968253968253969,-0.009424603174603141,-0.17526601390366545,,L4_BANK_COUNTRY,126.0,Observed drop is within normal variation.
2026-08-31 10:04:00,L4_BANK_COUNTRY,,,,BR,Itau,0,10,154,136,18,0.8831168831168831,PROCESSOR_ERROR,INC-001,18,0.1168831168831168,INC-001,5,True,fallback_5m,False,normal,0.916083916083916,0.03296703296703296,1.4755366101507983,,L4_BANK_COUNTRY,143.0,Observed drop is within normal variation.
2026-08-31 10:04:00,L4_BANK_COUNTRY,,,,BR,Nubank,0,10,177,155,22,0.8757062146892656,PROCESSOR_ERROR,INC-001,16,0.0903954802259887,INC-001,5,True,fallback_5m,False,normal,0.8728813559322034,-0.0028248587570621764,-0.11282390743303325,,L4_BANK_COUNTRY,118.0,Observed drop is within normal variation.
2026-08-31 10:04:00,L4_BANK_COUNTRY,,,,BR,,0,10,256,201,55,0.78515625,PROCESSOR_ERROR,INC-001,89,0.34765625,INC-001,1,True,fast_1m,True,confirmed_anomaly,0.9285714285714286,0.1434151785714286,8.909871901867746,high,L4_BANK_COUNTRY,1022.0,Approval rate is meaningfully below the historical baseline.
2026-08-31 10:04:00,L4_BANK_COUNTRY,,,,CO,Banco de Bogota,0,10,58,54,4,0.9310344827586208,DO_NOT_HONOR,,0,0.0,,1,True,fast_1m,False,normal,0.925925925925926,-0.005108556832694622,-0.14855627054163748,,L4_BANK_COUNTRY,162.0,Observed drop is within normal variation.
2026-08-31 10:04:00,L4_BANK_COUNTRY,,,,CO,Bancolombia,0,10,35,28,7,0.8,INSUFFICIENT_FUNDS,,0,0.0,,1,True,fast_1m,False,potential_anomaly,0.8547486033519553,0.054748603351955305,0.9192374482003858,,L4_BANK_COUNTRY,179.0,"A conversion drop exists, but the statistical evidence is not yet strong enough."
2026-08-31 10:04:00,L4_BANK_COUNTRY,,,,CO,Davivienda,0,10,52,49,3,0.9423076923076924,DO_NOT_HONOR,,0,0.0,,1,True,fast_1m,False,normal,0.8552631578947368,-0.08704453441295545,-1.784036559133502,,L4_BANK_COUNTRY,152.0,Observed drop is within normal variation.
2026-08-31 10:04:00,L4_BANK_COUNTRY,,,,CO,,0,10,294,265,29,0.9013605442176872,DO_NOT_HONOR,,0,0.0,,1,True,fast_1m,False,normal,0.8989473684210526,-0.0024131757966344702,-0.13728455473180226,,L4_BANK_COUNTRY,950.0,Observed drop is within normal variation.
2026-08-31 10:04:00,L4_BANK_COUNTRY,,,,MX,BBVA,0,10,30,23,7,0.7666666666666667,ISSUER_UNAVAILABLE,INC-002,7,0.2333333333333333,INC-002,1,True,fast_1m,True,confirmed_anomaly,0.9166666666666666,0.1499999999999999,2.972602165841171,medium,L4_BANK_COUNTRY,120.0,Approval rate is meaningfully below the historical baseline.
2026-08-31 10:04:00,L4_BANK_COUNTRY,,,,MX,Banorte,0,10,31,27,4,0.8709677419354839,DO_NOT_HONOR,,0,0.0,,1,True,fast_1m,False,potential_anomaly,0.9323308270676692,0.06136308513218536,1.3602150537634425,,L4_BANK_COUNTRY,133.0,"A conversion drop exists, but the statistical evidence is not yet strong enough."
2026-08-31 10:04:00,L4_BANK_COUNTRY,,,,MX,Citibanamex,0,10,35,31,4,0.8857142857142857,INVALID_CARD,,0,0.0,,1,True,fast_1m,False,normal,0.8879310344827587,0.002216748768472998,0.041573654141296316,,L4_BANK_COUNTRY,116.0,Observed drop is within normal variation.
2026-08-31 10:04:00,L4_BANK_COUNTRY,,,,MX,Santander,0,10,34,30,4,0.8823529411764706,INVALID_CARD,,0,0.0,,1,True,fast_1m,True,confirmed_anomaly,0.9596774193548387,0.07732447817836818,2.29202662731184,medium,L4_BANK_COUNTRY,124.0,Approval rate is meaningfully below the historical baseline.
2026-08-31 10:04:00,L4_BANK_COUNTRY,,,,MX,,0,10,257,228,29,0.8871595330739299,DO_NOT_HONOR,,0,0.0,,1,True,fast_1m,False,normal,0.872636815920398,-0.014522717153531928,-0.6983541543000831,,L4_BANK_COUNTRY,1005.0,Observed drop is within normal variation.
2026-08-31 10:04:00,L5_PROVIDER_METHOD_COUNTRY,,Adyen,PIX,BR,,0,10,50,33,17,0.66,PROCESSOR_ERROR,INC-001,50,1.0,INC-001,1,True,fast_1m,True,confirmed_anomaly,0.9011627906976744,0.24116279069767432,5.71391058676528,critical,L5_PROVIDER_METHOD_COUNTRY,172.0,Approval rate is meaningfully below the historical baseline.
2026-08-31 10:04:00,L5_PROVIDER_METHOD_COUNTRY,,Adyen,PSE,CO,,0,10,42,39,3,0.9285714285714286,INSUFFICIENT_FUNDS,,0,0.0,,1,True,fast_1m,False,normal,0.9,-0.02857142857142858,-0.6172133998483679,,L5_PROVIDER_METHOD_COUNTRY,160.0,Observed drop is within normal variation.
2026-08-31 10:04:00,L5_PROVIDER_METHOD_COUNTRY,,Adyen,card,BR,,0,10,36,26,10,0.7222222222222222,PROCESSOR_ERROR,INC-001,36,1.0,INC-001,1,True,fast_1m,True,confirmed_anomaly,0.9193548387096774,0.19713261648745517,4.343891770233342,high,L5_PROVIDER_METHOD_COUNTRY,186.0,Approval rate is meaningfully below the historical baseline.
2026-08-31 10:04:00,L5_PROVIDER_METHOD_COUNTRY,,Adyen,card,CO,,0,10,52,49,3,0.9423076923076924,INSUFFICIENT_FUNDS,,0,0.0,,1,True,fast_1m,False,normal,0.9144736842105264,-0.027834008097165852,-0.7176983251138185,,L5_PROVIDER_METHOD_COUNTRY,152.0,Observed drop is within normal variation.
2026-08-31 10:04:00,L5_PROVIDER_METHOD_COUNTRY,,Adyen,card,MX,,0,10,40,34,6,0.85,ISSUER_UNAVAILABLE,INC-002,4,0.1,INC-002,1,True,fast_1m,True,confirmed_anomaly,0.9545454545454546,0.10454545454545461,3.1743015729748327,high,L5_PROVIDER_METHOD_COUNTRY,154.0,Approval rate is meaningfully below the historical baseline.
2026-08-31 10:04:00,L5_PROVIDER_METHOD_COUNTRY,,Adyen,cash_in_store,MX,,0,10,56,43,13,0.7678571428571429,INSUFFICIENT_FUNDS,,0,0.0,,1,True,fast_1m,True,confirmed_anomaly,0.8865979381443299,0.11874079528718695,2.8023355287303486,medium,L5_PROVIDER_METHOD_COUNTRY,194.0,Approval rate is meaningfully below the historical baseline.
2026-08-31 10:04:00,L5_PROVIDER_METHOD_COUNTRY,,Adyen,wallet,BR,,0,10,39,18,21,0.4615384615384615,PROCESSOR_ERROR,INC-001,39,1.0,INC-001,1,True,fast_1m,True,confirmed_anomaly,0.9025974025974026,0.44105894105894106,9.289591678775988,critical,L5_PROVIDER_METHOD_COUNTRY,154.0,Approval rate is meaningfully below the historical baseline.
2026-08-31 10:04:00,L5_PROVIDER_METHOD_COUNTRY,,Adyen,wallet,CO,,0,10,56,51,5,0.9107142857142856,DO_NOT_HONOR,,0,0.0,,1,True,fast_1m,False,normal,0.903846153846154,-0.006868131868131733,-0.1743420109385983,,L5_PROVIDER_METHOD_COUNTRY,156.0,Observed drop is within normal variation.
2026-08-31 10:04:00,L5_PROVIDER_METHOD_COUNTRY,,Adyen,wallet,MX,,0,10,51,48,3,0.9411764705882352,DO_NOT_HONOR,,0,0.0,,1,True,fast_1m,False,normal,0.9,-0.04117647058823526,-0.9801960588196061,,L5_PROVIDER_METHOD_COUNTRY,160.0,Observed drop is within normal variation.
2026-08-31 10:04:00,L5_PROVIDER_METHOD_COUNTRY,,Stripe,PIX,BR,,0,10,36,34,2,0.9444444444444444,INSUFFICIENT_FUNDS,,0,0.0,,1,True,fast_1m,False,normal,0.9689119170984456,0.024467472654001177,0.8458653648709215,,L5_PROVIDER_METHOD_COUNTRY,193.0,Observed drop is within normal variation.
2026-08-31 10:04:00,L5_PROVIDER_METHOD_COUNTRY,,Stripe,PSE,CO,,0,10,47,42,5,0.8936170212765957,DO_NOT_HONOR,,0,0.0,,1,True,fast_1m,False,normal,0.8881987577639752,-0.005418263512620536,-0.11787742940518,,L5_PROVIDER_METHOD_COUNTRY,161.0,Observed drop is within normal variation.
2026-08-31 10:04:00,L5_PROVIDER_METHOD_COUNTRY,,Stripe,card,BR,,0,10,40,38,2,0.95,DO_NOT_HONOR,,0,0.0,,1,True,fast_1m,False,normal,0.9055555555555556,-0.0444444444444444,-0.9611733476633589,,L5_PROVIDER_METHOD_COUNTRY,180.0,Observed drop is within normal variation.
2026-08-31 10:04:00,L5_PROVIDER_METHOD_COUNTRY,,Stripe,card,CO,,0,10,45,38,7,0.8444444444444444,INVALID_CARD,,0,0.0,,1,True,fast_1m,False,normal,0.8524590163934426,0.008014571948998128,0.15159800894236491,,L5_PROVIDER_METHOD_COUNTRY,183.0,Observed drop is within normal variation.
2026-08-31 10:04:00,L5_PROVIDER_METHOD_COUNTRY,,Stripe,card,MX,,0,10,38,36,2,0.9473684210526316,INVALID_CARD,INC-002,1,0.0263157894736842,INC-002,1,True,fast_1m,False,normal,0.92,-0.027368421052631486,-0.6218743352054198,,L5_PROVIDER_METHOD_COUNTRY,175.0,Observed drop is within normal variation.
2026-08-31 10:04:00,L5_PROVIDER_METHOD_COUNTRY,,Stripe,cash_in_store,MX,,0,10,30,28,2,0.9333333333333332,DO_NOT_HONOR,,0,0.0,,1,True,fast_1m,False,normal,0.8,-0.1333333333333333,-1.8257418583505534,,L5_PROVIDER_METHOD_COUNTRY,170.0,Observed drop is within normal variation.
2026-08-31 10:04:00,L5_PROVIDER_METHOD_COUNTRY,,Stripe,wallet,BR,,0,10,43,40,3,0.9302325581395348,DO_NOT_HONOR,,0,0.0,,1,True,fast_1m,False,normal,0.9090909090909092,-0.0211416490486257,-0.48224282217041015,,L5_PROVIDER_METHOD_COUNTRY,165.0,Observed drop is within normal variation.
2026-08-31 10:04:00,L5_PROVIDER_METHOD_COUNTRY,,Stripe,wallet,CO,,0,10,52,50,2,0.9615384615384616,INSUFFICIENT_FUNDS,,0,0.0,,1,True,fast_1m,False,normal,0.9106145251396648,-0.050923936398796776,-1.2871313737124526,,L5_PROVIDER_METHOD_COUNTRY,179.0,Observed drop is within normal variation.
2026-08-31 10:04:00,L5_PROVIDER_METHOD_COUNTRY,,Stripe,wallet,MX,,0,10,205,194,11,0.946341463414634,INVALID_CARD,,0,0.0,,5,True,fallback_5m,False,normal,0.9025974025974026,-0.04374406081723148,-2.1123394909003634,,L5_PROVIDER_METHOD_COUNTRY,154.0,Observed drop is within normal variation.
2026-08-31 10:04:00,L5_PROVIDER_METHOD_COUNTRY,,dLocal,PIX,BR,,0,10,45,39,6,0.8666666666666667,DO_NOT_HONOR,,0,0.0,,1,True,fast_1m,True,confirmed_anomaly,0.9567901234567902,0.09012345679012346,2.9733377418633333,medium,L5_PROVIDER_METHOD_COUNTRY,162.0,Approval rate is meaningfully below the historical baseline.
2026-08-31 10:04:00,L5_PROVIDER_METHOD_COUNTRY,,dLocal,PSE,CO,,0,10,49,39,10,0.7959183673469388,DO_NOT_HONOR,,0,0.0,,1,True,fast_1m,False,potential_anomaly,0.875,0.07908163265306123,1.673842666183721,,L5_PROVIDER_METHOD_COUNTRY,144.0,"A conversion drop exists, but the statistical evidence is not yet strong enough."
2026-08-31 10:04:00,L5_PROVIDER_METHOD_COUNTRY,,dLocal,card,BR,,0,10,42,42,0,1.0,,,0,0.0,,1,True,fast_1m,False,normal,0.8606060606060606,-0.1393939393939394,-2.608221022346161,,L5_PROVIDER_METHOD_COUNTRY,165.0,Observed drop is within normal variation.
2026-08-31 10:04:00,L5_PROVIDER_METHOD_COUNTRY,,dLocal,card,CO,,0,10,48,44,4,0.9166666666666666,INVALID_CARD,,0,0.0,,1,True,fast_1m,False,normal,0.8734177215189873,-0.043248945147679296,-0.9011533136409083,,L5_PROVIDER_METHOD_COUNTRY,158.0,Observed drop is within normal variation.
2026-08-31 10:04:00,L5_PROVIDER_METHOD_COUNTRY,,dLocal,card,MX,,0,10,52,41,11,0.7884615384615384,INVALID_CARD,INC-002,2,0.0384615384615384,INC-002,1,True,fast_1m,True,confirmed_anomaly,0.902439024390244,0.1139774859287056,2.7699615719693913,medium,L5_PROVIDER_METHOD_COUNTRY,164.0,Approval rate is meaningfully below the historical baseline.
2026-08-31 10:04:00,L5_PROVIDER_METHOD_COUNTRY,,dLocal,cash_in_store,MX,,0,10,41,35,6,0.8536585365853658,INSUFFICIENT_FUNDS,,0,0.0,,1,True,fast_1m,False,normal,0.8280254777070064,-0.025633058878359427,-0.43494912111789,,L5_PROVIDER_METHOD_COUNTRY,157.0,Observed drop is within normal variation.
2026-08-31 10:04:00,L5_PROVIDER_METHOD_COUNTRY,,dLocal,wallet,BR,,0,10,43,37,6,0.8604651162790697,INSUFFICIENT_FUNDS,,0,0.0,,1,True,fast_1m,False,potential_anomaly,0.9261363636363636,0.0656712473572939,1.6464808451937734,,L5_PROVIDER_METHOD_COUNTRY,176.0,"A conversion drop exists, but the statistical evidence is not yet strong enough."
2026-08-31 10:04:00,L5_PROVIDER_METHOD_COUNTRY,,dLocal,wallet,CO,,0,10,48,44,4,0.9166666666666666,DO_NOT_HONOR,,0,0.0,,1,True,fast_1m,False,normal,0.9133333333333332,-0.0033333333333334103,-0.08208402865165594,,L5_PROVIDER_METHOD_COUNTRY,150.0,Observed drop is within normal variation.
2026-08-31 10:04:00,L5_PROVIDER_METHOD_COUNTRY,,dLocal,wallet,MX,,0,10,53,48,5,0.9056603773584906,DO_NOT_HONOR,,0,0.0,,1,True,fast_1m,False,normal,0.9176470588235294,0.011986681465038784,0.3174384308349099,,L5_PROVIDER_METHOD_COUNTRY,170.0,Observed drop is within normal variation.
2026-08-31 10:04:00,L6_MERCHANT_BANK_COUNTRY,Merchant_A,,,BR,Banco do Brasil,0,10,60,53,7,0.8833333333333333,DO_NOT_HONOR,INC-001,6,0.1,INC-001,5,True,fallback_5m,True,confirmed_anomaly,0.9433962264150944,0.06006289308176105,2.01331677697387,medium,L6_MERCHANT_BANK_COUNTRY,53.0,Approval rate is meaningfully below the historical baseline.
2026-08-31 10:04:00,L6_MERCHANT_BANK_COUNTRY,Merchant_A,,,BR,Bradesco,0,10,55,54,1,0.9818181818181818,INSUFFICIENT_FUNDS,INC-001,6,0.109090909090909,INC-001,5,True,fallback_5m,False,normal,0.8863636363636364,-0.09545454545454546,-2.230557019083936,,L6_MERCHANT_BANK_COUNTRY,44.0,Observed drop is within normal variation.
2026-08-31 10:04:00,L6_MERCHANT_BANK_COUNTRY,Merchant_A,,,BR,Itau,0,10,57,49,8,0.8596491228070176,INVALID_CARD,INC-001,7,0.1228070175438596,INC-001,5,True,fallback_5m,False,normal,0.9,0.04035087719298247,1.0154748070832007,,L6_MERCHANT_BANK_COUNTRY,50.0,Observed drop is within normal variation.
2026-08-31 10:04:00,L6_MERCHANT_BANK_COUNTRY,Merchant_A,,,BR,Nubank,0,10,61,53,8,0.8688524590163934,PROCESSOR_ERROR,INC-001,8,0.1311475409836065,INC-001,5,True,fallback_5m,False,normal,0.8333333333333334,-0.03551912568306004,-0.7443778346080272,,L6_MERCHANT_BANK_COUNTRY,36.0,Observed drop is within normal variation.
2026-08-31 10:04:00,L6_MERCHANT_BANK_COUNTRY,Merchant_A,,,BR,,0,10,96,69,27,0.71875,PROCESSOR_ERROR,INC-001,35,0.3645833333333333,INC-001,1,True,fast_1m,True,confirmed_anomaly,0.9304347826086956,0.2116847826086956,8.152413763740991,critical,L6_MERCHANT_BANK_COUNTRY,345.0,Approval rate is meaningfully below the historical baseline.
2026-08-31 10:04:00,L6_MERCHANT_BANK_COUNTRY,Merchant_A,,,CO,Banco de Bogota,0,10,77,68,9,0.8831168831168831,DO_NOT_HONOR,,0,0.0,,5,True,fallback_5m,False,potential_anomaly,0.9365079365079364,0.05339105339105332,1.9213142330515154,,L6_MERCHANT_BANK_COUNTRY,63.0,"A conversion drop exists, but the statistical evidence is not yet strong enough."
2026-08-31 10:04:00,L6_MERCHANT_BANK_COUNTRY,Merchant_A,,,CO,Bancolombia,0,10,69,64,5,0.927536231884058,INVALID_CARD,,0,0.0,,5,True,fallback_5m,False,normal,0.8363636363636363,-0.09117259552042167,-2.047158094210097,,L6_MERCHANT_BANK_COUNTRY,55.0,Observed drop is within normal variation.
2026-08-31 10:04:00,L6_MERCHANT_BANK_COUNTRY,Merchant_A,,,CO,Davivienda,0,10,68,61,7,0.8970588235294118,DO_NOT_HONOR,,0,0.0,,5,True,fallback_5m,False,normal,0.8571428571428571,-0.0399159663865547,-0.9406401658278423,,L6_MERCHANT_BANK_COUNTRY,56.0,Observed drop is within normal variation.
2026-08-31 10:04:00,L6_MERCHANT_BANK_COUNTRY,Merchant_A,,,CO,,0,10,89,83,6,0.9325842696629212,INSUFFICIENT_FUNDS,,0,0.0,,1,True,fast_1m,False,normal,0.9006211180124224,-0.0319631516504989,-1.0079209731449088,,L6_MERCHANT_BANK_COUNTRY,322.0,Observed drop is within normal variation.
2026-08-31 10:04:00,L6_MERCHANT_BANK_COUNTRY,Merchant_A,,,MX,BBVA,0,10,61,52,9,0.8524590163934426,DO_NOT_HONOR,INC-002,7,0.1147540983606557,INC-002,5,True,fallback_5m,True,confirmed_anomaly,0.945945945945946,0.09348692955250348,3.2290035150544893,medium,L6_MERCHANT_BANK_COUNTRY,37.0,Approval rate is meaningfully below the historical baseline.
2026-08-31 10:04:00,L6_MERCHANT_BANK_COUNTRY,Merchant_A,,,MX,Banorte,0,10,65,60,5,0.9230769230769232,DO_NOT_HONOR,,0,0.0,,5,True,fallback_5m,False,normal,0.8947368421052632,-0.028340080971659964,-0.744512352170156,,L6_MERCHANT_BANK_COUNTRY,38.0,Observed drop is within normal variation.
2026-08-31 10:04:00,L6_MERCHANT_BANK_COUNTRY,Merchant_A,,,MX,Citibanamex,0,10,48,39,9,0.8125,INSUFFICIENT_FUNDS,,0,0.0,,5,True,fallback_5m,False,normal,0.8571428571428571,0.044642857142857095,0.8838834764831834,,L6_MERCHANT_BANK_COUNTRY,35.0,Observed drop is within normal variation.
2026-08-31 10:04:00,L6_MERCHANT_BANK_COUNTRY,Merchant_A,,,MX,Santander,0,10,64,58,6,0.90625,DO_NOT_HONOR,,0,0.0,,5,True,fallback_5m,False,normal,0.9491525423728814,0.04290254237288138,1.5623214183661818,,L6_MERCHANT_BANK_COUNTRY,59.0,Observed drop is within normal variation.
2026-08-31 10:04:00,L6_MERCHANT_BANK_COUNTRY,Merchant_A,,,MX,,0,10,85,74,11,0.8705882352941177,DO_NOT_HONOR,,0,0.0,,1,True,fast_1m,False,normal,0.8876080691642652,0.017019833870147494,0.4968057257810851,,L6_MERCHANT_BANK_COUNTRY,347.0,Observed drop is within normal variation.
2026-08-31 10:04:00,L6_MERCHANT_BANK_COUNTRY,Merchant_B,,,BR,Banco do Brasil,0,10,56,49,7,0.875,DO_NOT_HONOR,INC-001,6,0.1071428571428571,INC-001,5,True,fallback_5m,False,normal,0.8913043478260869,0.016304347826086918,0.39199303129694163,,L6_MERCHANT_BANK_COUNTRY,46.0,Observed drop is within normal variation.
2026-08-31 10:04:00,L6_MERCHANT_BANK_COUNTRY,Merchant_B,,,BR,Bradesco,0,10,42,37,5,0.8809523809523809,DO_NOT_HONOR,INC-001,3,0.0714285714285714,INC-001,5,True,fallback_5m,False,normal,0.8648648648648649,-0.01608751608751602,-0.3049687727964154,,L6_MERCHANT_BANK_COUNTRY,37.0,Observed drop is within normal variation.
2026-08-31 10:04:00,L6_MERCHANT_BANK_COUNTRY,Merchant_B,,,BR,Itau,0,10,41,38,3,0.926829268292683,INSUFFICIENT_FUNDS,INC-001,6,0.1463414634146341,INC-001,5,True,fallback_5m,False,normal,0.8809523809523809,-0.04587688734030204,-0.9070877432904099,,L6_MERCHANT_BANK_COUNTRY,42.0,Observed drop is within normal variation.
2026-08-31 10:04:00,L6_MERCHANT_BANK_COUNTRY,Merchant_B,,,BR,Nubank,0,10,65,59,6,0.9076923076923076,DO_NOT_HONOR,INC-001,5,0.0769230769230769,INC-001,5,True,fallback_5m,False,normal,0.8571428571428571,-0.05054945054945059,-1.1646502721462175,,L6_MERCHANT_BANK_COUNTRY,42.0,Observed drop is within normal variation.
2026-08-31 10:04:00,L6_MERCHANT_BANK_COUNTRY,Merchant_B,,,BR,,0,10,87,72,15,0.8275862068965517,PROCESSOR_ERROR,INC-001,29,0.3333333333333333,INC-001,1,True,fast_1m,True,confirmed_anomaly,0.935672514619883,0.10808630772333128,4.109321157584976,high,L6_MERCHANT_BANK_COUNTRY,342.0,Approval rate is meaningfully below the historical baseline.
2026-08-31 10:04:00,L6_MERCHANT_BANK_COUNTRY,Merchant_B,,,CO,Banco de Bogota,0,10,75,68,7,0.9066666666666666,INSUFFICIENT_FUNDS,,0,0.0,,5,True,fallback_5m,False,normal,0.9534883720930232,0.04682170542635655,1.9254816734512785,,L6_MERCHANT_BANK_COUNTRY,43.0,Observed drop is within normal variation.
2026-08-31 10:04:00,L6_MERCHANT_BANK_COUNTRY,Merchant_B,,,CO,Bancolombia,0,10,82,70,12,0.8536585365853658,DO_NOT_HONOR,,0,0.0,,5,True,fallback_5m,False,normal,0.8333333333333334,-0.020325203252032464,-0.49386479832479346,,L6_MERCHANT_BANK_COUNTRY,60.0,Observed drop is within normal variation.
2026-08-31 10:04:00,L6_MERCHANT_BANK_COUNTRY,Merchant_B,,,CO,Davivienda,0,10,70,68,2,0.9714285714285714,INSUFFICIENT_FUNDS,,0,0.0,,5,True,fallback_5m,False,normal,0.847457627118644,-0.12397094430992739,-2.8847931894733367,,L6_MERCHANT_BANK_COUNTRY,59.0,Observed drop is within normal variation.
2026-08-31 10:04:00,L6_MERCHANT_BANK_COUNTRY,Merchant_B,,,CO,,0,10,105,94,11,0.8952380952380953,DO_NOT_HONOR,,0,0.0,,1,True,fast_1m,False,normal,0.9078947368421052,0.012656641604009922,0.44849040777271854,,L6_MERCHANT_BANK_COUNTRY,304.0,Observed drop is within normal variation.
2026-08-31 10:04:00,L6_MERCHANT_BANK_COUNTRY,Merchant_B,,,MX,BBVA,0,10,57,52,5,0.912280701754386,INVALID_CARD,,0,0.0,,5,True,fallback_5m,False,normal,0.9090909090909092,-0.0031897926634767426,-0.0837707816583357,,L6_MERCHANT_BANK_COUNTRY,44.0,Observed drop is within normal variation.
2026-08-31 10:04:00,L6_MERCHANT_BANK_COUNTRY,Merchant_B,,,MX,Banorte,0,10,49,42,7,0.8571428571428571,INSUFFICIENT_FUNDS,,0,0.0,,5,True,fallback_5m,True,confirmed_anomaly,0.9574468085106383,0.10030395136778125,3.4785054261852224,high,L6_MERCHANT_BANK_COUNTRY,47.0,Approval rate is meaningfully below the historical baseline.
2026-08-31 10:04:00,L6_MERCHANT_BANK_COUNTRY,Merchant_B,,,MX,Citibanamex,0,10,65,54,11,0.8307692307692308,INVALID_CARD,,0,0.0,,5,True,fallback_5m,False,normal,0.8780487804878049,0.047279549718574065,1.16487041207298,,L6_MERCHANT_BANK_COUNTRY,41.0,Observed drop is within normal variation.
2026-08-31 10:04:00,L6_MERCHANT_BANK_COUNTRY,Merchant_B,,,MX,Santander,0,10,50,43,7,0.86,DO_NOT_HONOR,,0,0.0,,5,True,fallback_5m,True,confirmed_anomaly,0.975609756097561,0.11560975609756097,5.2994811066745,high,L6_MERCHANT_BANK_COUNTRY,41.0,Approval rate is meaningfully below the historical baseline.
2026-08-31 10:04:00,L6_MERCHANT_BANK_COUNTRY,Merchant_B,,,MX,,0,10,84,73,11,0.8690476190476191,DO_NOT_HONOR,,0,0.0,,1,True,fast_1m,False,normal,0.8580060422960725,-0.0110415767515466,-0.2899283162881809,,L6_MERCHANT_BANK_COUNTRY,331.0,Observed drop is within normal variation.
2026-08-31 10:04:00,L6_MERCHANT_BANK_COUNTRY,Merchant_C,,,BR,Banco do Brasil,0,10,44,37,7,0.8409090909090909,DO_NOT_HONOR,INC-001,5,0.1136363636363636,INC-001,5,True,fallback_5m,False,normal,0.8444444444444444,0.0035353535353535026,0.06470396333157127,,L6_MERCHANT_BANK_COUNTRY,45.0,Observed drop is within normal variation.
2026-08-31 10:04:00,L6_MERCHANT_BANK_COUNTRY,Merchant_C,,,BR,Bradesco,0,10,54,49,5,0.9074074074074074,PROCESSOR_ERROR,INC-001,5,0.0925925925925925,INC-001,5,True,fallback_5m,False,normal,0.9333333333333332,0.025925925925925797,0.7637626158259689,,L6_MERCHANT_BANK_COUNTRY,45.0,Observed drop is within normal variation.
2026-08-31 10:04:00,L6_MERCHANT_BANK_COUNTRY,Merchant_C,,,BR,Itau,0,10,56,49,7,0.875,PROCESSOR_ERROR,INC-001,5,0.0892857142857142,INC-001,5,True,fallback_5m,True,confirmed_anomaly,0.9607843137254902,0.08578431372549022,3.3071891388307404,medium,L6_MERCHANT_BANK_COUNTRY,51.0,Approval rate is meaningfully below the historical baseline.
2026-08-31 10:04:00,L6_MERCHANT_BANK_COUNTRY,Merchant_C,,,BR,Nubank,0,10,51,43,8,0.8431372549019608,INVALID_CARD,INC-001,3,0.0588235294117647,INC-001,5,True,fallback_5m,True,confirmed_anomaly,0.925,0.08186274509803926,2.21957535354044,medium,L6_MERCHANT_BANK_COUNTRY,40.0,Approval rate is meaningfully below the historical baseline.
2026-08-31 10:04:00,L6_MERCHANT_BANK_COUNTRY,Merchant_C,,,BR,,0,10,73,60,13,0.821917808219178,PROCESSOR_ERROR,INC-001,25,0.3424657534246575,INC-001,1,True,fast_1m,True,confirmed_anomaly,0.9194029850746268,0.09748517685544877,3.0597615347951344,medium,L6_MERCHANT_BANK_COUNTRY,335.0,Approval rate is meaningfully below the historical baseline.
2026-08-31 10:04:00,L6_MERCHANT_BANK_COUNTRY,Merchant_C,,,CO,Banco de Bogota,0,10,84,77,7,0.9166666666666666,DO_NOT_HONOR,,0,0.0,,5,True,fallback_5m,False,normal,0.8928571428571429,-0.023809523809523725,-0.7055336829505552,,L6_MERCHANT_BANK_COUNTRY,56.0,Observed drop is within normal variation.
2026-08-31 10:04:00,L6_MERCHANT_BANK_COUNTRY,Merchant_C,,,CO,Bancolombia,0,10,70,60,10,0.8571428571428571,INVALID_CARD,,0,0.0,,5,True,fallback_5m,False,normal,0.890625,0.033482142857142905,0.8975440891964916,,L6_MERCHANT_BANK_COUNTRY,64.0,Observed drop is within normal variation.
2026-08-31 10:04:00,L6_MERCHANT_BANK_COUNTRY,Merchant_C,,,CO,Davivienda,0,10,70,63,7,0.9,DO_NOT_HONOR,,0,0.0,,5,True,fallback_5m,False,normal,0.8648648648648649,-0.03513513513513511,-0.8598691760959914,,L6_MERCHANT_BANK_COUNTRY,37.0,Observed drop is within normal variation.
2026-08-31 10:04:00,L6_MERCHANT_BANK_COUNTRY,Merchant_C,,,CO,,0,10,100,88,12,0.88,INVALID_CARD,,0,0.0,,1,True,fast_1m,False,normal,0.8888888888888888,0.008888888888888835,0.28284271247461723,,L6_MERCHANT_BANK_COUNTRY,324.0,Observed drop is within normal variation.
2026-08-31 10:04:00,L6_MERCHANT_BANK_COUNTRY,Merchant_C,,,MX,BBVA,0,10,60,57,3,0.95,DO_NOT_HONOR,,0,0.0,,5,True,fallback_5m,False,normal,0.8974358974358975,-0.05256410256410249,-1.3420400249513513,,L6_MERCHANT_BANK_COUNTRY,39.0,Observed drop is within normal variation.
2026-08-31 10:04:00,L6_MERCHANT_BANK_COUNTRY,Merchant_C,,,MX,Banorte,0,10,57,49,8,0.8596491228070176,SUSPECTED_FRAUD,,0,0.0,,5,True,fallback_5m,True,confirmed_anomaly,0.9375,0.07785087719298245,2.4281487666015313,medium,L6_MERCHANT_BANK_COUNTRY,48.0,Approval rate is meaningfully below the historical baseline.
2026-08-31 10:04:00,L6_MERCHANT_BANK_COUNTRY,Merchant_C,,,MX,Citibanamex,0,10,49,40,9,0.8163265306122449,DO_NOT_HONOR,,0,0.0,,5,True,fallback_5m,True,confirmed_anomaly,0.925,0.10867346938775513,2.888152187075463,medium,L6_MERCHANT_BANK_COUNTRY,40.0,Approval rate is meaningfully below the historical baseline.
2026-08-31 10:04:00,L6_MERCHANT_BANK_COUNTRY,Merchant_C,,,MX,Santander,0,10,59,54,5,0.9152542372881356,INVALID_CARD,,0,0.0,,5,True,fallback_5m,False,normal,0.9035,-0.011754237288135627,-0.3057684871297828,,L6_GLOBAL,455992.0,Observed drop is within normal variation.
2026-08-31 10:04:00,L6_MERCHANT_BANK_COUNTRY,Merchant_C,,,MX,,0,10,88,81,7,0.9204545454545454,INSUFFICIENT_FUNDS,,0,0.0,,1,True,fast_1m,False,normal,0.8715596330275229,-0.048894912427022486,-1.37089971504415,,L6_MERCHANT_BANK_COUNTRY,327.0,Observed drop is within normal variation.
2026-08-31 10:05:00,L1_PROVIDER_COUNTRY,,Adyen,,BR,,0,10,136,71,65,0.5220588235294118,PROCESSOR_ERROR,INC-001,136,1.0,INC-001,1,True,fast_1m,True,confirmed_anomaly,0.908203125,0.3861443014705882,15.596014843778564,critical,L1_PROVIDER_COUNTRY,512.0,Approval rate is meaningfully below the historical baseline.
2026-08-31 10:05:00,L1_PROVIDER_COUNTRY,,Adyen,,CO,,0,10,139,127,12,0.9136690647482014,INVALID_CARD,,0,0.0,,1,True,fast_1m,False,normal,0.905982905982906,-0.007686158765295437,-0.31049408965470204,,L1_PROVIDER_COUNTRY,468.0,Observed drop is within normal variation.
2026-08-31 10:05:00,L1_PROVIDER_COUNTRY,,Adyen,,MX,,0,10,137,127,10,0.927007299270073,INSUFFICIENT_FUNDS,INC-002,3,0.0218978102189781,INC-002,1,True,fast_1m,False,normal,0.9114173228346456,-0.015589976435427366,-0.6422035503861495,,L1_PROVIDER_COUNTRY,508.0,Observed drop is within normal variation.
2026-08-31 10:05:00,L1_PROVIDER_COUNTRY,,Stripe,,BR,,0,10,153,143,10,0.934640522875817,INVALID_CARD,,0,0.0,,1,True,fast_1m,False,normal,0.929368029739777,-0.005272493136040057,-0.2545465490798003,,L1_PROVIDER_COUNTRY,538.0,Observed drop is within normal variation.
2026-08-31 10:05:00,L1_PROVIDER_COUNTRY,,Stripe,,CO,,0,10,122,110,12,0.9016393442622952,INVALID_CARD,,0,0.0,,1,True,fast_1m,False,normal,0.8833652007648184,-0.01827414349747669,-0.6288292428877781,,L1_PROVIDER_COUNTRY,523.0,Observed drop is within normal variation.
2026-08-31 10:05:00,L1_PROVIDER_COUNTRY,,Stripe,,MX,,0,10,127,103,24,0.8110236220472441,DO_NOT_HONOR,INC-002,5,0.0393700787401574,INC-002,1,True,fast_1m,True,confirmed_anomaly,0.87374749498998,0.06272387294273585,2.12824564391688,medium,L1_PROVIDER_COUNTRY,499.0,Approval rate is meaningfully below the historical baseline.
2026-08-31 10:05:00,L1_PROVIDER_COUNTRY,,dLocal,,BR,,0,10,121,111,10,0.9173553719008264,INVALID_CARD,,0,0.0,,1,True,fast_1m,False,normal,0.9145129224652088,-0.0028424494356177332,-0.11182535211223982,,L1_PROVIDER_COUNTRY,503.0,Observed drop is within normal variation.
2026-08-31 10:05:00,L1_PROVIDER_COUNTRY,,dLocal,,CO,,0,10,139,122,17,0.8776978417266187,SUSPECTED_FRAUD,,0,0.0,,1,True,fast_1m,False,normal,0.8871681415929203,0.009470299866301657,0.35290051426945784,,L1_PROVIDER_COUNTRY,452.0,Observed drop is within normal variation.
2026-08-31 10:05:00,L1_PROVIDER_COUNTRY,,dLocal,,MX,,0,10,126,114,12,0.9047619047619048,DO_NOT_HONOR,INC-002,2,0.0158730158730158,INC-002,1,True,fast_1m,False,normal,0.8839103869653768,-0.02085151779652794,-0.7306714616786302,,L1_PROVIDER_COUNTRY,491.0,Observed drop is within normal variation.
2026-08-31 10:05:00,L2_METHOD_COUNTRY,,,PIX,BR,,0,10,157,129,28,0.821656050955414,PROCESSOR_ERROR,INC-001,55,0.3503184713375796,INC-001,1,True,fast_1m,True,confirmed_anomaly,0.9430740037950665,0.1214179528396524,6.566055145945042,high,L2_METHOD_COUNTRY,527.0,Approval rate is meaningfully below the historical baseline.
2026-08-31 10:05:00,L2_METHOD_COUNTRY,,,PSE,CO,,0,10,131,117,14,0.8931297709923665,INVALID_CARD,,0,0.0,,1,True,fast_1m,False,normal,0.8881720430107527,-0.004957727981613758,-0.18005061017073665,,L2_METHOD_COUNTRY,465.0,Observed drop is within normal variation.
2026-08-31 10:05:00,L2_METHOD_COUNTRY,,,card,BR,,0,10,121,94,27,0.7768595041322314,PROCESSOR_ERROR,INC-001,36,0.2975206611570248,INC-001,1,True,fast_1m,True,confirmed_anomaly,0.896421845574388,0.1195623414421566,4.3161526552157685,high,L2_METHOD_COUNTRY,531.0,Approval rate is meaningfully below the historical baseline.
2026-08-31 10:05:00,L2_METHOD_COUNTRY,,,card,CO,,0,10,137,126,11,0.9197080291970804,INSUFFICIENT_FUNDS,,0,0.0,,1,True,fast_1m,False,normal,0.8782961460446247,-0.041411883152455586,-1.482561129606565,,L2_METHOD_COUNTRY,493.0,Observed drop is within normal variation.
2026-08-31 10:05:00,L2_METHOD_COUNTRY,,,card,MX,,0,10,128,112,16,0.875,ISSUER_UNAVAILABLE,INC-002,10,0.078125,INC-002,1,True,fast_1m,False,normal,0.924949290060852,0.049949290060852025,2.1448550148235155,,L2_METHOD_COUNTRY,493.0,Observed drop is within normal variation.
2026-08-31 10:05:00,L2_METHOD_COUNTRY,,,cash_in_store,MX,,0,10,127,108,19,0.8503937007874016,SUSPECTED_FRAUD,,0,0.0,,1,True,fast_1m,False,normal,0.8406909788867563,-0.009702721900645361,-0.29878381357520595,,L2_METHOD_COUNTRY,521.0,Observed drop is within normal variation.
2026-08-31 10:05:00,L2_METHOD_COUNTRY,,,wallet,BR,,0,10,132,102,30,0.7727272727272727,PROCESSOR_ERROR,INC-001,45,0.3409090909090909,INC-001,1,True,fast_1m,True,confirmed_anomaly,0.9131313131313132,0.14040404040404053,5.7275425598103835,high,L2_METHOD_COUNTRY,495.0,Approval rate is meaningfully below the historical baseline.
2026-08-31 10:05:00,L2_METHOD_COUNTRY,,,wallet,CO,,0,10,132,116,16,0.8787878787878788,DO_NOT_HONOR,,0,0.0,,1,True,fast_1m,False,normal,0.909278350515464,0.030490471727585233,1.2196836855607727,,L2_METHOD_COUNTRY,485.0,Observed drop is within normal variation.
2026-08-31 10:05:00,L2_METHOD_COUNTRY,,,wallet,MX,,0,10,135,124,11,0.9185185185185184,DO_NOT_HONOR,,0,0.0,,1,True,fast_1m,False,normal,0.9070247933884298,-0.011493725130088728,-0.4598694248217201,,L2_METHOD_COUNTRY,484.0,Observed drop is within normal variation.
2026-08-31 10:05:00,L3_MERCHANT_COUNTRY,Merchant_A,,,BR,,0,10,139,106,33,0.762589928057554,PROCESSOR_ERROR,INC-001,52,0.3741007194244604,INC-001,1,True,fast_1m,True,confirmed_anomaly,0.918560606060606,0.15597067800305198,6.723248839983475,high,L3_MERCHANT_COUNTRY,528.0,Approval rate is meaningfully below the historical baseline.
2026-08-31 10:05:00,L3_MERCHANT_COUNTRY,Merchant_A,,,CO,,0,10,129,116,13,0.8992248062015504,INSUFFICIENT_FUNDS,,0,0.0,,1,True,fast_1m,False,normal,0.8931451612903226,-0.006079644911227811,-0.22351925861052832,,L3_MERCHANT_COUNTRY,496.0,Observed drop is within normal variation.
2026-08-31 10:05:00,L3_MERCHANT_COUNTRY,Merchant_A,,,MX,,0,10,130,109,21,0.8384615384615385,ISSUER_UNAVAILABLE,INC-002,10,0.0769230769230769,INC-002,1,True,fast_1m,True,confirmed_anomaly,0.8972868217054264,0.058825283243887916,2.209311608268764,medium,L3_MERCHANT_COUNTRY,516.0,Approval rate is meaningfully below the historical baseline.
2026-08-31 10:05:00,L3_MERCHANT_COUNTRY,Merchant_B,,,BR,,0,10,146,119,27,0.815068493150685,PROCESSOR_ERROR,INC-001,44,0.3013698630136986,INC-001,1,True,fast_1m,True,confirmed_anomaly,0.9155206286836935,0.10045213553300858,4.364416590908445,high,L3_MERCHANT_COUNTRY,509.0,Approval rate is meaningfully below the historical baseline.
2026-08-31 10:05:00,L3_MERCHANT_COUNTRY,Merchant_B,,,CO,,0,10,132,120,12,0.9090909090909092,SUSPECTED_FRAUD,,0,0.0,,1,True,fast_1m,False,normal,0.8948497854077253,-0.014241123683183754,-0.5333976193998881,,L3_MERCHANT_COUNTRY,466.0,Observed drop is within normal variation.
2026-08-31 10:05:00,L3_MERCHANT_COUNTRY,Merchant_B,,,MX,,0,10,120,106,14,0.8833333333333333,SUSPECTED_FRAUD,,0,0.0,,1,True,fast_1m,False,normal,0.8829365079365079,-0.0003968253968253954,-0.013521180405503732,,L3_MERCHANT_COUNTRY,504.0,Observed drop is within normal variation.
2026-08-31 10:05:00,L3_MERCHANT_COUNTRY,Merchant_C,,,BR,,0,10,125,100,25,0.8,PROCESSOR_ERROR,INC-001,40,0.32,INC-001,1,True,fast_1m,True,confirmed_anomaly,0.9186046511627908,0.11860465116279073,4.849451414697149,high,L3_MERCHANT_COUNTRY,516.0,Approval rate is meaningfully below the historical baseline.
2026-08-31 10:05:00,L3_MERCHANT_COUNTRY,Merchant_C,,,CO,,0,10,139,123,16,0.8848920863309353,INSUFFICIENT_FUNDS,,0,0.0,,1,True,fast_1m,False,normal,0.8877338877338877,0.0028418014029524263,0.10612932044192373,,L3_MERCHANT_COUNTRY,481.0,Observed drop is within normal variation.
2026-08-31 10:05:00,L3_MERCHANT_COUNTRY,Merchant_C,,,MX,,0,10,140,129,11,0.9214285714285714,DO_NOT_HONOR,,0,0.0,,1,True,fast_1m,False,normal,0.8891213389121339,-0.03230723251643752,-1.2174728131409236,,L3_MERCHANT_COUNTRY,478.0,Observed drop is within normal variation.
2026-08-31 10:05:00,L4_BANK_COUNTRY,,,,BR,Banco do Brasil,0,10,189,160,29,0.8465608465608465,DO_NOT_HONOR,INC-001,29,0.1534391534391534,INC-001,5,True,fallback_5m,False,normal,0.8958333333333334,0.049272486772486856,2.2174681520908295,,L4_BANK_COUNTRY,144.0,Observed drop is within normal variation.
2026-08-31 10:05:00,L4_BANK_COUNTRY,,,,BR,Bradesco,0,10,174,158,16,0.9080459770114944,DO_NOT_HONOR,INC-001,20,0.1149425287356321,INC-001,5,True,fallback_5m,False,normal,0.8968253968253969,-0.011220580186097395,-0.48657476892152707,,L4_BANK_COUNTRY,126.0,Observed drop is within normal variation.
2026-08-31 10:05:00,L4_BANK_COUNTRY,,,,BR,Itau,0,10,38,31,7,0.8157894736842105,PROCESSOR_ERROR,INC-001,10,0.2631578947368421,INC-001,1,True,fast_1m,True,confirmed_anomaly,0.916083916083916,0.10029444239970553,2.2298642926480117,medium,L4_BANK_COUNTRY,143.0,Approval rate is meaningfully below the historical baseline.
2026-08-31 10:05:00,L4_BANK_COUNTRY,,,,BR,Nubank,0,10,31,24,7,0.7741935483870968,PROCESSOR_ERROR,INC-001,8,0.2580645161290322,INC-001,1,True,fast_1m,False,potential_anomaly,0.8728813559322034,0.09868780754510664,1.649537196212024,,L4_BANK_COUNTRY,118.0,"A conversion drop exists, but the statistical evidence is not yet strong enough."
2026-08-31 10:05:00,L4_BANK_COUNTRY,,,,BR,,0,10,289,231,58,0.7993079584775087,PROCESSOR_ERROR,INC-001,100,0.3460207612456747,INC-001,1,True,fast_1m,True,confirmed_anomaly,0.9285714285714286,0.12926347009391992,8.532594194876319,high,L4_BANK_COUNTRY,1022.0,Approval rate is meaningfully below the historical baseline.
2026-08-31 10:05:00,L4_BANK_COUNTRY,,,,CO,Banco de Bogota,0,10,50,47,3,0.94,INSUFFICIENT_FUNDS,,0,0.0,,1,True,fast_1m,False,normal,0.925925925925926,-0.014074074074073906,-0.3799999999999957,,L4_BANK_COUNTRY,162.0,Observed drop is within normal variation.
2026-08-31 10:05:00,L4_BANK_COUNTRY,,,,CO,Bancolombia,0,10,48,45,3,0.9375,INSUFFICIENT_FUNDS,,0,0.0,,1,True,fast_1m,False,normal,0.8547486033519553,-0.08275139664804465,-1.6271087952789776,,L4_BANK_COUNTRY,179.0,Observed drop is within normal variation.
2026-08-31 10:05:00,L4_BANK_COUNTRY,,,,CO,Davivienda,0,10,39,34,5,0.8717948717948718,INSUFFICIENT_FUNDS,,0,0.0,,1,True,fast_1m,False,normal,0.8552631578947368,-0.01653171390013497,-0.2934342174147282,,L4_BANK_COUNTRY,152.0,Observed drop is within normal variation.
2026-08-31 10:05:00,L4_BANK_COUNTRY,,,,CO,,0,10,263,233,30,0.8859315589353612,INVALID_CARD,,0,0.0,,1,True,fast_1m,False,normal,0.8989473684210526,0.013015809485691365,0.7003386760257319,,L4_BANK_COUNTRY,950.0,Observed drop is within normal variation.
2026-08-31 10:05:00,L4_BANK_COUNTRY,,,,MX,BBVA,0,10,33,26,7,0.7878787878787878,ISSUER_UNAVAILABLE,INC-002,10,0.303030303030303,INC-002,1,True,fast_1m,True,confirmed_anomaly,0.9166666666666666,0.12878787878787878,2.676805793515537,medium,L4_BANK_COUNTRY,120.0,Approval rate is meaningfully below the historical baseline.
2026-08-31 10:05:00,L4_BANK_COUNTRY,,,,MX,Banorte,0,10,32,30,2,0.9375,INVALID_CARD,,0,0.0,,1,True,fast_1m,False,normal,0.9323308270676692,-0.005169172932330768,-0.11641678308350667,,L4_BANK_COUNTRY,133.0,Observed drop is within normal variation.
2026-08-31 10:05:00,L4_BANK_COUNTRY,,,,MX,Citibanamex,0,10,31,25,6,0.8064516129032258,DO_NOT_HONOR,,0,0.0,,1,True,fast_1m,False,potential_anomaly,0.8879310344827587,0.08147942157953292,1.4381244997071987,,L4_BANK_COUNTRY,116.0,"A conversion drop exists, but the statistical evidence is not yet strong enough."
2026-08-31 10:05:00,L4_BANK_COUNTRY,,,,MX,Santander,0,10,32,31,1,0.96875,INVALID_CARD,,0,0.0,,1,True,fast_1m,False,normal,0.9596774193548387,-0.009072580645161255,-0.26089696604360085,,L4_BANK_COUNTRY,124.0,Observed drop is within normal variation.
2026-08-31 10:05:00,L4_BANK_COUNTRY,,,,MX,,0,10,262,232,30,0.8854961832061069,DO_NOT_HONOR,,0,0.0,,1,True,fast_1m,False,normal,0.872636815920398,-0.012859367285708911,-0.624354903094507,,L4_BANK_COUNTRY,1005.0,Observed drop is within normal variation.
2026-08-31 10:05:00,L5_PROVIDER_METHOD_COUNTRY,,Adyen,PIX,BR,,0,10,55,30,25,0.5454545454545454,PROCESSOR_ERROR,INC-001,55,1.0,INC-001,1,True,fast_1m,True,confirmed_anomaly,0.9011627906976744,0.35570824524312894,8.839209229526503,critical,L5_PROVIDER_METHOD_COUNTRY,172.0,Approval rate is meaningfully below the historical baseline.
2026-08-31 10:05:00,L5_PROVIDER_METHOD_COUNTRY,,Adyen,PSE,CO,,0,10,50,45,5,0.9,INSUFFICIENT_FUNDS,,0,0.0,,1,True,fast_1m,False,normal,0.9,0.0,0.0,,L5_PROVIDER_METHOD_COUNTRY,160.0,Observed drop is within normal variation.
2026-08-31 10:05:00,L5_PROVIDER_METHOD_COUNTRY,,Adyen,card,BR,,0,10,36,15,21,0.4166666666666667,PROCESSOR_ERROR,INC-001,36,1.0,INC-001,1,True,fast_1m,True,confirmed_anomaly,0.9193548387096774,0.5026881720430108,11.076924014095024,critical,L5_PROVIDER_METHOD_COUNTRY,186.0,Approval rate is meaningfully below the historical baseline.
2026-08-31 10:05:00,L5_PROVIDER_METHOD_COUNTRY,,Adyen,card,CO,,0,10,45,43,2,0.9555555555555556,INSUFFICIENT_FUNDS,,0,0.0,,1,True,fast_1m,False,normal,0.9144736842105264,-0.041081871345029164,-0.9854191248531706,,L5_PROVIDER_METHOD_COUNTRY,152.0,Observed drop is within normal variation.
2026-08-31 10:05:00,L5_PROVIDER_METHOD_COUNTRY,,Adyen,card,MX,,0,10,51,47,4,0.9215686274509804,INSUFFICIENT_FUNDS,INC-002,3,0.0588235294117647,INC-002,1,True,fast_1m,False,normal,0.9545454545454546,0.03297682709447425,1.1305948130014642,,L5_PROVIDER_METHOD_COUNTRY,154.0,Observed drop is within normal variation.
2026-08-31 10:05:00,L5_PROVIDER_METHOD_COUNTRY,,Adyen,cash_in_store,MX,,0,10,42,37,5,0.8809523809523809,DO_NOT_HONOR,,0,0.0,,1,True,fast_1m,False,normal,0.8865979381443299,0.0056455571919489245,0.11538719675367017,,L5_PROVIDER_METHOD_COUNTRY,194.0,Observed drop is within normal variation.
2026-08-31 10:05:00,L5_PROVIDER_METHOD_COUNTRY,,Adyen,wallet,BR,,0,10,45,26,19,0.5777777777777777,PROCESSOR_ERROR,INC-001,45,1.0,INC-001,1,True,fast_1m,True,confirmed_anomaly,0.9025974025974026,0.3248196248196249,7.348796283828375,critical,L5_PROVIDER_METHOD_COUNTRY,154.0,Approval rate is meaningfully below the historical baseline.
2026-08-31 10:05:00,L5_PROVIDER_METHOD_COUNTRY,,Adyen,wallet,CO,,0,10,44,39,5,0.8863636363636364,INVALID_CARD,,0,0.0,,1,True,fast_1m,False,normal,0.903846153846154,0.017482517482517612,0.3933686288243331,,L5_PROVIDER_METHOD_COUNTRY,156.0,Observed drop is within normal variation.
2026-08-31 10:05:00,L5_PROVIDER_METHOD_COUNTRY,,Adyen,wallet,MX,,0,10,44,43,1,0.9772727272727272,INVALID_CARD,,0,0.0,,1,True,fast_1m,False,normal,0.9,-0.07727272727272727,-1.7085642859406607,,L5_PROVIDER_METHOD_COUNTRY,160.0,Observed drop is within normal variation.
2026-08-31 10:05:00,L5_PROVIDER_METHOD_COUNTRY,,Stripe,PIX,BR,,0,10,55,53,2,0.9636363636363636,DO_NOT_HONOR,,0,0.0,,1,True,fast_1m,False,normal,0.9689119170984456,0.005275553462081972,0.2254292435920248,,L5_PROVIDER_METHOD_COUNTRY,193.0,Observed drop is within normal variation.
2026-08-31 10:05:00,L5_PROVIDER_METHOD_COUNTRY,,Stripe,PSE,CO,,0,10,35,32,3,0.9142857142857144,INVALID_CARD,,0,0.0,,1,True,fast_1m,False,normal,0.8881987577639752,-0.02608695652173909,-0.48975518359700815,,L5_PROVIDER_METHOD_COUNTRY,161.0,Observed drop is within normal variation.
2026-08-31 10:05:00,L5_PROVIDER_METHOD_COUNTRY,,Stripe,card,BR,,0,10,49,47,2,0.9591836734693876,INSUFFICIENT_FUNDS,,0,0.0,,1,True,fast_1m,False,normal,0.9055555555555556,-0.05362811791383215,-1.2836447172332057,,L5_PROVIDER_METHOD_COUNTRY,180.0,Observed drop is within normal variation.
2026-08-31 10:05:00,L5_PROVIDER_METHOD_COUNTRY,,Stripe,card,CO,,0,10,40,36,4,0.9,SUSPECTED_FRAUD,,0,0.0,,1,True,fast_1m,False,normal,0.8524590163934426,-0.04754098360655745,-0.8478227519967961,,L5_PROVIDER_METHOD_COUNTRY,183.0,Observed drop is within normal variation.
2026-08-31 10:05:00,L5_PROVIDER_METHOD_COUNTRY,,Stripe,card,MX,,0,10,41,36,5,0.8780487804878049,ISSUER_UNAVAILABLE,INC-002,5,0.1219512195121951,INC-002,1,True,fast_1m,False,normal,0.92,0.04195121951219516,0.9901422929757846,,L5_PROVIDER_METHOD_COUNTRY,175.0,Observed drop is within normal variation.
2026-08-31 10:05:00,L5_PROVIDER_METHOD_COUNTRY,,Stripe,cash_in_store,MX,,0,10,38,26,12,0.6842105263157895,INVALID_CARD,,0,0.0,,1,True,fast_1m,False,potential_anomaly,0.8,0.11578947368421055,1.7844356324383885,,L5_PROVIDER_METHOD_COUNTRY,170.0,"A conversion drop exists, but the statistical evidence is not yet strong enough."
2026-08-31 10:05:00,L5_PROVIDER_METHOD_COUNTRY,,Stripe,wallet,BR,,0,10,49,43,6,0.8775510204081632,INVALID_CARD,,0,0.0,,1,True,fast_1m,False,normal,0.9090909090909092,0.03153988868274593,0.7679817174694664,,L5_PROVIDER_METHOD_COUNTRY,165.0,Observed drop is within normal variation.
2026-08-31 10:05:00,L5_PROVIDER_METHOD_COUNTRY,,Stripe,wallet,CO,,0,10,47,42,5,0.8936170212765957,DO_NOT_HONOR,,0,0.0,,1,True,fast_1m,False,normal,0.9106145251396648,0.016997503863069086,0.408444746989317,,L5_PROVIDER_METHOD_COUNTRY,179.0,Observed drop is within normal variation.
2026-08-31 10:05:00,L5_PROVIDER_METHOD_COUNTRY,,Stripe,wallet,MX,,0,10,48,41,7,0.8541666666666666,SUSPECTED_FRAUD,,0,0.0,,1,True,fast_1m,False,normal,0.9025974025974026,0.04843073593073599,1.1316428357012331,,L5_PROVIDER_METHOD_COUNTRY,154.0,Observed drop is within normal variation.
2026-08-31 10:05:00,L5_PROVIDER_METHOD_COUNTRY,,dLocal,PIX,BR,,0,10,47,46,1,0.9787234042553192,INSUFFICIENT_FUNDS,,0,0.0,,1,True,fast_1m,False,normal,0.9567901234567902,-0.021933280798528965,-0.73952468152441,,L5_PROVIDER_METHOD_COUNTRY,162.0,Observed drop is within normal variation.
2026-08-31 10:05:00,L5_PROVIDER_METHOD_COUNTRY,,dLocal,PSE,CO,,0,10,46,40,6,0.8695652173913043,INSUFFICIENT_FUNDS,,0,0.0,,1,True,fast_1m,False,normal,0.875,0.005434782608695676,0.11145564251507106,,L5_PROVIDER_METHOD_COUNTRY,144.0,Observed drop is within normal variation.
2026-08-31 10:05:00,L5_PROVIDER_METHOD_COUNTRY,,dLocal,card,BR,,0,10,36,32,4,0.8888888888888888,INVALID_CARD,,0,0.0,,1,True,fast_1m,False,normal,0.8606060606060606,-0.028282828282828243,-0.48994794579599116,,L5_PROVIDER_METHOD_COUNTRY,165.0,Observed drop is within normal variation.
2026-08-31 10:05:00,L5_PROVIDER_METHOD_COUNTRY,,dLocal,card,CO,,0,10,52,47,5,0.903846153846154,INSUFFICIENT_FUNDS,,0,0.0,,1,True,fast_1m,False,normal,0.8734177215189873,-0.03042843232716652,-0.6599086116249487,,L5_PROVIDER_METHOD_COUNTRY,158.0,Observed drop is within normal variation.
2026-08-31 10:05:00,L5_PROVIDER_METHOD_COUNTRY,,dLocal,card,MX,,0,10,36,29,7,0.8055555555555556,DO_NOT_HONOR,INC-002,2,0.0555555555555555,INC-002,1,True,fast_1m,False,potential_anomaly,0.902439024390244,0.09688346883468846,1.9590879320555112,,L5_PROVIDER_METHOD_COUNTRY,164.0,"A conversion drop exists, but the statistical evidence is not yet strong enough."
2026-08-31 10:05:00,L5_PROVIDER_METHOD_COUNTRY,,dLocal,cash_in_store,MX,,0,10,47,45,2,0.9574468085106383,INSUFFICIENT_FUNDS,,0,0.0,,1,True,fast_1m,False,normal,0.8280254777070064,-0.12942133080363194,-2.3512612384437714,,L5_PROVIDER_METHOD_COUNTRY,157.0,Observed drop is within normal variation.
2026-08-31 10:05:00,L5_PROVIDER_METHOD_COUNTRY,,dLocal,wallet,BR,,0,10,38,33,5,0.868421052631579,INVALID_CARD,,0,0.0,,1,True,fast_1m,False,potential_anomaly,0.9261363636363636,0.057715311004784664,1.360285372514617,,L5_PROVIDER_METHOD_COUNTRY,176.0,"A conversion drop exists, but the statistical evidence is not yet strong enough."
2026-08-31 10:05:00,L5_PROVIDER_METHOD_COUNTRY,,dLocal,wallet,CO,,0,10,41,35,6,0.8536585365853658,SUSPECTED_FRAUD,,0,0.0,,1,True,fast_1m,False,potential_anomaly,0.9133333333333332,0.059674796747967385,1.3581326069188497,,L5_PROVIDER_METHOD_COUNTRY,150.0,"A conversion drop exists, but the statistical evidence is not yet strong enough."
2026-08-31 10:05:00,L5_PROVIDER_METHOD_COUNTRY,,dLocal,wallet,MX,,0,10,43,40,3,0.9302325581395348,DO_NOT_HONOR,,0,0.0,,1,True,fast_1m,False,normal,0.9176470588235294,-0.0125854993160055,-0.3002114710270579,,L5_PROVIDER_METHOD_COUNTRY,170.0,Observed drop is within normal variation.
2026-08-31 10:05:00,L6_MERCHANT_BANK_COUNTRY,Merchant_A,,,BR,Banco do Brasil,0,10,69,60,9,0.8695652173913043,DO_NOT_HONOR,INC-001,10,0.144927536231884,INC-001,5,True,fallback_5m,True,confirmed_anomaly,0.9433962264150944,0.07383100902379003,2.65395521078815,medium,L6_MERCHANT_BANK_COUNTRY,53.0,Approval rate is meaningfully below the historical baseline.
2026-08-31 10:05:00,L6_MERCHANT_BANK_COUNTRY,Merchant_A,,,BR,Bradesco,0,10,64,60,4,0.9375,INSUFFICIENT_FUNDS,INC-001,8,0.125,INC-001,5,True,fallback_5m,False,normal,0.8863636363636364,-0.051136363636363646,-1.2890067732709793,,L6_MERCHANT_BANK_COUNTRY,44.0,Observed drop is within normal variation.
2026-08-31 10:05:00,L6_MERCHANT_BANK_COUNTRY,Merchant_A,,,BR,Itau,0,10,73,61,12,0.8356164383561644,PROCESSOR_ERROR,INC-001,14,0.1917808219178082,INC-001,5,True,fallback_5m,False,potential_anomaly,0.9,0.06438356164383563,1.833644639406046,,L6_MERCHANT_BANK_COUNTRY,50.0,"A conversion drop exists, but the statistical evidence is not yet strong enough."
2026-08-31 10:05:00,L6_MERCHANT_BANK_COUNTRY,Merchant_A,,,BR,Nubank,0,10,67,54,13,0.8059701492537313,PROCESSOR_ERROR,INC-001,12,0.1791044776119403,INC-001,5,True,fallback_5m,False,normal,0.8333333333333334,0.027363184079602032,0.6009942011789693,,L6_MERCHANT_BANK_COUNTRY,36.0,Observed drop is within normal variation.
2026-08-31 10:05:00,L6_MERCHANT_BANK_COUNTRY,Merchant_A,,,BR,,0,10,99,80,19,0.8080808080808081,PROCESSOR_ERROR,INC-001,35,0.3535353535353535,INC-001,1,True,fast_1m,True,confirmed_anomaly,0.9304347826086956,0.12235397452788754,4.785161906739313,high,L6_MERCHANT_BANK_COUNTRY,345.0,Approval rate is meaningfully below the historical baseline.
2026-08-31 10:05:00,L6_MERCHANT_BANK_COUNTRY,Merchant_A,,,CO,Banco de Bogota,0,10,98,87,11,0.8877551020408163,DO_NOT_HONOR,,0,0.0,,5,True,fallback_5m,False,normal,0.9365079365079364,0.04875283446712009,1.9792354284813898,,L6_MERCHANT_BANK_COUNTRY,63.0,Observed drop is within normal variation.
2026-08-31 10:05:00,L6_MERCHANT_BANK_COUNTRY,Merchant_A,,,CO,Bancolombia,0,10,80,73,7,0.9125,INSUFFICIENT_FUNDS,,0,0.0,,5,True,fallback_5m,False,normal,0.8363636363636363,-0.07613636363636367,-1.840770488229906,,L6_MERCHANT_BANK_COUNTRY,55.0,Observed drop is within normal variation.
2026-08-31 10:05:00,L6_MERCHANT_BANK_COUNTRY,Merchant_A,,,CO,Davivienda,0,10,85,76,9,0.8941176470588236,DO_NOT_HONOR,,0,0.0,,5,True,fallback_5m,False,normal,0.8571428571428571,-0.03697478991596648,-0.974176374094107,,L6_MERCHANT_BANK_COUNTRY,56.0,Observed drop is within normal variation.
2026-08-31 10:05:00,L6_MERCHANT_BANK_COUNTRY,Merchant_A,,,CO,,0,10,80,73,7,0.9125,INVALID_CARD,,0,0.0,,1,True,fast_1m,False,normal,0.9006211180124224,-0.011878881987577583,-0.35514233426361,,L6_MERCHANT_BANK_COUNTRY,322.0,Observed drop is within normal variation.
2026-08-31 10:05:00,L6_MERCHANT_BANK_COUNTRY,Merchant_A,,,MX,BBVA,0,10,71,55,16,0.7746478873239436,DO_NOT_HONOR,INC-002,17,0.2394366197183098,INC-002,5,True,fallback_5m,True,confirmed_anomaly,0.945945945945946,0.17129805862200242,6.383139259079734,high,L6_MERCHANT_BANK_COUNTRY,37.0,Approval rate is meaningfully below the historical baseline.
2026-08-31 10:05:00,L6_MERCHANT_BANK_COUNTRY,Merchant_A,,,MX,Banorte,0,10,73,67,6,0.9178082191780822,DO_NOT_HONOR,,0,0.0,,5,True,fallback_5m,False,normal,0.8947368421052632,-0.023071377072819033,-0.6423165167229603,,L6_MERCHANT_BANK_COUNTRY,38.0,Observed drop is within normal variation.
2026-08-31 10:05:00,L6_MERCHANT_BANK_COUNTRY,Merchant_A,,,MX,Citibanamex,0,10,61,50,11,0.819672131147541,SUSPECTED_FRAUD,,0,0.0,,5,True,fallback_5m,False,normal,0.8571428571428571,0.03747072599531609,0.8363333975829051,,L6_MERCHANT_BANK_COUNTRY,35.0,Observed drop is within normal variation.
2026-08-31 10:05:00,L6_MERCHANT_BANK_COUNTRY,Merchant_A,,,MX,Santander,0,10,75,69,6,0.92,DO_NOT_HONOR,,0,0.0,,5,True,fallback_5m,False,normal,0.9491525423728814,0.02915254237288134,1.1492233402234244,,L6_MERCHANT_BANK_COUNTRY,59.0,Observed drop is within normal variation.
2026-08-31 10:05:00,L6_MERCHANT_BANK_COUNTRY,Merchant_A,,,MX,,0,10,88,77,11,0.875,INSUFFICIENT_FUNDS,,0,0.0,,1,True,fast_1m,False,normal,0.8876080691642652,0.012608069164265157,0.37446543094704965,,L6_MERCHANT_BANK_COUNTRY,347.0,Observed drop is within normal variation.
2026-08-31 10:05:00,L6_MERCHANT_BANK_COUNTRY,Merchant_B,,,BR,Banco do Brasil,0,10,65,55,10,0.8461538461538461,INVALID_CARD,INC-001,10,0.1538461538461538,INC-001,5,True,fallback_5m,False,normal,0.8913043478260869,0.04515050167224077,1.169499820925366,,L6_MERCHANT_BANK_COUNTRY,46.0,Observed drop is within normal variation.
2026-08-31 10:05:00,L6_MERCHANT_BANK_COUNTRY,Merchant_B,,,BR,Bradesco,0,10,50,45,5,0.9,DO_NOT_HONOR,INC-001,5,0.1,INC-001,5,True,fallback_5m,False,normal,0.8648648648648649,-0.03513513513513511,-0.7267220926874313,,L6_MERCHANT_BANK_COUNTRY,37.0,Observed drop is within normal variation.
2026-08-31 10:05:00,L6_MERCHANT_BANK_COUNTRY,Merchant_B,,,BR,Itau,0,10,53,49,4,0.9245283018867924,PROCESSOR_ERROR,INC-001,7,0.1320754716981132,INC-001,5,True,fallback_5m,False,normal,0.8809523809523809,-0.04357592093441154,-0.9795981026070396,,L6_MERCHANT_BANK_COUNTRY,42.0,Observed drop is within normal variation.
2026-08-31 10:05:00,L6_MERCHANT_BANK_COUNTRY,Merchant_B,,,BR,Nubank,0,10,78,72,6,0.9230769230769232,DO_NOT_HONOR,INC-001,6,0.0769230769230769,INC-001,5,True,fallback_5m,False,normal,0.8571428571428571,-0.06593406593406603,-1.6641005886756894,,L6_MERCHANT_BANK_COUNTRY,42.0,Observed drop is within normal variation.
2026-08-31 10:05:00,L6_MERCHANT_BANK_COUNTRY,Merchant_B,,,BR,,0,10,104,81,23,0.7788461538461539,PROCESSOR_ERROR,INC-001,36,0.3461538461538461,INC-001,1,True,fast_1m,True,confirmed_anomaly,0.935672514619883,0.15682636077372913,6.518917887833962,high,L6_MERCHANT_BANK_COUNTRY,342.0,Approval rate is meaningfully below the historical baseline.
2026-08-31 10:05:00,L6_MERCHANT_BANK_COUNTRY,Merchant_B,,,CO,Banco de Bogota,0,10,87,80,7,0.9195402298850576,INSUFFICIENT_FUNDS,,0,0.0,,5,True,fallback_5m,False,normal,0.9534883720930232,0.033948142207965715,1.5036167964955895,,L6_MERCHANT_BANK_COUNTRY,43.0,Observed drop is within normal variation.
2026-08-31 10:05:00,L6_MERCHANT_BANK_COUNTRY,Merchant_B,,,CO,Bancolombia,0,10,103,90,13,0.8737864077669902,INSUFFICIENT_FUNDS,,0,0.0,,5,True,fallback_5m,False,normal,0.8333333333333334,-0.040453074433656866,-1.1016316230980767,,L6_MERCHANT_BANK_COUNTRY,60.0,Observed drop is within normal variation.
2026-08-31 10:05:00,L6_MERCHANT_BANK_COUNTRY,Merchant_B,,,CO,Davivienda,0,10,81,78,3,0.9629629629629628,INSUFFICIENT_FUNDS,,0,0.0,,5,True,fallback_5m,False,normal,0.847457627118644,-0.11550533584431888,-2.8912810608516604,,L6_MERCHANT_BANK_COUNTRY,59.0,Observed drop is within normal variation.
2026-08-31 10:05:00,L6_MERCHANT_BANK_COUNTRY,Merchant_B,,,CO,,0,10,88,78,10,0.8863636363636364,INSUFFICIENT_FUNDS,,0,0.0,,1,True,fast_1m,False,normal,0.9078947368421052,0.021531100478468845,0.6984697317141474,,L6_MERCHANT_BANK_COUNTRY,304.0,Observed drop is within normal variation.
2026-08-31 10:05:00,L6_MERCHANT_BANK_COUNTRY,Merchant_B,,,MX,BBVA,0,10,65,60,5,0.9230769230769232,INVALID_CARD,,0,0.0,,5,True,fallback_5m,False,normal,0.9090909090909092,-0.013986013986013957,-0.3922322702763674,,L6_MERCHANT_BANK_COUNTRY,44.0,Observed drop is within normal variation.
2026-08-31 10:05:00,L6_MERCHANT_BANK_COUNTRY,Merchant_B,,,MX,Banorte,0,10,59,51,8,0.864406779661017,INSUFFICIENT_FUNDS,,0,0.0,,5,True,fallback_5m,True,confirmed_anomaly,0.9574468085106383,0.09304002884962137,3.5405639692482613,medium,L6_MERCHANT_BANK_COUNTRY,47.0,Approval rate is meaningfully below the historical baseline.
2026-08-31 10:05:00,L6_MERCHANT_BANK_COUNTRY,Merchant_B,,,MX,Citibanamex,0,10,71,59,12,0.8309859154929577,INVALID_CARD,,0,0.0,,5,True,fallback_5m,False,normal,0.8780487804878049,0.04706286499484713,1.2118675043915952,,L6_MERCHANT_BANK_COUNTRY,41.0,Observed drop is within normal variation.
2026-08-31 10:05:00,L6_MERCHANT_BANK_COUNTRY,Merchant_B,,,MX,Santander,0,10,59,52,7,0.8813559322033898,DO_NOT_HONOR,,0,0.0,,5,True,fallback_5m,True,confirmed_anomaly,0.975609756097561,0.09425382389417114,4.693305726677922,medium,L6_MERCHANT_BANK_COUNTRY,41.0,Approval rate is meaningfully below the historical baseline.
2026-08-31 10:05:00,L6_MERCHANT_BANK_COUNTRY,Merchant_B,,,MX,,0,10,87,75,12,0.8620689655172413,SUSPECTED_FRAUD,,0,0.0,,1,True,fast_1m,False,normal,0.8580060422960725,-0.004062923221168857,-0.10857207460504281,,L6_MERCHANT_BANK_COUNTRY,331.0,Observed drop is within normal variation.
2026-08-31 10:05:00,L6_MERCHANT_BANK_COUNTRY,Merchant_C,,,BR,Banco do Brasil,0,10,55,45,10,0.8181818181818182,DO_NOT_HONOR,INC-001,9,0.1636363636363636,INC-001,5,True,fallback_5m,False,normal,0.8444444444444444,0.02626262626262621,0.5373919958570361,,L6_MERCHANT_BANK_COUNTRY,45.0,Observed drop is within normal variation.
2026-08-31 10:05:00,L6_MERCHANT_BANK_COUNTRY,Merchant_C,,,BR,Bradesco,0,10,60,53,7,0.8833333333333333,PROCESSOR_ERROR,INC-001,7,0.1166666666666666,INC-001,5,True,fallback_5m,False,normal,0.9333333333333332,0.04999999999999993,1.5526475085202938,,L6_MERCHANT_BANK_COUNTRY,45.0,Observed drop is within normal variation.
2026-08-31 10:05:00,L6_MERCHANT_BANK_COUNTRY,Merchant_C,,,BR,Itau,0,10,66,57,9,0.8636363636363636,PROCESSOR_ERROR,INC-001,7,0.106060606060606,INC-001,5,True,fallback_5m,True,confirmed_anomaly,0.9607843137254902,0.09714795008912658,4.0659566783938015,medium,L6_MERCHANT_BANK_COUNTRY,51.0,Approval rate is meaningfully below the historical baseline.
2026-08-31 10:05:00,L6_MERCHANT_BANK_COUNTRY,Merchant_C,,,BR,Nubank,0,10,63,53,10,0.8412698412698413,INVALID_CARD,INC-001,6,0.0952380952380952,INC-001,5,True,fallback_5m,True,confirmed_anomaly,0.925,0.08373015873015877,2.5231942783918515,medium,L6_MERCHANT_BANK_COUNTRY,40.0,Approval rate is meaningfully below the historical baseline.
2026-08-31 10:05:00,L6_MERCHANT_BANK_COUNTRY,Merchant_C,,,BR,,0,10,86,70,16,0.813953488372093,PROCESSOR_ERROR,INC-001,29,0.3372093023255814,INC-001,1,True,fast_1m,True,confirmed_anomaly,0.9194029850746268,0.10544949670253378,3.592372007141626,high,L6_MERCHANT_BANK_COUNTRY,335.0,Approval rate is meaningfully below the historical baseline.
2026-08-31 10:05:00,L6_MERCHANT_BANK_COUNTRY,Merchant_C,,,CO,Banco de Bogota,0,10,101,93,8,0.9207920792079208,DO_NOT_HONOR,,0,0.0,,5,True,fallback_5m,False,normal,0.8928571428571429,-0.027934936350777928,-0.9076862836018532,,L6_MERCHANT_BANK_COUNTRY,56.0,Observed drop is within normal variation.
2026-08-31 10:05:00,L6_MERCHANT_BANK_COUNTRY,Merchant_C,,,CO,Bancolombia,0,10,86,76,10,0.8837209302325582,INVALID_CARD,,0,0.0,,5,True,fallback_5m,False,normal,0.890625,0.006904069767441845,0.20513885311830385,,L6_MERCHANT_BANK_COUNTRY,64.0,Observed drop is within normal variation.
2026-08-31 10:05:00,L6_MERCHANT_BANK_COUNTRY,Merchant_C,,,CO,Davivienda,0,10,81,72,9,0.8888888888888888,INSUFFICIENT_FUNDS,,0,0.0,,5,True,fallback_5m,False,normal,0.8648648648648649,-0.024024024024023927,-0.6324555320336734,,L6_MERCHANT_BANK_COUNTRY,37.0,Observed drop is within normal variation.
2026-08-31 10:05:00,L6_MERCHANT_BANK_COUNTRY,Merchant_C,,,CO,,0,10,95,82,13,0.8631578947368421,INVALID_CARD,,0,0.0,,1,True,fast_1m,False,normal,0.8888888888888888,0.025730994152046716,0.7980238751210107,,L6_MERCHANT_BANK_COUNTRY,324.0,Observed drop is within normal variation.
2026-08-31 10:05:00,L6_MERCHANT_BANK_COUNTRY,Merchant_C,,,MX,BBVA,0,10,75,72,3,0.96,DO_NOT_HONOR,,0,0.0,,5,True,fallback_5m,False,normal,0.8974358974358975,-0.0625641025641025,-1.785897133495814,,L6_MERCHANT_BANK_COUNTRY,39.0,Observed drop is within normal variation.
2026-08-31 10:05:00,L6_MERCHANT_BANK_COUNTRY,Merchant_C,,,MX,Banorte,0,10,71,63,8,0.8873239436619719,SUSPECTED_FRAUD,,0,0.0,,5,True,fallback_5m,False,potential_anomaly,0.9375,0.05017605633802813,1.7466265271523012,,L6_MERCHANT_BANK_COUNTRY,48.0,"A conversion drop exists, but the statistical evidence is not yet strong enough."
2026-08-31 10:05:00,L6_MERCHANT_BANK_COUNTRY,Merchant_C,,,MX,Citibanamex,0,10,61,49,12,0.8032786885245902,DO_NOT_HONOR,,0,0.0,,5,True,fallback_5m,True,confirmed_anomaly,0.925,0.12172131147540988,3.609358681683476,high,L6_MERCHANT_BANK_COUNTRY,40.0,Approval rate is meaningfully below the historical baseline.
2026-08-31 10:05:00,L6_MERCHANT_BANK_COUNTRY,Merchant_C,,,MX,Santander,0,10,71,65,6,0.9154929577464788,INVALID_CARD,,0,0.0,,5,True,fallback_5m,False,normal,0.9035,-0.011992957746478905,-0.3422376166631477,,L6_GLOBAL,455992.0,Observed drop is within normal variation.
2026-08-31 10:05:00,L6_MERCHANT_BANK_COUNTRY,Merchant_C,,,MX,,0,10,87,80,7,0.9195402298850576,DO_NOT_HONOR,,0,0.0,,1,True,fast_1m,False,normal,0.8715596330275229,-0.04798059685753453,-1.337599044509134,,L6_MERCHANT_BANK_COUNTRY,327.0,Observed drop is within normal variation.
2026-08-31 10:06:00,L1_PROVIDER_COUNTRY,,Adyen,,BR,,0,10,141,68,73,0.4822695035460992,PROCESSOR_ERROR,INC-001,141,1.0,INC-001,1,True,fast_1m,True,confirmed_anomaly,0.908203125,0.42593362145390073,17.51644762015811,critical,L1_PROVIDER_COUNTRY,512.0,Approval rate is meaningfully below the historical baseline.
2026-08-31 10:06:00,L1_PROVIDER_COUNTRY,,Adyen,,CO,,0,10,140,128,12,0.9142857142857144,INVALID_CARD,,0,0.0,,1,True,fast_1m,False,normal,0.905982905982906,-0.008302808302808273,-0.3366089160467461,,L1_PROVIDER_COUNTRY,468.0,Observed drop is within normal variation.
2026-08-31 10:06:00,L1_PROVIDER_COUNTRY,,Adyen,,MX,,0,10,138,122,16,0.8840579710144928,INVALID_CARD,INC-002,4,0.0289855072463768,INC-002,1,True,fast_1m,False,normal,0.9114173228346456,0.02735935182015281,1.1311294433474994,,L1_PROVIDER_COUNTRY,508.0,Observed drop is within normal variation.
2026-08-31 10:06:00,L1_PROVIDER_COUNTRY,,Stripe,,BR,,0,10,132,125,7,0.946969696969697,INVALID_CARD,,0,0.0,,1,True,fast_1m,False,normal,0.929368029739777,-0.01760166722992007,-0.7893075316917548,,L1_PROVIDER_COUNTRY,538.0,Observed drop is within normal variation.
2026-08-31 10:06:00,L1_PROVIDER_COUNTRY,,Stripe,,CO,,0,10,121,114,7,0.9421487603305784,INVALID_CARD,,0,0.0,,1,True,fast_1m,False,normal,0.8833652007648184,-0.05878355956576009,-2.014486444861951,,L1_PROVIDER_COUNTRY,523.0,Observed drop is within normal variation.
2026-08-31 10:06:00,L1_PROVIDER_COUNTRY,,Stripe,,MX,,0,10,116,101,15,0.8706896551724138,DO_NOT_HONOR,INC-002,2,0.0172413793103448,INC-002,1,True,fast_1m,False,normal,0.87374749498998,0.0030578398175661325,0.09915868355715751,,L1_PROVIDER_COUNTRY,499.0,Observed drop is within normal variation.
2026-08-31 10:06:00,L1_PROVIDER_COUNTRY,,dLocal,,BR,,0,10,136,125,11,0.9191176470588236,INSUFFICIENT_FUNDS,,0,0.0,,1,True,fast_1m,False,normal,0.9145129224652088,-0.004604724593614717,-0.19205603383707892,,L1_PROVIDER_COUNTRY,503.0,Observed drop is within normal variation.
2026-08-31 10:06:00,L1_PROVIDER_COUNTRY,,dLocal,,CO,,0,10,139,122,17,0.8776978417266187,INSUFFICIENT_FUNDS,,0,0.0,,1,True,fast_1m,False,normal,0.8871681415929203,0.009470299866301657,0.35290051426945784,,L1_PROVIDER_COUNTRY,452.0,Observed drop is within normal variation.
2026-08-31 10:06:00,L1_PROVIDER_COUNTRY,,dLocal,,MX,,0,10,137,120,17,0.8759124087591241,SUSPECTED_FRAUD,INC-002,2,0.0145985401459854,INC-002,1,True,fast_1m,False,normal,0.8839103869653768,0.007997978206252698,0.292240027112671,,L1_PROVIDER_COUNTRY,491.0,Observed drop is within normal variation.
2026-08-31 10:06:00,L2_METHOD_COUNTRY,,,PIX,BR,,0,10,134,109,25,0.8134328358208955,PROCESSOR_ERROR,INC-001,42,0.3134328358208955,INC-001,1,True,fast_1m,True,confirmed_anomaly,0.9430740037950665,0.1296411679741709,6.476899044130976,high,L2_METHOD_COUNTRY,527.0,Approval rate is meaningfully below the historical baseline.
2026-08-31 10:06:00,L2_METHOD_COUNTRY,,,PSE,CO,,0,10,150,134,16,0.8933333333333333,INVALID_CARD,,0,0.0,,1,True,fast_1m,False,normal,0.8881720430107527,-0.005161290322580614,-0.2005765576661248,,L2_METHOD_COUNTRY,465.0,Observed drop is within normal variation.
2026-08-31 10:06:00,L2_METHOD_COUNTRY,,,card,BR,,0,10,143,103,40,0.7202797202797203,PROCESSOR_ERROR,INC-001,53,0.3706293706293706,INC-001,1,True,fast_1m,True,confirmed_anomaly,0.896421845574388,0.17614212529466766,6.912592421115109,high,L2_METHOD_COUNTRY,531.0,Approval rate is meaningfully below the historical baseline.
2026-08-31 10:06:00,L2_METHOD_COUNTRY,,,card,CO,,0,10,117,107,10,0.9145299145299144,INSUFFICIENT_FUNDS,,0,0.0,,1,True,fast_1m,False,normal,0.8782961460446247,-0.03623376848528981,-1.1987642475067346,,L2_METHOD_COUNTRY,493.0,Observed drop is within normal variation.
2026-08-31 10:06:00,L2_METHOD_COUNTRY,,,card,MX,,0,10,145,126,19,0.8689655172413793,DO_NOT_HONOR,INC-002,8,0.0551724137931034,INC-002,1,True,fast_1m,True,confirmed_anomaly,0.924949290060852,0.055983772819472755,2.558643621823744,medium,L2_METHOD_COUNTRY,493.0,Approval rate is meaningfully below the historical baseline.
2026-08-31 10:06:00,L2_METHOD_COUNTRY,,,cash_in_store,MX,,0,10,115,95,20,0.8260869565217391,INSUFFICIENT_FUNDS,,0,0.0,,1,True,fast_1m,False,normal,0.8406909788867563,0.014604022365017122,0.4279401468830699,,L2_METHOD_COUNTRY,521.0,Observed drop is within normal variation.
2026-08-31 10:06:00,L2_METHOD_COUNTRY,,,wallet,BR,,0,10,132,106,26,0.803030303030303,PROCESSOR_ERROR,INC-001,46,0.3484848484848485,INC-001,1,True,fast_1m,True,confirmed_anomaly,0.9131313131313132,0.11010101010101025,4.491382295103109,high,L2_METHOD_COUNTRY,495.0,Approval rate is meaningfully below the historical baseline.
2026-08-31 10:06:00,L2_METHOD_COUNTRY,,,wallet,CO,,0,10,133,123,10,0.924812030075188,INVALID_CARD,,0,0.0,,1,True,fast_1m,False,normal,0.909278350515464,-0.015533679559723956,-0.6237294756990847,,L2_METHOD_COUNTRY,485.0,Observed drop is within normal variation.
2026-08-31 10:06:00,L2_METHOD_COUNTRY,,,wallet,MX,,0,10,131,122,9,0.931297709923664,DO_NOT_HONOR,,0,0.0,,1,True,fast_1m,False,normal,0.9070247933884298,-0.024272916535234335,-0.9566750659614822,,L2_METHOD_COUNTRY,484.0,Observed drop is within normal variation.
2026-08-31 10:06:00,L3_MERCHANT_COUNTRY,Merchant_A,,,BR,,0,10,136,107,29,0.7867647058823529,PROCESSOR_ERROR,INC-001,54,0.3970588235294117,INC-001,1,True,fast_1m,True,confirmed_anomaly,0.918560606060606,0.13179590017825304,5.619532410551218,high,L3_MERCHANT_COUNTRY,528.0,Approval rate is meaningfully below the historical baseline.
2026-08-31 10:06:00,L3_MERCHANT_COUNTRY,Merchant_A,,,CO,,0,10,140,132,8,0.9428571428571428,SUSPECTED_FRAUD,,0,0.0,,1,True,fast_1m,False,normal,0.8931451612903226,-0.04971198156682022,-1.9040001194395673,,L3_MERCHANT_COUNTRY,496.0,Observed drop is within normal variation.
2026-08-31 10:06:00,L3_MERCHANT_COUNTRY,Merchant_A,,,MX,,0,10,126,109,17,0.8650793650793651,ISSUER_UNAVAILABLE,INC-002,8,0.0634920634920634,INC-002,1,True,fast_1m,False,normal,0.8972868217054264,0.03220745662606128,1.1908662150556106,,L3_MERCHANT_COUNTRY,516.0,Observed drop is within normal variation.
2026-08-31 10:06:00,L3_MERCHANT_COUNTRY,Merchant_B,,,BR,,0,10,129,95,34,0.7364341085271318,PROCESSOR_ERROR,INC-001,40,0.3100775193798449,INC-001,1,True,fast_1m,True,confirmed_anomaly,0.9155206286836935,0.1790865201565618,7.313888733006677,high,L3_MERCHANT_COUNTRY,509.0,Approval rate is meaningfully below the historical baseline.
2026-08-31 10:06:00,L3_MERCHANT_COUNTRY,Merchant_B,,,CO,,0,10,138,119,19,0.8623188405797102,INVALID_CARD,,0,0.0,,1,True,fast_1m,False,normal,0.8948497854077253,0.03253094482801511,1.2458222113339668,,L3_MERCHANT_COUNTRY,466.0,Observed drop is within normal variation.
2026-08-31 10:06:00,L3_MERCHANT_COUNTRY,Merchant_B,,,MX,,0,10,148,129,19,0.8716216216216216,INSUFFICIENT_FUNDS,,0,0.0,,1,True,fast_1m,False,normal,0.8829365079365079,0.011314886314886308,0.4281594931274714,,L3_MERCHANT_COUNTRY,504.0,Observed drop is within normal variation.
2026-08-31 10:06:00,L3_MERCHANT_COUNTRY,Merchant_C,,,BR,,0,10,144,116,28,0.8055555555555556,PROCESSOR_ERROR,INC-001,47,0.3263888888888889,INC-001,1,True,fast_1m,True,confirmed_anomaly,0.9186046511627908,0.1130490956072352,4.961171314896564,high,L3_MERCHANT_COUNTRY,516.0,Approval rate is meaningfully below the historical baseline.
2026-08-31 10:06:00,L3_MERCHANT_COUNTRY,Merchant_C,,,CO,,0,10,122,113,9,0.9262295081967212,INSUFFICIENT_FUNDS,,0,0.0,,1,True,fast_1m,False,normal,0.8877338877338877,-0.03849562046283361,-1.3468694372762493,,L3_MERCHANT_COUNTRY,481.0,Observed drop is within normal variation.
2026-08-31 10:06:00,L3_MERCHANT_COUNTRY,Merchant_C,,,MX,,0,10,117,105,12,0.8974358974358975,DO_NOT_HONOR,,0,0.0,,1,True,fast_1m,False,normal,0.8891213389121339,-0.008314558523763615,-0.2864360144424512,,L3_MERCHANT_COUNTRY,478.0,Observed drop is within normal variation.
2026-08-31 10:06:00,L4_BANK_COUNTRY,,,,BR,Banco do Brasil,0,10,38,29,9,0.7631578947368421,PROCESSOR_ERROR,INC-001,12,0.3157894736842105,INC-001,1,True,fast_1m,True,confirmed_anomaly,0.8958333333333334,0.13267543859649122,2.6773450010392694,medium,L4_BANK_COUNTRY,144.0,Approval rate is meaningfully below the historical baseline.
2026-08-31 10:06:00,L4_BANK_COUNTRY,,,,BR,Bradesco,0,10,35,23,12,0.6571428571428571,PROCESSOR_ERROR,INC-001,18,0.5142857142857142,INC-001,1,True,fast_1m,True,confirmed_anomaly,0.8968253968253969,0.23968253968253972,4.661546998803705,critical,L4_BANK_COUNTRY,126.0,Approval rate is meaningfully below the historical baseline.
2026-08-31 10:06:00,L4_BANK_COUNTRY,,,,BR,Itau,0,10,32,26,6,0.8125,PROCESSOR_ERROR,INC-001,9,0.28125,INC-001,1,True,fast_1m,True,confirmed_anomaly,0.916083916083916,0.10358391608391604,2.1133775109565227,medium,L4_BANK_COUNTRY,143.0,Approval rate is meaningfully below the historical baseline.
2026-08-31 10:06:00,L4_BANK_COUNTRY,,,,BR,Nubank,0,10,38,25,13,0.6578947368421053,PROCESSOR_ERROR,INC-001,14,0.3684210526315789,INC-001,1,True,fast_1m,True,confirmed_anomaly,0.8728813559322034,0.21498661909009809,3.9785149442526873,high,L4_BANK_COUNTRY,118.0,Approval rate is meaningfully below the historical baseline.
2026-08-31 10:06:00,L4_BANK_COUNTRY,,,,BR,,0,10,266,215,51,0.8082706766917294,PROCESSOR_ERROR,INC-001,88,0.3308270676691729,INC-001,1,True,fast_1m,True,confirmed_anomaly,0.9285714285714286,0.12030075187969924,7.6184306671360815,high,L4_BANK_COUNTRY,1022.0,Approval rate is meaningfully below the historical baseline.
2026-08-31 10:06:00,L4_BANK_COUNTRY,,,,CO,Banco de Bogota,0,10,37,35,2,0.945945945945946,INSUFFICIENT_FUNDS,,0,0.0,,1,True,fast_1m,False,normal,0.925925925925926,-0.020020020020019902,-0.4649905549752747,,L4_BANK_COUNTRY,162.0,Observed drop is within normal variation.
2026-08-31 10:06:00,L4_BANK_COUNTRY,,,,CO,Bancolombia,0,10,40,36,4,0.9,DO_NOT_HONOR,,0,0.0,,1,True,fast_1m,False,normal,0.8547486033519553,-0.04525139664804467,-0.812236730754852,,L4_BANK_COUNTRY,179.0,Observed drop is within normal variation.
2026-08-31 10:06:00,L4_BANK_COUNTRY,,,,CO,Davivienda,0,10,40,36,4,0.9,INVALID_CARD,,0,0.0,,1,True,fast_1m,False,normal,0.8552631578947368,-0.044736842105263186,-0.8041848585451529,,L4_BANK_COUNTRY,152.0,Observed drop is within normal variation.
2026-08-31 10:06:00,L4_BANK_COUNTRY,,,,CO,,0,10,283,257,26,0.9081272084805654,INVALID_CARD,,0,0.0,,1,True,fast_1m,False,normal,0.8989473684210526,-0.009179840059512778,-0.5123743563206494,,L4_BANK_COUNTRY,950.0,Observed drop is within normal variation.
2026-08-31 10:06:00,L4_BANK_COUNTRY,,,,MX,BBVA,0,10,39,30,9,0.7692307692307693,ISSUER_UNAVAILABLE,INC-002,8,0.2051282051282051,INC-002,1,True,fast_1m,True,confirmed_anomaly,0.9166666666666666,0.14743589743589736,3.3313513921383437,high,L4_BANK_COUNTRY,120.0,Approval rate is meaningfully below the historical baseline.
2026-08-31 10:06:00,L4_BANK_COUNTRY,,,,MX,Banorte,0,10,35,31,4,0.8857142857142857,DO_NOT_HONOR,,0,0.0,,1,True,fast_1m,False,normal,0.9323308270676692,0.046616541353383556,1.0979779394667097,,L4_BANK_COUNTRY,133.0,Observed drop is within normal variation.
2026-08-31 10:06:00,L4_BANK_COUNTRY,,,,MX,Citibanamex,0,10,40,37,3,0.925,DO_NOT_HONOR,,0,0.0,,1,True,fast_1m,False,normal,0.8879310344827587,-0.03706896551724137,-0.7432042127619197,,L4_BANK_COUNTRY,116.0,Observed drop is within normal variation.
2026-08-31 10:06:00,L4_BANK_COUNTRY,,,,MX,Santander,0,10,31,28,3,0.9032258064516128,SUSPECTED_FRAUD,,0,0.0,,1,True,fast_1m,False,potential_anomaly,0.9596774193548387,0.05645161290322587,1.597792594947979,,L4_BANK_COUNTRY,124.0,"A conversion drop exists, but the statistical evidence is not yet strong enough."
2026-08-31 10:06:00,L4_BANK_COUNTRY,,,,MX,,0,10,246,217,29,0.8821138211382114,INSUFFICIENT_FUNDS,,0,0.0,,1,True,fast_1m,False,normal,0.872636815920398,-0.009477005217813361,-0.445861480248926,,L4_BANK_COUNTRY,1005.0,Observed drop is within normal variation.
2026-08-31 10:06:00,L5_PROVIDER_METHOD_COUNTRY,,Adyen,PIX,BR,,0,10,42,20,22,0.4761904761904761,PROCESSOR_ERROR,INC-001,42,1.0,INC-001,1,True,fast_1m,True,confirmed_anomaly,0.9011627906976744,0.4249723145071982,9.228336464922696,critical,L5_PROVIDER_METHOD_COUNTRY,172.0,Approval rate is meaningfully below the historical baseline.
2026-08-31 10:06:00,L5_PROVIDER_METHOD_COUNTRY,,Adyen,PSE,CO,,0,10,52,46,6,0.8846153846153846,INVALID_CARD,,0,0.0,,1,True,fast_1m,False,normal,0.9,0.015384615384615441,0.36980013081682084,,L5_PROVIDER_METHOD_COUNTRY,160.0,Observed drop is within normal variation.
2026-08-31 10:06:00,L5_PROVIDER_METHOD_COUNTRY,,Adyen,card,BR,,0,10,53,24,29,0.4528301886792453,PROCESSOR_ERROR,INC-001,53,1.0,INC-001,1,True,fast_1m,True,confirmed_anomaly,0.9193548387096774,0.4665246500304321,12.47331212598539,critical,L5_PROVIDER_METHOD_COUNTRY,186.0,Approval rate is meaningfully below the historical baseline.
2026-08-31 10:06:00,L5_PROVIDER_METHOD_COUNTRY,,Adyen,card,CO,,0,10,46,44,2,0.9565217391304348,INSUFFICIENT_FUNDS,,0,0.0,,1,True,fast_1m,False,normal,0.9144736842105264,-0.04204805491990837,-1.019739725644751,,L5_PROVIDER_METHOD_COUNTRY,152.0,Observed drop is within normal variation.
2026-08-31 10:06:00,L5_PROVIDER_METHOD_COUNTRY,,Adyen,card,MX,,0,10,49,45,4,0.9183673469387756,ISSUER_UNAVAILABLE,INC-002,4,0.0816326530612244,INC-002,1,True,fast_1m,False,normal,0.9545454545454546,0.036178107606679055,1.215785388457673,,L5_PROVIDER_METHOD_COUNTRY,154.0,Observed drop is within normal variation.
2026-08-31 10:06:00,L5_PROVIDER_METHOD_COUNTRY,,Adyen,cash_in_store,MX,,0,10,45,35,10,0.7777777777777778,INVALID_CARD,,0,0.0,,1,True,fast_1m,True,confirmed_anomaly,0.8865979381443299,0.10882016036655207,2.30219329398829,medium,L5_PROVIDER_METHOD_COUNTRY,194.0,Approval rate is meaningfully below the historical baseline.
2026-08-31 10:06:00,L5_PROVIDER_METHOD_COUNTRY,,Adyen,wallet,BR,,0,10,46,24,22,0.5217391304347826,PROCESSOR_ERROR,INC-001,46,1.0,INC-001,1,True,fast_1m,True,confirmed_anomaly,0.9025974025974026,0.38085827216262,8.711842190310197,critical,L5_PROVIDER_METHOD_COUNTRY,154.0,Approval rate is meaningfully below the historical baseline.
2026-08-31 10:06:00,L5_PROVIDER_METHOD_COUNTRY,,Adyen,wallet,CO,,0,10,42,38,4,0.9047619047619048,SUSPECTED_FRAUD,,0,0.0,,1,True,fast_1m,False,normal,0.903846153846154,-0.0009157509157508015,-0.02013128138928997,,L5_PROVIDER_METHOD_COUNTRY,156.0,Observed drop is within normal variation.
2026-08-31 10:06:00,L5_PROVIDER_METHOD_COUNTRY,,Adyen,wallet,MX,,0,10,44,42,2,0.9545454545454546,DO_NOT_HONOR,,0,0.0,,1,True,fast_1m,False,normal,0.9,-0.054545454545454564,-1.206045378311055,,L5_PROVIDER_METHOD_COUNTRY,160.0,Observed drop is within normal variation.
2026-08-31 10:06:00,L5_PROVIDER_METHOD_COUNTRY,,Stripe,PIX,BR,,0,10,39,38,1,0.9743589743589745,INVALID_CARD,,0,0.0,,1,True,fast_1m,False,normal,0.9689119170984456,-0.005447057260528743,-0.19599957278902244,,L5_PROVIDER_METHOD_COUNTRY,193.0,Observed drop is within normal variation.
2026-08-31 10:06:00,L5_PROVIDER_METHOD_COUNTRY,,Stripe,PSE,CO,,0,10,49,46,3,0.9387755102040816,INVALID_CARD,,0,0.0,,1,True,fast_1m,False,normal,0.8881987577639752,-0.05057675244010651,-1.1234935523792577,,L5_PROVIDER_METHOD_COUNTRY,161.0,Observed drop is within normal variation.
2026-08-31 10:06:00,L5_PROVIDER_METHOD_COUNTRY,,Stripe,card,BR,,0,10,44,39,5,0.8863636363636364,INVALID_CARD,,0,0.0,,1,True,fast_1m,False,normal,0.9055555555555556,0.019191919191919204,0.43531034366905685,,L5_PROVIDER_METHOD_COUNTRY,180.0,Observed drop is within normal variation.
2026-08-31 10:06:00,L5_PROVIDER_METHOD_COUNTRY,,Stripe,card,CO,,0,10,38,34,4,0.8947368421052632,INSUFFICIENT_FUNDS,,0,0.0,,1,True,fast_1m,False,normal,0.8524590163934426,-0.042277825711820594,-0.7348714087542185,,L5_PROVIDER_METHOD_COUNTRY,183.0,Observed drop is within normal variation.
2026-08-31 10:06:00,L5_PROVIDER_METHOD_COUNTRY,,Stripe,card,MX,,0,10,48,41,7,0.8541666666666666,DO_NOT_HONOR,INC-002,2,0.0416666666666666,INC-002,1,True,fast_1m,False,potential_anomaly,0.92,0.06583333333333341,1.681231648248531,,L5_PROVIDER_METHOD_COUNTRY,175.0,"A conversion drop exists, but the statistical evidence is not yet strong enough."
2026-08-31 10:06:00,L5_PROVIDER_METHOD_COUNTRY,,Stripe,cash_in_store,MX,,0,10,211,173,38,0.8199052132701422,DO_NOT_HONOR,,0,0.0,,5,True,fallback_5m,False,normal,0.8,-0.019905213270142164,-0.7228498103625894,,L5_PROVIDER_METHOD_COUNTRY,170.0,Observed drop is within normal variation.
2026-08-31 10:06:00,L5_PROVIDER_METHOD_COUNTRY,,Stripe,wallet,BR,,0,10,49,48,1,0.979591836734694,DO_NOT_HONOR,,0,0.0,,1,True,fast_1m,False,normal,0.9090909090909092,-0.07050092764378468,-1.7166650155199756,,L5_PROVIDER_METHOD_COUNTRY,165.0,Observed drop is within normal variation.
2026-08-31 10:06:00,L5_PROVIDER_METHOD_COUNTRY,,Stripe,wallet,CO,,0,10,34,34,0,1.0,,,0,0.0,,1,True,fast_1m,False,normal,0.9106145251396648,-0.08938547486033521,-1.8268616020058652,,L5_PROVIDER_METHOD_COUNTRY,179.0,Observed drop is within normal variation.
2026-08-31 10:06:00,L5_PROVIDER_METHOD_COUNTRY,,Stripe,wallet,MX,,0,10,40,37,3,0.925,INSUFFICIENT_FUNDS,,0,0.0,,1,True,fast_1m,False,normal,0.9025974025974026,-0.022402597402597424,-0.47785491913446665,,L5_PROVIDER_METHOD_COUNTRY,154.0,Observed drop is within normal variation.
2026-08-31 10:06:00,L5_PROVIDER_METHOD_COUNTRY,,dLocal,PIX,BR,,0,10,53,51,2,0.9622641509433962,INSUFFICIENT_FUNDS,,0,0.0,,1,True,fast_1m,False,normal,0.9567901234567902,-0.005474027486606081,-0.1959950278759409,,L5_PROVIDER_METHOD_COUNTRY,162.0,Observed drop is within normal variation.
2026-08-31 10:06:00,L5_PROVIDER_METHOD_COUNTRY,,dLocal,PSE,CO,,0,10,49,42,7,0.8571428571428571,INSUFFICIENT_FUNDS,,0,0.0,,1,True,fast_1m,False,normal,0.875,0.017857142857142905,0.37796447300922825,,L5_PROVIDER_METHOD_COUNTRY,144.0,Observed drop is within normal variation.
2026-08-31 10:06:00,L5_PROVIDER_METHOD_COUNTRY,,dLocal,card,BR,,0,10,46,40,6,0.8695652173913043,SUSPECTED_FRAUD,,0,0.0,,1,True,fast_1m,False,normal,0.8606060606060606,-0.008959156785243727,-0.17543728860256935,,L5_PROVIDER_METHOD_COUNTRY,165.0,Observed drop is within normal variation.
2026-08-31 10:06:00,L5_PROVIDER_METHOD_COUNTRY,,dLocal,card,CO,,0,10,33,29,4,0.8787878787878788,SUSPECTED_FRAUD,,0,0.0,,1,True,fast_1m,False,normal,0.8734177215189873,-0.005370157268891451,-0.09277832345688024,,L5_PROVIDER_METHOD_COUNTRY,158.0,Observed drop is within normal variation.
2026-08-31 10:06:00,L5_PROVIDER_METHOD_COUNTRY,,dLocal,card,MX,,0,10,48,40,8,0.8333333333333334,SUSPECTED_FRAUD,INC-002,2,0.0416666666666666,INC-002,1,True,fast_1m,False,potential_anomaly,0.902439024390244,0.06910569105691067,1.6135685927792516,,L5_PROVIDER_METHOD_COUNTRY,164.0,"A conversion drop exists, but the statistical evidence is not yet strong enough."
2026-08-31 10:06:00,L5_PROVIDER_METHOD_COUNTRY,,dLocal,cash_in_store,MX,,0,10,42,37,5,0.8809523809523809,DO_NOT_HONOR,,0,0.0,,1,True,fast_1m,False,normal,0.8280254777070064,-0.052926903245374524,-0.9089651310974152,,L5_PROVIDER_METHOD_COUNTRY,157.0,Observed drop is within normal variation.
2026-08-31 10:06:00,L5_PROVIDER_METHOD_COUNTRY,,dLocal,wallet,BR,,0,10,37,34,3,0.918918918918919,INSUFFICIENT_FUNDS,,0,0.0,,1,True,fast_1m,False,normal,0.9261363636363636,0.0072174447174446765,0.16785393139682914,,L5_PROVIDER_METHOD_COUNTRY,176.0,Observed drop is within normal variation.
2026-08-31 10:06:00,L5_PROVIDER_METHOD_COUNTRY,,dLocal,wallet,CO,,0,10,57,51,6,0.8947368421052632,INVALID_CARD,,0,0.0,,1,True,fast_1m,False,normal,0.9133333333333332,0.018596491228070056,0.49903124331253973,,L5_PROVIDER_METHOD_COUNTRY,150.0,Observed drop is within normal variation.
2026-08-31 10:06:00,L5_PROVIDER_METHOD_COUNTRY,,dLocal,wallet,MX,,0,10,47,43,4,0.9148936170212766,SUSPECTED_FRAUD,,0,0.0,,1,True,fast_1m,False,normal,0.9176470588235294,0.0027534418022527873,0.06866689896169227,,L5_PROVIDER_METHOD_COUNTRY,170.0,Observed drop is within normal variation.
2026-08-31 10:06:00,L6_MERCHANT_BANK_COUNTRY,Merchant_A,,,BR,Banco do Brasil,0,10,68,60,8,0.8823529411764706,PROCESSOR_ERROR,INC-001,14,0.2058823529411764,INC-001,5,True,fallback_5m,True,confirmed_anomaly,0.9433962264150944,0.06104328523862379,2.1783245945486853,medium,L6_MERCHANT_BANK_COUNTRY,53.0,Approval rate is meaningfully below the historical baseline.
2026-08-31 10:06:00,L6_MERCHANT_BANK_COUNTRY,Merchant_A,,,BR,Bradesco,0,10,69,62,7,0.8985507246376812,INSUFFICIENT_FUNDS,INC-001,17,0.2463768115942029,INC-001,5,True,fallback_5m,False,normal,0.8863636363636364,-0.0121870882740448,-0.31897737006898763,,L6_MERCHANT_BANK_COUNTRY,44.0,Observed drop is within normal variation.
2026-08-31 10:06:00,L6_MERCHANT_BANK_COUNTRY,Merchant_A,,,BR,Itau,0,10,72,59,13,0.8194444444444444,PROCESSOR_ERROR,INC-001,17,0.2361111111111111,INC-001,5,True,fallback_5m,True,confirmed_anomaly,0.9,0.0805555555555556,2.278455183823321,medium,L6_MERCHANT_BANK_COUNTRY,50.0,Approval rate is meaningfully below the historical baseline.
2026-08-31 10:06:00,L6_MERCHANT_BANK_COUNTRY,Merchant_A,,,BR,Nubank,0,10,64,49,15,0.765625,PROCESSOR_ERROR,INC-001,15,0.234375,INC-001,5,True,fallback_5m,False,potential_anomaly,0.8333333333333334,0.06770833333333337,1.4534441853748643,,L6_MERCHANT_BANK_COUNTRY,36.0,"A conversion drop exists, but the statistical evidence is not yet strong enough."
2026-08-31 10:06:00,L6_MERCHANT_BANK_COUNTRY,Merchant_A,,,BR,,0,10,91,71,20,0.7802197802197802,PROCESSOR_ERROR,INC-001,35,0.3846153846153846,INC-001,1,True,fast_1m,True,confirmed_anomaly,0.9304347826086956,0.1502150023889154,5.632419108506095,high,L6_MERCHANT_BANK_COUNTRY,345.0,Approval rate is meaningfully below the historical baseline.
2026-08-31 10:06:00,L6_MERCHANT_BANK_COUNTRY,Merchant_A,,,CO,Banco de Bogota,0,10,95,85,10,0.8947368421052632,SUSPECTED_FRAUD,,0,0.0,,5,True,fallback_5m,False,normal,0.9365079365079364,0.04177109440267324,1.6696375543483253,,L6_MERCHANT_BANK_COUNTRY,63.0,Observed drop is within normal variation.
2026-08-31 10:06:00,L6_MERCHANT_BANK_COUNTRY,Merchant_A,,,CO,Bancolombia,0,10,78,72,6,0.9230769230769232,INVALID_CARD,,0,0.0,,5,True,fallback_5m,False,normal,0.8363636363636363,-0.08671328671328682,-2.070119746211953,,L6_MERCHANT_BANK_COUNTRY,55.0,Observed drop is within normal variation.
2026-08-31 10:06:00,L6_MERCHANT_BANK_COUNTRY,Merchant_A,,,CO,Davivienda,0,10,86,77,9,0.8953488372093024,DO_NOT_HONOR,,0,0.0,,5,True,fallback_5m,False,normal,0.8571428571428571,-0.038205980066445266,-1.0125185422744694,,L6_MERCHANT_BANK_COUNTRY,56.0,Observed drop is within normal variation.
2026-08-31 10:06:00,L6_MERCHANT_BANK_COUNTRY,Merchant_A,,,CO,,0,10,103,98,5,0.9514563106796116,INSUFFICIENT_FUNDS,,0,0.0,,1,True,fast_1m,False,normal,0.9006211180124224,-0.05083519266718928,-1.724507032804884,,L6_MERCHANT_BANK_COUNTRY,322.0,Observed drop is within normal variation.
2026-08-31 10:06:00,L6_MERCHANT_BANK_COUNTRY,Merchant_A,,,MX,BBVA,0,10,64,42,22,0.65625,ISSUER_UNAVAILABLE,INC-002,25,0.390625,INC-002,5,True,fallback_5m,True,confirmed_anomaly,0.945945945945946,0.28969594594594605,10.249085325042438,critical,L6_MERCHANT_BANK_COUNTRY,37.0,Approval rate is meaningfully below the historical baseline.
2026-08-31 10:06:00,L6_MERCHANT_BANK_COUNTRY,Merchant_A,,,MX,Banorte,0,10,73,67,6,0.9178082191780822,DO_NOT_HONOR,,0,0.0,,5,True,fallback_5m,False,normal,0.8947368421052632,-0.023071377072819033,-0.6423165167229603,,L6_MERCHANT_BANK_COUNTRY,38.0,Observed drop is within normal variation.
2026-08-31 10:06:00,L6_MERCHANT_BANK_COUNTRY,Merchant_A,,,MX,Citibanamex,0,10,63,53,10,0.8412698412698413,DO_NOT_HONOR,,0,0.0,,5,True,fallback_5m,False,normal,0.8571428571428571,0.015873015873015817,0.36004114991154645,,L6_MERCHANT_BANK_COUNTRY,35.0,Observed drop is within normal variation.
2026-08-31 10:06:00,L6_MERCHANT_BANK_COUNTRY,Merchant_A,,,MX,Santander,0,10,76,69,7,0.9078947368421052,SUSPECTED_FRAUD,,0,0.0,,5,True,fallback_5m,False,normal,0.9491525423728814,0.04125780553077607,1.6372322524985732,,L6_MERCHANT_BANK_COUNTRY,59.0,Observed drop is within normal variation.
2026-08-31 10:06:00,L6_MERCHANT_BANK_COUNTRY,Merchant_A,,,MX,,0,10,86,78,8,0.9069767441860463,DO_NOT_HONOR,,0,0.0,,1,True,fast_1m,False,normal,0.8876080691642652,-0.0193686750217813,-0.5686839234555089,,L6_MERCHANT_BANK_COUNTRY,347.0,Observed drop is within normal variation.
2026-08-31 10:06:00,L6_MERCHANT_BANK_COUNTRY,Merchant_B,,,BR,Banco do Brasil,0,10,66,53,13,0.803030303030303,INVALID_CARD,INC-001,11,0.1666666666666666,INC-001,5,True,fallback_5m,True,confirmed_anomaly,0.8913043478260869,0.08827404479578393,2.3040181488978875,medium,L6_MERCHANT_BANK_COUNTRY,46.0,Approval rate is meaningfully below the historical baseline.
2026-08-31 10:06:00,L6_MERCHANT_BANK_COUNTRY,Merchant_B,,,BR,Bradesco,0,10,49,39,10,0.7959183673469388,INSUFFICIENT_FUNDS,INC-001,8,0.1632653061224489,INC-001,5,True,fallback_5m,False,potential_anomaly,0.8648648648648649,0.06894649751792614,1.4117310982894564,,L6_MERCHANT_BANK_COUNTRY,37.0,"A conversion drop exists, but the statistical evidence is not yet strong enough."
2026-08-31 10:06:00,L6_MERCHANT_BANK_COUNTRY,Merchant_B,,,BR,Itau,0,10,53,49,4,0.9245283018867924,PROCESSOR_ERROR,INC-001,8,0.1509433962264151,INC-001,5,True,fallback_5m,False,normal,0.8809523809523809,-0.04357592093441154,-0.9795981026070396,,L6_MERCHANT_BANK_COUNTRY,42.0,Observed drop is within normal variation.
2026-08-31 10:06:00,L6_MERCHANT_BANK_COUNTRY,Merchant_B,,,BR,Nubank,0,10,73,62,11,0.8493150684931506,PROCESSOR_ERROR,INC-001,12,0.1643835616438356,INC-001,5,True,fallback_5m,False,normal,0.8571428571428571,0.007827788649706457,0.19112739302699858,,L6_MERCHANT_BANK_COUNTRY,42.0,Observed drop is within normal variation.
2026-08-31 10:06:00,L6_MERCHANT_BANK_COUNTRY,Merchant_B,,,BR,,0,10,87,69,18,0.7931034482758621,PROCESSOR_ERROR,INC-001,29,0.3333333333333333,INC-001,1,True,fast_1m,True,confirmed_anomaly,0.935672514619883,0.1425690663440209,5.420317273157793,high,L6_MERCHANT_BANK_COUNTRY,342.0,Approval rate is meaningfully below the historical baseline.
2026-08-31 10:06:00,L6_MERCHANT_BANK_COUNTRY,Merchant_B,,,CO,Banco de Bogota,0,10,85,79,6,0.9294117647058824,INSUFFICIENT_FUNDS,,0,0.0,,5,True,fallback_5m,False,normal,0.9534883720930232,0.02407660738714079,1.0540623063972847,,L6_MERCHANT_BANK_COUNTRY,43.0,Observed drop is within normal variation.
2026-08-31 10:06:00,L6_MERCHANT_BANK_COUNTRY,Merchant_B,,,CO,Bancolombia,0,10,109,94,15,0.8623853211009175,DO_NOT_HONOR,,0,0.0,,5,True,fallback_5m,False,normal,0.8333333333333334,-0.02905198776758411,-0.813870580068427,,L6_MERCHANT_BANK_COUNTRY,60.0,Observed drop is within normal variation.
2026-08-31 10:06:00,L6_MERCHANT_BANK_COUNTRY,Merchant_B,,,CO,Davivienda,0,10,79,75,4,0.9493670886075948,INSUFFICIENT_FUNDS,,0,0.0,,5,True,fallback_5m,False,normal,0.847457627118644,-0.10190946148895086,-2.5192647332231446,,L6_MERCHANT_BANK_COUNTRY,59.0,Observed drop is within normal variation.
2026-08-31 10:06:00,L6_MERCHANT_BANK_COUNTRY,Merchant_B,,,CO,,0,10,89,75,14,0.8426966292134831,INVALID_CARD,,0,0.0,,1,True,fast_1m,True,confirmed_anomaly,0.9078947368421052,0.0651981076286221,2.1270123952060165,medium,L6_MERCHANT_BANK_COUNTRY,304.0,Approval rate is meaningfully below the historical baseline.
2026-08-31 10:06:00,L6_MERCHANT_BANK_COUNTRY,Merchant_B,,,MX,BBVA,0,10,70,65,5,0.9285714285714286,INVALID_CARD,,0,0.0,,5,True,fallback_5m,False,normal,0.9090909090909092,-0.01948051948051943,-0.5669467095138396,,L6_MERCHANT_BANK_COUNTRY,44.0,Observed drop is within normal variation.
2026-08-31 10:06:00,L6_MERCHANT_BANK_COUNTRY,Merchant_B,,,MX,Banorte,0,10,70,60,10,0.8571428571428571,DO_NOT_HONOR,,0,0.0,,5,True,fallback_5m,True,confirmed_anomaly,0.9574468085106383,0.10030395136778125,4.157609203101506,high,L6_MERCHANT_BANK_COUNTRY,47.0,Approval rate is meaningfully below the historical baseline.
2026-08-31 10:06:00,L6_MERCHANT_BANK_COUNTRY,Merchant_B,,,MX,Citibanamex,0,10,79,68,11,0.8607594936708861,INSUFFICIENT_FUNDS,,0,0.0,,5,True,fallback_5m,False,normal,0.8780487804878049,0.01728928681691877,0.46961096506485156,,L6_MERCHANT_BANK_COUNTRY,41.0,Observed drop is within normal variation.
2026-08-31 10:06:00,L6_MERCHANT_BANK_COUNTRY,Merchant_B,,,MX,Santander,0,10,59,51,8,0.864406779661017,INSUFFICIENT_FUNDS,,0,0.0,,5,True,fallback_5m,True,confirmed_anomaly,0.975609756097561,0.11120297643654398,5.537277370510353,high,L6_MERCHANT_BANK_COUNTRY,41.0,Approval rate is meaningfully below the historical baseline.
2026-08-31 10:06:00,L6_MERCHANT_BANK_COUNTRY,Merchant_B,,,MX,,0,10,89,78,11,0.8764044943820225,INSUFFICIENT_FUNDS,,0,0.0,,1,True,fast_1m,False,normal,0.8580060422960725,-0.018398452085950034,-0.4972744940870735,,L6_MERCHANT_BANK_COUNTRY,331.0,Observed drop is within normal variation.
2026-08-31 10:06:00,L6_MERCHANT_BANK_COUNTRY,Merchant_C,,,BR,Banco do Brasil,0,10,63,50,13,0.7936507936507936,PROCESSOR_ERROR,INC-001,16,0.2539682539682539,INC-001,5,True,fallback_5m,False,potential_anomaly,0.8444444444444444,0.050793650793650835,1.1123754591823727,,L6_MERCHANT_BANK_COUNTRY,45.0,"A conversion drop exists, but the statistical evidence is not yet strong enough."
2026-08-31 10:06:00,L6_MERCHANT_BANK_COUNTRY,Merchant_C,,,BR,Bradesco,0,10,58,47,11,0.8103448275862069,PROCESSOR_ERROR,INC-001,13,0.2241379310344827,INC-001,5,True,fallback_5m,True,confirmed_anomaly,0.9333333333333332,0.12298850574712639,3.754963873938237,high,L6_MERCHANT_BANK_COUNTRY,45.0,Approval rate is meaningfully below the historical baseline.
2026-08-31 10:06:00,L6_MERCHANT_BANK_COUNTRY,Merchant_C,,,BR,Itau,0,10,69,57,12,0.8260869565217391,PROCESSOR_ERROR,INC-001,12,0.1739130434782608,INC-001,5,True,fallback_5m,True,confirmed_anomaly,0.9607843137254902,0.1346973572037511,5.764222793994958,high,L6_MERCHANT_BANK_COUNTRY,51.0,Approval rate is meaningfully below the historical baseline.
2026-08-31 10:06:00,L6_MERCHANT_BANK_COUNTRY,Merchant_C,,,BR,Nubank,0,10,70,60,10,0.8571428571428571,PROCESSOR_ERROR,INC-001,11,0.1571428571428571,INC-001,5,True,fallback_5m,True,confirmed_anomaly,0.925,0.06785714285714295,2.155475503473575,medium,L6_MERCHANT_BANK_COUNTRY,40.0,Approval rate is meaningfully below the historical baseline.
2026-08-31 10:06:00,L6_MERCHANT_BANK_COUNTRY,Merchant_C,,,BR,,0,10,88,75,13,0.8522727272727273,PROCESSOR_ERROR,INC-001,24,0.2727272727272727,INC-001,1,True,fast_1m,True,confirmed_anomaly,0.9194029850746268,0.06713025780189952,2.313381284658935,medium,L6_MERCHANT_BANK_COUNTRY,335.0,Approval rate is meaningfully below the historical baseline.
2026-08-31 10:06:00,L6_MERCHANT_BANK_COUNTRY,Merchant_C,,,CO,Banco de Bogota,0,10,98,92,6,0.9387755102040816,DO_NOT_HONOR,,0,0.0,,5,True,fallback_5m,False,normal,0.8928571428571429,-0.04591836734693877,-1.469693845669907,,L6_MERCHANT_BANK_COUNTRY,56.0,Observed drop is within normal variation.
2026-08-31 10:06:00,L6_MERCHANT_BANK_COUNTRY,Merchant_C,,,CO,Bancolombia,0,10,81,75,6,0.925925925925926,DO_NOT_HONOR,,0,0.0,,5,True,fallback_5m,False,normal,0.890625,-0.03530092592592593,-1.0179398877875765,,L6_MERCHANT_BANK_COUNTRY,64.0,Observed drop is within normal variation.
2026-08-31 10:06:00,L6_MERCHANT_BANK_COUNTRY,Merchant_C,,,CO,Davivienda,0,10,78,67,11,0.8589743589743589,INSUFFICIENT_FUNDS,,0,0.0,,5,True,fallback_5m,False,normal,0.8648648648648649,0.005890505890505993,0.15217441073338214,,L6_MERCHANT_BANK_COUNTRY,37.0,Observed drop is within normal variation.
2026-08-31 10:06:00,L6_MERCHANT_BANK_COUNTRY,Merchant_C,,,CO,,0,10,91,84,7,0.9230769230769232,INSUFFICIENT_FUNDS,,0,0.0,,1,True,fast_1m,False,normal,0.8888888888888888,-0.03418803418803429,-1.0377490433255445,,L6_MERCHANT_BANK_COUNTRY,324.0,Observed drop is within normal variation.
2026-08-31 10:06:00,L6_MERCHANT_BANK_COUNTRY,Merchant_C,,,MX,BBVA,0,10,75,71,4,0.9466666666666668,DO_NOT_HONOR,,0,0.0,,5,True,fallback_5m,False,normal,0.8974358974358975,-0.04923076923076919,-1.4052961050458868,,L6_MERCHANT_BANK_COUNTRY,39.0,Observed drop is within normal variation.
2026-08-31 10:06:00,L6_MERCHANT_BANK_COUNTRY,Merchant_C,,,MX,Banorte,0,10,70,67,3,0.9571428571428572,SUSPECTED_FRAUD,,0,0.0,,5,True,fallback_5m,False,normal,0.9375,-0.019642857142857184,-0.6789347398332058,,L6_MERCHANT_BANK_COUNTRY,48.0,Observed drop is within normal variation.
2026-08-31 10:06:00,L6_MERCHANT_BANK_COUNTRY,Merchant_C,,,MX,Citibanamex,0,10,57,47,10,0.8245614035087719,DO_NOT_HONOR,,0,0.0,,5,True,fallback_5m,True,confirmed_anomaly,0.925,0.1004385964912281,2.8789661931113275,medium,L6_MERCHANT_BANK_COUNTRY,40.0,Approval rate is meaningfully below the historical baseline.
2026-08-31 10:06:00,L6_MERCHANT_BANK_COUNTRY,Merchant_C,,,MX,Santander,0,10,72,67,5,0.9305555555555556,INVALID_CARD,,0,0.0,,5,True,fallback_5m,False,normal,0.9035,-0.02705555555555561,-0.7774902816486321,,L6_GLOBAL,455992.0,Observed drop is within normal variation.
2026-08-31 10:06:00,L6_MERCHANT_BANK_COUNTRY,Merchant_C,,,MX,,0,10,71,61,10,0.8591549295774648,SUSPECTED_FRAUD,,0,0.0,,1,True,fast_1m,False,normal,0.8715596330275229,0.012404703450058174,0.3124037498708846,,L6_MERCHANT_BANK_COUNTRY,327.0,Observed drop is within normal variation.
2026-08-31 10:07:00,L1_PROVIDER_COUNTRY,,Adyen,,BR,,0,10,136,70,66,0.5147058823529411,PROCESSOR_ERROR,INC-001,136,1.0,INC-001,1,True,fast_1m,True,confirmed_anomaly,0.908203125,0.3934972426470589,15.892993406706811,critical,L1_PROVIDER_COUNTRY,512.0,Approval rate is meaningfully below the historical baseline.
2026-08-31 10:07:00,L1_PROVIDER_COUNTRY,,Adyen,,CO,,0,10,136,124,12,0.9117647058823528,INSUFFICIENT_FUNDS,,0,0.0,,1,True,fast_1m,False,normal,0.905982905982906,-0.005781799899446938,-0.23103038292992262,,L1_PROVIDER_COUNTRY,468.0,Observed drop is within normal variation.
2026-08-31 10:07:00,L1_PROVIDER_COUNTRY,,Adyen,,MX,,0,10,117,100,17,0.8547008547008547,INSUFFICIENT_FUNDS,INC-002,3,0.0256410256410256,INC-002,1,True,fast_1m,True,confirmed_anomaly,0.9114173228346456,0.05671646813379094,2.159081664368415,medium,L1_PROVIDER_COUNTRY,508.0,Approval rate is meaningfully below the historical baseline.
2026-08-31 10:07:00,L1_PROVIDER_COUNTRY,,Stripe,,BR,,0,10,127,116,11,0.9133858267716536,INVALID_CARD,,0,0.0,,1,True,fast_1m,False,normal,0.929368029739777,0.01598220296812336,0.7029816316744052,,L1_PROVIDER_COUNTRY,538.0,Observed drop is within normal variation.
2026-08-31 10:07:00,L1_PROVIDER_COUNTRY,,Stripe,,CO,,0,10,152,136,16,0.8947368421052632,DO_NOT_HONOR,,0,0.0,,1,True,fast_1m,False,normal,0.8833652007648184,-0.011371641340444771,-0.436777975742112,,L1_PROVIDER_COUNTRY,523.0,Observed drop is within normal variation.
2026-08-31 10:07:00,L1_PROVIDER_COUNTRY,,Stripe,,MX,,0,10,141,129,12,0.9148936170212766,INSUFFICIENT_FUNDS,INC-002,3,0.0212765957446808,INC-002,1,True,fast_1m,False,normal,0.87374749498998,-0.04114612203129664,-1.4710434221019877,,L1_PROVIDER_COUNTRY,499.0,Observed drop is within normal variation.
2026-08-31 10:07:00,L1_PROVIDER_COUNTRY,,dLocal,,BR,,0,10,127,115,12,0.905511811023622,INSUFFICIENT_FUNDS,,0,0.0,,1,True,fast_1m,False,normal,0.9145129224652088,0.009001111441586773,0.3627879391760083,,L1_PROVIDER_COUNTRY,503.0,Observed drop is within normal variation.
2026-08-31 10:07:00,L1_PROVIDER_COUNTRY,,dLocal,,CO,,0,10,138,127,11,0.9202898550724636,INSUFFICIENT_FUNDS,,0,0.0,,1,True,fast_1m,False,normal,0.8871681415929203,-0.0331217134795434,-1.2297971991930903,,L1_PROVIDER_COUNTRY,452.0,Observed drop is within normal variation.
2026-08-31 10:07:00,L1_PROVIDER_COUNTRY,,dLocal,,MX,,0,10,126,107,19,0.8492063492063492,INSUFFICIENT_FUNDS,INC-002,1,0.0079365079365079,INC-002,1,True,fast_1m,False,normal,0.8839103869653768,0.03470403775902764,1.2160865335069961,,L1_PROVIDER_COUNTRY,491.0,Observed drop is within normal variation.
2026-08-31 10:07:00,L2_METHOD_COUNTRY,,,PIX,BR,,0,10,135,101,34,0.7481481481481481,PROCESSOR_ERROR,INC-001,55,0.4074074074074074,INC-001,1,True,fast_1m,True,confirmed_anomaly,0.9430740037950665,0.19492585564691833,9.7748055560199,high,L2_METHOD_COUNTRY,527.0,Approval rate is meaningfully below the historical baseline.
2026-08-31 10:07:00,L2_METHOD_COUNTRY,,,PSE,CO,,0,10,144,125,19,0.8680555555555556,DO_NOT_HONOR,,0,0.0,,1,True,fast_1m,False,normal,0.8881720430107527,0.02011648745519712,0.7659662814931402,,L2_METHOD_COUNTRY,465.0,Observed drop is within normal variation.
2026-08-31 10:07:00,L2_METHOD_COUNTRY,,,card,BR,,0,10,118,92,26,0.7796610169491526,PROCESSOR_ERROR,INC-001,38,0.3220338983050847,INC-001,1,True,fast_1m,True,confirmed_anomaly,0.896421845574388,0.1167608286252354,4.162438904269946,high,L2_METHOD_COUNTRY,531.0,Approval rate is meaningfully below the historical baseline.
2026-08-31 10:07:00,L2_METHOD_COUNTRY,,,card,CO,,0,10,133,120,13,0.9022556390977444,INVALID_CARD,,0,0.0,,1,True,fast_1m,False,normal,0.8782961460446247,-0.023959493053119618,-0.8451441529500162,,L2_METHOD_COUNTRY,493.0,Observed drop is within normal variation.
2026-08-31 10:07:00,L2_METHOD_COUNTRY,,,card,MX,,0,10,122,110,12,0.9016393442622952,ISSUER_UNAVAILABLE,INC-002,7,0.0573770491803278,INC-002,1,True,fast_1m,False,normal,0.924949290060852,0.02330994579855694,0.9772030525304908,,L2_METHOD_COUNTRY,493.0,Observed drop is within normal variation.
2026-08-31 10:07:00,L2_METHOD_COUNTRY,,,cash_in_store,MX,,0,10,128,102,26,0.796875,INSUFFICIENT_FUNDS,,0,0.0,,1,True,fast_1m,False,normal,0.8406909788867563,0.04381597888675626,1.3545627401610143,,L2_METHOD_COUNTRY,521.0,Observed drop is within normal variation.
2026-08-31 10:07:00,L2_METHOD_COUNTRY,,,wallet,BR,,0,10,137,108,29,0.7883211678832117,PROCESSOR_ERROR,INC-001,43,0.3138686131386861,INC-001,1,True,fast_1m,True,confirmed_anomaly,0.9131313131313132,0.12481014524810152,5.186948379501857,high,L2_METHOD_COUNTRY,495.0,Approval rate is meaningfully below the historical baseline.
2026-08-31 10:07:00,L2_METHOD_COUNTRY,,,wallet,CO,,0,10,149,142,7,0.953020134228188,DO_NOT_HONOR,,0,0.0,,1,True,fast_1m,False,normal,0.909278350515464,-0.04374178371272386,-1.859027133829305,,L2_METHOD_COUNTRY,485.0,Observed drop is within normal variation.
2026-08-31 10:07:00,L2_METHOD_COUNTRY,,,wallet,MX,,0,10,134,124,10,0.9253731343283582,INSUFFICIENT_FUNDS,,0,0.0,,1,True,fast_1m,False,normal,0.9070247933884298,-0.01834834093992843,-0.7314018343346512,,L2_METHOD_COUNTRY,484.0,Observed drop is within normal variation.
2026-08-31 10:07:00,L3_MERCHANT_COUNTRY,Merchant_A,,,BR,,0,10,130,103,27,0.7923076923076923,PROCESSOR_ERROR,INC-001,45,0.3461538461538461,INC-001,1,True,fast_1m,True,confirmed_anomaly,0.918560606060606,0.1262529137529137,5.263103510464604,high,L3_MERCHANT_COUNTRY,528.0,Approval rate is meaningfully below the historical baseline.
2026-08-31 10:07:00,L3_MERCHANT_COUNTRY,Merchant_A,,,CO,,0,10,162,143,19,0.8827160493827161,DO_NOT_HONOR,,0,0.0,,1,True,fast_1m,False,normal,0.8931451612903226,0.010429111907606536,0.42968155735744185,,L3_MERCHANT_COUNTRY,496.0,Observed drop is within normal variation.
2026-08-31 10:07:00,L3_MERCHANT_COUNTRY,Merchant_A,,,MX,,0,10,126,109,17,0.8650793650793651,INSUFFICIENT_FUNDS,INC-002,7,0.0555555555555555,INC-002,1,True,fast_1m,False,normal,0.8972868217054264,0.03220745662606128,1.1908662150556106,,L3_MERCHANT_COUNTRY,516.0,Observed drop is within normal variation.
2026-08-31 10:07:00,L3_MERCHANT_COUNTRY,Merchant_B,,,BR,,0,10,130,101,29,0.7769230769230769,PROCESSOR_ERROR,INC-001,44,0.3384615384615385,INC-001,1,True,fast_1m,True,confirmed_anomaly,0.9155206286836935,0.1385975517606166,5.682217209906254,high,L3_MERCHANT_COUNTRY,509.0,Approval rate is meaningfully below the historical baseline.
2026-08-31 10:07:00,L3_MERCHANT_COUNTRY,Merchant_B,,,CO,,0,10,140,130,10,0.9285714285714286,INSUFFICIENT_FUNDS,,0,0.0,,1,True,fast_1m,False,normal,0.8948497854077253,-0.033721643163703297,-1.3007462888338648,,L3_MERCHANT_COUNTRY,466.0,Observed drop is within normal variation.
2026-08-31 10:07:00,L3_MERCHANT_COUNTRY,Merchant_B,,,MX,,0,10,122,105,17,0.860655737704918,INSUFFICIENT_FUNDS,,0,0.0,,1,True,fast_1m,False,normal,0.8829365079365079,0.02228077023158992,0.765481396512241,,L3_MERCHANT_COUNTRY,504.0,Observed drop is within normal variation.
2026-08-31 10:07:00,L3_MERCHANT_COUNTRY,Merchant_C,,,BR,,0,10,130,97,33,0.7461538461538462,PROCESSOR_ERROR,INC-001,47,0.3615384615384615,INC-001,1,True,fast_1m,True,confirmed_anomaly,0.9186046511627908,0.1724508050089446,7.190726783585371,high,L3_MERCHANT_COUNTRY,516.0,Approval rate is meaningfully below the historical baseline.
2026-08-31 10:07:00,L3_MERCHANT_COUNTRY,Merchant_C,,,CO,,0,10,124,114,10,0.9193548387096774,INVALID_CARD,,0,0.0,,1,True,fast_1m,False,normal,0.8877338877338877,-0.03162095097578965,-1.115372746115223,,L3_MERCHANT_COUNTRY,481.0,Observed drop is within normal variation.
2026-08-31 10:07:00,L3_MERCHANT_COUNTRY,Merchant_C,,,MX,,0,10,136,122,14,0.8970588235294118,INSUFFICIENT_FUNDS,,0,0.0,,1,True,fast_1m,False,normal,0.8891213389121339,-0.007937484617277946,-0.2948138264566781,,L3_MERCHANT_COUNTRY,478.0,Observed drop is within normal variation.
2026-08-31 10:07:00,L4_BANK_COUNTRY,,,,BR,Banco do Brasil,0,10,30,26,4,0.8666666666666667,PROCESSOR_ERROR,INC-001,8,0.2666666666666666,INC-001,1,True,fast_1m,False,normal,0.8958333333333334,0.029166666666666674,0.5229611573463401,,L4_BANK_COUNTRY,144.0,Observed drop is within normal variation.
2026-08-31 10:07:00,L4_BANK_COUNTRY,,,,BR,Bradesco,0,10,171,141,30,0.8245614035087719,PROCESSOR_ERROR,INC-001,45,0.2631578947368421,INC-001,5,True,fallback_5m,True,confirmed_anomaly,0.8968253968253969,0.07226399331662492,3.106559381234634,medium,L4_BANK_COUNTRY,126.0,Approval rate is meaningfully below the historical baseline.
2026-08-31 10:07:00,L4_BANK_COUNTRY,,,,BR,Itau,0,10,35,24,11,0.6857142857142857,PROCESSOR_ERROR,INC-001,15,0.4285714285714285,INC-001,1,True,fast_1m,True,confirmed_anomaly,0.916083916083916,0.23036963036963032,4.915514870417345,critical,L4_BANK_COUNTRY,143.0,Approval rate is meaningfully below the historical baseline.
2026-08-31 10:07:00,L4_BANK_COUNTRY,,,,BR,Nubank,0,10,33,27,6,0.8181818181818182,PROCESSOR_ERROR,INC-001,8,0.2424242424242424,INC-001,1,True,fast_1m,False,potential_anomaly,0.8728813559322034,0.05469953775038516,0.9433185866235076,,L4_BANK_COUNTRY,118.0,"A conversion drop exists, but the statistical evidence is not yet strong enough."
2026-08-31 10:07:00,L4_BANK_COUNTRY,,,,BR,,0,10,272,209,63,0.7683823529411765,PROCESSOR_ERROR,INC-001,98,0.3602941176470588,INC-001,1,True,fast_1m,True,confirmed_anomaly,0.9285714285714286,0.1601890756302521,10.258260108443766,high,L4_BANK_COUNTRY,1022.0,Approval rate is meaningfully below the historical baseline.
2026-08-31 10:07:00,L4_BANK_COUNTRY,,,,CO,Banco de Bogota,0,10,45,42,3,0.9333333333333332,DO_NOT_HONOR,,0,0.0,,1,True,fast_1m,False,normal,0.925925925925926,-0.007407407407407307,-0.1897366596101003,,L4_BANK_COUNTRY,162.0,Observed drop is within normal variation.
2026-08-31 10:07:00,L4_BANK_COUNTRY,,,,CO,Bancolombia,0,10,41,36,5,0.8780487804878049,INVALID_CARD,,0,0.0,,1,True,fast_1m,False,normal,0.8547486033519553,-0.02330017713584953,-0.4234204141832482,,L4_BANK_COUNTRY,179.0,Observed drop is within normal variation.
2026-08-31 10:07:00,L4_BANK_COUNTRY,,,,CO,Davivienda,0,10,47,42,5,0.8936170212765957,DO_NOT_HONOR,,0,0.0,,1,True,fast_1m,False,normal,0.8552631578947368,-0.038353863381858866,-0.7473406704221394,,L4_BANK_COUNTRY,152.0,Observed drop is within normal variation.
2026-08-31 10:07:00,L4_BANK_COUNTRY,,,,CO,,0,10,293,267,26,0.9112627986348124,DO_NOT_HONOR,,0,0.0,,1,True,fast_1m,False,normal,0.8989473684210526,-0.012315430213759693,-0.6994270931362476,,L4_BANK_COUNTRY,950.0,Observed drop is within normal variation.
2026-08-31 10:07:00,L4_BANK_COUNTRY,,,,MX,BBVA,0,10,202,167,35,0.8267326732673267,ISSUER_UNAVAILABLE,INC-002,32,0.1584158415841584,INC-002,5,True,fallback_5m,True,confirmed_anomaly,0.9166666666666666,0.08993399339933994,4.624709590220707,medium,L4_BANK_COUNTRY,120.0,Approval rate is meaningfully below the historical baseline.
2026-08-31 10:07:00,L4_BANK_COUNTRY,,,,MX,Banorte,0,10,39,38,1,0.9743589743589745,SUSPECTED_FRAUD,,0,0.0,,1,True,fast_1m,False,normal,0.9323308270676692,-0.04202814729130511,-1.0449417771865408,,L4_BANK_COUNTRY,133.0,Observed drop is within normal variation.
2026-08-31 10:07:00,L4_BANK_COUNTRY,,,,MX,Citibanamex,0,10,33,31,2,0.9393939393939394,DO_NOT_HONOR,,0,0.0,,1,True,fast_1m,False,normal,0.8879310344827587,-0.051462904911180773,-0.9371712729244583,,L4_BANK_COUNTRY,116.0,Observed drop is within normal variation.
2026-08-31 10:07:00,L4_BANK_COUNTRY,,,,MX,Santander,0,10,192,173,19,0.9010416666666666,INVALID_CARD,,0,0.0,,5,True,fallback_5m,True,confirmed_anomaly,0.9596774193548387,0.058635752688172116,4.130249821189298,medium,L4_BANK_COUNTRY,124.0,Approval rate is meaningfully below the historical baseline.
2026-08-31 10:07:00,L4_BANK_COUNTRY,,,,MX,,0,10,262,226,36,0.8625954198473282,INSUFFICIENT_FUNDS,,0,0.0,,1,True,fast_1m,False,normal,0.872636815920398,0.010041396073069753,0.4875352521505812,,L4_BANK_COUNTRY,1005.0,Observed drop is within normal variation.
2026-08-31 10:07:00,L5_PROVIDER_METHOD_COUNTRY,,Adyen,PIX,BR,,0,10,55,29,26,0.5272727272727272,PROCESSOR_ERROR,INC-001,55,1.0,INC-001,1,True,fast_1m,True,confirmed_anomaly,0.9011627906976744,0.37389006342494713,9.291020221347768,critical,L5_PROVIDER_METHOD_COUNTRY,172.0,Approval rate is meaningfully below the historical baseline.
2026-08-31 10:07:00,L5_PROVIDER_METHOD_COUNTRY,,Adyen,PSE,CO,,0,10,42,39,3,0.9285714285714286,DO_NOT_HONOR,,0,0.0,,1,True,fast_1m,False,normal,0.9,-0.02857142857142858,-0.6172133998483679,,L5_PROVIDER_METHOD_COUNTRY,160.0,Observed drop is within normal variation.
2026-08-31 10:07:00,L5_PROVIDER_METHOD_COUNTRY,,Adyen,card,BR,,0,10,38,21,17,0.5526315789473685,PROCESSOR_ERROR,INC-001,38,1.0,INC-001,1,True,fast_1m,True,confirmed_anomaly,0.9193548387096774,0.3667232597623089,8.302320871657251,critical,L5_PROVIDER_METHOD_COUNTRY,186.0,Approval rate is meaningfully below the historical baseline.
2026-08-31 10:07:00,L5_PROVIDER_METHOD_COUNTRY,,Adyen,card,CO,,0,10,43,38,5,0.8837209302325582,INSUFFICIENT_FUNDS,,0,0.0,,1,True,fast_1m,False,normal,0.9144736842105264,0.030752753977968283,0.7210788432187825,,L5_PROVIDER_METHOD_COUNTRY,152.0,Observed drop is within normal variation.
2026-08-31 10:07:00,L5_PROVIDER_METHOD_COUNTRY,,Adyen,card,MX,,0,10,30,26,4,0.8666666666666667,ISSUER_UNAVAILABLE,INC-002,3,0.1,INC-002,1,True,fast_1m,True,confirmed_anomaly,0.9545454545454546,0.08787878787878789,2.3107753113798286,medium,L5_PROVIDER_METHOD_COUNTRY,154.0,Approval rate is meaningfully below the historical baseline.
2026-08-31 10:07:00,L5_PROVIDER_METHOD_COUNTRY,,Adyen,cash_in_store,MX,,0,10,40,31,9,0.775,SUSPECTED_FRAUD,,0,0.0,,1,True,fast_1m,True,confirmed_anomaly,0.8865979381443299,0.11159793814432983,2.225934252869398,medium,L5_PROVIDER_METHOD_COUNTRY,194.0,Approval rate is meaningfully below the historical baseline.
2026-08-31 10:07:00,L5_PROVIDER_METHOD_COUNTRY,,Adyen,wallet,BR,,0,10,43,20,23,0.4651162790697674,PROCESSOR_ERROR,INC-001,43,1.0,INC-001,1,True,fast_1m,True,confirmed_anomaly,0.9025974025974026,0.4374811235276352,9.675228660590449,critical,L5_PROVIDER_METHOD_COUNTRY,154.0,Approval rate is meaningfully below the historical baseline.
2026-08-31 10:07:00,L5_PROVIDER_METHOD_COUNTRY,,Adyen,wallet,CO,,0,10,51,47,4,0.9215686274509804,DO_NOT_HONOR,,0,0.0,,1,True,fast_1m,False,normal,0.903846153846154,-0.017722473604826372,-0.42931774420607477,,L5_PROVIDER_METHOD_COUNTRY,156.0,Observed drop is within normal variation.
2026-08-31 10:07:00,L5_PROVIDER_METHOD_COUNTRY,,Adyen,wallet,MX,,0,10,47,43,4,0.9148936170212766,INSUFFICIENT_FUNDS,,0,0.0,,1,True,fast_1m,False,normal,0.9,-0.014893617021276562,-0.3403516468284199,,L5_PROVIDER_METHOD_COUNTRY,160.0,Observed drop is within normal variation.
2026-08-31 10:07:00,L5_PROVIDER_METHOD_COUNTRY,,Stripe,PIX,BR,,0,10,40,39,1,0.975,INVALID_CARD,,0,0.0,,1,True,fast_1m,False,normal,0.9689119170984456,-0.006088082901554381,-0.22185613041449898,,L5_PROVIDER_METHOD_COUNTRY,193.0,Observed drop is within normal variation.
2026-08-31 10:07:00,L5_PROVIDER_METHOD_COUNTRY,,Stripe,PSE,CO,,0,10,54,43,11,0.7962962962962963,DO_NOT_HONOR,,0,0.0,,1,True,fast_1m,True,confirmed_anomaly,0.8881987577639752,0.09190246146767889,2.1431157506590495,medium,L5_PROVIDER_METHOD_COUNTRY,161.0,Approval rate is meaningfully below the historical baseline.
2026-08-31 10:07:00,L5_PROVIDER_METHOD_COUNTRY,,Stripe,card,BR,,0,10,37,32,5,0.8648648648648649,DO_NOT_HONOR,,0,0.0,,1,True,fast_1m,False,normal,0.9055555555555556,0.040690690690690645,0.8463503262452458,,L5_PROVIDER_METHOD_COUNTRY,180.0,Observed drop is within normal variation.
2026-08-31 10:07:00,L5_PROVIDER_METHOD_COUNTRY,,Stripe,card,CO,,0,10,44,41,3,0.9318181818181818,DO_NOT_HONOR,,0,0.0,,1,True,fast_1m,False,normal,0.8524590163934426,-0.0793591654247392,-1.484329567762586,,L5_PROVIDER_METHOD_COUNTRY,183.0,Observed drop is within normal variation.
2026-08-31 10:07:00,L5_PROVIDER_METHOD_COUNTRY,,Stripe,card,MX,,0,10,51,48,3,0.9411764705882352,DO_NOT_HONOR,INC-002,3,0.0588235294117647,INC-002,1,True,fast_1m,False,normal,0.92,-0.02117647058823524,-0.5574420938353492,,L5_PROVIDER_METHOD_COUNTRY,175.0,Observed drop is within normal variation.
2026-08-31 10:07:00,L5_PROVIDER_METHOD_COUNTRY,,Stripe,cash_in_store,MX,,0,10,50,43,7,0.86,INSUFFICIENT_FUNDS,,0,0.0,,1,True,fast_1m,False,normal,0.8,-0.05999999999999994,-1.0606601717798203,,L5_PROVIDER_METHOD_COUNTRY,170.0,Observed drop is within normal variation.
2026-08-31 10:07:00,L5_PROVIDER_METHOD_COUNTRY,,Stripe,wallet,BR,,0,10,50,45,5,0.9,SUSPECTED_FRAUD,,0,0.0,,1,True,fast_1m,False,normal,0.9090909090909092,0.00909090909090915,0.2236067977499805,,L5_PROVIDER_METHOD_COUNTRY,165.0,Observed drop is within normal variation.
2026-08-31 10:07:00,L5_PROVIDER_METHOD_COUNTRY,,Stripe,wallet,CO,,0,10,54,52,2,0.9629629629629628,DO_NOT_HONOR,,0,0.0,,1,True,fast_1m,False,normal,0.9106145251396648,-0.05234843782329812,-1.3483413190495246,,L5_PROVIDER_METHOD_COUNTRY,179.0,Observed drop is within normal variation.
2026-08-31 10:07:00,L5_PROVIDER_METHOD_COUNTRY,,Stripe,wallet,MX,,0,10,40,38,2,0.95,INSUFFICIENT_FUNDS,,0,0.0,,1,True,fast_1m,False,normal,0.9025974025974026,-0.047402597402597335,-1.0111133071540865,,L5_PROVIDER_METHOD_COUNTRY,154.0,Observed drop is within normal variation.
2026-08-31 10:07:00,L5_PROVIDER_METHOD_COUNTRY,,dLocal,PIX,BR,,0,10,40,33,7,0.825,SUSPECTED_FRAUD,,0,0.0,,1,True,fast_1m,True,confirmed_anomaly,0.9567901234567902,0.1317901234567902,4.099331180696711,high,L5_PROVIDER_METHOD_COUNTRY,162.0,Approval rate is meaningfully below the historical baseline.
2026-08-31 10:07:00,L5_PROVIDER_METHOD_COUNTRY,,dLocal,PSE,CO,,0,10,48,43,5,0.8958333333333334,INVALID_CARD,,0,0.0,,1,True,fast_1m,False,normal,0.875,-0.02083333333333337,-0.4364357804719855,,L5_PROVIDER_METHOD_COUNTRY,144.0,Observed drop is within normal variation.
2026-08-31 10:07:00,L5_PROVIDER_METHOD_COUNTRY,,dLocal,card,BR,,0,10,43,39,4,0.9069767441860463,INSUFFICIENT_FUNDS,,0,0.0,,1,True,fast_1m,False,normal,0.8606060606060606,-0.04637068357998586,-0.8779172449376008,,L5_PROVIDER_METHOD_COUNTRY,165.0,Observed drop is within normal variation.
2026-08-31 10:07:00,L5_PROVIDER_METHOD_COUNTRY,,dLocal,card,CO,,0,10,46,41,5,0.8913043478260869,INSUFFICIENT_FUNDS,,0,0.0,,1,True,fast_1m,False,normal,0.8734177215189873,-0.017886626307099585,-0.3648462572514227,,L5_PROVIDER_METHOD_COUNTRY,158.0,Observed drop is within normal variation.
2026-08-31 10:07:00,L5_PROVIDER_METHOD_COUNTRY,,dLocal,card,MX,,0,10,41,36,5,0.8780487804878049,SUSPECTED_FRAUD,INC-002,1,0.024390243902439,INC-002,1,True,fast_1m,False,normal,0.902439024390244,0.024390243902439157,0.5263335701121774,,L5_PROVIDER_METHOD_COUNTRY,164.0,Observed drop is within normal variation.
2026-08-31 10:07:00,L5_PROVIDER_METHOD_COUNTRY,,dLocal,cash_in_store,MX,,0,10,38,28,10,0.7368421052631579,DO_NOT_HONOR,,0,0.0,,1,True,fast_1m,False,potential_anomaly,0.8280254777070064,0.09118337244384855,1.4895447088946594,,L5_PROVIDER_METHOD_COUNTRY,157.0,"A conversion drop exists, but the statistical evidence is not yet strong enough."
2026-08-31 10:07:00,L5_PROVIDER_METHOD_COUNTRY,,dLocal,wallet,BR,,0,10,44,43,1,0.9772727272727272,INVALID_CARD,,0,0.0,,1,True,fast_1m,False,normal,0.9261363636363636,-0.051136363636363646,-1.2968906802528362,,L5_PROVIDER_METHOD_COUNTRY,176.0,Observed drop is within normal variation.
2026-08-31 10:07:00,L5_PROVIDER_METHOD_COUNTRY,,dLocal,wallet,CO,,0,10,44,43,1,0.9772727272727272,INSUFFICIENT_FUNDS,,0,0.0,,1,True,fast_1m,False,normal,0.9133333333333332,-0.06393939393939407,-1.5074890040529723,,L5_PROVIDER_METHOD_COUNTRY,150.0,Observed drop is within normal variation.
2026-08-31 10:07:00,L5_PROVIDER_METHOD_COUNTRY,,dLocal,wallet,MX,,0,10,47,43,4,0.9148936170212766,INSUFFICIENT_FUNDS,,0,0.0,,1,True,fast_1m,False,normal,0.9176470588235294,0.0027534418022527873,0.06866689896169227,,L5_PROVIDER_METHOD_COUNTRY,170.0,Observed drop is within normal variation.
2026-08-31 10:07:00,L6_MERCHANT_BANK_COUNTRY,Merchant_A,,,BR,Banco do Brasil,0,10,65,58,7,0.8923076923076924,PROCESSOR_ERROR,INC-001,17,0.2615384615384615,INC-001,5,True,fallback_5m,False,potential_anomaly,0.9433962264150944,0.051088534107401995,1.7824212860672521,,L6_MERCHANT_BANK_COUNTRY,53.0,"A conversion drop exists, but the statistical evidence is not yet strong enough."
2026-08-31 10:07:00,L6_MERCHANT_BANK_COUNTRY,Merchant_A,,,BR,Bradesco,0,10,71,61,10,0.8591549295774648,INSUFFICIENT_FUNDS,INC-001,21,0.2957746478873239,INC-001,5,True,fallback_5m,False,normal,0.8863636363636364,0.0272087067861716,0.722391198019331,,L6_MERCHANT_BANK_COUNTRY,44.0,Observed drop is within normal variation.
2026-08-31 10:07:00,L6_MERCHANT_BANK_COUNTRY,Merchant_A,,,BR,Itau,0,10,69,54,15,0.782608695652174,PROCESSOR_ERROR,INC-001,21,0.3043478260869565,INC-001,5,True,fallback_5m,True,confirmed_anomaly,0.9,0.11739130434782608,3.2504180333157686,high,L6_MERCHANT_BANK_COUNTRY,50.0,Approval rate is meaningfully below the historical baseline.
2026-08-31 10:07:00,L6_MERCHANT_BANK_COUNTRY,Merchant_A,,,BR,Nubank,0,10,60,42,18,0.7,PROCESSOR_ERROR,INC-001,17,0.2833333333333333,INC-001,5,True,fallback_5m,True,confirmed_anomaly,0.8333333333333334,0.13333333333333341,2.7712812921102055,medium,L6_MERCHANT_BANK_COUNTRY,36.0,Approval rate is meaningfully below the historical baseline.
2026-08-31 10:07:00,L6_MERCHANT_BANK_COUNTRY,Merchant_A,,,BR,,0,10,94,76,18,0.8085106382978723,PROCESSOR_ERROR,INC-001,32,0.3404255319148936,INC-001,1,True,fast_1m,True,confirmed_anomaly,0.9304347826086956,0.12192414431082332,4.646378671438787,high,L6_MERCHANT_BANK_COUNTRY,345.0,Approval rate is meaningfully below the historical baseline.
2026-08-31 10:07:00,L6_MERCHANT_BANK_COUNTRY,Merchant_A,,,CO,Banco de Bogota,0,10,97,90,7,0.9278350515463918,DO_NOT_HONOR,,0,0.0,,5,True,fallback_5m,False,normal,0.9365079365079364,0.008672884961544614,0.3502950504943433,,L6_MERCHANT_BANK_COUNTRY,63.0,Observed drop is within normal variation.
2026-08-31 10:07:00,L6_MERCHANT_BANK_COUNTRY,Merchant_A,,,CO,Bancolombia,0,10,77,69,8,0.8961038961038961,INVALID_CARD,,0,0.0,,5,True,fallback_5m,False,normal,0.8363636363636363,-0.05974025974025976,-1.4170167634634774,,L6_MERCHANT_BANK_COUNTRY,55.0,Observed drop is within normal variation.
2026-08-31 10:07:00,L6_MERCHANT_BANK_COUNTRY,Merchant_A,,,CO,Davivienda,0,10,85,77,8,0.9058823529411764,DO_NOT_HONOR,,0,0.0,,5,True,fallback_5m,False,normal,0.8571428571428571,-0.04873949579831938,-1.2841415840331392,,L6_MERCHANT_BANK_COUNTRY,56.0,Observed drop is within normal variation.
2026-08-31 10:07:00,L6_MERCHANT_BANK_COUNTRY,Merchant_A,,,CO,,0,10,119,103,16,0.865546218487395,DO_NOT_HONOR,,0,0.0,,1,True,fast_1m,False,normal,0.9006211180124224,0.0350748995250274,1.2789447983240887,,L6_MERCHANT_BANK_COUNTRY,322.0,Observed drop is within normal variation.
2026-08-31 10:07:00,L6_MERCHANT_BANK_COUNTRY,Merchant_A,,,MX,BBVA,0,10,63,36,27,0.5714285714285714,ISSUER_UNAVAILABLE,INC-002,32,0.5079365079365079,INC-002,5,True,fallback_5m,True,confirmed_anomaly,0.945945945945946,0.37451737451737466,13.146039987271422,critical,L6_MERCHANT_BANK_COUNTRY,37.0,Approval rate is meaningfully below the historical baseline.
2026-08-31 10:07:00,L6_MERCHANT_BANK_COUNTRY,Merchant_A,,,MX,Banorte,0,10,72,67,5,0.9305555555555556,DO_NOT_HONOR,,0,0.0,,5,True,fallback_5m,False,normal,0.8947368421052632,-0.035818713450292416,-0.9903538022316936,,L6_MERCHANT_BANK_COUNTRY,38.0,Observed drop is within normal variation.
2026-08-31 10:07:00,L6_MERCHANT_BANK_COUNTRY,Merchant_A,,,MX,Citibanamex,0,10,65,55,10,0.8461538461538461,DO_NOT_HONOR,,0,0.0,,5,True,fallback_5m,False,normal,0.8571428571428571,0.01098901098901095,0.2531848417709157,,L6_MERCHANT_BANK_COUNTRY,35.0,Observed drop is within normal variation.
2026-08-31 10:07:00,L6_MERCHANT_BANK_COUNTRY,Merchant_A,,,MX,Santander,0,10,62,56,6,0.9032258064516128,SUSPECTED_FRAUD,,0,0.0,,5,True,fallback_5m,False,normal,0.9491525423728814,0.0459267359212685,1.6461097835062053,,L6_MERCHANT_BANK_COUNTRY,59.0,Observed drop is within normal variation.
2026-08-31 10:07:00,L6_MERCHANT_BANK_COUNTRY,Merchant_A,,,MX,,0,10,90,79,11,0.8777777777777778,INSUFFICIENT_FUNDS,,0,0.0,,1,True,fast_1m,False,normal,0.8876080691642652,0.009830291386487389,0.29526329297833964,,L6_MERCHANT_BANK_COUNTRY,347.0,Observed drop is within normal variation.
2026-08-31 10:07:00,L6_MERCHANT_BANK_COUNTRY,Merchant_B,,,BR,Banco do Brasil,0,10,72,56,16,0.7777777777777778,INVALID_CARD,INC-001,14,0.1944444444444444,INC-001,5,True,fallback_5m,True,confirmed_anomaly,0.8913043478260869,0.11352657004830913,3.0948860695020453,high,L6_MERCHANT_BANK_COUNTRY,46.0,Approval rate is meaningfully below the historical baseline.
2026-08-31 10:07:00,L6_MERCHANT_BANK_COUNTRY,Merchant_B,,,BR,Bradesco,0,10,47,38,9,0.8085106382978723,PROCESSOR_ERROR,INC-001,9,0.1914893617021276,INC-001,5,True,fallback_5m,False,potential_anomaly,0.8648648648648649,0.05635422656699263,1.1301007298353865,,L6_MERCHANT_BANK_COUNTRY,37.0,"A conversion drop exists, but the statistical evidence is not yet strong enough."
2026-08-31 10:07:00,L6_MERCHANT_BANK_COUNTRY,Merchant_B,,,BR,Itau,0,10,61,53,8,0.8688524590163934,PROCESSOR_ERROR,INC-001,14,0.2295081967213114,INC-001,5,True,fallback_5m,False,normal,0.8809523809523809,0.012099921935987523,0.29181721751119677,,L6_MERCHANT_BANK_COUNTRY,42.0,Observed drop is within normal variation.
2026-08-31 10:07:00,L6_MERCHANT_BANK_COUNTRY,Merchant_B,,,BR,Nubank,0,10,68,58,10,0.8529411764705882,PROCESSOR_ERROR,INC-001,14,0.2058823529411764,INC-001,5,True,fallback_5m,False,normal,0.8571428571428571,0.004201680672268893,0.09901475429766705,,L6_MERCHANT_BANK_COUNTRY,42.0,Observed drop is within normal variation.
2026-08-31 10:07:00,L6_MERCHANT_BANK_COUNTRY,Merchant_B,,,BR,,0,10,87,67,20,0.7701149425287356,PROCESSOR_ERROR,INC-001,32,0.367816091954023,INC-001,1,True,fast_1m,True,confirmed_anomaly,0.935672514619883,0.1655575720911474,6.294314683539676,high,L6_MERCHANT_BANK_COUNTRY,342.0,Approval rate is meaningfully below the historical baseline.
2026-08-31 10:07:00,L6_MERCHANT_BANK_COUNTRY,Merchant_B,,,CO,Banco de Bogota,0,10,78,72,6,0.9230769230769232,INSUFFICIENT_FUNDS,,0,0.0,,5,True,fallback_5m,False,normal,0.9534883720930232,0.030411449016100045,1.2753986243648994,,L6_MERCHANT_BANK_COUNTRY,43.0,Observed drop is within normal variation.
2026-08-31 10:07:00,L6_MERCHANT_BANK_COUNTRY,Merchant_B,,,CO,Bancolombia,0,10,103,89,14,0.8640776699029126,INSUFFICIENT_FUNDS,,0,0.0,,5,True,fallback_5m,False,normal,0.8333333333333334,-0.0307443365695792,-0.8372400335545379,,L6_MERCHANT_BANK_COUNTRY,60.0,Observed drop is within normal variation.
2026-08-31 10:07:00,L6_MERCHANT_BANK_COUNTRY,Merchant_B,,,CO,Davivienda,0,10,93,87,6,0.935483870967742,DO_NOT_HONOR,,0,0.0,,5,True,fallback_5m,False,normal,0.847457627118644,-0.08802624384909785,-2.3610185518437876,,L6_MERCHANT_BANK_COUNTRY,59.0,Observed drop is within normal variation.
2026-08-31 10:07:00,L6_MERCHANT_BANK_COUNTRY,Merchant_B,,,CO,,0,10,101,95,6,0.9405940594059404,DO_NOT_HONOR,,0,0.0,,1,True,fast_1m,False,normal,0.9078947368421052,-0.03269932256383534,-1.136421572357507,,L6_MERCHANT_BANK_COUNTRY,304.0,Observed drop is within normal variation.
2026-08-31 10:07:00,L6_MERCHANT_BANK_COUNTRY,Merchant_B,,,MX,BBVA,0,10,67,60,7,0.8955223880597015,DO_NOT_HONOR,,0,0.0,,5,True,fallback_5m,False,normal,0.9090909090909092,0.013568521031207648,0.38633370464312944,,L6_MERCHANT_BANK_COUNTRY,44.0,Observed drop is within normal variation.
2026-08-31 10:07:00,L6_MERCHANT_BANK_COUNTRY,Merchant_B,,,MX,Banorte,0,10,65,58,7,0.8923076923076924,DO_NOT_HONOR,,0,0.0,,5,True,fallback_5m,True,confirmed_anomaly,0.9574468085106383,0.06513911620294599,2.601807392833243,medium,L6_MERCHANT_BANK_COUNTRY,47.0,Approval rate is meaningfully below the historical baseline.
2026-08-31 10:07:00,L6_MERCHANT_BANK_COUNTRY,Merchant_B,,,MX,Citibanamex,0,10,72,62,10,0.8611111111111112,INSUFFICIENT_FUNDS,,0,0.0,,5,True,fallback_5m,False,normal,0.8780487804878049,0.01693766937669372,0.4392052305789404,,L6_MERCHANT_BANK_COUNTRY,41.0,Observed drop is within normal variation.
2026-08-31 10:07:00,L6_MERCHANT_BANK_COUNTRY,Merchant_B,,,MX,Santander,0,10,62,55,7,0.8870967741935484,DO_NOT_HONOR,,0,0.0,,5,True,fallback_5m,True,confirmed_anomaly,0.975609756097561,0.08851298190401258,4.518108725076554,medium,L6_MERCHANT_BANK_COUNTRY,41.0,Approval rate is meaningfully below the historical baseline.
2026-08-31 10:07:00,L6_MERCHANT_BANK_COUNTRY,Merchant_B,,,MX,,0,10,88,74,14,0.8409090909090909,INSUFFICIENT_FUNDS,,0,0.0,,1,True,fast_1m,False,normal,0.8580060422960725,0.01709695138698153,0.4594940665314931,,L6_MERCHANT_BANK_COUNTRY,331.0,Observed drop is within normal variation.
2026-08-31 10:07:00,L6_MERCHANT_BANK_COUNTRY,Merchant_C,,,BR,Banco do Brasil,0,10,64,51,13,0.796875,PROCESSOR_ERROR,INC-001,18,0.28125,INC-001,5,True,fallback_5m,False,normal,0.8444444444444444,0.04756944444444444,1.0500011188680038,,L6_MERCHANT_BANK_COUNTRY,45.0,Observed drop is within normal variation.
2026-08-31 10:07:00,L6_MERCHANT_BANK_COUNTRY,Merchant_C,,,BR,Bradesco,0,10,53,42,11,0.7924528301886793,PROCESSOR_ERROR,INC-001,15,0.2830188679245283,INC-001,5,True,fallback_5m,True,confirmed_anomaly,0.9333333333333332,0.14088050314465395,4.111649350000366,high,L6_MERCHANT_BANK_COUNTRY,45.0,Approval rate is meaningfully below the historical baseline.
2026-08-31 10:07:00,L6_MERCHANT_BANK_COUNTRY,Merchant_C,,,BR,Itau,0,10,63,49,14,0.7777777777777778,PROCESSOR_ERROR,INC-001,17,0.2698412698412698,INC-001,5,True,fallback_5m,True,confirmed_anomaly,0.9607843137254902,0.18300653594771243,7.483314773547886,high,L6_MERCHANT_BANK_COUNTRY,51.0,Approval rate is meaningfully below the historical baseline.
2026-08-31 10:07:00,L6_MERCHANT_BANK_COUNTRY,Merchant_C,,,BR,Nubank,0,10,72,61,11,0.8472222222222222,PROCESSOR_ERROR,INC-001,15,0.2083333333333333,INC-001,5,True,fallback_5m,True,confirmed_anomaly,0.925,0.07777777777777783,2.5056492727990265,medium,L6_MERCHANT_BANK_COUNTRY,40.0,Approval rate is meaningfully below the historical baseline.
2026-08-31 10:07:00,L6_MERCHANT_BANK_COUNTRY,Merchant_C,,,BR,,0,10,91,66,25,0.7252747252747253,PROCESSOR_ERROR,INC-001,34,0.3736263736263736,INC-001,1,True,fast_1m,True,confirmed_anomaly,0.9194029850746268,0.19412825979990156,6.80294601058479,high,L6_MERCHANT_BANK_COUNTRY,335.0,Approval rate is meaningfully below the historical baseline.
2026-08-31 10:07:00,L6_MERCHANT_BANK_COUNTRY,Merchant_C,,,CO,Banco de Bogota,0,10,104,96,8,0.9230769230769232,DO_NOT_HONOR,,0,0.0,,5,True,fallback_5m,False,normal,0.8928571428571429,-0.030219780219780223,-0.9964037900472444,,L6_MERCHANT_BANK_COUNTRY,56.0,Observed drop is within normal variation.
2026-08-31 10:07:00,L6_MERCHANT_BANK_COUNTRY,Merchant_C,,,CO,Bancolombia,0,10,83,77,6,0.927710843373494,INVALID_CARD,,0,0.0,,5,True,fallback_5m,False,normal,0.890625,-0.037085843373493965,-1.082531972651182,,L6_MERCHANT_BANK_COUNTRY,64.0,Observed drop is within normal variation.
2026-08-31 10:07:00,L6_MERCHANT_BANK_COUNTRY,Merchant_C,,,CO,Davivienda,0,10,77,66,11,0.8571428571428571,INSUFFICIENT_FUNDS,,0,0.0,,5,True,fallback_5m,False,normal,0.8648648648648649,0.007722007722007818,0.19820624179302546,,L6_MERCHANT_BANK_COUNTRY,37.0,Observed drop is within normal variation.
2026-08-31 10:07:00,L6_MERCHANT_BANK_COUNTRY,Merchant_C,,,CO,,0,10,73,69,4,0.9452054794520548,INSUFFICIENT_FUNDS,,0,0.0,,1,True,fast_1m,False,normal,0.8888888888888888,-0.05631659056316596,-1.5310708939143818,,L6_MERCHANT_BANK_COUNTRY,324.0,Observed drop is within normal variation.
2026-08-31 10:07:00,L6_MERCHANT_BANK_COUNTRY,Merchant_C,,,MX,BBVA,0,10,72,71,1,0.9861111111111112,DO_NOT_HONOR,,0,0.0,,5,True,fallback_5m,False,normal,0.8974358974358975,-0.0886752136752137,-2.4800993643688676,,L6_MERCHANT_BANK_COUNTRY,39.0,Observed drop is within normal variation.
2026-08-31 10:07:00,L6_MERCHANT_BANK_COUNTRY,Merchant_C,,,MX,Banorte,0,10,73,70,3,0.958904109589041,SUSPECTED_FRAUD,,0,0.0,,5,True,fallback_5m,False,normal,0.9375,-0.021404109589041043,-0.7554973565193724,,L6_MERCHANT_BANK_COUNTRY,48.0,Observed drop is within normal variation.
2026-08-31 10:07:00,L6_MERCHANT_BANK_COUNTRY,Merchant_C,,,MX,Citibanamex,0,10,66,56,10,0.8484848484848485,DO_NOT_HONOR,,0,0.0,,5,True,fallback_5m,True,confirmed_anomaly,0.925,0.07651515151515154,2.3600321120170324,medium,L6_MERCHANT_BANK_COUNTRY,40.0,Approval rate is meaningfully below the historical baseline.
2026-08-31 10:07:00,L6_MERCHANT_BANK_COUNTRY,Merchant_C,,,MX,Santander,0,10,68,62,6,0.9117647058823528,INVALID_CARD,,0,0.0,,5,True,fallback_5m,False,normal,0.9035,-0.008264705882352952,-0.23080973591831377,,L6_GLOBAL,455992.0,Observed drop is within normal variation.
2026-08-31 10:07:00,L6_MERCHANT_BANK_COUNTRY,Merchant_C,,,MX,,0,10,84,73,11,0.8690476190476191,INSUFFICIENT_FUNDS,,0,0.0,,1,True,fast_1m,False,normal,0.8715596330275229,0.00251201397990386,0.06881171350506349,,L6_MERCHANT_BANK_COUNTRY,327.0,Observed drop is within normal variation.
2026-08-31 10:08:00,L1_PROVIDER_COUNTRY,,Adyen,,BR,,0,10,112,107,5,0.9553571428571428,INSUFFICIENT_FUNDS,,0,0.0,,1,True,fast_1m,False,normal,0.908203125,-0.047154017857142905,-1.7283124981469011,,L1_PROVIDER_COUNTRY,512.0,Observed drop is within normal variation.
2026-08-31 10:08:00,L1_PROVIDER_COUNTRY,,Adyen,,CO,,0,10,151,143,8,0.9470198675496688,DO_NOT_HONOR,,0,0.0,,1,True,fast_1m,False,normal,0.905982905982906,-0.04103696156676284,-1.7278270058103102,,L1_PROVIDER_COUNTRY,468.0,Observed drop is within normal variation.
2026-08-31 10:08:00,L1_PROVIDER_COUNTRY,,Adyen,,MX,,0,10,134,112,22,0.835820895522388,INVALID_CARD,INC-002,5,0.0373134328358208,INC-002,1,True,fast_1m,True,confirmed_anomaly,0.9114173228346456,0.07559642731225757,3.0797866371641693,medium,L1_PROVIDER_COUNTRY,508.0,Approval rate is meaningfully below the historical baseline.
2026-08-31 10:08:00,L1_PROVIDER_COUNTRY,,Stripe,,BR,,0,10,116,106,10,0.913793103448276,INSUFFICIENT_FUNDS,,0,0.0,,1,True,fast_1m,False,normal,0.929368029739777,0.015574926291501034,0.6547273299534843,,L1_PROVIDER_COUNTRY,538.0,Observed drop is within normal variation.
2026-08-31 10:08:00,L1_PROVIDER_COUNTRY,,Stripe,,CO,,0,10,133,120,13,0.9022556390977444,INVALID_CARD,,0,0.0,,1,True,fast_1m,False,normal,0.8833652007648184,-0.01889043833292592,-0.6787090488814004,,L1_PROVIDER_COUNTRY,523.0,Observed drop is within normal variation.
2026-08-31 10:08:00,L1_PROVIDER_COUNTRY,,Stripe,,MX,,0,10,123,108,15,0.8780487804878049,INSUFFICIENT_FUNDS,INC-002,4,0.032520325203252,INC-002,1,True,fast_1m,False,normal,0.87374749498998,-0.004301285497824936,-0.14362758288948688,,L1_PROVIDER_COUNTRY,499.0,Observed drop is within normal variation.
2026-08-31 10:08:00,L1_PROVIDER_COUNTRY,,dLocal,,BR,,0,10,167,150,17,0.8982035928143712,SUSPECTED_FRAUD,,0,0.0,,1,True,fast_1m,False,normal,0.9145129224652088,0.016309329650837534,0.7537879454583604,,L1_PROVIDER_COUNTRY,503.0,Observed drop is within normal variation.
2026-08-31 10:08:00,L1_PROVIDER_COUNTRY,,dLocal,,CO,,0,10,141,130,11,0.9219858156028368,INSUFFICIENT_FUNDS,,0,0.0,,1,True,fast_1m,False,normal,0.8871681415929203,-0.03481767400991653,-1.3067438702032368,,L1_PROVIDER_COUNTRY,452.0,Observed drop is within normal variation.
2026-08-31 10:08:00,L1_PROVIDER_COUNTRY,,dLocal,,MX,,0,10,123,103,20,0.8373983739837398,DO_NOT_HONOR,INC-002,1,0.008130081300813,INC-002,1,True,fast_1m,False,normal,0.8839103869653768,0.046512012981636985,1.6103374421787924,,L1_PROVIDER_COUNTRY,491.0,Observed drop is within normal variation.
2026-08-31 10:08:00,L2_METHOD_COUNTRY,,,PIX,BR,,0,10,130,119,11,0.9153846153846154,INSUFFICIENT_FUNDS,,0,0.0,,1,True,fast_1m,False,normal,0.9430740037950665,0.0276893884104511,1.3625637573255742,,L2_METHOD_COUNTRY,527.0,Observed drop is within normal variation.
2026-08-31 10:08:00,L2_METHOD_COUNTRY,,,PSE,CO,,0,10,140,125,15,0.8928571428571429,INSUFFICIENT_FUNDS,,0,0.0,,1,True,fast_1m,False,normal,0.8881720430107527,-0.004685099846390206,-0.17589728003890123,,L2_METHOD_COUNTRY,465.0,Observed drop is within normal variation.
2026-08-31 10:08:00,L2_METHOD_COUNTRY,,,card,BR,,0,10,118,109,9,0.923728813559322,SUSPECTED_FRAUD,,0,0.0,,1,True,fast_1m,False,normal,0.896421845574388,-0.02730696798493404,-0.9734736147082922,,L2_METHOD_COUNTRY,531.0,Observed drop is within normal variation.
2026-08-31 10:08:00,L2_METHOD_COUNTRY,,,card,CO,,0,10,148,140,8,0.945945945945946,INVALID_CARD,,0,0.0,,1,True,fast_1m,False,normal,0.8782961460446247,-0.06764979990132125,-2.517240554735089,,L2_METHOD_COUNTRY,493.0,Observed drop is within normal variation.
2026-08-31 10:08:00,L2_METHOD_COUNTRY,,,card,MX,,0,10,133,112,21,0.8421052631578947,ISSUER_UNAVAILABLE,INC-002,10,0.075187969924812,INC-002,1,True,fast_1m,True,confirmed_anomaly,0.924949290060852,0.08284402690295734,3.626190847623377,medium,L2_METHOD_COUNTRY,493.0,Approval rate is meaningfully below the historical baseline.
2026-08-31 10:08:00,L2_METHOD_COUNTRY,,,cash_in_store,MX,,0,10,129,105,24,0.813953488372093,INVALID_CARD,,0,0.0,,1,True,fast_1m,False,normal,0.8406909788867563,0.02673749051466323,0.8298070505082769,,L2_METHOD_COUNTRY,521.0,Observed drop is within normal variation.
2026-08-31 10:08:00,L2_METHOD_COUNTRY,,,wallet,BR,,0,10,147,135,12,0.9183673469387756,SUSPECTED_FRAUD,,0,0.0,,1,True,fast_1m,False,normal,0.9131313131313132,-0.0052360338074622925,-0.22540464584636702,,L2_METHOD_COUNTRY,495.0,Observed drop is within normal variation.
2026-08-31 10:08:00,L2_METHOD_COUNTRY,,,wallet,CO,,0,10,137,128,9,0.9343065693430656,INVALID_CARD,,0,0.0,,1,True,fast_1m,False,normal,0.909278350515464,-0.025028218827601645,-1.0199674975039899,,L2_METHOD_COUNTRY,485.0,Observed drop is within normal variation.
2026-08-31 10:08:00,L2_METHOD_COUNTRY,,,wallet,MX,,0,10,118,106,12,0.8983050847457628,DO_NOT_HONOR,,0,0.0,,1,True,fast_1m,False,normal,0.9070247933884298,0.008719708642667023,0.32617436239353703,,L2_METHOD_COUNTRY,484.0,Observed drop is within normal variation.
2026-08-31 10:08:00,L3_MERCHANT_COUNTRY,Merchant_A,,,BR,,0,10,131,120,11,0.916030534351145,SUSPECTED_FRAUD,,0,0.0,,1,True,fast_1m,False,normal,0.918560606060606,0.002530071709460957,0.10587594599918372,,L3_MERCHANT_COUNTRY,528.0,Observed drop is within normal variation.
2026-08-31 10:08:00,L3_MERCHANT_COUNTRY,Merchant_A,,,CO,,0,10,142,130,12,0.9154929577464788,INSUFFICIENT_FUNDS,,0,0.0,,1,True,fast_1m,False,normal,0.8931451612903226,-0.022347796456156255,-0.8620267799083899,,L3_MERCHANT_COUNTRY,496.0,Observed drop is within normal variation.
2026-08-31 10:08:00,L3_MERCHANT_COUNTRY,Merchant_A,,,MX,,0,10,139,111,28,0.7985611510791367,ISSUER_UNAVAILABLE,INC-002,10,0.0719424460431654,INC-002,1,True,fast_1m,True,confirmed_anomaly,0.8972868217054264,0.09872567062628967,3.8340587551345195,medium,L3_MERCHANT_COUNTRY,516.0,Approval rate is meaningfully below the historical baseline.
2026-08-31 10:08:00,L3_MERCHANT_COUNTRY,Merchant_B,,,BR,,0,10,129,120,9,0.9302325581395348,INSUFFICIENT_FUNDS,,0,0.0,,1,True,fast_1m,False,normal,0.9155206286836935,-0.014711929455841322,-0.6008348087494197,,L3_MERCHANT_COUNTRY,509.0,Observed drop is within normal variation.
2026-08-31 10:08:00,L3_MERCHANT_COUNTRY,Merchant_B,,,CO,,0,10,143,133,10,0.93006993006993,DO_NOT_HONOR,,0,0.0,,1,True,fast_1m,False,normal,0.8948497854077253,-0.0352201446622048,-1.3730267654961406,,L3_MERCHANT_COUNTRY,466.0,Observed drop is within normal variation.
2026-08-31 10:08:00,L3_MERCHANT_COUNTRY,Merchant_B,,,MX,,0,10,114,97,17,0.8508771929824561,INSUFFICIENT_FUNDS,,0,0.0,,1,True,fast_1m,False,normal,0.8829365079365079,0.03205931495405179,1.0647096464850614,,L3_MERCHANT_COUNTRY,504.0,Observed drop is within normal variation.
2026-08-31 10:08:00,L3_MERCHANT_COUNTRY,Merchant_C,,,BR,,0,10,135,123,12,0.9111111111111112,SUSPECTED_FRAUD,,0,0.0,,1,True,fast_1m,False,normal,0.9186046511627908,0.007493540051679681,0.3184122757302976,,L3_MERCHANT_COUNTRY,516.0,Observed drop is within normal variation.
2026-08-31 10:08:00,L3_MERCHANT_COUNTRY,Merchant_C,,,CO,,0,10,140,130,10,0.9285714285714286,INVALID_CARD,,0,0.0,,1,True,fast_1m,False,normal,0.8877338877338877,-0.040837540837540875,-1.5305864298613194,,L3_MERCHANT_COUNTRY,481.0,Observed drop is within normal variation.
2026-08-31 10:08:00,L3_MERCHANT_COUNTRY,Merchant_C,,,MX,,0,10,127,115,12,0.905511811023622,DO_NOT_HONOR,,0,0.0,,1,True,fast_1m,False,normal,0.8891213389121339,-0.01639047211148814,-0.5882864161937869,,L3_MERCHANT_COUNTRY,478.0,Observed drop is within normal variation.
2026-08-31 10:08:00,L4_BANK_COUNTRY,,,,BR,Banco do Brasil,0,10,188,154,34,0.8191489361702128,PROCESSOR_ERROR,INC-001,49,0.2606382978723404,INC-001,5,True,fallback_5m,True,confirmed_anomaly,0.8958333333333334,0.07668439716312059,3.4419768090851615,medium,L4_BANK_COUNTRY,144.0,Approval rate is meaningfully below the historical baseline.
2026-08-31 10:08:00,L4_BANK_COUNTRY,,,,BR,Bradesco,0,10,164,133,31,0.8109756097560976,PROCESSOR_ERROR,INC-001,45,0.274390243902439,INC-001,5,True,fallback_5m,True,confirmed_anomaly,0.8968253968253969,0.08584978706929924,3.614271669893835,medium,L4_BANK_COUNTRY,126.0,Approval rate is meaningfully below the historical baseline.
2026-08-31 10:08:00,L4_BANK_COUNTRY,,,,BR,Itau,0,10,30,29,1,0.9666666666666668,INVALID_CARD,,0,0.0,,1,True,fast_1m,False,normal,0.916083916083916,-0.050582750582750635,-0.9992469598919314,,L4_BANK_COUNTRY,143.0,Observed drop is within normal variation.
2026-08-31 10:08:00,L4_BANK_COUNTRY,,,,BR,Nubank,0,10,37,33,4,0.8918918918918919,SUSPECTED_FRAUD,,0,0.0,,1,True,fast_1m,False,normal,0.8728813559322034,-0.01901053595968849,-0.34714665786119847,,L4_BANK_COUNTRY,118.0,Observed drop is within normal variation.
2026-08-31 10:08:00,L4_BANK_COUNTRY,,,,BR,,0,10,277,254,23,0.9169675090252708,SUSPECTED_FRAUD,,0,0.0,,1,True,fast_1m,False,normal,0.9285714285714286,0.011603919546157804,0.7498958550296995,,L4_BANK_COUNTRY,1022.0,Observed drop is within normal variation.
2026-08-31 10:08:00,L4_BANK_COUNTRY,,,,CO,Banco de Bogota,0,10,51,47,4,0.9215686274509804,DO_NOT_HONOR,,0,0.0,,1,True,fast_1m,False,normal,0.925925925925926,0.004357298474945703,0.11881770515720562,,L4_BANK_COUNTRY,162.0,Observed drop is within normal variation.
2026-08-31 10:08:00,L4_BANK_COUNTRY,,,,CO,Bancolombia,0,10,50,47,3,0.94,INSUFFICIENT_FUNDS,,0,0.0,,1,True,fast_1m,False,normal,0.8547486033519553,-0.0852513966480446,-1.7108311393972864,,L4_BANK_COUNTRY,179.0,Observed drop is within normal variation.
2026-08-31 10:08:00,L4_BANK_COUNTRY,,,,CO,Davivienda,0,10,47,46,1,0.9787234042553192,INVALID_CARD,,0,0.0,,1,True,fast_1m,False,normal,0.8552631578947368,-0.12346024636058228,-2.4056732529646987,,L4_BANK_COUNTRY,152.0,Observed drop is within normal variation.
2026-08-31 10:08:00,L4_BANK_COUNTRY,,,,CO,,0,10,277,253,24,0.9133574007220217,INSUFFICIENT_FUNDS,,0,0.0,,1,True,fast_1m,False,normal,0.8989473684210526,-0.014410032300969045,-0.795726629542062,,L4_BANK_COUNTRY,950.0,Observed drop is within normal variation.
2026-08-31 10:08:00,L4_BANK_COUNTRY,,,,MX,BBVA,0,10,182,141,41,0.7747252747252747,ISSUER_UNAVAILABLE,INC-002,42,0.2307692307692307,INC-002,5,True,fallback_5m,True,confirmed_anomaly,0.9166666666666666,0.14194139194139188,6.9283474221489465,high,L4_BANK_COUNTRY,120.0,Approval rate is meaningfully below the historical baseline.
2026-08-31 10:08:00,L4_BANK_COUNTRY,,,,MX,Banorte,0,10,42,39,3,0.9285714285714286,SUSPECTED_FRAUD,,0,0.0,,1,True,fast_1m,False,normal,0.9323308270676692,0.003759398496240629,0.09699794920789707,,L4_BANK_COUNTRY,133.0,Observed drop is within normal variation.
2026-08-31 10:08:00,L4_BANK_COUNTRY,,,,MX,Citibanamex,0,10,210,179,31,0.8523809523809524,DO_NOT_HONOR,,0,0.0,,5,True,fallback_5m,False,normal,0.8879310344827587,0.035550082101806324,1.6331194687217612,,L4_BANK_COUNTRY,116.0,Observed drop is within normal variation.
2026-08-31 10:08:00,L4_BANK_COUNTRY,,,,MX,Santander,0,10,43,39,4,0.9069767441860463,DO_NOT_HONOR,,0,0.0,,1,True,fast_1m,False,potential_anomaly,0.9596774193548387,0.05270067516879229,1.7567647525878731,,L4_BANK_COUNTRY,124.0,"A conversion drop exists, but the statistical evidence is not yet strong enough."
2026-08-31 10:08:00,L4_BANK_COUNTRY,,,,MX,,0,10,247,211,36,0.854251012145749,DO_NOT_HONOR,,0,0.0,,1,True,fast_1m,False,normal,0.872636815920398,0.018385803774649045,0.8667470608029337,,L4_BANK_COUNTRY,1005.0,Observed drop is within normal variation.
2026-08-31 10:08:00,L5_PROVIDER_METHOD_COUNTRY,,Adyen,PIX,BR,,0,10,39,37,2,0.9487179487179488,DO_NOT_HONOR,,0,0.0,,1,True,fast_1m,False,normal,0.9011627906976744,-0.047555158020274324,-0.9951030784394654,,L5_PROVIDER_METHOD_COUNTRY,172.0,Observed drop is within normal variation.
2026-08-31 10:08:00,L5_PROVIDER_METHOD_COUNTRY,,Adyen,PSE,CO,,0,10,49,47,2,0.9591836734693876,DO_NOT_HONOR,,0,0.0,,1,True,fast_1m,False,normal,0.9,-0.05918367346938769,-1.3809523809523796,,L5_PROVIDER_METHOD_COUNTRY,160.0,Observed drop is within normal variation.
2026-08-31 10:08:00,L5_PROVIDER_METHOD_COUNTRY,,Adyen,card,BR,,0,10,34,32,2,0.9411764705882352,INSUFFICIENT_FUNDS,,0,0.0,,1,True,fast_1m,False,normal,0.9193548387096774,-0.0218216318785579,-0.4673001744536118,,L5_PROVIDER_METHOD_COUNTRY,186.0,Observed drop is within normal variation.
2026-08-31 10:08:00,L5_PROVIDER_METHOD_COUNTRY,,Adyen,card,CO,,0,10,50,49,1,0.98,SUSPECTED_FRAUD,,0,0.0,,1,True,fast_1m,False,normal,0.9144736842105264,-0.06552631578947354,-1.656781606168053,,L5_PROVIDER_METHOD_COUNTRY,152.0,Observed drop is within normal variation.
2026-08-31 10:08:00,L5_PROVIDER_METHOD_COUNTRY,,Adyen,card,MX,,0,10,45,35,10,0.7777777777777778,ISSUER_UNAVAILABLE,INC-002,5,0.1111111111111111,INC-002,1,True,fast_1m,True,confirmed_anomaly,0.9545454545454546,0.1767676767676768,5.692750425533114,high,L5_PROVIDER_METHOD_COUNTRY,154.0,Approval rate is meaningfully below the historical baseline.
2026-08-31 10:08:00,L5_PROVIDER_METHOD_COUNTRY,,Adyen,cash_in_store,MX,,0,10,45,38,7,0.8444444444444444,INVALID_CARD,,0,0.0,,1,True,fast_1m,False,normal,0.8865979381443299,0.042153493699885414,0.8917969812502003,,L5_PROVIDER_METHOD_COUNTRY,194.0,Observed drop is within normal variation.
2026-08-31 10:08:00,L5_PROVIDER_METHOD_COUNTRY,,Adyen,wallet,BR,,0,10,39,38,1,0.9743589743589745,SUSPECTED_FRAUD,,0,0.0,,1,True,fast_1m,False,normal,0.9025974025974026,-0.07176157176157172,-1.511443568724971,,L5_PROVIDER_METHOD_COUNTRY,154.0,Observed drop is within normal variation.
2026-08-31 10:08:00,L5_PROVIDER_METHOD_COUNTRY,,Adyen,wallet,CO,,0,10,52,47,5,0.903846153846154,DO_NOT_HONOR,,0,0.0,,1,True,fast_1m,False,normal,0.903846153846154,1.1102230246251565e-16,2.7156970099934766e-15,,L5_PROVIDER_METHOD_COUNTRY,156.0,Observed drop is within normal variation.
2026-08-31 10:08:00,L5_PROVIDER_METHOD_COUNTRY,,Adyen,wallet,MX,,0,10,44,39,5,0.8863636363636364,DO_NOT_HONOR,,0,0.0,,1,True,fast_1m,False,normal,0.9,0.013636363636363669,0.30151134457776435,,L5_PROVIDER_METHOD_COUNTRY,160.0,Observed drop is within normal variation.
2026-08-31 10:08:00,L5_PROVIDER_METHOD_COUNTRY,,Stripe,PIX,BR,,0,10,39,37,2,0.9487179487179488,INSUFFICIENT_FUNDS,,0,0.0,,1,True,fast_1m,False,normal,0.9689119170984456,0.02019396838049692,0.7266325625349166,,L5_PROVIDER_METHOD_COUNTRY,193.0,Observed drop is within normal variation.
2026-08-31 10:08:00,L5_PROVIDER_METHOD_COUNTRY,,Stripe,PSE,CO,,0,10,40,34,6,0.85,INSUFFICIENT_FUNDS,,0,0.0,,1,True,fast_1m,False,normal,0.8881987577639752,0.03819875776397519,0.7666565318069356,,L5_PROVIDER_METHOD_COUNTRY,161.0,Observed drop is within normal variation.
2026-08-31 10:08:00,L5_PROVIDER_METHOD_COUNTRY,,Stripe,card,BR,,0,10,37,34,3,0.918918918918919,DO_NOT_HONOR,,0,0.0,,1,True,fast_1m,False,normal,0.9055555555555556,-0.013363363363363412,-0.2779526901691042,,L5_PROVIDER_METHOD_COUNTRY,180.0,Observed drop is within normal variation.
2026-08-31 10:08:00,L5_PROVIDER_METHOD_COUNTRY,,Stripe,card,CO,,0,10,54,49,5,0.9074074074074074,INVALID_CARD,,0,0.0,,1,True,fast_1m,False,normal,0.8524590163934426,-0.05494839101396487,-1.1385674621120674,,L5_PROVIDER_METHOD_COUNTRY,183.0,Observed drop is within normal variation.
2026-08-31 10:08:00,L5_PROVIDER_METHOD_COUNTRY,,Stripe,card,MX,,0,10,50,44,6,0.88,ISSUER_UNAVAILABLE,INC-002,4,0.08,INC-002,1,True,fast_1m,False,normal,0.92,0.040000000000000036,1.0425720702853751,,L5_PROVIDER_METHOD_COUNTRY,175.0,Observed drop is within normal variation.
2026-08-31 10:08:00,L5_PROVIDER_METHOD_COUNTRY,,Stripe,cash_in_store,MX,,0,10,40,33,7,0.825,INVALID_CARD,,0,0.0,,1,True,fast_1m,False,normal,0.8,-0.02499999999999991,-0.39528470752104605,,L5_PROVIDER_METHOD_COUNTRY,170.0,Observed drop is within normal variation.
2026-08-31 10:08:00,L5_PROVIDER_METHOD_COUNTRY,,Stripe,wallet,BR,,0,10,40,35,5,0.875,SUSPECTED_FRAUD,,0,0.0,,1,True,fast_1m,False,normal,0.9090909090909092,0.03409090909090917,0.7500000000000021,,L5_PROVIDER_METHOD_COUNTRY,165.0,Observed drop is within normal variation.
2026-08-31 10:08:00,L5_PROVIDER_METHOD_COUNTRY,,Stripe,wallet,CO,,0,10,39,37,2,0.9487179487179488,INVALID_CARD,,0,0.0,,1,True,fast_1m,False,normal,0.9106145251396648,-0.03810342357828389,-0.8340566312040035,,L5_PROVIDER_METHOD_COUNTRY,179.0,Observed drop is within normal variation.
2026-08-31 10:08:00,L5_PROVIDER_METHOD_COUNTRY,,Stripe,wallet,MX,,0,10,33,31,2,0.9393939393939394,INSUFFICIENT_FUNDS,,0,0.0,,1,True,fast_1m,False,normal,0.9025974025974026,-0.03679653679653683,-0.7129049118005749,,L5_PROVIDER_METHOD_COUNTRY,154.0,Observed drop is within normal variation.
2026-08-31 10:08:00,L5_PROVIDER_METHOD_COUNTRY,,dLocal,PIX,BR,,0,10,52,45,7,0.8653846153846154,SUSPECTED_FRAUD,,0,0.0,,1,True,fast_1m,True,confirmed_anomaly,0.9567901234567902,0.09140550807217473,3.2417101757442133,medium,L5_PROVIDER_METHOD_COUNTRY,162.0,Approval rate is meaningfully below the historical baseline.
2026-08-31 10:08:00,L5_PROVIDER_METHOD_COUNTRY,,dLocal,PSE,CO,,0,10,51,44,7,0.8627450980392157,DO_NOT_HONOR,,0,0.0,,1,True,fast_1m,False,normal,0.875,0.01225490196078427,0.2646280620124806,,L5_PROVIDER_METHOD_COUNTRY,144.0,Observed drop is within normal variation.
2026-08-31 10:08:00,L5_PROVIDER_METHOD_COUNTRY,,dLocal,card,BR,,0,10,47,43,4,0.9148936170212766,SUSPECTED_FRAUD,,0,0.0,,1,True,fast_1m,False,normal,0.8606060606060606,-0.05428755641521599,-1.074546160395861,,L5_PROVIDER_METHOD_COUNTRY,165.0,Observed drop is within normal variation.
2026-08-31 10:08:00,L5_PROVIDER_METHOD_COUNTRY,,dLocal,card,CO,,0,10,44,42,2,0.9545454545454546,DO_NOT_HONOR,,0,0.0,,1,True,fast_1m,False,normal,0.8734177215189873,-0.08112773302646725,-1.6184460414029282,,L5_PROVIDER_METHOD_COUNTRY,158.0,Observed drop is within normal variation.
2026-08-31 10:08:00,L5_PROVIDER_METHOD_COUNTRY,,dLocal,card,MX,,0,10,38,33,5,0.868421052631579,DO_NOT_HONOR,INC-002,1,0.0263157894736842,INC-002,1,True,fast_1m,False,normal,0.902439024390244,0.034017971758665055,0.7067294898580336,,L5_PROVIDER_METHOD_COUNTRY,164.0,Observed drop is within normal variation.
2026-08-31 10:08:00,L5_PROVIDER_METHOD_COUNTRY,,dLocal,cash_in_store,MX,,0,10,44,34,10,0.7727272727272727,DO_NOT_HONOR,,0,0.0,,1,True,fast_1m,False,potential_anomaly,0.8280254777070064,0.0552982049797337,0.9720384996793321,,L5_PROVIDER_METHOD_COUNTRY,157.0,"A conversion drop exists, but the statistical evidence is not yet strong enough."
2026-08-31 10:08:00,L5_PROVIDER_METHOD_COUNTRY,,dLocal,wallet,BR,,0,10,68,62,6,0.9117647058823528,SUSPECTED_FRAUD,,0,0.0,,1,True,fast_1m,False,normal,0.9261363636363636,0.014371657754010725,0.45311507597538003,,L5_PROVIDER_METHOD_COUNTRY,176.0,Observed drop is within normal variation.
2026-08-31 10:08:00,L5_PROVIDER_METHOD_COUNTRY,,dLocal,wallet,CO,,0,10,46,44,2,0.9565217391304348,INSUFFICIENT_FUNDS,,0,0.0,,1,True,fast_1m,False,normal,0.9133333333333332,-0.04318840579710159,-1.0411310253645638,,L5_PROVIDER_METHOD_COUNTRY,150.0,Observed drop is within normal variation.
2026-08-31 10:08:00,L5_PROVIDER_METHOD_COUNTRY,,dLocal,wallet,MX,,0,10,41,36,5,0.8780487804878049,DO_NOT_HONOR,,0,0.0,,1,True,fast_1m,False,normal,0.9176470588235294,0.03959827833572449,0.9223395607607914,,L5_PROVIDER_METHOD_COUNTRY,170.0,Observed drop is within normal variation.
2026-08-31 10:08:00,L6_MERCHANT_BANK_COUNTRY,Merchant_A,,,BR,Banco do Brasil,0,10,63,57,6,0.9047619047619048,PROCESSOR_ERROR,INC-001,17,0.2698412698412698,INC-001,5,True,fallback_5m,False,normal,0.9433962264150944,0.038634321653189585,1.327008809673991,,L6_MERCHANT_BANK_COUNTRY,53.0,Observed drop is within normal variation.
2026-08-31 10:08:00,L6_MERCHANT_BANK_COUNTRY,Merchant_A,,,BR,Bradesco,0,10,67,56,11,0.835820895522388,INSUFFICIENT_FUNDS,INC-001,21,0.3134328358208955,INC-001,5,True,fallback_5m,False,potential_anomaly,0.8863636363636364,0.050542740841248324,1.3035616082245776,,L6_MERCHANT_BANK_COUNTRY,44.0,"A conversion drop exists, but the statistical evidence is not yet strong enough."
2026-08-31 10:08:00,L6_MERCHANT_BANK_COUNTRY,Merchant_A,,,BR,Itau,0,10,63,51,12,0.8095238095238095,PROCESSOR_ERROR,INC-001,21,0.3333333333333333,INC-001,5,True,fallback_5m,True,confirmed_anomaly,0.9,0.09047619047619049,2.393774995725106,medium,L6_MERCHANT_BANK_COUNTRY,50.0,Approval rate is meaningfully below the historical baseline.
2026-08-31 10:08:00,L6_MERCHANT_BANK_COUNTRY,Merchant_A,,,BR,Nubank,0,10,59,41,18,0.6949152542372882,PROCESSOR_ERROR,INC-001,17,0.288135593220339,INC-001,5,True,fallback_5m,True,confirmed_anomaly,0.8333333333333334,0.1384180790960452,2.8528902977239516,medium,L6_MERCHANT_BANK_COUNTRY,36.0,Approval rate is meaningfully below the historical baseline.
2026-08-31 10:08:00,L6_MERCHANT_BANK_COUNTRY,Merchant_A,,,BR,,0,10,94,86,8,0.9148936170212766,SUSPECTED_FRAUD,,0,0.0,,1,True,fast_1m,False,normal,0.9304347826086956,0.015541165587419026,0.5922546409724694,,L6_MERCHANT_BANK_COUNTRY,345.0,Observed drop is within normal variation.
2026-08-31 10:08:00,L6_MERCHANT_BANK_COUNTRY,Merchant_A,,,CO,Banco de Bogota,0,10,95,87,8,0.9157894736842104,DO_NOT_HONOR,,0,0.0,,5,True,fallback_5m,False,normal,0.9365079365079364,0.020718462823725914,0.8281402269567689,,L6_MERCHANT_BANK_COUNTRY,63.0,Observed drop is within normal variation.
2026-08-31 10:08:00,L6_MERCHANT_BANK_COUNTRY,Merchant_A,,,CO,Bancolombia,0,10,87,77,10,0.8850574712643678,INVALID_CARD,,0,0.0,,5,True,fallback_5m,False,normal,0.8363636363636363,-0.048693834900731536,-1.2277109353212705,,L6_MERCHANT_BANK_COUNTRY,55.0,Observed drop is within normal variation.
2026-08-31 10:08:00,L6_MERCHANT_BANK_COUNTRY,Merchant_A,,,CO,Davivienda,0,10,81,76,5,0.9382716049382716,DO_NOT_HONOR,,0,0.0,,5,True,fallback_5m,False,normal,0.8571428571428571,-0.08112874779541446,-2.086602373481966,,L6_MERCHANT_BANK_COUNTRY,56.0,Observed drop is within normal variation.
2026-08-31 10:08:00,L6_MERCHANT_BANK_COUNTRY,Merchant_A,,,CO,,0,10,93,86,7,0.9247311827956988,INSUFFICIENT_FUNDS,,0,0.0,,1,True,fast_1m,False,normal,0.9006211180124224,-0.024110064783276486,-0.7771802134431819,,L6_MERCHANT_BANK_COUNTRY,322.0,Observed drop is within normal variation.
2026-08-31 10:08:00,L6_MERCHANT_BANK_COUNTRY,Merchant_A,,,MX,BBVA,0,10,55,22,33,0.4,ISSUER_UNAVAILABLE,INC-002,42,0.7636363636363637,INC-002,5,True,fallback_5m,True,confirmed_anomaly,0.945945945945946,0.545945945945946,17.90538626064397,critical,L6_MERCHANT_BANK_COUNTRY,37.0,Approval rate is meaningfully below the historical baseline.
2026-08-31 10:08:00,L6_MERCHANT_BANK_COUNTRY,Merchant_A,,,MX,Banorte,0,10,76,70,6,0.9210526315789472,SUSPECTED_FRAUD,,0,0.0,,5,True,fallback_5m,False,normal,0.8947368421052632,-0.02631578947368418,-0.7475450015964012,,L6_MERCHANT_BANK_COUNTRY,38.0,Observed drop is within normal variation.
2026-08-31 10:08:00,L6_MERCHANT_BANK_COUNTRY,Merchant_A,,,MX,Citibanamex,0,10,70,58,12,0.8285714285714286,DO_NOT_HONOR,,0,0.0,,5,True,fallback_5m,False,normal,0.8571428571428571,0.02857142857142847,0.6831300510639706,,L6_MERCHANT_BANK_COUNTRY,35.0,Observed drop is within normal variation.
2026-08-31 10:08:00,L6_MERCHANT_BANK_COUNTRY,Merchant_A,,,MX,Santander,0,10,64,60,4,0.9375,DO_NOT_HONOR,,0,0.0,,5,True,fallback_5m,False,normal,0.9491525423728814,0.01165254237288138,0.42433421239575375,,L6_MERCHANT_BANK_COUNTRY,59.0,Observed drop is within normal variation.
2026-08-31 10:08:00,L6_MERCHANT_BANK_COUNTRY,Merchant_A,,,MX,,0,10,89,75,14,0.8426966292134831,DO_NOT_HONOR,,0,0.0,,1,True,fast_1m,False,normal,0.8876080691642652,0.04491143995078206,1.3414478569266663,,L6_MERCHANT_BANK_COUNTRY,347.0,Observed drop is within normal variation.
2026-08-31 10:08:00,L6_MERCHANT_BANK_COUNTRY,Merchant_B,,,BR,Banco do Brasil,0,10,64,49,15,0.765625,INVALID_CARD,INC-001,14,0.21875,INC-001,5,True,fallback_5m,True,confirmed_anomaly,0.8913043478260869,0.12567934782608692,3.2302401179342977,high,L6_MERCHANT_BANK_COUNTRY,46.0,Approval rate is meaningfully below the historical baseline.
2026-08-31 10:08:00,L6_MERCHANT_BANK_COUNTRY,Merchant_B,,,BR,Bradesco,0,10,46,37,9,0.8043478260869565,PROCESSOR_ERROR,INC-001,9,0.1956521739130435,INC-001,5,True,fallback_5m,False,potential_anomaly,0.8648648648648649,0.06051703877790837,1.2005999406094048,,L6_MERCHANT_BANK_COUNTRY,37.0,"A conversion drop exists, but the statistical evidence is not yet strong enough."
2026-08-31 10:08:00,L6_MERCHANT_BANK_COUNTRY,Merchant_B,,,BR,Itau,0,10,61,53,8,0.8688524590163934,PROCESSOR_ERROR,INC-001,14,0.2295081967213114,INC-001,5,True,fallback_5m,False,normal,0.8809523809523809,0.012099921935987523,0.29181721751119677,,L6_MERCHANT_BANK_COUNTRY,42.0,Observed drop is within normal variation.
2026-08-31 10:08:00,L6_MERCHANT_BANK_COUNTRY,Merchant_B,,,BR,Nubank,0,10,68,57,11,0.8382352941176471,PROCESSOR_ERROR,INC-001,14,0.2058823529411764,INC-001,5,True,fallback_5m,False,normal,0.8571428571428571,0.018907563025210017,0.44556639433950174,,L6_MERCHANT_BANK_COUNTRY,42.0,Observed drop is within normal variation.
2026-08-31 10:08:00,L6_MERCHANT_BANK_COUNTRY,Merchant_B,,,BR,,0,10,91,84,7,0.9230769230769232,INSUFFICIENT_FUNDS,,0,0.0,,1,True,fast_1m,False,normal,0.935672514619883,0.01259559154295986,0.48975518359700465,,L6_MERCHANT_BANK_COUNTRY,342.0,Observed drop is within normal variation.
2026-08-31 10:08:00,L6_MERCHANT_BANK_COUNTRY,Merchant_B,,,CO,Banco de Bogota,0,10,80,75,5,0.9375,INSUFFICIENT_FUNDS,,0,0.0,,5,True,fallback_5m,False,normal,0.9534883720930232,0.015988372093023173,0.6790640976965888,,L6_MERCHANT_BANK_COUNTRY,43.0,Observed drop is within normal variation.
2026-08-31 10:08:00,L6_MERCHANT_BANK_COUNTRY,Merchant_B,,,CO,Bancolombia,0,10,100,89,11,0.89,INSUFFICIENT_FUNDS,,0,0.0,,5,True,fallback_5m,False,normal,0.8333333333333334,-0.05666666666666664,-1.5205262246998565,,L6_MERCHANT_BANK_COUNTRY,60.0,Observed drop is within normal variation.
2026-08-31 10:08:00,L6_MERCHANT_BANK_COUNTRY,Merchant_B,,,CO,Davivienda,0,10,91,86,5,0.945054945054945,INVALID_CARD,,0,0.0,,5,True,fallback_5m,False,normal,0.847457627118644,-0.097597317936301,-2.5894309462027802,,L6_MERCHANT_BANK_COUNTRY,59.0,Observed drop is within normal variation.
2026-08-31 10:08:00,L6_MERCHANT_BANK_COUNTRY,Merchant_B,,,CO,,0,10,97,89,8,0.9175257731958762,DO_NOT_HONOR,,0,0.0,,1,True,fast_1m,False,normal,0.9078947368421052,-0.00963103635377105,-0.3280189364987288,,L6_MERCHANT_BANK_COUNTRY,304.0,Observed drop is within normal variation.
2026-08-31 10:08:00,L6_MERCHANT_BANK_COUNTRY,Merchant_B,,,MX,BBVA,0,10,61,54,7,0.8852459016393442,DO_NOT_HONOR,,0,0.0,,5,True,fallback_5m,False,normal,0.9090909090909092,0.023845007451564926,0.6478210641431358,,L6_MERCHANT_BANK_COUNTRY,44.0,Observed drop is within normal variation.
2026-08-31 10:08:00,L6_MERCHANT_BANK_COUNTRY,Merchant_B,,,MX,Banorte,0,10,62,55,7,0.8870967741935484,INSUFFICIENT_FUNDS,,0,0.0,,5,True,fallback_5m,True,confirmed_anomaly,0.9574468085106383,0.07035003431708997,2.7443327070835415,medium,L6_MERCHANT_BANK_COUNTRY,47.0,Approval rate is meaningfully below the historical baseline.
2026-08-31 10:08:00,L6_MERCHANT_BANK_COUNTRY,Merchant_B,,,MX,Citibanamex,0,10,73,64,9,0.8767123287671232,INSUFFICIENT_FUNDS,,0,0.0,,5,True,fallback_5m,False,normal,0.8780487804878049,0.0013364517206816418,0.034894928172682256,,L6_MERCHANT_BANK_COUNTRY,41.0,Observed drop is within normal variation.
2026-08-31 10:08:00,L6_MERCHANT_BANK_COUNTRY,Merchant_B,,,MX,Santander,0,10,61,54,7,0.8852459016393442,INSUFFICIENT_FUNDS,,0,0.0,,5,True,fallback_5m,True,confirmed_anomaly,0.975609756097561,0.09036385445821671,4.575236265510873,medium,L6_MERCHANT_BANK_COUNTRY,41.0,Approval rate is meaningfully below the historical baseline.
2026-08-31 10:08:00,L6_MERCHANT_BANK_COUNTRY,Merchant_B,,,MX,,0,10,74,62,12,0.8378378378378378,INSUFFICIENT_FUNDS,,0,0.0,,1,True,fast_1m,False,normal,0.8580060422960725,0.02016820445823464,0.49705333271859237,,L6_MERCHANT_BANK_COUNTRY,331.0,Observed drop is within normal variation.
2026-08-31 10:08:00,L6_MERCHANT_BANK_COUNTRY,Merchant_C,,,BR,Banco do Brasil,0,10,61,48,13,0.7868852459016393,PROCESSOR_ERROR,INC-001,18,0.2950819672131147,INC-001,5,True,fallback_5m,False,potential_anomaly,0.8444444444444444,0.05755919854280511,1.2403702782699935,,L6_MERCHANT_BANK_COUNTRY,45.0,"A conversion drop exists, but the statistical evidence is not yet strong enough."
2026-08-31 10:08:00,L6_MERCHANT_BANK_COUNTRY,Merchant_C,,,BR,Bradesco,0,10,51,40,11,0.7843137254901961,PROCESSOR_ERROR,INC-001,15,0.2941176470588235,INC-001,5,True,fallback_5m,True,confirmed_anomaly,0.9333333333333332,0.14901960784313717,4.266342774821177,high,L6_MERCHANT_BANK_COUNTRY,45.0,Approval rate is meaningfully below the historical baseline.
2026-08-31 10:08:00,L6_MERCHANT_BANK_COUNTRY,Merchant_C,,,BR,Itau,0,10,64,52,12,0.8125,PROCESSOR_ERROR,INC-001,17,0.265625,INC-001,5,True,fallback_5m,True,confirmed_anomaly,0.9607843137254902,0.14828431372549022,6.111422894540878,high,L6_MERCHANT_BANK_COUNTRY,51.0,Approval rate is meaningfully below the historical baseline.
2026-08-31 10:08:00,L6_MERCHANT_BANK_COUNTRY,Merchant_C,,,BR,Nubank,0,10,80,68,12,0.85,PROCESSOR_ERROR,INC-001,15,0.1875,INC-001,5,True,fallback_5m,True,confirmed_anomaly,0.925,0.07500000000000007,2.5468581598680564,medium,L6_MERCHANT_BANK_COUNTRY,40.0,Approval rate is meaningfully below the historical baseline.
2026-08-31 10:08:00,L6_MERCHANT_BANK_COUNTRY,Merchant_C,,,BR,,0,10,92,84,8,0.9130434782608696,INSUFFICIENT_FUNDS,,0,0.0,,1,True,fast_1m,False,normal,0.9194029850746268,0.0063595068137572985,0.2240809398489124,,L6_MERCHANT_BANK_COUNTRY,335.0,Observed drop is within normal variation.
2026-08-31 10:08:00,L6_MERCHANT_BANK_COUNTRY,Merchant_C,,,CO,Banco de Bogota,0,10,102,97,5,0.9509803921568628,DO_NOT_HONOR,,0,0.0,,5,True,fallback_5m,False,normal,0.8928571428571429,-0.05812324929971979,-1.897917675577095,,L6_MERCHANT_BANK_COUNTRY,56.0,Observed drop is within normal variation.
2026-08-31 10:08:00,L6_MERCHANT_BANK_COUNTRY,Merchant_C,,,CO,Bancolombia,0,10,86,81,5,0.9418604651162792,INVALID_CARD,,0,0.0,,5,True,fallback_5m,False,normal,0.890625,-0.05123546511627908,-1.5223462257726796,,L6_MERCHANT_BANK_COUNTRY,64.0,Observed drop is within normal variation.
2026-08-31 10:08:00,L6_MERCHANT_BANK_COUNTRY,Merchant_C,,,CO,Davivienda,0,10,85,75,10,0.8823529411764706,DO_NOT_HONOR,,0,0.0,,5,True,fallback_5m,False,normal,0.8648648648648649,-0.01748807631160565,-0.4716211091418974,,L6_MERCHANT_BANK_COUNTRY,37.0,Observed drop is within normal variation.
2026-08-31 10:08:00,L6_MERCHANT_BANK_COUNTRY,Merchant_C,,,CO,,0,10,87,78,9,0.896551724137931,INVALID_CARD,,0,0.0,,1,True,fast_1m,False,normal,0.8888888888888888,-0.00766283524904221,-0.22742941307367287,,L6_MERCHANT_BANK_COUNTRY,324.0,Observed drop is within normal variation.
2026-08-31 10:08:00,L6_MERCHANT_BANK_COUNTRY,Merchant_C,,,MX,BBVA,0,10,66,65,1,0.9848484848484848,DO_NOT_HONOR,,0,0.0,,5,True,fallback_5m,False,normal,0.8974358974358975,-0.0874125874125874,-2.3407041897463468,,L6_MERCHANT_BANK_COUNTRY,39.0,Observed drop is within normal variation.
2026-08-31 10:08:00,L6_MERCHANT_BANK_COUNTRY,Merchant_C,,,MX,Banorte,0,10,72,70,2,0.9722222222222222,SUSPECTED_FRAUD,,0,0.0,,5,True,fallback_5m,False,normal,0.9375,-0.03472222222222221,-1.2171612389003688,,L6_MERCHANT_BANK_COUNTRY,48.0,Observed drop is within normal variation.
2026-08-31 10:08:00,L6_MERCHANT_BANK_COUNTRY,Merchant_C,,,MX,Citibanamex,0,10,67,57,10,0.8507462686567164,DO_NOT_HONOR,,0,0.0,,5,True,fallback_5m,True,confirmed_anomaly,0.925,0.07425373134328361,2.3075662884538013,medium,L6_MERCHANT_BANK_COUNTRY,40.0,Approval rate is meaningfully below the historical baseline.
2026-08-31 10:08:00,L6_MERCHANT_BANK_COUNTRY,Merchant_C,,,MX,Santander,0,10,74,69,5,0.9324324324324323,INVALID_CARD,,0,0.0,,5,True,fallback_5m,False,normal,0.9035,-0.028932432432432487,-0.8428942133239771,,L6_GLOBAL,455992.0,Observed drop is within normal variation.
2026-08-31 10:08:00,L6_MERCHANT_BANK_COUNTRY,Merchant_C,,,MX,,0,10,84,74,10,0.8809523809523809,DO_NOT_HONOR,,0,0.0,,1,True,fast_1m,False,normal,0.8715596330275229,-0.009392747924858003,-0.25729597223632683,,L6_MERCHANT_BANK_COUNTRY,327.0,Observed drop is within normal variation.
2026-08-31 10:09:00,L1_PROVIDER_COUNTRY,,Adyen,,BR,,0,10,128,120,8,0.9375,INVALID_CARD,,0,0.0,,1,True,fast_1m,False,normal,0.908203125,-0.029296875,-1.1479443595287107,,L1_PROVIDER_COUNTRY,512.0,Observed drop is within normal variation.
2026-08-31 10:09:00,L1_PROVIDER_COUNTRY,,Adyen,,CO,,0,10,148,129,19,0.8716216216216216,SUSPECTED_FRAUD,,0,0.0,,1,True,fast_1m,False,normal,0.905982905982906,0.03436128436128438,1.4323093692845552,,L1_PROVIDER_COUNTRY,468.0,Observed drop is within normal variation.
2026-08-31 10:09:00,L1_PROVIDER_COUNTRY,,Adyen,,MX,,0,10,110,102,8,0.9272727272727272,SUSPECTED_FRAUD,,0,0.0,,1,True,fast_1m,False,normal,0.9114173228346456,-0.015855404438081644,-0.5852489280522329,,L1_PROVIDER_COUNTRY,508.0,Observed drop is within normal variation.
2026-08-31 10:09:00,L1_PROVIDER_COUNTRY,,Stripe,,BR,,0,10,120,109,11,0.9083333333333332,INVALID_CARD,,0,0.0,,1,True,fast_1m,False,normal,0.929368029739777,0.02103469640644362,0.8993574704471646,,L1_PROVIDER_COUNTRY,538.0,Observed drop is within normal variation.
2026-08-31 10:09:00,L1_PROVIDER_COUNTRY,,Stripe,,CO,,0,10,143,129,14,0.902097902097902,DO_NOT_HONOR,,0,0.0,,1,True,fast_1m,False,normal,0.8833652007648184,-0.01873270133308369,-0.6978855581826849,,L1_PROVIDER_COUNTRY,523.0,Observed drop is within normal variation.
2026-08-31 10:09:00,L1_PROVIDER_COUNTRY,,Stripe,,MX,,0,10,160,148,12,0.925,SUSPECTED_FRAUD,,0,0.0,,1,True,fast_1m,False,normal,0.87374749498998,-0.0512525050100201,-1.9519204509713148,,L1_PROVIDER_COUNTRY,499.0,Observed drop is within normal variation.
2026-08-31 10:09:00,L1_PROVIDER_COUNTRY,,dLocal,,BR,,0,10,136,128,8,0.9411764705882352,DO_NOT_HONOR,,0,0.0,,1,True,fast_1m,False,normal,0.9145129224652088,-0.026663548123026515,-1.1120958911709093,,L1_PROVIDER_COUNTRY,503.0,Observed drop is within normal variation.
2026-08-31 10:09:00,L1_PROVIDER_COUNTRY,,dLocal,,CO,,0,10,124,113,11,0.9112903225806452,DO_NOT_HONOR,,0,0.0,,1,True,fast_1m,False,normal,0.8871681415929203,-0.024122180987724784,-0.8490017289526771,,L1_PROVIDER_COUNTRY,452.0,Observed drop is within normal variation.
2026-08-31 10:09:00,L1_PROVIDER_COUNTRY,,dLocal,,MX,,0,10,131,116,15,0.8854961832061069,DO_NOT_HONOR,,0,0.0,,1,True,fast_1m,False,normal,0.8839103869653768,-0.0015857962407300752,-0.056660738584683845,,L1_PROVIDER_COUNTRY,491.0,Observed drop is within normal variation.
2026-08-31 10:09:00,L2_METHOD_COUNTRY,,,PIX,BR,,0,10,127,122,5,0.9606299212598424,DO_NOT_HONOR,,0,0.0,,1,True,fast_1m,False,normal,0.9430740037950665,-0.017555917464776027,-0.8538806743595155,,L2_METHOD_COUNTRY,527.0,Observed drop is within normal variation.
2026-08-31 10:09:00,L2_METHOD_COUNTRY,,,PSE,CO,,0,10,134,120,14,0.8955223880597015,SUSPECTED_FRAUD,,0,0.0,,1,True,fast_1m,False,normal,0.8881720430107527,-0.007350345048948825,-0.26998297659152404,,L2_METHOD_COUNTRY,465.0,Observed drop is within normal variation.
2026-08-31 10:09:00,L2_METHOD_COUNTRY,,,card,BR,,0,10,120,108,12,0.9,SUSPECTED_FRAUD,,0,0.0,,1,True,fast_1m,False,normal,0.896421845574388,-0.0035781544256120457,-0.12863507464659593,,L2_METHOD_COUNTRY,531.0,Observed drop is within normal variation.
2026-08-31 10:09:00,L2_METHOD_COUNTRY,,,card,CO,,0,10,143,127,16,0.8881118881118881,DO_NOT_HONOR,,0,0.0,,1,True,fast_1m,False,normal,0.8782961460446247,-0.009815742067263433,-0.3590198840777169,,L2_METHOD_COUNTRY,493.0,Observed drop is within normal variation.
2026-08-31 10:09:00,L2_METHOD_COUNTRY,,,card,MX,,0,10,122,112,10,0.918032786885246,SUSPECTED_FRAUD,,0,0.0,,1,True,fast_1m,False,normal,0.924949290060852,0.0069165031756061035,0.28995468605755137,,L2_METHOD_COUNTRY,493.0,Observed drop is within normal variation.
2026-08-31 10:09:00,L2_METHOD_COUNTRY,,,cash_in_store,MX,,0,10,130,115,15,0.8846153846153846,INVALID_CARD,,0,0.0,,1,True,fast_1m,False,normal,0.8406909788867563,-0.043924405728628324,-1.368482324796437,,L2_METHOD_COUNTRY,521.0,Observed drop is within normal variation.
2026-08-31 10:09:00,L2_METHOD_COUNTRY,,,wallet,BR,,0,10,137,127,10,0.927007299270073,DO_NOT_HONOR,,0,0.0,,1,True,fast_1m,False,normal,0.9131313131313132,-0.013875986138759733,-0.5766680558968809,,L2_METHOD_COUNTRY,495.0,Observed drop is within normal variation.
2026-08-31 10:09:00,L2_METHOD_COUNTRY,,,wallet,CO,,0,10,138,124,14,0.8985507246376812,SUSPECTED_FRAUD,,0,0.0,,1,True,fast_1m,False,normal,0.909278350515464,0.010727625877782865,0.43877236628530214,,L2_METHOD_COUNTRY,485.0,Observed drop is within normal variation.
2026-08-31 10:09:00,L2_METHOD_COUNTRY,,,wallet,MX,,0,10,149,139,10,0.9328859060402684,DO_NOT_HONOR,,0,0.0,,1,True,fast_1m,False,normal,0.9070247933884298,-0.025861112651838658,-1.0870441543403984,,L2_METHOD_COUNTRY,484.0,Observed drop is within normal variation.
2026-08-31 10:09:00,L3_MERCHANT_COUNTRY,Merchant_A,,,BR,,0,10,111,103,8,0.927927927927928,DO_NOT_HONOR,,0,0.0,,1,True,fast_1m,False,normal,0.918560606060606,-0.00936732186732192,-0.36083259193397577,,L3_MERCHANT_COUNTRY,528.0,Observed drop is within normal variation.
2026-08-31 10:09:00,L3_MERCHANT_COUNTRY,Merchant_A,,,CO,,0,10,145,128,17,0.8827586206896552,SUSPECTED_FRAUD,,0,0.0,,1,True,fast_1m,False,normal,0.8931451612903226,0.01038654060066746,0.4048524788935807,,L3_MERCHANT_COUNTRY,496.0,Observed drop is within normal variation.
2026-08-31 10:09:00,L3_MERCHANT_COUNTRY,Merchant_A,,,MX,,0,10,145,136,9,0.9379310344827586,INVALID_CARD,,0,0.0,,1,True,fast_1m,False,normal,0.8972868217054264,-0.04064421277733221,-1.6121445844479891,,L3_MERCHANT_COUNTRY,516.0,Observed drop is within normal variation.
2026-08-31 10:09:00,L3_MERCHANT_COUNTRY,Merchant_B,,,BR,,0,10,129,118,11,0.9147286821705426,DO_NOT_HONOR,,0,0.0,,1,True,fast_1m,False,normal,0.9155206286836935,0.000791946513150954,0.03234307459106915,,L3_MERCHANT_COUNTRY,509.0,Observed drop is within normal variation.
2026-08-31 10:09:00,L3_MERCHANT_COUNTRY,Merchant_B,,,CO,,0,10,139,126,13,0.9064748201438848,DO_NOT_HONOR,,0,0.0,,1,True,fast_1m,False,normal,0.8948497854077253,-0.011625034736159612,-0.44680858448077054,,L3_MERCHANT_COUNTRY,466.0,Observed drop is within normal variation.
2026-08-31 10:09:00,L3_MERCHANT_COUNTRY,Merchant_B,,,MX,,0,10,139,120,19,0.8633093525179856,DO_NOT_HONOR,,0,0.0,,1,True,fast_1m,False,normal,0.8829365079365079,0.019627155418522335,0.7197626173203158,,L3_MERCHANT_COUNTRY,504.0,Observed drop is within normal variation.
2026-08-31 10:09:00,L3_MERCHANT_COUNTRY,Merchant_C,,,BR,,0,10,144,136,8,0.9444444444444444,INSUFFICIENT_FUNDS,,0,0.0,,1,True,fast_1m,False,normal,0.9186046511627908,-0.025839793281653645,-1.1339820148334954,,L3_MERCHANT_COUNTRY,516.0,Observed drop is within normal variation.
2026-08-31 10:09:00,L3_MERCHANT_COUNTRY,Merchant_C,,,CO,,0,10,131,117,14,0.8931297709923665,INVALID_CARD,,0,0.0,,1,True,fast_1m,False,normal,0.8877338877338877,-0.005395883258478729,-0.1956286472275521,,L3_MERCHANT_COUNTRY,481.0,Observed drop is within normal variation.
2026-08-31 10:09:00,L3_MERCHANT_COUNTRY,Merchant_C,,,MX,,0,10,117,110,7,0.9401709401709402,SUSPECTED_FRAUD,,0,0.0,,1,True,fast_1m,False,normal,0.8891213389121339,-0.05104960125880631,-1.7586555295337454,,L3_MERCHANT_COUNTRY,478.0,Observed drop is within normal variation.
2026-08-31 10:09:00,L4_BANK_COUNTRY,,,,BR,Banco do Brasil,0,10,35,31,4,0.8857142857142857,SUSPECTED_FRAUD,,0,0.0,,1,True,fast_1m,False,normal,0.8958333333333334,0.010119047619047694,0.19597274201944137,,L4_BANK_COUNTRY,144.0,Observed drop is within normal variation.
2026-08-31 10:09:00,L4_BANK_COUNTRY,,,,BR,Bradesco,0,10,31,28,3,0.9032258064516128,SUSPECTED_FRAUD,,0,0.0,,1,True,fast_1m,False,normal,0.8968253968253969,-0.006400409626216019,-0.11715161065569758,,L4_BANK_COUNTRY,126.0,Observed drop is within normal variation.
2026-08-31 10:09:00,L4_BANK_COUNTRY,,,,BR,Itau,0,10,192,163,29,0.8489583333333334,PROCESSOR_ERROR,INC-001,44,0.2291666666666666,INC-001,5,True,fallback_5m,True,confirmed_anomaly,0.916083916083916,0.06712558275058267,3.3546595342214385,medium,L4_BANK_COUNTRY,143.0,Approval rate is meaningfully below the historical baseline.
2026-08-31 10:09:00,L4_BANK_COUNTRY,,,,BR,Nubank,0,10,193,155,38,0.8031088082901554,PROCESSOR_ERROR,INC-001,39,0.2020725388601036,INC-001,5,True,fallback_5m,True,confirmed_anomaly,0.8728813559322034,0.06977254764204799,2.909919674152357,medium,L4_BANK_COUNTRY,118.0,Approval rate is meaningfully below the historical baseline.
2026-08-31 10:09:00,L4_BANK_COUNTRY,,,,BR,,0,10,264,249,15,0.9431818181818182,DO_NOT_HONOR,,0,0.0,,1,True,fast_1m,False,normal,0.9285714285714286,-0.01461038961038963,-0.9217648016985418,,L4_BANK_COUNTRY,1022.0,Observed drop is within normal variation.
2026-08-31 10:09:00,L4_BANK_COUNTRY,,,,CO,Banco de Bogota,0,10,42,39,3,0.9285714285714286,DO_NOT_HONOR,,0,0.0,,1,True,fast_1m,False,normal,0.925925925925926,-0.002645502645502562,-0.0654653670707957,,L4_BANK_COUNTRY,162.0,Observed drop is within normal variation.
2026-08-31 10:09:00,L4_BANK_COUNTRY,,,,CO,Bancolombia,0,10,48,44,4,0.9166666666666666,INVALID_CARD,,0,0.0,,1,True,fast_1m,False,normal,0.8547486033519553,-0.06191806331471128,-1.2174709973114142,,L4_BANK_COUNTRY,179.0,Observed drop is within normal variation.
2026-08-31 10:09:00,L4_BANK_COUNTRY,,,,CO,Davivienda,0,10,53,44,9,0.8301886792452831,SUSPECTED_FRAUD,,0,0.0,,1,True,fast_1m,False,normal,0.8552631578947368,0.02507447864945378,0.5188363770711508,,L4_BANK_COUNTRY,152.0,Observed drop is within normal variation.
2026-08-31 10:09:00,L4_BANK_COUNTRY,,,,CO,,0,10,272,244,28,0.8970588235294118,SUSPECTED_FRAUD,,0,0.0,,1,True,fast_1m,False,normal,0.8989473684210526,0.0018885448916408087,0.10334056177843633,,L4_BANK_COUNTRY,950.0,Observed drop is within normal variation.
2026-08-31 10:09:00,L4_BANK_COUNTRY,,,,MX,BBVA,0,10,34,32,2,0.9411764705882352,DO_NOT_HONOR,,0,0.0,,1,True,fast_1m,False,normal,0.9166666666666666,-0.02450980392156865,-0.5170876899950195,,L4_BANK_COUNTRY,120.0,Observed drop is within normal variation.
2026-08-31 10:09:00,L4_BANK_COUNTRY,,,,MX,Banorte,0,10,30,29,1,0.9666666666666668,SUSPECTED_FRAUD,,0,0.0,,1,True,fast_1m,False,normal,0.9323308270676692,-0.03433583959899744,-0.7487344958533455,,L4_BANK_COUNTRY,133.0,Observed drop is within normal variation.
2026-08-31 10:09:00,L4_BANK_COUNTRY,,,,MX,Citibanamex,0,10,195,172,23,0.882051282051282,DO_NOT_HONOR,,0,0.0,,5,True,fallback_5m,False,normal,0.8879310344827587,0.005879752431476648,0.26028194701872015,,L4_BANK_COUNTRY,116.0,Observed drop is within normal variation.
2026-08-31 10:09:00,L4_BANK_COUNTRY,,,,MX,Santander,0,10,30,27,3,0.9,DO_NOT_HONOR,,0,0.0,,1,True,fast_1m,False,potential_anomaly,0.9596774193548387,0.05967741935483872,1.661628238614567,,L4_BANK_COUNTRY,124.0,"A conversion drop exists, but the statistical evidence is not yet strong enough."
2026-08-31 10:09:00,L4_BANK_COUNTRY,,,,MX,,0,10,279,254,25,0.910394265232975,SUSPECTED_FRAUD,,0,0.0,,1,True,fast_1m,False,normal,0.872636815920398,-0.03775744931257696,-1.8917599632951874,,L4_BANK_COUNTRY,1005.0,Observed drop is within normal variation.
2026-08-31 10:09:00,L5_PROVIDER_METHOD_COUNTRY,,Adyen,PIX,BR,,0,10,39,38,1,0.9743589743589745,INSUFFICIENT_FUNDS,,0,0.0,,1,True,fast_1m,False,normal,0.9011627906976744,-0.07319618366129998,-1.5316476849961678,,L5_PROVIDER_METHOD_COUNTRY,172.0,Observed drop is within normal variation.
2026-08-31 10:09:00,L5_PROVIDER_METHOD_COUNTRY,,Adyen,PSE,CO,,0,10,50,41,9,0.82,SUSPECTED_FRAUD,,0,0.0,,1,True,fast_1m,False,potential_anomaly,0.9,0.08000000000000007,1.8856180831641287,,L5_PROVIDER_METHOD_COUNTRY,160.0,"A conversion drop exists, but the statistical evidence is not yet strong enough."
2026-08-31 10:09:00,L5_PROVIDER_METHOD_COUNTRY,,Adyen,card,BR,,0,10,37,34,3,0.918918918918919,DO_NOT_HONOR,,0,0.0,,1,True,fast_1m,False,normal,0.9193548387096774,0.00043591979075841003,0.009738155563503943,,L5_PROVIDER_METHOD_COUNTRY,186.0,Observed drop is within normal variation.
2026-08-31 10:09:00,L5_PROVIDER_METHOD_COUNTRY,,Adyen,card,CO,,0,10,53,48,5,0.9056603773584906,INVALID_CARD,,0,0.0,,1,True,fast_1m,False,normal,0.9144736842105264,0.008813306852035852,0.2294253155160793,,L5_PROVIDER_METHOD_COUNTRY,152.0,Observed drop is within normal variation.
2026-08-31 10:09:00,L5_PROVIDER_METHOD_COUNTRY,,Adyen,card,MX,,0,10,35,33,2,0.9428571428571428,DO_NOT_HONOR,,0,0.0,,1,True,fast_1m,False,normal,0.9545454545454546,0.011688311688311748,0.33197000110349467,,L5_PROVIDER_METHOD_COUNTRY,154.0,Observed drop is within normal variation.
2026-08-31 10:09:00,L5_PROVIDER_METHOD_COUNTRY,,Adyen,cash_in_store,MX,,0,10,38,34,4,0.8947368421052632,INVALID_CARD,,0,0.0,,1,True,fast_1m,False,normal,0.8865979381443299,-0.008138903960933308,-0.15822820022694165,,L5_PROVIDER_METHOD_COUNTRY,194.0,Observed drop is within normal variation.
2026-08-31 10:09:00,L5_PROVIDER_METHOD_COUNTRY,,Adyen,wallet,BR,,0,10,52,48,4,0.9230769230769232,INVALID_CARD,,0,0.0,,1,True,fast_1m,False,normal,0.9025974025974026,-0.020479520479520508,-0.49806858100232004,,L5_PROVIDER_METHOD_COUNTRY,154.0,Observed drop is within normal variation.
2026-08-31 10:09:00,L5_PROVIDER_METHOD_COUNTRY,,Adyen,wallet,CO,,0,10,45,40,5,0.8888888888888888,SUSPECTED_FRAUD,,0,0.0,,1,True,fast_1m,False,normal,0.903846153846154,0.014957264957265126,0.34035164682842467,,L5_PROVIDER_METHOD_COUNTRY,156.0,Observed drop is within normal variation.
2026-08-31 10:09:00,L5_PROVIDER_METHOD_COUNTRY,,Adyen,wallet,MX,,0,10,37,35,2,0.945945945945946,INSUFFICIENT_FUNDS,,0,0.0,,1,True,fast_1m,False,normal,0.9,-0.04594594594594592,-0.9315942613970243,,L5_PROVIDER_METHOD_COUNTRY,160.0,Observed drop is within normal variation.
2026-08-31 10:09:00,L5_PROVIDER_METHOD_COUNTRY,,Stripe,PIX,BR,,0,10,37,36,1,0.972972972972973,INVALID_CARD,,0,0.0,,1,True,fast_1m,False,normal,0.9689119170984456,-0.0040610558745274306,-0.14233139548455082,,L5_PROVIDER_METHOD_COUNTRY,193.0,Observed drop is within normal variation.
2026-08-31 10:09:00,L5_PROVIDER_METHOD_COUNTRY,,Stripe,PSE,CO,,0,10,47,44,3,0.9361702127659576,SUSPECTED_FRAUD,,0,0.0,,1,True,fast_1m,False,normal,0.8881987577639752,-0.0479714550019823,-1.0436465091239213,,L5_PROVIDER_METHOD_COUNTRY,161.0,Observed drop is within normal variation.
2026-08-31 10:09:00,L5_PROVIDER_METHOD_COUNTRY,,Stripe,card,BR,,0,10,41,35,6,0.8536585365853658,SUSPECTED_FRAUD,,0,0.0,,1,True,fast_1m,False,potential_anomaly,0.9055555555555556,0.05189701897018972,1.1362884250880718,,L5_PROVIDER_METHOD_COUNTRY,180.0,"A conversion drop exists, but the statistical evidence is not yet strong enough."
2026-08-31 10:09:00,L5_PROVIDER_METHOD_COUNTRY,,Stripe,card,CO,,0,10,49,44,5,0.8979591836734694,DO_NOT_HONOR,,0,0.0,,1,True,fast_1m,False,normal,0.8524590163934426,-0.045500167280026815,-0.8980860319837052,,L5_PROVIDER_METHOD_COUNTRY,183.0,Observed drop is within normal variation.
2026-08-31 10:09:00,L5_PROVIDER_METHOD_COUNTRY,,Stripe,card,MX,,0,10,44,42,2,0.9545454545454546,INVALID_CARD,,0,0.0,,1,True,fast_1m,False,normal,0.92,-0.034545454545454546,-0.8446530265013356,,L5_PROVIDER_METHOD_COUNTRY,175.0,Observed drop is within normal variation.
2026-08-31 10:09:00,L5_PROVIDER_METHOD_COUNTRY,,Stripe,cash_in_store,MX,,0,10,56,50,6,0.8928571428571429,SUSPECTED_FRAUD,,0,0.0,,1,True,fast_1m,False,normal,0.8,-0.09285714285714286,-1.7371980724307587,,L5_PROVIDER_METHOD_COUNTRY,170.0,Observed drop is within normal variation.
2026-08-31 10:09:00,L5_PROVIDER_METHOD_COUNTRY,,Stripe,wallet,BR,,0,10,42,38,4,0.9047619047619048,DO_NOT_HONOR,,0,0.0,,1,True,fast_1m,False,normal,0.9090909090909092,0.0043290043290044045,0.09759000729485505,,L5_PROVIDER_METHOD_COUNTRY,165.0,Observed drop is within normal variation.
2026-08-31 10:09:00,L5_PROVIDER_METHOD_COUNTRY,,Stripe,wallet,CO,,0,10,47,41,6,0.8723404255319149,DO_NOT_HONOR,,0,0.0,,1,True,fast_1m,False,normal,0.9106145251396648,0.038274099607749856,0.9197147449689488,,L5_PROVIDER_METHOD_COUNTRY,179.0,Observed drop is within normal variation.
2026-08-31 10:09:00,L5_PROVIDER_METHOD_COUNTRY,,Stripe,wallet,MX,,0,10,60,56,4,0.9333333333333332,SUSPECTED_FRAUD,,0,0.0,,1,True,fast_1m,False,normal,0.9025974025974026,-0.030735930735930728,-0.8029521867637057,,L5_PROVIDER_METHOD_COUNTRY,154.0,Observed drop is within normal variation.
2026-08-31 10:09:00,L5_PROVIDER_METHOD_COUNTRY,,dLocal,PIX,BR,,0,10,51,48,3,0.9411764705882352,DO_NOT_HONOR,,0,0.0,,1,True,fast_1m,False,normal,0.9567901234567902,0.015613652868554873,0.5483902858963622,,L5_PROVIDER_METHOD_COUNTRY,162.0,Observed drop is within normal variation.
2026-08-31 10:09:00,L5_PROVIDER_METHOD_COUNTRY,,dLocal,PSE,CO,,0,10,37,35,2,0.945945945945946,DO_NOT_HONOR,,0,0.0,,1,True,fast_1m,False,normal,0.875,-0.07094594594594594,-1.30487650860252,,L5_PROVIDER_METHOD_COUNTRY,144.0,Observed drop is within normal variation.
2026-08-31 10:09:00,L5_PROVIDER_METHOD_COUNTRY,,dLocal,card,BR,,0,10,42,39,3,0.9285714285714286,DO_NOT_HONOR,,0,0.0,,1,True,fast_1m,False,normal,0.8606060606060606,-0.067965367965368,-1.2717102500259239,,L5_PROVIDER_METHOD_COUNTRY,165.0,Observed drop is within normal variation.
2026-08-31 10:09:00,L5_PROVIDER_METHOD_COUNTRY,,dLocal,card,CO,,0,10,41,35,6,0.8536585365853658,SUSPECTED_FRAUD,,0,0.0,,1,True,fast_1m,False,normal,0.8734177215189873,0.0197591849336215,0.38050774435431556,,L5_PROVIDER_METHOD_COUNTRY,158.0,Observed drop is within normal variation.
2026-08-31 10:09:00,L5_PROVIDER_METHOD_COUNTRY,,dLocal,card,MX,,0,10,43,37,6,0.8604651162790697,DO_NOT_HONOR,,0,0.0,,1,True,fast_1m,False,normal,0.902439024390244,0.041973908111174296,0.9276125895432195,,L5_PROVIDER_METHOD_COUNTRY,164.0,Observed drop is within normal variation.
2026-08-31 10:09:00,L5_PROVIDER_METHOD_COUNTRY,,dLocal,cash_in_store,MX,,0,10,36,31,5,0.8611111111111112,DO_NOT_HONOR,,0,0.0,,1,True,fast_1m,False,normal,0.8280254777070064,-0.03308563340410475,-0.5260618379017937,,L5_PROVIDER_METHOD_COUNTRY,157.0,Observed drop is within normal variation.
2026-08-31 10:09:00,L5_PROVIDER_METHOD_COUNTRY,,dLocal,wallet,BR,,0,10,43,41,2,0.9534883720930232,DO_NOT_HONOR,,0,0.0,,1,True,fast_1m,False,normal,0.9261363636363636,-0.027352008456659638,-0.6857576156038454,,L5_PROVIDER_METHOD_COUNTRY,176.0,Observed drop is within normal variation.
2026-08-31 10:09:00,L5_PROVIDER_METHOD_COUNTRY,,dLocal,wallet,CO,,0,10,46,43,3,0.9347826086956522,DO_NOT_HONOR,,0,0.0,,1,True,fast_1m,False,normal,0.9133333333333332,-0.021449275362318998,-0.5170717844092485,,L5_PROVIDER_METHOD_COUNTRY,150.0,Observed drop is within normal variation.
2026-08-31 10:09:00,L5_PROVIDER_METHOD_COUNTRY,,dLocal,wallet,MX,,0,10,52,48,4,0.9230769230769232,DO_NOT_HONOR,,0,0.0,,1,True,fast_1m,False,normal,0.9176470588235294,-0.005429864253393757,-0.14243386150347184,,L5_PROVIDER_METHOD_COUNTRY,170.0,Observed drop is within normal variation.
2026-08-31 10:09:00,L6_MERCHANT_BANK_COUNTRY,Merchant_A,,,BR,Banco do Brasil,0,10,56,51,5,0.9107142857142856,PROCESSOR_ERROR,INC-001,12,0.2142857142857142,INC-001,5,True,fallback_5m,False,normal,0.9433962264150944,0.032681940700808654,1.058356767644564,,L6_MERCHANT_BANK_COUNTRY,53.0,Observed drop is within normal variation.
2026-08-31 10:09:00,L6_MERCHANT_BANK_COUNTRY,Merchant_A,,,BR,Bradesco,0,10,66,56,10,0.8484848484848485,INSUFFICIENT_FUNDS,INC-001,20,0.303030303030303,INC-001,5,True,fallback_5m,False,normal,0.8863636363636364,0.037878787878787845,0.9696241231378984,,L6_MERCHANT_BANK_COUNTRY,44.0,Observed drop is within normal variation.
2026-08-31 10:09:00,L6_MERCHANT_BANK_COUNTRY,Merchant_A,,,BR,Itau,0,10,62,51,11,0.8225806451612904,PROCESSOR_ERROR,INC-001,18,0.2903225806451613,INC-001,5,True,fallback_5m,True,confirmed_anomaly,0.9,0.07741935483870965,2.0320020320030476,medium,L6_MERCHANT_BANK_COUNTRY,50.0,Approval rate is meaningfully below the historical baseline.
2026-08-31 10:09:00,L6_MERCHANT_BANK_COUNTRY,Merchant_A,,,BR,Nubank,0,10,51,34,17,0.6666666666666666,PROCESSOR_ERROR,INC-001,14,0.2745098039215686,INC-001,5,True,fallback_5m,True,confirmed_anomaly,0.8333333333333334,0.16666666666666674,3.193743884534264,high,L6_MERCHANT_BANK_COUNTRY,36.0,Approval rate is meaningfully below the historical baseline.
2026-08-31 10:09:00,L6_MERCHANT_BANK_COUNTRY,Merchant_A,,,BR,,0,10,79,75,4,0.9493670886075948,INVALID_CARD,,0,0.0,,1,True,fast_1m,False,normal,0.9304347826086956,-0.01893230599889928,-0.6614210599353233,,L6_MERCHANT_BANK_COUNTRY,345.0,Observed drop is within normal variation.
2026-08-31 10:09:00,L6_MERCHANT_BANK_COUNTRY,Merchant_A,,,CO,Banco de Bogota,0,10,102,91,11,0.8921568627450981,DO_NOT_HONOR,,0,0.0,,5,True,fallback_5m,False,normal,0.9365079365079364,0.04435107376283831,1.836913782209214,,L6_MERCHANT_BANK_COUNTRY,63.0,Observed drop is within normal variation.
2026-08-31 10:09:00,L6_MERCHANT_BANK_COUNTRY,Merchant_A,,,CO,Bancolombia,0,10,84,74,10,0.8809523809523809,INSUFFICIENT_FUNDS,,0,0.0,,5,True,fallback_5m,False,normal,0.8363636363636363,-0.04458874458874462,-1.1046568927507014,,L6_MERCHANT_BANK_COUNTRY,55.0,Observed drop is within normal variation.
2026-08-31 10:09:00,L6_MERCHANT_BANK_COUNTRY,Merchant_A,,,CO,Davivienda,0,10,89,81,8,0.9101123595505618,SUSPECTED_FRAUD,,0,0.0,,5,True,fallback_5m,False,normal,0.8571428571428571,-0.052969502407704705,-1.428049663946122,,L6_MERCHANT_BANK_COUNTRY,56.0,Observed drop is within normal variation.
2026-08-31 10:09:00,L6_MERCHANT_BANK_COUNTRY,Merchant_A,,,CO,,0,10,93,82,11,0.8817204301075269,SUSPECTED_FRAUD,,0,0.0,,1,True,fast_1m,False,normal,0.9006211180124224,0.01890068790489552,0.6092576188488135,,L6_MERCHANT_BANK_COUNTRY,322.0,Observed drop is within normal variation.
2026-08-31 10:09:00,L6_MERCHANT_BANK_COUNTRY,Merchant_A,,,MX,BBVA,0,10,52,20,32,0.3846153846153846,ISSUER_UNAVAILABLE,INC-002,42,0.8076923076923077,INC-002,5,True,fallback_5m,True,confirmed_anomaly,0.945945945945946,0.5613305613305615,17.90082569155851,critical,L6_MERCHANT_BANK_COUNTRY,37.0,Approval rate is meaningfully below the historical baseline.
2026-08-31 10:09:00,L6_MERCHANT_BANK_COUNTRY,Merchant_A,,,MX,Banorte,0,10,79,72,7,0.9113924050632912,SUSPECTED_FRAUD,,0,0.0,,5,True,fallback_5m,False,normal,0.8947368421052632,-0.016655562958027947,-0.48237745792441966,,L6_MERCHANT_BANK_COUNTRY,38.0,Observed drop is within normal variation.
2026-08-31 10:09:00,L6_MERCHANT_BANK_COUNTRY,Merchant_A,,,MX,Citibanamex,0,10,66,56,10,0.8484848484848485,DO_NOT_HONOR,,0,0.0,,5,True,fallback_5m,False,normal,0.8571428571428571,0.008658008658008587,0.20100756305184073,,L6_MERCHANT_BANK_COUNTRY,35.0,Observed drop is within normal variation.
2026-08-31 10:09:00,L6_MERCHANT_BANK_COUNTRY,Merchant_A,,,MX,Santander,0,10,66,62,4,0.9393939393939394,DO_NOT_HONOR,,0,0.0,,5,True,fallback_5m,False,normal,0.9491525423728814,0.009758602978941933,0.3608751587888525,,L6_MERCHANT_BANK_COUNTRY,59.0,Observed drop is within normal variation.
2026-08-31 10:09:00,L6_MERCHANT_BANK_COUNTRY,Merchant_A,,,MX,,0,10,101,96,5,0.9504950495049505,INSUFFICIENT_FUNDS,,0,0.0,,1,True,fast_1m,False,normal,0.8876080691642652,-0.0628869803406853,-2.0009822746181425,,L6_MERCHANT_BANK_COUNTRY,347.0,Observed drop is within normal variation.
2026-08-31 10:09:00,L6_MERCHANT_BANK_COUNTRY,Merchant_B,,,BR,Banco do Brasil,0,10,59,47,12,0.7966101694915254,DO_NOT_HONOR,INC-001,11,0.1864406779661017,INC-001,5,True,fallback_5m,True,confirmed_anomaly,0.8913043478260869,0.09469417833456151,2.336846505777981,medium,L6_MERCHANT_BANK_COUNTRY,46.0,Approval rate is meaningfully below the historical baseline.
2026-08-31 10:09:00,L6_MERCHANT_BANK_COUNTRY,Merchant_B,,,BR,Bradesco,0,10,49,39,10,0.7959183673469388,PROCESSOR_ERROR,INC-001,8,0.1632653061224489,INC-001,5,True,fallback_5m,False,potential_anomaly,0.8648648648648649,0.06894649751792614,1.4117310982894564,,L6_MERCHANT_BANK_COUNTRY,37.0,"A conversion drop exists, but the statistical evidence is not yet strong enough."
2026-08-31 10:09:00,L6_MERCHANT_BANK_COUNTRY,Merchant_B,,,BR,Itau,0,10,63,55,8,0.873015873015873,PROCESSOR_ERROR,INC-001,11,0.1746031746031746,INC-001,5,True,fallback_5m,False,normal,0.8809523809523809,0.007936507936507908,0.19451950503185422,,L6_MERCHANT_BANK_COUNTRY,42.0,Observed drop is within normal variation.
2026-08-31 10:09:00,L6_MERCHANT_BANK_COUNTRY,Merchant_B,,,BR,Nubank,0,10,63,54,9,0.8571428571428571,PROCESSOR_ERROR,INC-001,11,0.1746031746031746,INC-001,5,True,fallback_5m,False,normal,0.8571428571428571,0.0,0.0,,L6_MERCHANT_BANK_COUNTRY,42.0,Observed drop is within normal variation.
2026-08-31 10:09:00,L6_MERCHANT_BANK_COUNTRY,Merchant_B,,,BR,,0,10,94,86,8,0.9148936170212766,DO_NOT_HONOR,,0,0.0,,1,True,fast_1m,False,normal,0.935672514619883,0.020778897598606405,0.8211570126707869,,L6_MERCHANT_BANK_COUNTRY,342.0,Observed drop is within normal variation.
2026-08-31 10:09:00,L6_MERCHANT_BANK_COUNTRY,Merchant_B,,,CO,Banco de Bogota,0,10,80,75,5,0.9375,INSUFFICIENT_FUNDS,,0,0.0,,5,True,fallback_5m,False,normal,0.9534883720930232,0.015988372093023173,0.6790640976965888,,L6_MERCHANT_BANK_COUNTRY,43.0,Observed drop is within normal variation.
2026-08-31 10:09:00,L6_MERCHANT_BANK_COUNTRY,Merchant_B,,,CO,Bancolombia,0,10,101,92,9,0.9108910891089108,INVALID_CARD,,0,0.0,,5,True,fallback_5m,False,normal,0.8333333333333334,-0.07755775577557755,-2.0914725496029285,,L6_MERCHANT_BANK_COUNTRY,60.0,Observed drop is within normal variation.
2026-08-31 10:09:00,L6_MERCHANT_BANK_COUNTRY,Merchant_B,,,CO,Davivienda,0,10,104,95,9,0.9134615384615384,DO_NOT_HONOR,,0,0.0,,5,True,fallback_5m,False,normal,0.847457627118644,-0.0660039113428944,-1.8721131622601486,,L6_MERCHANT_BANK_COUNTRY,59.0,Observed drop is within normal variation.
2026-08-31 10:09:00,L6_MERCHANT_BANK_COUNTRY,Merchant_B,,,CO,,0,10,83,75,8,0.9036144578313252,SUSPECTED_FRAUD,,0,0.0,,1,True,fast_1m,False,normal,0.9078947368421052,0.004280279010779875,0.13485006266158953,,L6_MERCHANT_BANK_COUNTRY,304.0,Observed drop is within normal variation.
2026-08-31 10:09:00,L6_MERCHANT_BANK_COUNTRY,Merchant_B,,,MX,BBVA,0,10,64,55,9,0.859375,DO_NOT_HONOR,,0,0.0,,5,True,fallback_5m,False,normal,0.9090909090909092,0.04971590909090917,1.3834964763236688,,L6_MERCHANT_BANK_COUNTRY,44.0,Observed drop is within normal variation.
2026-08-31 10:09:00,L6_MERCHANT_BANK_COUNTRY,Merchant_B,,,MX,Banorte,0,10,57,50,7,0.8771929824561403,DO_NOT_HONOR,,0,0.0,,5,True,fallback_5m,True,confirmed_anomaly,0.9574468085106383,0.08025382605449805,3.0017863427571565,medium,L6_MERCHANT_BANK_COUNTRY,47.0,Approval rate is meaningfully below the historical baseline.
2026-08-31 10:09:00,L6_MERCHANT_BANK_COUNTRY,Merchant_B,,,MX,Citibanamex,0,10,62,57,5,0.9193548387096774,INSUFFICIENT_FUNDS,,0,0.0,,5,True,fallback_5m,False,normal,0.8780487804878049,-0.0413060582218725,-0.9939332099323623,,L6_MERCHANT_BANK_COUNTRY,41.0,Observed drop is within normal variation.
2026-08-31 10:09:00,L6_MERCHANT_BANK_COUNTRY,Merchant_B,,,MX,Santander,0,10,64,55,9,0.859375,INSUFFICIENT_FUNDS,,0,0.0,,5,True,fallback_5m,True,confirmed_anomaly,0.975609756097561,0.11623475609756095,6.028091789695969,high,L6_MERCHANT_BANK_COUNTRY,41.0,Approval rate is meaningfully below the historical baseline.
2026-08-31 10:09:00,L6_MERCHANT_BANK_COUNTRY,Merchant_B,,,MX,,0,10,97,83,14,0.8556701030927835,INVALID_CARD,,0,0.0,,1,True,fast_1m,False,normal,0.8580060422960725,0.002335939203289006,0.06591242607749437,,L6_MERCHANT_BANK_COUNTRY,331.0,Observed drop is within normal variation.
2026-08-31 10:09:00,L6_MERCHANT_BANK_COUNTRY,Merchant_C,,,BR,Banco do Brasil,0,10,75,62,13,0.8266666666666667,PROCESSOR_ERROR,INC-001,16,0.2133333333333333,INC-001,5,True,fallback_5m,False,normal,0.8444444444444444,0.01777777777777778,0.4247953952428733,,L6_MERCHANT_BANK_COUNTRY,45.0,Observed drop is within normal variation.
2026-08-31 10:09:00,L6_MERCHANT_BANK_COUNTRY,Merchant_C,,,BR,Bradesco,0,10,48,39,9,0.8125,PROCESSOR_ERROR,INC-001,13,0.2708333333333333,INC-001,5,True,fallback_5m,True,confirmed_anomaly,0.9333333333333332,0.12083333333333324,3.356097861675494,high,L6_MERCHANT_BANK_COUNTRY,45.0,Approval rate is meaningfully below the historical baseline.
2026-08-31 10:09:00,L6_MERCHANT_BANK_COUNTRY,Merchant_C,,,BR,Itau,0,10,67,57,10,0.8507462686567164,PROCESSOR_ERROR,INC-001,15,0.2238805970149253,INC-001,5,True,fallback_5m,True,confirmed_anomaly,0.9607843137254902,0.1100380450687738,4.640207543122736,high,L6_MERCHANT_BANK_COUNTRY,51.0,Approval rate is meaningfully below the historical baseline.
2026-08-31 10:09:00,L6_MERCHANT_BANK_COUNTRY,Merchant_C,,,BR,Nubank,0,10,79,67,12,0.8481012658227848,PROCESSOR_ERROR,INC-001,14,0.1772151898734177,INC-001,5,True,fallback_5m,True,confirmed_anomaly,0.925,0.07689873417721527,2.5949634103246475,medium,L6_MERCHANT_BANK_COUNTRY,40.0,Approval rate is meaningfully below the historical baseline.
2026-08-31 10:09:00,L6_MERCHANT_BANK_COUNTRY,Merchant_C,,,BR,,0,10,91,88,3,0.967032967032967,INSUFFICIENT_FUNDS,,0,0.0,,1,True,fast_1m,False,normal,0.9194029850746268,-0.04762998195834023,-1.6691242999947837,,L6_MERCHANT_BANK_COUNTRY,335.0,Observed drop is within normal variation.
2026-08-31 10:09:00,L6_MERCHANT_BANK_COUNTRY,Merchant_C,,,CO,Banco de Bogota,0,10,101,98,3,0.9702970297029704,DO_NOT_HONOR,,0,0.0,,5,True,fallback_5m,False,normal,0.8928571428571429,-0.07743988684582737,-2.5162442545418444,,L6_MERCHANT_BANK_COUNTRY,56.0,Observed drop is within normal variation.
2026-08-31 10:09:00,L6_MERCHANT_BANK_COUNTRY,Merchant_C,,,CO,Bancolombia,0,10,77,70,7,0.9090909090909092,INVALID_CARD,,0,0.0,,5,True,fallback_5m,False,normal,0.890625,-0.01846590909090906,-0.5191699914900658,,L6_MERCHANT_BANK_COUNTRY,64.0,Observed drop is within normal variation.
2026-08-31 10:09:00,L6_MERCHANT_BANK_COUNTRY,Merchant_C,,,CO,Davivienda,0,10,85,75,10,0.8823529411764706,INSUFFICIENT_FUNDS,,0,0.0,,5,True,fallback_5m,False,normal,0.8648648648648649,-0.01748807631160565,-0.4716211091418974,,L6_MERCHANT_BANK_COUNTRY,37.0,Observed drop is within normal variation.
2026-08-31 10:09:00,L6_MERCHANT_BANK_COUNTRY,Merchant_C,,,CO,,0,10,96,87,9,0.90625,INVALID_CARD,,0,0.0,,1,True,fast_1m,False,normal,0.8888888888888888,-0.01736111111111116,-0.5412658773652756,,L6_MERCHANT_BANK_COUNTRY,324.0,Observed drop is within normal variation.
2026-08-31 10:09:00,L6_MERCHANT_BANK_COUNTRY,Merchant_C,,,MX,BBVA,0,10,65,64,1,0.9846153846153848,DO_NOT_HONOR,,0,0.0,,5,True,fallback_5m,False,normal,0.8974358974358975,-0.0871794871794872,-2.31670948915544,,L6_MERCHANT_BANK_COUNTRY,39.0,Observed drop is within normal variation.
2026-08-31 10:09:00,L6_MERCHANT_BANK_COUNTRY,Merchant_C,,,MX,Banorte,0,10,73,72,1,0.9863013698630136,SUSPECTED_FRAUD,,0,0.0,,5,True,fallback_5m,False,normal,0.9375,-0.048801369863013644,-1.7225339728641715,,L6_MERCHANT_BANK_COUNTRY,48.0,Observed drop is within normal variation.
2026-08-31 10:09:00,L6_MERCHANT_BANK_COUNTRY,Merchant_C,,,MX,Citibanamex,0,10,67,59,8,0.8805970149253731,DO_NOT_HONOR,,0,0.0,,5,True,fallback_5m,False,normal,0.925,0.04440298507462692,1.3799014488743848,,L6_MERCHANT_BANK_COUNTRY,40.0,Observed drop is within normal variation.
2026-08-31 10:09:00,L6_MERCHANT_BANK_COUNTRY,Merchant_C,,,MX,Santander,0,10,65,61,4,0.9384615384615383,INSUFFICIENT_FUNDS,,0,0.0,,5,True,fallback_5m,False,normal,0.9035,-0.03496153846153849,-0.9545957103480035,,L6_GLOBAL,455992.0,Observed drop is within normal variation.
2026-08-31 10:09:00,L6_MERCHANT_BANK_COUNTRY,Merchant_C,,,MX,,0,10,81,75,6,0.925925925925926,SUSPECTED_FRAUD,,0,0.0,,1,True,fast_1m,False,normal,0.8715596330275229,-0.054366292898403,-1.4624226589522185,,L6_MERCHANT_BANK_COUNTRY,327.0,Observed drop is within normal variation.
2026-08-31 10:10:00,L1_PROVIDER_COUNTRY,,Adyen,,BR,,0,10,145,130,15,0.896551724137931,DO_NOT_HONOR,,0,0.0,,1,True,fast_1m,False,normal,0.908203125,0.01165140086206895,0.48591096671336986,,L1_PROVIDER_COUNTRY,512.0,Observed drop is within normal variation.
2026-08-31 10:10:00,L1_PROVIDER_COUNTRY,,Adyen,,CO,,0,10,132,119,13,0.9015151515151516,SUSPECTED_FRAUD,,0,0.0,,1,True,fast_1m,False,normal,0.905982905982906,0.004467754467754492,0.17587853923796032,,L1_PROVIDER_COUNTRY,468.0,Observed drop is within normal variation.
2026-08-31 10:10:00,L1_PROVIDER_COUNTRY,,Adyen,,MX,,0,10,132,122,10,0.9242424242424242,INSUFFICIENT_FUNDS,,0,0.0,,1,True,fast_1m,False,normal,0.9114173228346456,-0.012825101407778594,-0.5185787699378029,,L1_PROVIDER_COUNTRY,508.0,Observed drop is within normal variation.
2026-08-31 10:10:00,L1_PROVIDER_COUNTRY,,Stripe,,BR,,0,10,124,110,14,0.8870967741935484,INSUFFICIENT_FUNDS,,0,0.0,,1,True,fast_1m,False,normal,0.929368029739777,0.04227125554622857,1.8372212723010763,,L1_PROVIDER_COUNTRY,538.0,Observed drop is within normal variation.
2026-08-31 10:10:00,L1_PROVIDER_COUNTRY,,Stripe,,CO,,0,10,131,116,15,0.8854961832061069,INVALID_CARD,,0,0.0,,1,True,fast_1m,False,normal,0.8833652007648184,-0.0021309824412885092,-0.07598560097357736,,L1_PROVIDER_COUNTRY,523.0,Observed drop is within normal variation.
2026-08-31 10:10:00,L1_PROVIDER_COUNTRY,,Stripe,,MX,,0,10,137,125,12,0.9124087591240876,DO_NOT_HONOR,,0,0.0,,1,True,fast_1m,False,normal,0.87374749498998,-0.03866126413410764,-1.3624587431227757,,L1_PROVIDER_COUNTRY,499.0,Observed drop is within normal variation.
2026-08-31 10:10:00,L1_PROVIDER_COUNTRY,,dLocal,,BR,,0,10,124,117,7,0.9435483870967742,INSUFFICIENT_FUNDS,,0,0.0,,1,True,fast_1m,False,normal,0.9145129224652088,-0.029035464631565477,-1.1563637374054685,,L1_PROVIDER_COUNTRY,503.0,Observed drop is within normal variation.
2026-08-31 10:10:00,L1_PROVIDER_COUNTRY,,dLocal,,CO,,0,10,123,107,16,0.8699186991869918,DO_NOT_HONOR,,0,0.0,,1,True,fast_1m,False,normal,0.8871681415929203,0.017249442405928517,0.6046565713311769,,L1_PROVIDER_COUNTRY,452.0,Observed drop is within normal variation.
2026-08-31 10:10:00,L1_PROVIDER_COUNTRY,,dLocal,,MX,,0,10,152,136,16,0.8947368421052632,DO_NOT_HONOR,,0,0.0,,1,True,fast_1m,False,normal,0.8839103869653768,-0.010826455139886337,-0.4166844314138495,,L1_PROVIDER_COUNTRY,491.0,Observed drop is within normal variation.
2026-08-31 10:10:00,L2_METHOD_COUNTRY,,,PIX,BR,,0,10,136,128,8,0.9411764705882352,INSUFFICIENT_FUNDS,,0,0.0,,1,True,fast_1m,False,normal,0.9430740037950665,0.00189753320683117,0.09550599476937814,,L2_METHOD_COUNTRY,527.0,Observed drop is within normal variation.
2026-08-31 10:10:00,L2_METHOD_COUNTRY,,,PSE,CO,,0,10,108,95,13,0.8796296296296297,SUSPECTED_FRAUD,,0,0.0,,1,True,fast_1m,False,normal,0.8881720430107527,0.008542413381123048,0.2816882403112002,,L2_METHOD_COUNTRY,465.0,Observed drop is within normal variation.
2026-08-31 10:10:00,L2_METHOD_COUNTRY,,,card,BR,,0,10,126,111,15,0.8809523809523809,INSUFFICIENT_FUNDS,,0,0.0,,1,True,fast_1m,False,normal,0.896421845574388,0.015469464622007045,0.569862732398908,,L2_METHOD_COUNTRY,531.0,Observed drop is within normal variation.
2026-08-31 10:10:00,L2_METHOD_COUNTRY,,,card,CO,,0,10,140,126,14,0.9,DO_NOT_HONOR,,0,0.0,,1,True,fast_1m,False,normal,0.8782961460446247,-0.02170385395537533,-0.7854675037098261,,L2_METHOD_COUNTRY,493.0,Observed drop is within normal variation.
2026-08-31 10:10:00,L2_METHOD_COUNTRY,,,card,MX,,0,10,132,122,10,0.9242424242424242,INSUFFICIENT_FUNDS,,0,0.0,,1,True,fast_1m,False,normal,0.924949290060852,0.0007068658184278265,0.03082389969193447,,L2_METHOD_COUNTRY,493.0,Observed drop is within normal variation.
2026-08-31 10:10:00,L2_METHOD_COUNTRY,,,cash_in_store,MX,,0,10,129,116,13,0.8992248062015504,INVALID_CARD,,0,0.0,,1,True,fast_1m,False,normal,0.8406909788867563,-0.05853382731479417,-1.8166171044516195,,L2_METHOD_COUNTRY,521.0,Observed drop is within normal variation.
2026-08-31 10:10:00,L2_METHOD_COUNTRY,,,wallet,BR,,0,10,131,118,13,0.900763358778626,DO_NOT_HONOR,,0,0.0,,1,True,fast_1m,False,normal,0.9131313131313132,0.012367954352687338,0.5026148029820176,,L2_METHOD_COUNTRY,495.0,Observed drop is within normal variation.
2026-08-31 10:10:00,L2_METHOD_COUNTRY,,,wallet,CO,,0,10,138,121,17,0.8768115942028986,DO_NOT_HONOR,,0,0.0,,1,True,fast_1m,False,normal,0.909278350515464,0.03246675631256546,1.3279280667659537,,L2_METHOD_COUNTRY,485.0,Observed drop is within normal variation.
2026-08-31 10:10:00,L2_METHOD_COUNTRY,,,wallet,MX,,0,10,160,145,15,0.90625,SUSPECTED_FRAUD,,0,0.0,,1,True,fast_1m,False,normal,0.9070247933884298,0.0007747933884297842,0.03374836535314276,,L2_METHOD_COUNTRY,484.0,Observed drop is within normal variation.
2026-08-31 10:10:00,L3_MERCHANT_COUNTRY,Merchant_A,,,BR,,0,10,138,121,17,0.8768115942028986,INSUFFICIENT_FUNDS,,0,0.0,,1,True,fast_1m,False,normal,0.918560606060606,0.04174901185770741,1.7931415312033092,,L3_MERCHANT_COUNTRY,528.0,Observed drop is within normal variation.
2026-08-31 10:10:00,L3_MERCHANT_COUNTRY,Merchant_A,,,CO,,0,10,121,106,15,0.8760330578512396,DO_NOT_HONOR,,0,0.0,,1,True,fast_1m,False,normal,0.8931451612903226,0.017112103439082982,0.6093095155485042,,L3_MERCHANT_COUNTRY,496.0,Observed drop is within normal variation.
2026-08-31 10:10:00,L3_MERCHANT_COUNTRY,Merchant_A,,,MX,,0,10,149,140,9,0.9395973154362416,DO_NOT_HONOR,,0,0.0,,1,True,fast_1m,False,normal,0.8972868217054264,-0.04231049373081519,-1.701227908898239,,L3_MERCHANT_COUNTRY,516.0,Observed drop is within normal variation.
2026-08-31 10:10:00,L3_MERCHANT_COUNTRY,Merchant_B,,,BR,,0,10,127,117,10,0.9212598425196852,DO_NOT_HONOR,,0,0.0,,1,True,fast_1m,False,normal,0.9155206286836935,-0.005739213835991519,-0.2325652715437893,,L3_MERCHANT_COUNTRY,509.0,Observed drop is within normal variation.
2026-08-31 10:10:00,L3_MERCHANT_COUNTRY,Merchant_B,,,CO,,0,10,130,116,14,0.8923076923076924,INVALID_CARD,,0,0.0,,1,True,fast_1m,False,normal,0.8948497854077253,0.0025420931000329494,0.09448937517925889,,L3_MERCHANT_COUNTRY,466.0,Observed drop is within normal variation.
2026-08-31 10:10:00,L3_MERCHANT_COUNTRY,Merchant_B,,,MX,,0,10,136,120,16,0.8823529411764706,INVALID_CARD,,0,0.0,,1,True,fast_1m,False,normal,0.8829365079365079,0.0005835667600373462,0.021168229035177472,,L3_MERCHANT_COUNTRY,504.0,Observed drop is within normal variation.
2026-08-31 10:10:00,L3_MERCHANT_COUNTRY,Merchant_C,,,BR,,0,10,128,119,9,0.9296875,SUSPECTED_FRAUD,,0,0.0,,1,True,fast_1m,False,normal,0.9186046511627908,-0.011082848837209225,-0.458555894234748,,L3_MERCHANT_COUNTRY,516.0,Observed drop is within normal variation.
2026-08-31 10:10:00,L3_MERCHANT_COUNTRY,Merchant_C,,,CO,,0,10,135,120,15,0.8888888888888888,SUSPECTED_FRAUD,,0,0.0,,1,True,fast_1m,False,normal,0.8877338877338877,-0.0011550011550011119,-0.04250926165158452,,L3_MERCHANT_COUNTRY,481.0,Observed drop is within normal variation.
2026-08-31 10:10:00,L3_MERCHANT_COUNTRY,Merchant_C,,,MX,,0,10,136,123,13,0.9044117647058824,INSUFFICIENT_FUNDS,,0,0.0,,1,True,fast_1m,False,normal,0.8891213389121339,-0.015290425793748508,-0.5679165571665431,,L3_MERCHANT_COUNTRY,478.0,Observed drop is within normal variation.
2026-08-31 10:10:00,L4_BANK_COUNTRY,,,,BR,Banco do Brasil,0,10,31,29,2,0.935483870967742,INSUFFICIENT_FUNDS,,0,0.0,,1,True,fast_1m,False,normal,0.8958333333333334,-0.03965053763440851,-0.7226898159947553,,L4_BANK_COUNTRY,144.0,Observed drop is within normal variation.
2026-08-31 10:10:00,L4_BANK_COUNTRY,,,,BR,Bradesco,0,10,38,32,6,0.8421052631578947,INSUFFICIENT_FUNDS,,0,0.0,,1,True,fast_1m,False,potential_anomaly,0.8968253968253969,0.05472013366750217,1.1089158605259741,,L4_BANK_COUNTRY,126.0,"A conversion drop exists, but the statistical evidence is not yet strong enough."
2026-08-31 10:10:00,L4_BANK_COUNTRY,,,,BR,Itau,0,10,189,159,30,0.8412698412698413,DO_NOT_HONOR,INC-001,34,0.1798941798941798,INC-001,5,True,fallback_5m,True,confirmed_anomaly,0.916083916083916,0.07481407481407476,3.7095734818741546,medium,L4_BANK_COUNTRY,143.0,Approval rate is meaningfully below the historical baseline.
2026-08-31 10:10:00,L4_BANK_COUNTRY,,,,BR,Nubank,0,10,32,29,3,0.90625,DO_NOT_HONOR,,0,0.0,,1,True,fast_1m,False,normal,0.8728813559322034,-0.033368644067796605,-0.5666714258319091,,L4_BANK_COUNTRY,118.0,Observed drop is within normal variation.
2026-08-31 10:10:00,L4_BANK_COUNTRY,,,,BR,,0,10,267,246,21,0.9213483146067416,DO_NOT_HONOR,,0,0.0,,1,True,fast_1m,False,normal,0.9285714285714286,0.007223113964687,0.4582858596193569,,L4_BANK_COUNTRY,1022.0,Observed drop is within normal variation.
2026-08-31 10:10:00,L4_BANK_COUNTRY,,,,CO,Banco de Bogota,0,10,37,33,4,0.8918918918918919,SUSPECTED_FRAUD,,0,0.0,,1,True,fast_1m,False,normal,0.925925925925926,0.034034034034034155,0.7904839434579745,,L4_BANK_COUNTRY,162.0,Observed drop is within normal variation.
2026-08-31 10:10:00,L4_BANK_COUNTRY,,,,CO,Bancolombia,0,10,55,50,5,0.9090909090909092,DO_NOT_HONOR,,0,0.0,,1,True,fast_1m,False,normal,0.8547486033519553,-0.05434230573895371,-1.1437735465838426,,L4_BANK_COUNTRY,179.0,Observed drop is within normal variation.
2026-08-31 10:10:00,L4_BANK_COUNTRY,,,,CO,Davivienda,0,10,48,43,5,0.8958333333333334,DO_NOT_HONOR,,0,0.0,,1,True,fast_1m,False,normal,0.8552631578947368,-0.040570175438596534,-0.7988920066119322,,L4_BANK_COUNTRY,152.0,Observed drop is within normal variation.
2026-08-31 10:10:00,L4_BANK_COUNTRY,,,,CO,,0,10,246,216,30,0.8780487804878049,SUSPECTED_FRAUD,,0,0.0,,1,True,fast_1m,False,normal,0.8989473684210526,0.020898587933247725,1.0875357691760967,,L4_BANK_COUNTRY,950.0,Observed drop is within normal variation.
2026-08-31 10:10:00,L4_BANK_COUNTRY,,,,MX,BBVA,0,10,36,35,1,0.9722222222222222,INSUFFICIENT_FUNDS,,0,0.0,,1,True,fast_1m,False,normal,0.9166666666666666,-0.05555555555555558,-1.2060453783110547,,L4_BANK_COUNTRY,120.0,Observed drop is within normal variation.
2026-08-31 10:10:00,L4_BANK_COUNTRY,,,,MX,Banorte,0,10,37,32,5,0.8648648648648649,DO_NOT_HONOR,,0,0.0,,1,True,fast_1m,False,potential_anomaly,0.9323308270676692,0.06746596220280432,1.6338234471557305,,L4_BANK_COUNTRY,133.0,"A conversion drop exists, but the statistical evidence is not yet strong enough."
2026-08-31 10:10:00,L4_BANK_COUNTRY,,,,MX,Citibanamex,0,10,38,35,3,0.9210526315789472,DO_NOT_HONOR,,0,0.0,,1,True,fast_1m,False,normal,0.8879310344827587,-0.03312159709618867,-0.6472480772496727,,L4_BANK_COUNTRY,116.0,Observed drop is within normal variation.
2026-08-31 10:10:00,L4_BANK_COUNTRY,,,,MX,Santander,0,10,182,168,14,0.9230769230769232,DO_NOT_HONOR,,0,0.0,,5,True,fallback_5m,False,normal,0.9596774193548387,0.03660049627791562,2.5100702158879504,,L4_BANK_COUNTRY,124.0,Observed drop is within normal variation.
2026-08-31 10:10:00,L4_BANK_COUNTRY,,,,MX,,0,10,289,261,28,0.903114186851211,INVALID_CARD,,0,0.0,,1,True,fast_1m,False,normal,0.872636815920398,-0.03047737093081304,-1.554131282839427,,L4_BANK_COUNTRY,1005.0,Observed drop is within normal variation.
2026-08-31 10:10:00,L5_PROVIDER_METHOD_COUNTRY,,Adyen,PIX,BR,,0,10,44,42,2,0.9545454545454546,INVALID_CARD,,0,0.0,,1,True,fast_1m,False,normal,0.9011627906976744,-0.05338266384778023,-1.1864917344196426,,L5_PROVIDER_METHOD_COUNTRY,172.0,Observed drop is within normal variation.
2026-08-31 10:10:00,L5_PROVIDER_METHOD_COUNTRY,,Adyen,PSE,CO,,0,10,33,27,6,0.8181818181818182,DO_NOT_HONOR,,0,0.0,,1,True,fast_1m,False,potential_anomaly,0.9,0.08181818181818179,1.5666989036012802,,L5_PROVIDER_METHOD_COUNTRY,160.0,"A conversion drop exists, but the statistical evidence is not yet strong enough."
2026-08-31 10:10:00,L5_PROVIDER_METHOD_COUNTRY,,Adyen,card,BR,,0,10,51,45,6,0.8823529411764706,INVALID_CARD,,0,0.0,,1,True,fast_1m,False,normal,0.9193548387096774,0.03700189753320682,0.9704615734972064,,L5_PROVIDER_METHOD_COUNTRY,186.0,Observed drop is within normal variation.
2026-08-31 10:10:00,L5_PROVIDER_METHOD_COUNTRY,,Adyen,card,CO,,0,10,55,52,3,0.9454545454545454,SUSPECTED_FRAUD,,0,0.0,,1,True,fast_1m,False,normal,0.9144736842105264,-0.030980861244018998,-0.8215601074862408,,L5_PROVIDER_METHOD_COUNTRY,152.0,Observed drop is within normal variation.
2026-08-31 10:10:00,L5_PROVIDER_METHOD_COUNTRY,,Adyen,card,MX,,0,10,47,45,2,0.9574468085106383,INSUFFICIENT_FUNDS,,0,0.0,,1,True,fast_1m,False,normal,0.9545454545454546,-0.0029013539651837617,-0.09549105211188488,,L5_PROVIDER_METHOD_COUNTRY,154.0,Observed drop is within normal variation.
2026-08-31 10:10:00,L5_PROVIDER_METHOD_COUNTRY,,Adyen,cash_in_store,MX,,0,10,235,196,39,0.8340425531914893,INVALID_CARD,,0,0.0,,5,True,fallback_5m,True,confirmed_anomaly,0.8865979381443299,0.05255538495284051,2.5408400052279534,medium,L5_PROVIDER_METHOD_COUNTRY,194.0,Approval rate is meaningfully below the historical baseline.
2026-08-31 10:10:00,L5_PROVIDER_METHOD_COUNTRY,,Adyen,wallet,BR,,0,10,50,43,7,0.86,DO_NOT_HONOR,,0,0.0,,1,True,fast_1m,False,normal,0.9025974025974026,0.042597402597402634,1.015864565455319,,L5_PROVIDER_METHOD_COUNTRY,154.0,Observed drop is within normal variation.
2026-08-31 10:10:00,L5_PROVIDER_METHOD_COUNTRY,,Adyen,wallet,CO,,0,10,44,40,4,0.9090909090909092,SUSPECTED_FRAUD,,0,0.0,,1,True,fast_1m,False,normal,0.903846153846154,-0.005244755244755095,-0.11801058864729567,,L5_PROVIDER_METHOD_COUNTRY,156.0,Observed drop is within normal variation.
2026-08-31 10:10:00,L5_PROVIDER_METHOD_COUNTRY,,Adyen,wallet,MX,,0,10,60,56,4,0.9333333333333332,INSUFFICIENT_FUNDS,,0,0.0,,1,True,fast_1m,False,normal,0.9,-0.033333333333333326,-0.8606629658238703,,L5_PROVIDER_METHOD_COUNTRY,160.0,Observed drop is within normal variation.
2026-08-31 10:10:00,L5_PROVIDER_METHOD_COUNTRY,,Stripe,PIX,BR,,0,10,51,47,4,0.9215686274509804,INSUFFICIENT_FUNDS,,0,0.0,,1,True,fast_1m,False,normal,0.9689119170984456,0.04734328964746526,1.9480692906218546,,L5_PROVIDER_METHOD_COUNTRY,193.0,Observed drop is within normal variation.
2026-08-31 10:10:00,L5_PROVIDER_METHOD_COUNTRY,,Stripe,PSE,CO,,0,10,39,35,4,0.8974358974358975,SUSPECTED_FRAUD,,0,0.0,,1,True,fast_1m,False,normal,0.8881987577639752,-0.009237139671922301,-0.18305914043080296,,L5_PROVIDER_METHOD_COUNTRY,161.0,Observed drop is within normal variation.
2026-08-31 10:10:00,L5_PROVIDER_METHOD_COUNTRY,,Stripe,card,BR,,0,10,34,28,6,0.8235294117647058,DO_NOT_HONOR,,0,0.0,,1,True,fast_1m,False,potential_anomaly,0.9055555555555556,0.08202614379084971,1.6354828550711717,,L5_PROVIDER_METHOD_COUNTRY,180.0,"A conversion drop exists, but the statistical evidence is not yet strong enough."
2026-08-31 10:10:00,L5_PROVIDER_METHOD_COUNTRY,,Stripe,card,CO,,0,10,47,40,7,0.851063829787234,DO_NOT_HONOR,,0,0.0,,1,True,fast_1m,False,normal,0.8524590163934426,0.0013951866062085205,0.026970446468756668,,L5_PROVIDER_METHOD_COUNTRY,183.0,Observed drop is within normal variation.
2026-08-31 10:10:00,L5_PROVIDER_METHOD_COUNTRY,,Stripe,card,MX,,0,10,41,39,2,0.951219512195122,INSUFFICIENT_FUNDS,,0,0.0,,1,True,fast_1m,False,normal,0.92,-0.031219512195121868,-0.7368500784936045,,L5_PROVIDER_METHOD_COUNTRY,175.0,Observed drop is within normal variation.
2026-08-31 10:10:00,L5_PROVIDER_METHOD_COUNTRY,,Stripe,cash_in_store,MX,,0,10,46,42,4,0.9130434782608696,DO_NOT_HONOR,,0,0.0,,1,True,fast_1m,False,normal,0.8,-0.11304347826086947,-1.9167454300136613,,L5_PROVIDER_METHOD_COUNTRY,170.0,Observed drop is within normal variation.
2026-08-31 10:10:00,L5_PROVIDER_METHOD_COUNTRY,,Stripe,wallet,BR,,0,10,39,35,4,0.8974358974358975,DO_NOT_HONOR,,0,0.0,,1,True,fast_1m,False,normal,0.9090909090909092,0.011655011655011704,0.2531848417709179,,L5_PROVIDER_METHOD_COUNTRY,165.0,Observed drop is within normal variation.
2026-08-31 10:10:00,L5_PROVIDER_METHOD_COUNTRY,,Stripe,wallet,CO,,0,10,45,41,4,0.9111111111111112,INVALID_CARD,,0,0.0,,1,True,fast_1m,False,normal,0.9106145251396648,-0.0004965859714463061,-0.011676157401734298,,L5_PROVIDER_METHOD_COUNTRY,179.0,Observed drop is within normal variation.
2026-08-31 10:10:00,L5_PROVIDER_METHOD_COUNTRY,,Stripe,wallet,MX,,0,10,50,44,6,0.88,DO_NOT_HONOR,,0,0.0,,1,True,fast_1m,False,normal,0.9025974025974026,0.022597402597402616,0.538903763381785,,L5_PROVIDER_METHOD_COUNTRY,154.0,Observed drop is within normal variation.
2026-08-31 10:10:00,L5_PROVIDER_METHOD_COUNTRY,,dLocal,PIX,BR,,0,10,41,39,2,0.951219512195122,INSUFFICIENT_FUNDS,,0,0.0,,1,True,fast_1m,False,normal,0.9567901234567902,0.005570611261668246,0.17542639009927385,,L5_PROVIDER_METHOD_COUNTRY,162.0,Observed drop is within normal variation.
2026-08-31 10:10:00,L5_PROVIDER_METHOD_COUNTRY,,dLocal,PSE,CO,,0,10,36,33,3,0.9166666666666666,SUSPECTED_FRAUD,,0,0.0,,1,True,fast_1m,False,normal,0.875,-0.04166666666666663,-0.7559289460184537,,L5_PROVIDER_METHOD_COUNTRY,144.0,Observed drop is within normal variation.
2026-08-31 10:10:00,L5_PROVIDER_METHOD_COUNTRY,,dLocal,card,BR,,0,10,41,38,3,0.926829268292683,INSUFFICIENT_FUNDS,,0,0.0,,1,True,fast_1m,False,normal,0.8606060606060606,-0.06622320768662238,-1.2242722211928796,,L5_PROVIDER_METHOD_COUNTRY,165.0,Observed drop is within normal variation.
2026-08-31 10:10:00,L5_PROVIDER_METHOD_COUNTRY,,dLocal,card,CO,,0,10,38,34,4,0.8947368421052632,DO_NOT_HONOR,,0,0.0,,1,True,fast_1m,False,normal,0.8734177215189873,-0.02131912058627583,-0.3952424933225697,,L5_PROVIDER_METHOD_COUNTRY,158.0,Observed drop is within normal variation.
2026-08-31 10:10:00,L5_PROVIDER_METHOD_COUNTRY,,dLocal,card,MX,,0,10,44,38,6,0.8636363636363636,DO_NOT_HONOR,,0,0.0,,1,True,fast_1m,False,normal,0.902439024390244,0.03880266075388039,0.8674427949190702,,L5_PROVIDER_METHOD_COUNTRY,164.0,Observed drop is within normal variation.
2026-08-31 10:10:00,L5_PROVIDER_METHOD_COUNTRY,,dLocal,cash_in_store,MX,,0,10,58,53,5,0.913793103448276,SUSPECTED_FRAUD,,0,0.0,,1,True,fast_1m,False,normal,0.8280254777070064,-0.0857676257412695,-1.730945838103942,,L5_PROVIDER_METHOD_COUNTRY,157.0,Observed drop is within normal variation.
2026-08-31 10:10:00,L5_PROVIDER_METHOD_COUNTRY,,dLocal,wallet,BR,,0,10,42,40,2,0.9523809523809524,INVALID_CARD,,0,0.0,,1,True,fast_1m,False,normal,0.9261363636363636,-0.02624458874458868,-0.6502967842058596,,L5_PROVIDER_METHOD_COUNTRY,176.0,Observed drop is within normal variation.
2026-08-31 10:10:00,L5_PROVIDER_METHOD_COUNTRY,,dLocal,wallet,CO,,0,10,49,40,9,0.8163265306122449,DO_NOT_HONOR,,0,0.0,,1,True,fast_1m,True,confirmed_anomaly,0.9133333333333332,0.0970068027210883,2.413567949659826,medium,L5_PROVIDER_METHOD_COUNTRY,150.0,Approval rate is meaningfully below the historical baseline.
2026-08-31 10:10:00,L5_PROVIDER_METHOD_COUNTRY,,dLocal,wallet,MX,,0,10,50,45,5,0.9,SUSPECTED_FRAUD,,0,0.0,,1,True,fast_1m,False,normal,0.9176470588235294,0.01764705882352935,0.45392064950160016,,L5_PROVIDER_METHOD_COUNTRY,170.0,Observed drop is within normal variation.
2026-08-31 10:10:00,L6_MERCHANT_BANK_COUNTRY,Merchant_A,,,BR,Banco do Brasil,0,10,53,49,4,0.9245283018867924,PROCESSOR_ERROR,INC-001,11,0.2075471698113207,INC-001,5,True,fallback_5m,False,normal,0.9433962264150944,0.018867924528301883,0.5944184833375669,,L6_MERCHANT_BANK_COUNTRY,53.0,Observed drop is within normal variation.
2026-08-31 10:10:00,L6_MERCHANT_BANK_COUNTRY,Merchant_A,,,BR,Bradesco,0,10,60,47,13,0.7833333333333333,INSUFFICIENT_FUNDS,INC-001,15,0.25,INC-001,5,True,fallback_5m,True,confirmed_anomaly,0.8863636363636364,0.10303030303030303,2.514640889554372,medium,L6_MERCHANT_BANK_COUNTRY,44.0,Approval rate is meaningfully below the historical baseline.
2026-08-31 10:10:00,L6_MERCHANT_BANK_COUNTRY,Merchant_A,,,BR,Itau,0,10,65,51,14,0.7846153846153846,DO_NOT_HONOR,INC-001,14,0.2153846153846154,INC-001,5,True,fallback_5m,True,confirmed_anomaly,0.9,0.11538461538461542,3.100868364730213,high,L6_MERCHANT_BANK_COUNTRY,50.0,Approval rate is meaningfully below the historical baseline.
2026-08-31 10:10:00,L6_MERCHANT_BANK_COUNTRY,Merchant_A,,,BR,Nubank,0,10,54,39,15,0.7222222222222222,PROCESSOR_ERROR,INC-001,9,0.1666666666666666,INC-001,5,True,fallback_5m,True,confirmed_anomaly,0.8333333333333334,0.11111111111111116,2.1908902300206656,medium,L6_MERCHANT_BANK_COUNTRY,36.0,Approval rate is meaningfully below the historical baseline.
2026-08-31 10:10:00,L6_MERCHANT_BANK_COUNTRY,Merchant_A,,,BR,,0,10,96,86,10,0.8958333333333334,INSUFFICIENT_FUNDS,,0,0.0,,1,True,fast_1m,False,normal,0.9304347826086956,0.03460144927536224,1.3325725535939463,,L6_MERCHANT_BANK_COUNTRY,345.0,Observed drop is within normal variation.
2026-08-31 10:10:00,L6_MERCHANT_BANK_COUNTRY,Merchant_A,,,CO,Banco de Bogota,0,10,97,88,9,0.9072164948453608,DO_NOT_HONOR,,0,0.0,,5,True,fallback_5m,False,normal,0.9365079365079364,0.02929144166257558,1.1830719629903443,,L6_MERCHANT_BANK_COUNTRY,63.0,Observed drop is within normal variation.
2026-08-31 10:10:00,L6_MERCHANT_BANK_COUNTRY,Merchant_A,,,CO,Bancolombia,0,10,93,85,8,0.913978494623656,INVALID_CARD,,0,0.0,,5,True,fallback_5m,False,normal,0.8363636363636363,-0.07761485826001957,-2.023246798824943,,L6_MERCHANT_BANK_COUNTRY,55.0,Observed drop is within normal variation.
2026-08-31 10:10:00,L6_MERCHANT_BANK_COUNTRY,Merchant_A,,,CO,Davivienda,0,10,84,76,8,0.9047619047619048,SUSPECTED_FRAUD,,0,0.0,,5,True,fallback_5m,False,normal,0.8571428571428571,-0.04761904761904767,-1.2472191289246484,,L6_MERCHANT_BANK_COUNTRY,56.0,Observed drop is within normal variation.
2026-08-31 10:10:00,L6_MERCHANT_BANK_COUNTRY,Merchant_A,,,CO,,0,10,77,64,13,0.8311688311688312,DO_NOT_HONOR,,0,0.0,,1,True,fast_1m,True,confirmed_anomaly,0.9006211180124224,0.06945228684359117,2.037106790336508,medium,L6_MERCHANT_BANK_COUNTRY,322.0,Approval rate is meaningfully below the historical baseline.
2026-08-31 10:10:00,L6_MERCHANT_BANK_COUNTRY,Merchant_A,,,MX,BBVA,0,10,56,30,26,0.5357142857142857,ISSUER_UNAVAILABLE,INC-002,35,0.625,INC-002,5,True,fallback_5m,True,confirmed_anomaly,0.945945945945946,0.41023166023166036,13.57612700624874,critical,L6_MERCHANT_BANK_COUNTRY,37.0,Approval rate is meaningfully below the historical baseline.
2026-08-31 10:10:00,L6_MERCHANT_BANK_COUNTRY,Merchant_A,,,MX,Banorte,0,10,70,64,6,0.9142857142857144,SUSPECTED_FRAUD,,0,0.0,,5,True,fallback_5m,False,normal,0.8947368421052632,-0.019548872180451093,-0.5329480400990112,,L6_MERCHANT_BANK_COUNTRY,38.0,Observed drop is within normal variation.
2026-08-31 10:10:00,L6_MERCHANT_BANK_COUNTRY,Merchant_A,,,MX,Citibanamex,0,10,68,60,8,0.8823529411764706,DO_NOT_HONOR,,0,0.0,,5,True,fallback_5m,False,normal,0.8571428571428571,-0.025210084033613467,-0.5940885257860049,,L6_MERCHANT_BANK_COUNTRY,35.0,Observed drop is within normal variation.
2026-08-31 10:10:00,L6_MERCHANT_BANK_COUNTRY,Merchant_A,,,MX,Santander,0,10,59,54,5,0.9152542372881356,DO_NOT_HONOR,,0,0.0,,5,True,fallback_5m,False,normal,0.9491525423728814,0.03389830508474578,1.1852265204432049,,L6_MERCHANT_BANK_COUNTRY,59.0,Observed drop is within normal variation.
2026-08-31 10:10:00,L6_MERCHANT_BANK_COUNTRY,Merchant_A,,,MX,,0,10,108,101,7,0.9351851851851852,DO_NOT_HONOR,,0,0.0,,1,True,fast_1m,False,normal,0.8876080691642652,-0.047577116020920074,-1.5654233361565675,,L6_MERCHANT_BANK_COUNTRY,347.0,Observed drop is within normal variation.
2026-08-31 10:10:00,L6_MERCHANT_BANK_COUNTRY,Merchant_B,,,BR,Banco do Brasil,0,10,57,46,11,0.8070175438596491,DO_NOT_HONOR,INC-001,8,0.1403508771929824,INC-001,5,True,fallback_5m,True,confirmed_anomaly,0.8913043478260869,0.08428680396643784,2.044456692241906,medium,L6_MERCHANT_BANK_COUNTRY,46.0,Approval rate is meaningfully below the historical baseline.
2026-08-31 10:10:00,L6_MERCHANT_BANK_COUNTRY,Merchant_B,,,BR,Bradesco,0,10,53,43,10,0.8113207547169812,PROCESSOR_ERROR,INC-001,6,0.1132075471698113,INC-001,5,True,fallback_5m,False,potential_anomaly,0.8648648648648649,0.05354411014788374,1.1402271372530575,,L6_MERCHANT_BANK_COUNTRY,37.0,"A conversion drop exists, but the statistical evidence is not yet strong enough."
2026-08-31 10:10:00,L6_MERCHANT_BANK_COUNTRY,Merchant_B,,,BR,Itau,0,10,60,53,7,0.8833333333333333,PROCESSOR_ERROR,INC-001,8,0.1333333333333333,INC-001,5,True,fallback_5m,False,normal,0.8809523809523809,-0.0023809523809523725,-0.05694947974514974,,L6_MERCHANT_BANK_COUNTRY,42.0,Observed drop is within normal variation.
2026-08-31 10:10:00,L6_MERCHANT_BANK_COUNTRY,Merchant_B,,,BR,Nubank,0,10,70,59,11,0.8428571428571429,DO_NOT_HONOR,INC-001,9,0.1285714285714285,INC-001,5,True,fallback_5m,False,normal,0.8571428571428571,0.014285714285714235,0.3415650255319853,,L6_MERCHANT_BANK_COUNTRY,42.0,Observed drop is within normal variation.
2026-08-31 10:10:00,L6_MERCHANT_BANK_COUNTRY,Merchant_B,,,BR,,0,10,87,82,5,0.942528735632184,INSUFFICIENT_FUNDS,,0,0.0,,1,True,fast_1m,False,normal,0.935672514619883,-0.006856221012300878,-0.2606658943244206,,L6_MERCHANT_BANK_COUNTRY,342.0,Observed drop is within normal variation.
2026-08-31 10:10:00,L6_MERCHANT_BANK_COUNTRY,Merchant_B,,,CO,Banco de Bogota,0,10,75,71,4,0.9466666666666668,INSUFFICIENT_FUNDS,,0,0.0,,5,True,fallback_5m,False,normal,0.9534883720930232,0.006821705426356517,0.28053375374786566,,L6_MERCHANT_BANK_COUNTRY,43.0,Observed drop is within normal variation.
2026-08-31 10:10:00,L6_MERCHANT_BANK_COUNTRY,Merchant_B,,,CO,Bancolombia,0,10,106,98,8,0.9245283018867924,DO_NOT_HONOR,,0,0.0,,5,True,fallback_5m,False,normal,0.8333333333333334,-0.0911949685534591,-2.519359008025802,,L6_MERCHANT_BANK_COUNTRY,60.0,Observed drop is within normal variation.
2026-08-31 10:10:00,L6_MERCHANT_BANK_COUNTRY,Merchant_B,,,CO,Davivienda,0,10,103,93,10,0.9029126213592232,DO_NOT_HONOR,,0,0.0,,5,True,fallback_5m,False,normal,0.847457627118644,-0.055454994240579314,-1.5653268387751698,,L6_MERCHANT_BANK_COUNTRY,59.0,Observed drop is within normal variation.
2026-08-31 10:10:00,L6_MERCHANT_BANK_COUNTRY,Merchant_B,,,CO,,0,10,80,70,10,0.875,SUSPECTED_FRAUD,,0,0.0,,1,True,fast_1m,False,normal,0.9078947368421052,0.0328947368421052,1.0174461594455972,,L6_MERCHANT_BANK_COUNTRY,304.0,Observed drop is within normal variation.
2026-08-31 10:10:00,L6_MERCHANT_BANK_COUNTRY,Merchant_B,,,MX,BBVA,0,10,67,59,8,0.8805970149253731,DO_NOT_HONOR,,0,0.0,,5,True,fallback_5m,False,normal,0.9090909090909092,0.02849389416553605,0.8113007797505715,,L6_MERCHANT_BANK_COUNTRY,44.0,Observed drop is within normal variation.
2026-08-31 10:10:00,L6_MERCHANT_BANK_COUNTRY,Merchant_B,,,MX,Banorte,0,10,64,57,7,0.890625,INSUFFICIENT_FUNDS,,0,0.0,,5,True,fallback_5m,True,confirmed_anomaly,0.9574468085106383,0.06682180851063835,2.648407540391021,medium,L6_MERCHANT_BANK_COUNTRY,47.0,Approval rate is meaningfully below the historical baseline.
2026-08-31 10:10:00,L6_MERCHANT_BANK_COUNTRY,Merchant_B,,,MX,Citibanamex,0,10,64,58,6,0.90625,INSUFFICIENT_FUNDS,,0,0.0,,5,True,fallback_5m,False,normal,0.8780487804878049,-0.02820121951219512,-0.6894542930624351,,L6_MERCHANT_BANK_COUNTRY,41.0,Observed drop is within normal variation.
2026-08-31 10:10:00,L6_MERCHANT_BANK_COUNTRY,Merchant_B,,,MX,Santander,0,10,60,54,6,0.9,INSUFFICIENT_FUNDS,,0,0.0,,5,True,fallback_5m,True,confirmed_anomaly,0.975609756097561,0.07560975609756093,3.7967091013139225,medium,L6_MERCHANT_BANK_COUNTRY,41.0,Approval rate is meaningfully below the historical baseline.
2026-08-31 10:10:00,L6_MERCHANT_BANK_COUNTRY,Merchant_B,,,MX,,0,10,89,77,12,0.8651685393258427,INVALID_CARD,,0,0.0,,1,True,fast_1m,False,normal,0.8580060422960725,-0.007162497029770232,-0.19358841005972832,,L6_MERCHANT_BANK_COUNTRY,331.0,Observed drop is within normal variation.
2026-08-31 10:10:00,L6_MERCHANT_BANK_COUNTRY,Merchant_C,,,BR,Banco do Brasil,0,10,82,67,15,0.8170731707317073,INSUFFICIENT_FUNDS,INC-001,13,0.1585365853658536,INC-001,5,True,fallback_5m,False,normal,0.8444444444444444,0.027371273712737176,0.683870120854068,,L6_MERCHANT_BANK_COUNTRY,45.0,Observed drop is within normal variation.
2026-08-31 10:10:00,L6_MERCHANT_BANK_COUNTRY,Merchant_C,,,BR,Bradesco,0,10,56,47,9,0.8392857142857143,PROCESSOR_ERROR,INC-001,10,0.1785714285714285,INC-001,5,True,fallback_5m,True,confirmed_anomaly,0.9333333333333332,0.09404761904761894,2.8214285714285663,medium,L6_MERCHANT_BANK_COUNTRY,45.0,Approval rate is meaningfully below the historical baseline.
2026-08-31 10:10:00,L6_MERCHANT_BANK_COUNTRY,Merchant_C,,,BR,Itau,0,10,64,55,9,0.859375,PROCESSOR_ERROR,INC-001,12,0.1875,INC-001,5,True,fallback_5m,True,confirmed_anomaly,0.9607843137254902,0.10140931372549022,4.179506153084774,high,L6_MERCHANT_BANK_COUNTRY,51.0,Approval rate is meaningfully below the historical baseline.
2026-08-31 10:10:00,L6_MERCHANT_BANK_COUNTRY,Merchant_C,,,BR,Nubank,0,10,72,61,11,0.8472222222222222,PROCESSOR_ERROR,INC-001,12,0.1666666666666666,INC-001,5,True,fallback_5m,True,confirmed_anomaly,0.925,0.07777777777777783,2.5056492727990265,medium,L6_MERCHANT_BANK_COUNTRY,40.0,Approval rate is meaningfully below the historical baseline.
2026-08-31 10:10:00,L6_MERCHANT_BANK_COUNTRY,Merchant_C,,,BR,,0,10,84,78,6,0.9285714285714286,DO_NOT_HONOR,,0,0.0,,1,True,fast_1m,False,normal,0.9194029850746268,-0.009168443496801792,-0.3086901861153323,,L6_MERCHANT_BANK_COUNTRY,335.0,Observed drop is within normal variation.
2026-08-31 10:10:00,L6_MERCHANT_BANK_COUNTRY,Merchant_C,,,CO,Banco de Bogota,0,10,90,84,6,0.9333333333333332,DO_NOT_HONOR,,0,0.0,,5,True,fallback_5m,False,normal,0.8928571428571429,-0.04047619047619044,-1.2415044636783756,,L6_MERCHANT_BANK_COUNTRY,56.0,Observed drop is within normal variation.
2026-08-31 10:10:00,L6_MERCHANT_BANK_COUNTRY,Merchant_C,,,CO,Bancolombia,0,10,83,75,8,0.9036144578313252,INVALID_CARD,,0,0.0,,5,True,fallback_5m,False,normal,0.890625,-0.012989457831325324,-0.379160944735694,,L6_MERCHANT_BANK_COUNTRY,64.0,Observed drop is within normal variation.
2026-08-31 10:10:00,L6_MERCHANT_BANK_COUNTRY,Merchant_C,,,CO,Davivienda,0,10,87,76,11,0.8735632183908046,DO_NOT_HONOR,,0,0.0,,5,True,fallback_5m,False,normal,0.8648648648648649,-0.008698353525939728,-0.23732222626728353,,L6_MERCHANT_BANK_COUNTRY,37.0,Observed drop is within normal variation.
2026-08-31 10:10:00,L6_MERCHANT_BANK_COUNTRY,Merchant_C,,,CO,,0,10,89,82,7,0.9213483146067416,SUSPECTED_FRAUD,,0,0.0,,1,True,fast_1m,False,normal,0.8888888888888888,-0.03245942571785276,-0.9743911956946221,,L6_MERCHANT_BANK_COUNTRY,324.0,Observed drop is within normal variation.
2026-08-31 10:10:00,L6_MERCHANT_BANK_COUNTRY,Merchant_C,,,MX,BBVA,0,10,64,62,2,0.96875,DO_NOT_HONOR,,0,0.0,,5,True,fallback_5m,False,normal,0.8974358974358975,-0.07131410256410253,-1.8804682167709488,,L6_MERCHANT_BANK_COUNTRY,39.0,Observed drop is within normal variation.
2026-08-31 10:10:00,L6_MERCHANT_BANK_COUNTRY,Merchant_C,,,MX,Banorte,0,10,81,78,3,0.9629629629629628,DO_NOT_HONOR,,0,0.0,,5,True,fallback_5m,False,normal,0.9375,-0.02546296296296291,-0.9467292624062555,,L6_MERCHANT_BANK_COUNTRY,48.0,Observed drop is within normal variation.
2026-08-31 10:10:00,L6_MERCHANT_BANK_COUNTRY,Merchant_C,,,MX,Citibanamex,0,10,66,58,8,0.8787878787878788,DO_NOT_HONOR,,0,0.0,,5,True,fallback_5m,False,normal,0.925,0.04621212121212126,1.425365929039991,,L6_MERCHANT_BANK_COUNTRY,40.0,Observed drop is within normal variation.
2026-08-31 10:10:00,L6_MERCHANT_BANK_COUNTRY,Merchant_C,,,MX,Santander,0,10,63,60,3,0.9523809523809524,INSUFFICIENT_FUNDS,,0,0.0,,5,True,fallback_5m,False,normal,0.9035,-0.04888095238095236,-1.3139601636457836,,L6_GLOBAL,455992.0,Observed drop is within normal variation.
2026-08-31 10:10:00,L6_MERCHANT_BANK_COUNTRY,Merchant_C,,,MX,,0,10,92,83,9,0.9021739130434784,INSUFFICIENT_FUNDS,,0,0.0,,1,True,fast_1m,False,normal,0.8715596330275229,-0.030614280015955342,-0.8776445116632172,,L6_MERCHANT_BANK_COUNTRY,327.0,Observed drop is within normal variation.
2026-08-31 10:11:00,L1_PROVIDER_COUNTRY,,Adyen,,BR,,0,10,136,126,10,0.9264705882352942,INSUFFICIENT_FUNDS,,0,0.0,,1,True,fast_1m,False,normal,0.908203125,-0.018267463235294157,-0.7378061172748579,,L1_PROVIDER_COUNTRY,512.0,Observed drop is within normal variation.
2026-08-31 10:11:00,L1_PROVIDER_COUNTRY,,Adyen,,CO,,0,10,114,103,11,0.9035087719298246,SUSPECTED_FRAUD,,0,0.0,,1,True,fast_1m,False,normal,0.905982905982906,0.0024741340530813893,0.09051326665147129,,L1_PROVIDER_COUNTRY,468.0,Observed drop is within normal variation.
2026-08-31 10:11:00,L1_PROVIDER_COUNTRY,,Adyen,,MX,,0,10,140,130,10,0.9285714285714286,DO_NOT_HONOR,,0,0.0,,1,True,fast_1m,False,normal,0.9114173228346456,-0.017154105736783,-0.7143302807585412,,L1_PROVIDER_COUNTRY,508.0,Observed drop is within normal variation.
2026-08-31 10:11:00,L1_PROVIDER_COUNTRY,,Stripe,,BR,,0,10,132,124,8,0.9393939393939394,DO_NOT_HONOR,,0,0.0,,1,True,fast_1m,False,normal,0.929368029739777,-0.010025909654162501,-0.44958957005162486,,L1_PROVIDER_COUNTRY,538.0,Observed drop is within normal variation.
2026-08-31 10:11:00,L1_PROVIDER_COUNTRY,,Stripe,,CO,,0,10,144,129,15,0.8958333333333334,INSUFFICIENT_FUNDS,,0,0.0,,1,True,fast_1m,False,normal,0.8833652007648184,-0.012468132568514978,-0.46612075468143177,,L1_PROVIDER_COUNTRY,523.0,Observed drop is within normal variation.
2026-08-31 10:11:00,L1_PROVIDER_COUNTRY,,Stripe,,MX,,0,10,147,126,21,0.8571428571428571,SUSPECTED_FRAUD,,0,0.0,,1,True,fast_1m,False,normal,0.87374749498998,0.01660463784712285,0.6061430104032601,,L1_PROVIDER_COUNTRY,499.0,Observed drop is within normal variation.
2026-08-31 10:11:00,L1_PROVIDER_COUNTRY,,dLocal,,BR,,0,10,127,116,11,0.9133858267716536,DO_NOT_HONOR,,0,0.0,,1,True,fast_1m,False,normal,0.9145129224652088,0.0011270956935551801,0.04542735934029883,,L1_PROVIDER_COUNTRY,503.0,Observed drop is within normal variation.
2026-08-31 10:11:00,L1_PROVIDER_COUNTRY,,dLocal,,CO,,0,10,127,113,14,0.889763779527559,INSUFFICIENT_FUNDS,,0,0.0,,1,True,fast_1m,False,normal,0.8871681415929203,-0.0025956379346386838,-0.0924543040035891,,L1_PROVIDER_COUNTRY,452.0,Observed drop is within normal variation.
2026-08-31 10:11:00,L1_PROVIDER_COUNTRY,,dLocal,,MX,,0,10,133,117,16,0.8796992481203008,DO_NOT_HONOR,,0,0.0,,1,True,fast_1m,False,normal,0.8839103869653768,0.004211138845076068,0.15160885951455835,,L1_PROVIDER_COUNTRY,491.0,Observed drop is within normal variation.
2026-08-31 10:11:00,L2_METHOD_COUNTRY,,,PIX,BR,,0,10,135,132,3,0.9777777777777776,DO_NOT_HONOR,,0,0.0,,1,True,fast_1m,False,normal,0.9430740037950665,-0.034703773982711295,-1.740264992631459,,L2_METHOD_COUNTRY,527.0,Observed drop is within normal variation.
2026-08-31 10:11:00,L2_METHOD_COUNTRY,,,PSE,CO,,0,10,128,108,20,0.84375,INSUFFICIENT_FUNDS,,0,0.0,,1,True,fast_1m,False,normal,0.8881720430107527,0.0444220430107527,1.5947028425054475,,L2_METHOD_COUNTRY,465.0,Observed drop is within normal variation.
2026-08-31 10:11:00,L2_METHOD_COUNTRY,,,card,BR,,0,10,127,115,12,0.905511811023622,DO_NOT_HONOR,,0,0.0,,1,True,fast_1m,False,normal,0.896421845574388,-0.009089965449234017,-0.33618148630611455,,L2_METHOD_COUNTRY,531.0,Observed drop is within normal variation.
2026-08-31 10:11:00,L2_METHOD_COUNTRY,,,card,CO,,0,10,130,116,14,0.8923076923076924,INVALID_CARD,,0,0.0,,1,True,fast_1m,False,normal,0.8782961460446247,-0.014011546263067665,-0.4886355802291606,,L2_METHOD_COUNTRY,493.0,Observed drop is within normal variation.
2026-08-31 10:11:00,L2_METHOD_COUNTRY,,,card,MX,,0,10,143,127,16,0.8881118881118881,DO_NOT_HONOR,,0,0.0,,1,True,fast_1m,False,normal,0.924949290060852,0.0368374019489639,1.6719398438447146,,L2_METHOD_COUNTRY,493.0,Observed drop is within normal variation.
2026-08-31 10:11:00,L2_METHOD_COUNTRY,,,cash_in_store,MX,,0,10,137,116,21,0.8467153284671532,DO_NOT_HONOR,,0,0.0,,1,True,fast_1m,False,normal,0.8406909788867563,-0.006024349580396993,-0.19267797376988016,,L2_METHOD_COUNTRY,521.0,Observed drop is within normal variation.
2026-08-31 10:11:00,L2_METHOD_COUNTRY,,,wallet,BR,,0,10,133,119,14,0.8947368421052632,DO_NOT_HONOR,,0,0.0,,1,True,fast_1m,False,normal,0.9131313131313132,0.018394471026050074,0.7532079190948895,,L2_METHOD_COUNTRY,495.0,Observed drop is within normal variation.
2026-08-31 10:11:00,L2_METHOD_COUNTRY,,,wallet,CO,,0,10,127,121,6,0.952755905511811,INSUFFICIENT_FUNDS,,0,0.0,,1,True,fast_1m,False,normal,0.909278350515464,-0.04347755499634698,-1.705937355584424,,L2_METHOD_COUNTRY,485.0,Observed drop is within normal variation.
2026-08-31 10:11:00,L2_METHOD_COUNTRY,,,wallet,MX,,0,10,140,130,10,0.9285714285714286,SUSPECTED_FRAUD,,0,0.0,,1,True,fast_1m,False,normal,0.9070247933884298,-0.02154663518299882,-0.8779106569146933,,L2_METHOD_COUNTRY,484.0,Observed drop is within normal variation.
2026-08-31 10:11:00,L3_MERCHANT_COUNTRY,Merchant_A,,,BR,,0,10,121,109,12,0.9008264462809916,DO_NOT_HONOR,,0,0.0,,1,True,fast_1m,False,normal,0.918560606060606,0.017734159779614234,0.7132341473409022,,L3_MERCHANT_COUNTRY,528.0,Observed drop is within normal variation.
2026-08-31 10:11:00,L3_MERCHANT_COUNTRY,Merchant_A,,,CO,,0,10,153,135,18,0.8823529411764706,SUSPECTED_FRAUD,,0,0.0,,1,True,fast_1m,False,normal,0.8931451612903226,0.010792220113852058,0.43211405099806083,,L3_MERCHANT_COUNTRY,496.0,Observed drop is within normal variation.
2026-08-31 10:11:00,L3_MERCHANT_COUNTRY,Merchant_A,,,MX,,0,10,128,115,13,0.8984375,SUSPECTED_FRAUD,,0,0.0,,1,True,fast_1m,False,normal,0.8972868217054264,-0.0011506782945736038,-0.04288250798419068,,L3_MERCHANT_COUNTRY,516.0,Observed drop is within normal variation.
2026-08-31 10:11:00,L3_MERCHANT_COUNTRY,Merchant_B,,,BR,,0,10,143,133,10,0.93006993006993,DO_NOT_HONOR,,0,0.0,,1,True,fast_1m,False,normal,0.9155206286836935,-0.014549301386236557,-0.6256057838944776,,L3_MERCHANT_COUNTRY,509.0,Observed drop is within normal variation.
2026-08-31 10:11:00,L3_MERCHANT_COUNTRY,Merchant_B,,,CO,,0,10,124,111,13,0.8951612903225806,INSUFFICIENT_FUNDS,,0,0.0,,1,True,fast_1m,False,normal,0.8948497854077253,-0.0003115049148553206,-0.011308255046784305,,L3_MERCHANT_COUNTRY,466.0,Observed drop is within normal variation.
2026-08-31 10:11:00,L3_MERCHANT_COUNTRY,Merchant_B,,,MX,,0,10,137,120,17,0.8759124087591241,SUSPECTED_FRAUD,,0,0.0,,1,True,fast_1m,False,normal,0.8829365079365079,0.00702409917738378,0.2557263286550375,,L3_MERCHANT_COUNTRY,504.0,Observed drop is within normal variation.
2026-08-31 10:11:00,L3_MERCHANT_COUNTRY,Merchant_C,,,BR,,0,10,131,124,7,0.9465648854961832,SUSPECTED_FRAUD,,0,0.0,,1,True,fast_1m,False,normal,0.9186046511627908,-0.027960234333392453,-1.1703407859761832,,L3_MERCHANT_COUNTRY,516.0,Observed drop is within normal variation.
2026-08-31 10:11:00,L3_MERCHANT_COUNTRY,Merchant_C,,,CO,,0,10,108,99,9,0.9166666666666666,INSUFFICIENT_FUNDS,,0,0.0,,1,True,fast_1m,False,normal,0.8877338877338877,-0.028932778932778902,-0.9524370592372395,,L3_MERCHANT_COUNTRY,481.0,Observed drop is within normal variation.
2026-08-31 10:11:00,L3_MERCHANT_COUNTRY,Merchant_C,,,MX,,0,10,155,138,17,0.8903225806451613,SUSPECTED_FRAUD,,0,0.0,,1,True,fast_1m,False,normal,0.8891213389121339,-0.0012012417330274916,-0.04763122573589346,,L3_MERCHANT_COUNTRY,478.0,Observed drop is within normal variation.
2026-08-31 10:11:00,L4_BANK_COUNTRY,,,,BR,Banco do Brasil,0,10,33,30,3,0.9090909090909092,DO_NOT_HONOR,,0,0.0,,1,True,fast_1m,False,normal,0.8958333333333334,-0.01325757575757569,-0.24931194957915517,,L4_BANK_COUNTRY,144.0,Observed drop is within normal variation.
2026-08-31 10:11:00,L4_BANK_COUNTRY,,,,BR,Bradesco,0,10,37,32,5,0.8648648648648649,DO_NOT_HONOR,,0,0.0,,1,True,fast_1m,False,normal,0.8968253968253969,0.031960531960531946,0.6391083747332722,,L4_BANK_COUNTRY,126.0,Observed drop is within normal variation.
2026-08-31 10:11:00,L4_BANK_COUNTRY,,,,BR,Itau,0,10,176,151,25,0.8579545454545454,DO_NOT_HONOR,INC-001,24,0.1363636363636363,INC-001,5,True,fallback_5m,True,confirmed_anomaly,0.916083916083916,0.058129370629370625,2.7813889271131575,medium,L4_BANK_COUNTRY,143.0,Approval rate is meaningfully below the historical baseline.
2026-08-31 10:11:00,L4_BANK_COUNTRY,,,,BR,Nubank,0,10,32,30,2,0.9375,DO_NOT_HONOR,,0,0.0,,1,True,fast_1m,False,normal,0.8728813559322034,-0.0646186440677966,-1.0973637135157606,,L4_BANK_COUNTRY,118.0,Observed drop is within normal variation.
2026-08-31 10:11:00,L4_BANK_COUNTRY,,,,BR,,0,10,268,251,17,0.9365671641791044,DO_NOT_HONOR,,0,0.0,,1,True,fast_1m,False,normal,0.9285714285714286,-0.007995735607675858,-0.5082556106787699,,L4_BANK_COUNTRY,1022.0,Observed drop is within normal variation.
2026-08-31 10:11:00,L4_BANK_COUNTRY,,,,CO,Banco de Bogota,0,10,53,45,8,0.8490566037735849,INVALID_CARD,,0,0.0,,1,True,fast_1m,True,confirmed_anomaly,0.925925925925926,0.0768693221523411,2.136828897185985,medium,L4_BANK_COUNTRY,162.0,Approval rate is meaningfully below the historical baseline.
2026-08-31 10:11:00,L4_BANK_COUNTRY,,,,CO,Bancolombia,0,10,36,31,5,0.8611111111111112,SUSPECTED_FRAUD,,0,0.0,,1,True,fast_1m,False,normal,0.8547486033519553,-0.006362507759155811,-0.10834284033519045,,L4_BANK_COUNTRY,179.0,Observed drop is within normal variation.
2026-08-31 10:11:00,L4_BANK_COUNTRY,,,,CO,Davivienda,0,10,41,40,1,0.975609756097561,SUSPECTED_FRAUD,,0,0.0,,1,True,fast_1m,False,normal,0.8552631578947368,-0.12034659820282412,-2.190212828940746,,L4_BANK_COUNTRY,152.0,Observed drop is within normal variation.
2026-08-31 10:11:00,L4_BANK_COUNTRY,,,,CO,,0,10,255,229,26,0.8980392156862745,INSUFFICIENT_FUNDS,,0,0.0,,1,True,fast_1m,False,normal,0.8989473684210526,0.0009081527347780671,0.04811583630941529,,L4_BANK_COUNTRY,950.0,Observed drop is within normal variation.
2026-08-31 10:11:00,L4_BANK_COUNTRY,,,,MX,BBVA,0,10,31,27,4,0.8709677419354839,INSUFFICIENT_FUNDS,,0,0.0,,1,True,fast_1m,False,normal,0.9166666666666666,0.045698924731182755,0.9206016138255989,,L4_BANK_COUNTRY,120.0,Observed drop is within normal variation.
2026-08-31 10:11:00,L4_BANK_COUNTRY,,,,MX,Banorte,0,10,43,38,5,0.8837209302325582,SUSPECTED_FRAUD,,0,0.0,,1,True,fast_1m,False,normal,0.9323308270676692,0.04860989683511108,1.269049232623401,,L4_BANK_COUNTRY,133.0,Observed drop is within normal variation.
2026-08-31 10:11:00,L4_BANK_COUNTRY,,,,MX,Citibanamex,0,10,30,29,1,0.9666666666666668,INVALID_CARD,,0,0.0,,1,True,fast_1m,False,normal,0.8879310344827587,-0.078735632183908,-1.3670979968658434,,L4_BANK_COUNTRY,116.0,Observed drop is within normal variation.
2026-08-31 10:11:00,L4_BANK_COUNTRY,,,,MX,Santander,0,10,39,33,6,0.8461538461538461,DO_NOT_HONOR,,0,0.0,,1,True,fast_1m,True,confirmed_anomaly,0.9596774193548387,0.1135235732009926,3.6039732437359104,high,L4_BANK_COUNTRY,124.0,Approval rate is meaningfully below the historical baseline.
2026-08-31 10:11:00,L4_BANK_COUNTRY,,,,MX,,0,10,277,246,31,0.8880866425992779,SUSPECTED_FRAUD,,0,0.0,,1,True,fast_1m,False,normal,0.872636815920398,-0.015449826678879952,-0.7713025665716216,,L4_BANK_COUNTRY,1005.0,Observed drop is within normal variation.
2026-08-31 10:11:00,L5_PROVIDER_METHOD_COUNTRY,,Adyen,PIX,BR,,0,10,52,49,3,0.9423076923076924,DO_NOT_HONOR,,0,0.0,,1,True,fast_1m,False,normal,0.9011627906976744,-0.04114490161001794,-0.9941589739030249,,L5_PROVIDER_METHOD_COUNTRY,172.0,Observed drop is within normal variation.
2026-08-31 10:11:00,L5_PROVIDER_METHOD_COUNTRY,,Adyen,PSE,CO,,0,10,33,29,4,0.8787878787878788,DO_NOT_HONOR,,0,0.0,,1,True,fast_1m,False,normal,0.9,0.021212121212121238,0.40618119722996215,,L5_PROVIDER_METHOD_COUNTRY,160.0,Observed drop is within normal variation.
2026-08-31 10:11:00,L5_PROVIDER_METHOD_COUNTRY,,Adyen,card,BR,,0,10,45,40,5,0.8888888888888888,INSUFFICIENT_FUNDS,,0,0.0,,1,True,fast_1m,False,normal,0.9193548387096774,0.03046594982078854,0.7505683356701915,,L5_PROVIDER_METHOD_COUNTRY,186.0,Observed drop is within normal variation.
2026-08-31 10:11:00,L5_PROVIDER_METHOD_COUNTRY,,Adyen,card,CO,,0,10,36,30,6,0.8333333333333334,SUSPECTED_FRAUD,,0,0.0,,1,True,fast_1m,False,potential_anomaly,0.9144736842105264,0.08114035087719307,1.7408150931993267,,L5_PROVIDER_METHOD_COUNTRY,152.0,"A conversion drop exists, but the statistical evidence is not yet strong enough."
2026-08-31 10:11:00,L5_PROVIDER_METHOD_COUNTRY,,Adyen,card,MX,,0,10,38,36,2,0.9473684210526316,DO_NOT_HONOR,,0,0.0,,1,True,fast_1m,False,normal,0.9545454545454546,0.0071770334928230595,0.21239769762143948,,L5_PROVIDER_METHOD_COUNTRY,154.0,Observed drop is within normal variation.
2026-08-31 10:11:00,L5_PROVIDER_METHOD_COUNTRY,,Adyen,cash_in_store,MX,,0,10,51,48,3,0.9411764705882352,DO_NOT_HONOR,,0,0.0,,1,True,fast_1m,False,normal,0.8865979381443299,-0.054578532443905425,-1.2292298783260325,,L5_PROVIDER_METHOD_COUNTRY,194.0,Observed drop is within normal variation.
2026-08-31 10:11:00,L5_PROVIDER_METHOD_COUNTRY,,Adyen,wallet,BR,,0,10,39,37,2,0.9487179487179488,INSUFFICIENT_FUNDS,,0,0.0,,1,True,fast_1m,False,normal,0.9025974025974026,-0.04612054612054606,-0.9713918063499227,,L5_PROVIDER_METHOD_COUNTRY,154.0,Observed drop is within normal variation.
2026-08-31 10:11:00,L5_PROVIDER_METHOD_COUNTRY,,Adyen,wallet,CO,,0,10,45,44,1,0.9777777777777776,DO_NOT_HONOR,,0,0.0,,1,True,fast_1m,False,normal,0.903846153846154,-0.07393162393162378,-1.6823095686090481,,L5_PROVIDER_METHOD_COUNTRY,156.0,Observed drop is within normal variation.
2026-08-31 10:11:00,L5_PROVIDER_METHOD_COUNTRY,,Adyen,wallet,MX,,0,10,51,46,5,0.9019607843137256,INVALID_CARD,,0,0.0,,1,True,fast_1m,False,normal,0.9,-0.0019607843137254832,-0.0466760028009335,,L5_PROVIDER_METHOD_COUNTRY,160.0,Observed drop is within normal variation.
2026-08-31 10:11:00,L5_PROVIDER_METHOD_COUNTRY,,Stripe,PIX,BR,,0,10,42,42,0,1.0,,,0,0.0,,1,True,fast_1m,False,normal,0.9689119170984456,-0.031088082901554404,-1.1608589849278423,,L5_PROVIDER_METHOD_COUNTRY,193.0,Observed drop is within normal variation.
2026-08-31 10:11:00,L5_PROVIDER_METHOD_COUNTRY,,Stripe,PSE,CO,,0,10,48,40,8,0.8333333333333334,INSUFFICIENT_FUNDS,,0,0.0,,1,True,fast_1m,False,potential_anomaly,0.8881987577639752,0.054865424430641796,1.2062601108647562,,L5_PROVIDER_METHOD_COUNTRY,161.0,"A conversion drop exists, but the statistical evidence is not yet strong enough."
2026-08-31 10:11:00,L5_PROVIDER_METHOD_COUNTRY,,Stripe,card,BR,,0,10,39,36,3,0.9230769230769232,DO_NOT_HONOR,,0,0.0,,1,True,fast_1m,False,normal,0.9055555555555556,-0.01752136752136757,-0.37415757748670253,,L5_PROVIDER_METHOD_COUNTRY,180.0,Observed drop is within normal variation.
2026-08-31 10:11:00,L5_PROVIDER_METHOD_COUNTRY,,Stripe,card,CO,,0,10,53,48,5,0.9056603773584906,DO_NOT_HONOR,,0,0.0,,1,True,fast_1m,False,normal,0.8524590163934426,-0.05320136096504802,-1.092113022121893,,L5_PROVIDER_METHOD_COUNTRY,183.0,Observed drop is within normal variation.
2026-08-31 10:11:00,L5_PROVIDER_METHOD_COUNTRY,,Stripe,card,MX,,0,10,59,53,6,0.8983050847457628,DO_NOT_HONOR,,0,0.0,,1,True,fast_1m,False,normal,0.92,0.02169491525423728,0.6142498465500298,,L5_PROVIDER_METHOD_COUNTRY,175.0,Observed drop is within normal variation.
2026-08-31 10:11:00,L5_PROVIDER_METHOD_COUNTRY,,Stripe,cash_in_store,MX,,0,10,42,31,11,0.7380952380952381,SUSPECTED_FRAUD,,0,0.0,,1,True,fast_1m,False,potential_anomaly,0.8,0.06190476190476191,1.0029717747535976,,L5_PROVIDER_METHOD_COUNTRY,170.0,"A conversion drop exists, but the statistical evidence is not yet strong enough."
2026-08-31 10:11:00,L5_PROVIDER_METHOD_COUNTRY,,Stripe,wallet,BR,,0,10,51,46,5,0.9019607843137256,INVALID_CARD,,0,0.0,,1,True,fast_1m,False,normal,0.9090909090909092,0.007130124777183666,0.17712297710802075,,L5_PROVIDER_METHOD_COUNTRY,165.0,Observed drop is within normal variation.
2026-08-31 10:11:00,L5_PROVIDER_METHOD_COUNTRY,,Stripe,wallet,CO,,0,10,43,41,2,0.9534883720930232,INVALID_CARD,,0,0.0,,1,True,fast_1m,False,normal,0.9106145251396648,-0.042873846953358496,-0.9854303152751988,,L5_PROVIDER_METHOD_COUNTRY,179.0,Observed drop is within normal variation.
2026-08-31 10:11:00,L5_PROVIDER_METHOD_COUNTRY,,Stripe,wallet,MX,,0,10,46,42,4,0.9130434782608696,SUSPECTED_FRAUD,,0,0.0,,1,True,fast_1m,False,normal,0.9025974025974026,-0.010446075663466892,-0.23894600521977383,,L5_PROVIDER_METHOD_COUNTRY,154.0,Observed drop is within normal variation.
2026-08-31 10:11:00,L5_PROVIDER_METHOD_COUNTRY,,dLocal,PIX,BR,,0,10,41,41,0,1.0,,,0,0.0,,1,True,fast_1m,False,normal,0.9567901234567902,-0.043209876543209846,-1.3607398367159702,,L5_PROVIDER_METHOD_COUNTRY,162.0,Observed drop is within normal variation.
2026-08-31 10:11:00,L5_PROVIDER_METHOD_COUNTRY,,dLocal,PSE,CO,,0,10,47,39,8,0.8297872340425532,INSUFFICIENT_FUNDS,,0,0.0,,1,True,fast_1m,False,normal,0.875,0.04521276595744683,0.9372403389139516,,L5_PROVIDER_METHOD_COUNTRY,144.0,Observed drop is within normal variation.
2026-08-31 10:11:00,L5_PROVIDER_METHOD_COUNTRY,,dLocal,card,BR,,0,10,43,39,4,0.9069767441860463,DO_NOT_HONOR,,0,0.0,,1,True,fast_1m,False,normal,0.8606060606060606,-0.04637068357998586,-0.8779172449376008,,L5_PROVIDER_METHOD_COUNTRY,165.0,Observed drop is within normal variation.
2026-08-31 10:11:00,L5_PROVIDER_METHOD_COUNTRY,,dLocal,card,CO,,0,10,41,38,3,0.926829268292683,DO_NOT_HONOR,,0,0.0,,1,True,fast_1m,False,normal,0.8734177215189873,-0.05341154677369564,-1.0285599964577599,,L5_PROVIDER_METHOD_COUNTRY,158.0,Observed drop is within normal variation.
2026-08-31 10:11:00,L5_PROVIDER_METHOD_COUNTRY,,dLocal,card,MX,,0,10,46,38,8,0.8260869565217391,SUSPECTED_FRAUD,,0,0.0,,1,True,fast_1m,False,potential_anomaly,0.902439024390244,0.0763520678685049,1.7452301960293946,,L5_PROVIDER_METHOD_COUNTRY,164.0,"A conversion drop exists, but the statistical evidence is not yet strong enough."
2026-08-31 10:11:00,L5_PROVIDER_METHOD_COUNTRY,,dLocal,cash_in_store,MX,,0,10,44,37,7,0.8409090909090909,DO_NOT_HONOR,,0,0.0,,1,True,fast_1m,False,normal,0.8280254777070064,-0.012883613202084532,-0.2264697028048702,,L5_PROVIDER_METHOD_COUNTRY,157.0,Observed drop is within normal variation.
2026-08-31 10:11:00,L5_PROVIDER_METHOD_COUNTRY,,dLocal,wallet,BR,,0,10,43,36,7,0.8372093023255814,DO_NOT_HONOR,,0,0.0,,1,True,fast_1m,True,confirmed_anomaly,0.9261363636363636,0.08892706131078221,2.229540460393176,medium,L5_PROVIDER_METHOD_COUNTRY,176.0,Approval rate is meaningfully below the historical baseline.
2026-08-31 10:11:00,L5_PROVIDER_METHOD_COUNTRY,,dLocal,wallet,CO,,0,10,39,36,3,0.9230769230769232,INSUFFICIENT_FUNDS,,0,0.0,,1,True,fast_1m,False,normal,0.9133333333333332,-0.009743589743589909,-0.21627712730014534,,L5_PROVIDER_METHOD_COUNTRY,150.0,Observed drop is within normal variation.
2026-08-31 10:11:00,L5_PROVIDER_METHOD_COUNTRY,,dLocal,wallet,MX,,0,10,43,42,1,0.9767441860465116,INSUFFICIENT_FUNDS,,0,0.0,,1,True,fast_1m,False,normal,0.9176470588235294,-0.059097127222982215,-1.4096886465618341,,L5_PROVIDER_METHOD_COUNTRY,170.0,Observed drop is within normal variation.
2026-08-31 10:11:00,L6_MERCHANT_BANK_COUNTRY,Merchant_A,,,BR,Banco do Brasil,0,10,52,48,4,0.9230769230769232,DO_NOT_HONOR,INC-001,7,0.1346153846153846,INC-001,5,True,fallback_5m,False,normal,0.9433962264150944,0.020319303338171224,0.6340751391209725,,L6_MERCHANT_BANK_COUNTRY,53.0,Observed drop is within normal variation.
2026-08-31 10:11:00,L6_MERCHANT_BANK_COUNTRY,Merchant_A,,,BR,Bradesco,0,10,64,51,13,0.796875,INSUFFICIENT_FUNDS,INC-001,13,0.203125,INC-001,5,True,fallback_5m,True,confirmed_anomaly,0.8863636363636364,0.08948863636363635,2.255761853224213,medium,L6_MERCHANT_BANK_COUNTRY,44.0,Approval rate is meaningfully below the historical baseline.
2026-08-31 10:11:00,L6_MERCHANT_BANK_COUNTRY,Merchant_A,,,BR,Itau,0,10,55,44,11,0.8,DO_NOT_HONOR,INC-001,7,0.1272727272727272,INC-001,5,True,fallback_5m,True,confirmed_anomaly,0.9,0.09999999999999998,2.4720661623652207,medium,L6_MERCHANT_BANK_COUNTRY,50.0,Approval rate is meaningfully below the historical baseline.
2026-08-31 10:11:00,L6_MERCHANT_BANK_COUNTRY,Merchant_A,,,BR,Nubank,0,10,57,47,10,0.8245614035087719,DO_NOT_HONOR,INC-001,5,0.087719298245614,INC-001,5,True,fallback_5m,False,normal,0.8333333333333334,0.00877192982456143,0.1777046633277283,,L6_MERCHANT_BANK_COUNTRY,36.0,Observed drop is within normal variation.
2026-08-31 10:11:00,L6_MERCHANT_BANK_COUNTRY,Merchant_A,,,BR,,0,10,85,79,6,0.9294117647058824,DO_NOT_HONOR,,0,0.0,,1,True,fast_1m,False,normal,0.9304347826086956,0.001023017902813228,0.03707265202696008,,L6_MERCHANT_BANK_COUNTRY,345.0,Observed drop is within normal variation.
2026-08-31 10:11:00,L6_MERCHANT_BANK_COUNTRY,Merchant_A,,,CO,Banco de Bogota,0,10,96,85,11,0.8854166666666666,DO_NOT_HONOR,,0,0.0,,5,True,fallback_5m,True,confirmed_anomaly,0.9365079365079364,0.05109126984126977,2.05289558833618,medium,L6_MERCHANT_BANK_COUNTRY,63.0,Approval rate is meaningfully below the historical baseline.
2026-08-31 10:11:00,L6_MERCHANT_BANK_COUNTRY,Merchant_A,,,CO,Bancolombia,0,10,95,87,8,0.9157894736842104,INVALID_CARD,,0,0.0,,5,True,fallback_5m,False,normal,0.8363636363636363,-0.07942583732057418,-2.0925995303221785,,L6_MERCHANT_BANK_COUNTRY,55.0,Observed drop is within normal variation.
2026-08-31 10:11:00,L6_MERCHANT_BANK_COUNTRY,Merchant_A,,,CO,Davivienda,0,10,81,75,6,0.925925925925926,DO_NOT_HONOR,,0,0.0,,5,True,fallback_5m,False,normal,0.8571428571428571,-0.06878306878306883,-1.7690759253434074,,L6_MERCHANT_BANK_COUNTRY,56.0,Observed drop is within normal variation.
2026-08-31 10:11:00,L6_MERCHANT_BANK_COUNTRY,Merchant_A,,,CO,,0,10,106,94,12,0.8867924528301887,INSUFFICIENT_FUNDS,,0,0.0,,1,True,fast_1m,False,normal,0.9006211180124224,0.01382866518223369,0.47589931303621497,,L6_MERCHANT_BANK_COUNTRY,322.0,Observed drop is within normal variation.
2026-08-31 10:11:00,L6_MERCHANT_BANK_COUNTRY,Merchant_A,,,MX,BBVA,0,10,57,37,20,0.6491228070175439,ISSUER_UNAVAILABLE,INC-002,25,0.4385964912280701,INC-002,5,True,fallback_5m,True,confirmed_anomaly,0.945945945945946,0.2968231389284022,9.910324734379412,critical,L6_MERCHANT_BANK_COUNTRY,37.0,Approval rate is meaningfully below the historical baseline.
2026-08-31 10:11:00,L6_MERCHANT_BANK_COUNTRY,Merchant_A,,,MX,Banorte,0,10,78,70,8,0.8974358974358975,SUSPECTED_FRAUD,,0,0.0,,5,True,fallback_5m,False,normal,0.8947368421052632,-0.0026990553306343035,-0.07767356373806246,,L6_MERCHANT_BANK_COUNTRY,38.0,Observed drop is within normal variation.
2026-08-31 10:11:00,L6_MERCHANT_BANK_COUNTRY,Merchant_A,,,MX,Citibanamex,0,10,70,63,7,0.9,INVALID_CARD,,0,0.0,,5,True,fallback_5m,False,normal,0.8571428571428571,-0.04285714285714293,-1.0246950765959613,,L6_MERCHANT_BANK_COUNTRY,35.0,Observed drop is within normal variation.
2026-08-31 10:11:00,L6_MERCHANT_BANK_COUNTRY,Merchant_A,,,MX,Santander,0,10,58,51,7,0.8793103448275862,DO_NOT_HONOR,,0,0.0,,5,True,fallback_5m,True,confirmed_anomaly,0.9491525423728814,0.06984219754529519,2.4211921841884116,medium,L6_MERCHANT_BANK_COUNTRY,59.0,Approval rate is meaningfully below the historical baseline.
2026-08-31 10:11:00,L6_MERCHANT_BANK_COUNTRY,Merchant_A,,,MX,,0,10,76,70,6,0.9210526315789472,DO_NOT_HONOR,,0,0.0,,1,True,fast_1m,False,normal,0.8876080691642652,-0.03344456241468219,-0.9231114274007569,,L6_MERCHANT_BANK_COUNTRY,347.0,Observed drop is within normal variation.
2026-08-31 10:11:00,L6_MERCHANT_BANK_COUNTRY,Merchant_B,,,BR,Banco do Brasil,0,10,60,52,8,0.8666666666666667,DO_NOT_HONOR,INC-001,4,0.0666666666666666,INC-001,5,True,fallback_5m,False,normal,0.8913043478260869,0.02463768115942022,0.6131353515738521,,L6_MERCHANT_BANK_COUNTRY,46.0,Observed drop is within normal variation.
2026-08-31 10:11:00,L6_MERCHANT_BANK_COUNTRY,Merchant_B,,,BR,Bradesco,0,10,52,41,11,0.7884615384615384,INSUFFICIENT_FUNDS,INC-001,4,0.0769230769230769,INC-001,5,True,fallback_5m,False,potential_anomaly,0.8648648648648649,0.07640332640332648,1.6115941104766678,,L6_MERCHANT_BANK_COUNTRY,37.0,"A conversion drop exists, but the statistical evidence is not yet strong enough."
2026-08-31 10:11:00,L6_MERCHANT_BANK_COUNTRY,Merchant_B,,,BR,Itau,0,10,59,53,6,0.8983050847457628,PROCESSOR_ERROR,INC-001,7,0.1186440677966101,INC-001,5,True,fallback_5m,False,normal,0.8809523809523809,-0.01735270379338183,-0.4115822012465561,,L6_MERCHANT_BANK_COUNTRY,42.0,Observed drop is within normal variation.
2026-08-31 10:11:00,L6_MERCHANT_BANK_COUNTRY,Merchant_B,,,BR,Nubank,0,10,71,58,13,0.8169014084507042,DO_NOT_HONOR,INC-001,8,0.1126760563380281,INC-001,5,True,fallback_5m,False,normal,0.8571428571428571,0.04024144869215285,0.9690031662230166,,L6_MERCHANT_BANK_COUNTRY,42.0,Observed drop is within normal variation.
2026-08-31 10:11:00,L6_MERCHANT_BANK_COUNTRY,Merchant_B,,,BR,,0,10,99,92,7,0.9292929292929292,DO_NOT_HONOR,,0,0.0,,1,True,fast_1m,False,normal,0.935672514619883,0.006379585326953707,0.2587318085592293,,L6_MERCHANT_BANK_COUNTRY,342.0,Observed drop is within normal variation.
2026-08-31 10:11:00,L6_MERCHANT_BANK_COUNTRY,Merchant_B,,,CO,Banco de Bogota,0,10,77,71,6,0.922077922077922,INSUFFICIENT_FUNDS,,0,0.0,,5,True,fallback_5m,False,normal,0.9534883720930232,0.03141045001510112,1.30882339856393,,L6_MERCHANT_BANK_COUNTRY,43.0,Observed drop is within normal variation.
2026-08-31 10:11:00,L6_MERCHANT_BANK_COUNTRY,Merchant_B,,,CO,Bancolombia,0,10,98,89,9,0.9081632653061223,INVALID_CARD,,0,0.0,,5,True,fallback_5m,False,normal,0.8333333333333334,-0.07482993197278909,-1.9877173863915523,,L6_MERCHANT_BANK_COUNTRY,60.0,Observed drop is within normal variation.
2026-08-31 10:11:00,L6_MERCHANT_BANK_COUNTRY,Merchant_B,,,CO,Davivienda,0,10,105,95,10,0.9047619047619048,DO_NOT_HONOR,,0,0.0,,5,True,fallback_5m,False,normal,0.847457627118644,-0.05730427764326074,-1.6331551571102396,,L6_MERCHANT_BANK_COUNTRY,59.0,Observed drop is within normal variation.
2026-08-31 10:11:00,L6_MERCHANT_BANK_COUNTRY,Merchant_B,,,CO,,0,10,84,76,8,0.9047619047619048,INSUFFICIENT_FUNDS,,0,0.0,,1,True,fast_1m,False,normal,0.9078947368421052,0.0031328320802004317,0.09929257812241434,,L6_MERCHANT_BANK_COUNTRY,304.0,Observed drop is within normal variation.
2026-08-31 10:11:00,L6_MERCHANT_BANK_COUNTRY,Merchant_B,,,MX,BBVA,0,10,65,55,10,0.8461538461538461,DO_NOT_HONOR,,0,0.0,,5,True,fallback_5m,False,potential_anomaly,0.9090909090909092,0.06293706293706303,1.7650452162436596,,L6_MERCHANT_BANK_COUNTRY,44.0,"A conversion drop exists, but the statistical evidence is not yet strong enough."
2026-08-31 10:11:00,L6_MERCHANT_BANK_COUNTRY,Merchant_B,,,MX,Banorte,0,10,68,60,8,0.8823529411764706,INSUFFICIENT_FUNDS,,0,0.0,,5,True,fallback_5m,True,confirmed_anomaly,0.9574468085106383,0.07509386733416779,3.0678599553894865,medium,L6_MERCHANT_BANK_COUNTRY,47.0,Approval rate is meaningfully below the historical baseline.
2026-08-31 10:11:00,L6_MERCHANT_BANK_COUNTRY,Merchant_B,,,MX,Citibanamex,0,10,67,62,5,0.9253731343283582,DO_NOT_HONOR,,0,0.0,,5,True,fallback_5m,False,normal,0.8780487804878049,-0.047324353840553335,-1.183776456867665,,L6_MERCHANT_BANK_COUNTRY,41.0,Observed drop is within normal variation.
2026-08-31 10:11:00,L6_MERCHANT_BANK_COUNTRY,Merchant_B,,,MX,Santander,0,10,72,64,8,0.8888888888888888,DO_NOT_HONOR,,0,0.0,,5,True,fallback_5m,True,confirmed_anomaly,0.975609756097561,0.08672086720867211,4.770278351999551,medium,L6_MERCHANT_BANK_COUNTRY,41.0,Approval rate is meaningfully below the historical baseline.
2026-08-31 10:11:00,L6_MERCHANT_BANK_COUNTRY,Merchant_B,,,MX,,0,10,87,76,11,0.8735632183908046,INSUFFICIENT_FUNDS,,0,0.0,,1,True,fast_1m,False,normal,0.8580060422960725,-0.015557176094732172,-0.4157289694278599,,L6_MERCHANT_BANK_COUNTRY,331.0,Observed drop is within normal variation.
2026-08-31 10:11:00,L6_MERCHANT_BANK_COUNTRY,Merchant_C,,,BR,Banco do Brasil,0,10,84,71,13,0.8452380952380952,INSUFFICIENT_FUNDS,INC-001,9,0.1071428571428571,INC-001,5,True,fallback_5m,False,normal,0.8444444444444444,-0.0007936507936507908,-0.0200696959624648,,L6_MERCHANT_BANK_COUNTRY,45.0,Observed drop is within normal variation.
2026-08-31 10:11:00,L6_MERCHANT_BANK_COUNTRY,Merchant_C,,,BR,Bradesco,0,10,67,59,8,0.8805970149253731,SUSPECTED_FRAUD,INC-001,8,0.1194029850746268,INC-001,5,True,fallback_5m,False,potential_anomaly,0.9333333333333332,0.052736318407960114,1.7305113433880948,,L6_MERCHANT_BANK_COUNTRY,45.0,"A conversion drop exists, but the statistical evidence is not yet strong enough."
2026-08-31 10:11:00,L6_MERCHANT_BANK_COUNTRY,Merchant_C,,,BR,Itau,0,10,62,54,8,0.8709677419354839,DO_NOT_HONOR,INC-001,10,0.1612903225806451,INC-001,5,True,fallback_5m,True,confirmed_anomaly,0.9607843137254902,0.08981657179000635,3.643421841114579,medium,L6_MERCHANT_BANK_COUNTRY,51.0,Approval rate is meaningfully below the historical baseline.
2026-08-31 10:11:00,L6_MERCHANT_BANK_COUNTRY,Merchant_C,,,BR,Nubank,0,10,69,60,9,0.8695652173913043,INVALID_CARD,INC-001,9,0.1304347826086956,INC-001,5,True,fallback_5m,False,potential_anomaly,0.925,0.05543478260869572,1.748257483987208,,L6_MERCHANT_BANK_COUNTRY,40.0,"A conversion drop exists, but the statistical evidence is not yet strong enough."
2026-08-31 10:11:00,L6_MERCHANT_BANK_COUNTRY,Merchant_C,,,BR,,0,10,84,80,4,0.9523809523809524,SUSPECTED_FRAUD,,0,0.0,,1,True,fast_1m,False,normal,0.9194029850746268,-0.03297796730632552,-1.1103274911435104,,L6_MERCHANT_BANK_COUNTRY,335.0,Observed drop is within normal variation.
2026-08-31 10:11:00,L6_MERCHANT_BANK_COUNTRY,Merchant_C,,,CO,Banco de Bogota,0,10,92,85,7,0.9239130434782608,DO_NOT_HONOR,,0,0.0,,5,True,fallback_5m,False,normal,0.8928571428571429,-0.03105590062111796,-0.9630868246861521,,L6_MERCHANT_BANK_COUNTRY,56.0,Observed drop is within normal variation.
2026-08-31 10:11:00,L6_MERCHANT_BANK_COUNTRY,Merchant_C,,,CO,Bancolombia,0,10,77,68,9,0.8831168831168831,INVALID_CARD,,0,0.0,,5,True,fallback_5m,False,normal,0.890625,0.007508116883116922,0.2110910954410172,,L6_MERCHANT_BANK_COUNTRY,64.0,Observed drop is within normal variation.
2026-08-31 10:11:00,L6_MERCHANT_BANK_COUNTRY,Merchant_C,,,CO,Davivienda,0,10,90,81,9,0.9,DO_NOT_HONOR,,0,0.0,,5,True,fallback_5m,False,normal,0.8648648648648649,-0.03513513513513511,-0.9749999999999995,,L6_MERCHANT_BANK_COUNTRY,37.0,Observed drop is within normal variation.
2026-08-31 10:11:00,L6_MERCHANT_BANK_COUNTRY,Merchant_C,,,CO,,0,10,65,59,6,0.9076923076923076,INSUFFICIENT_FUNDS,,0,0.0,,1,True,fast_1m,False,normal,0.8888888888888888,-0.018803418803418848,-0.4823819106188671,,L6_MERCHANT_BANK_COUNTRY,324.0,Observed drop is within normal variation.
2026-08-31 10:11:00,L6_MERCHANT_BANK_COUNTRY,Merchant_C,,,MX,BBVA,0,10,63,60,3,0.9523809523809524,DO_NOT_HONOR,,0,0.0,,5,True,fallback_5m,False,normal,0.8974358974358975,-0.05494505494505486,-1.4374722712498629,,L6_MERCHANT_BANK_COUNTRY,39.0,Observed drop is within normal variation.
2026-08-31 10:11:00,L6_MERCHANT_BANK_COUNTRY,Merchant_C,,,MX,Banorte,0,10,80,77,3,0.9625,DO_NOT_HONOR,,0,0.0,,5,True,fallback_5m,False,normal,0.9375,-0.025000000000000022,-0.9237604307034021,,L6_MERCHANT_BANK_COUNTRY,48.0,Observed drop is within normal variation.
2026-08-31 10:11:00,L6_MERCHANT_BANK_COUNTRY,Merchant_C,,,MX,Citibanamex,0,10,60,55,5,0.9166666666666666,DO_NOT_HONOR,,0,0.0,,5,True,fallback_5m,False,normal,0.925,0.008333333333333415,0.24507154069793835,,L6_MERCHANT_BANK_COUNTRY,40.0,Observed drop is within normal variation.
2026-08-31 10:11:00,L6_MERCHANT_BANK_COUNTRY,Merchant_C,,,MX,Santander,0,10,59,55,4,0.9322033898305084,DO_NOT_HONOR,,0,0.0,,5,True,fallback_5m,False,normal,0.9035,-0.028703389830508463,-0.7466747411020698,,L6_GLOBAL,455992.0,Observed drop is within normal variation.
2026-08-31 10:11:00,L6_MERCHANT_BANK_COUNTRY,Merchant_C,,,MX,,0,10,114,100,14,0.8771929824561403,SUSPECTED_FRAUD,,0,0.0,,1,True,fast_1m,False,normal,0.8715596330275229,-0.0056333494286173735,-0.1797710660694653,,L6_MERCHANT_BANK_COUNTRY,327.0,Observed drop is within normal variation.
