minute,detection_level,merchant,provider,payment_method,country,issuing_bank,weekday,hour,attempts,approvals,declines,approval_rate,dominant_decline_code,injected_incident_id,injected_records,injected_share,incident_ids
2026-08-31 10:00:00,L1_PROVIDER_COUNTRY,,Adyen,,BR,,0,10,137,132,5,0.9635036496350365,INVALID_CARD,,0,0.0,
2026-08-31 10:00:00,L1_PROVIDER_COUNTRY,,Adyen,,CO,,0,10,140,128,12,0.9142857142857143,INSUFFICIENT_FUNDS,,0,0.0,
2026-08-31 10:00:00,L1_PROVIDER_COUNTRY,,Adyen,,MX,,0,10,137,124,13,0.9051094890510949,DO_NOT_HONOR,,0,0.0,
2026-08-31 10:00:00,L1_PROVIDER_COUNTRY,,Stripe,,BR,,0,10,149,137,12,0.9194630872483222,SUSPECTED_FRAUD,,0,0.0,
2026-08-31 10:00:00,L1_PROVIDER_COUNTRY,,Stripe,,CO,,0,10,128,114,14,0.890625,INSUFFICIENT_FUNDS,,0,0.0,
2026-08-31 10:00:00,L1_PROVIDER_COUNTRY,,Stripe,,MX,,0,10,114,97,17,0.8508771929824561,INVALID_CARD,,0,0.0,
2026-08-31 10:00:00,L1_PROVIDER_COUNTRY,,dLocal,,BR,,0,10,130,117,13,0.9,INVALID_CARD,,0,0.0,
2026-08-31 10:00:00,L1_PROVIDER_COUNTRY,,dLocal,,CO,,0,10,131,116,15,0.8854961832061069,DO_NOT_HONOR,,0,0.0,
2026-08-31 10:00:00,L1_PROVIDER_COUNTRY,,dLocal,,MX,,0,10,134,113,21,0.8432835820895522,INVALID_CARD,,0,0.0,
2026-08-31 10:01:00,L1_PROVIDER_COUNTRY,,Adyen,,BR,,0,10,139,127,12,0.9136690647482014,INVALID_CARD,,0,0.0,
2026-08-31 10:01:00,L1_PROVIDER_COUNTRY,,Adyen,,CO,,0,10,150,134,16,0.8933333333333333,INVALID_CARD,,0,0.0,
2026-08-31 10:01:00,L1_PROVIDER_COUNTRY,,Adyen,,MX,,0,10,134,119,15,0.8880597014925373,INVALID_CARD,,0,0.0,
2026-08-31 10:01:00,L1_PROVIDER_COUNTRY,,Stripe,,BR,,0,10,126,119,7,0.9444444444444444,DO_NOT_HONOR,,0,0.0,
2026-08-31 10:01:00,L1_PROVIDER_COUNTRY,,Stripe,,CO,,0,10,123,113,10,0.9186991869918699,SUSPECTED_FRAUD,,0,0.0,
2026-08-31 10:01:00,L1_PROVIDER_COUNTRY,,Stripe,,MX,,0,10,143,133,10,0.9300699300699301,DO_NOT_HONOR,,0,0.0,
2026-08-31 10:01:00,L1_PROVIDER_COUNTRY,,dLocal,,BR,,0,10,128,118,10,0.921875,DO_NOT_HONOR,,0,0.0,
2026-08-31 10:01:00,L1_PROVIDER_COUNTRY,,dLocal,,CO,,0,10,130,121,9,0.9307692307692308,DO_NOT_HONOR,,0,0.0,
2026-08-31 10:01:00,L1_PROVIDER_COUNTRY,,dLocal,,MX,,0,10,127,101,26,0.7952755905511811,SUSPECTED_FRAUD,,0,0.0,
2026-08-31 10:02:00,L1_PROVIDER_COUNTRY,,Adyen,,BR,,0,10,135,125,10,0.9259259259259259,DO_NOT_HONOR,,0,0.0,
2026-08-31 10:02:00,L1_PROVIDER_COUNTRY,,Adyen,,CO,,0,10,116,101,15,0.8706896551724138,INSUFFICIENT_FUNDS,,0,0.0,
2026-08-31 10:02:00,L1_PROVIDER_COUNTRY,,Adyen,,MX,,0,10,122,110,12,0.9016393442622951,SUSPECTED_FRAUD,,0,0.0,
2026-08-31 10:02:00,L1_PROVIDER_COUNTRY,,Stripe,,BR,,0,10,142,133,9,0.9366197183098591,INSUFFICIENT_FUNDS,,0,0.0,
2026-08-31 10:02:00,L1_PROVIDER_COUNTRY,,Stripe,,CO,,0,10,138,122,16,0.8840579710144928,DO_NOT_HONOR,,0,0.0,
2026-08-31 10:02:00,L1_PROVIDER_COUNTRY,,Stripe,,MX,,0,10,147,134,13,0.9115646258503401,DO_NOT_HONOR,,0,0.0,
2026-08-31 10:02:00,L1_PROVIDER_COUNTRY,,dLocal,,BR,,0,10,149,136,13,0.912751677852349,DO_NOT_HONOR,,0,0.0,
2026-08-31 10:02:00,L1_PROVIDER_COUNTRY,,dLocal,,CO,,0,10,133,120,13,0.9022556390977443,INSUFFICIENT_FUNDS,,0,0.0,
2026-08-31 10:02:00,L1_PROVIDER_COUNTRY,,dLocal,,MX,,0,10,118,102,16,0.864406779661017,SUSPECTED_FRAUD,,0,0.0,
2026-08-31 10:03:00,L1_PROVIDER_COUNTRY,,Adyen,,BR,,0,10,119,63,56,0.5294117647058824,PROCESSOR_ERROR,INC-001,119,1.0,INC-001
2026-08-31 10:03:00,L1_PROVIDER_COUNTRY,,Adyen,,CO,,0,10,116,109,7,0.9396551724137931,INSUFFICIENT_FUNDS,,0,0.0,
2026-08-31 10:03:00,L1_PROVIDER_COUNTRY,,Adyen,,MX,,0,10,145,138,7,0.9517241379310345,INSUFFICIENT_FUNDS,,0,0.0,
2026-08-31 10:03:00,L1_PROVIDER_COUNTRY,,Stripe,,BR,,0,10,141,129,12,0.9148936170212766,INVALID_CARD,,0,0.0,
2026-08-31 10:03:00,L1_PROVIDER_COUNTRY,,Stripe,,CO,,0,10,130,116,14,0.8923076923076924,DO_NOT_HONOR,,0,0.0,
2026-08-31 10:03:00,L1_PROVIDER_COUNTRY,,Stripe,,MX,,0,10,136,117,19,0.8602941176470589,DO_NOT_HONOR,,0,0.0,
2026-08-31 10:03:00,L1_PROVIDER_COUNTRY,,dLocal,,BR,,0,10,137,122,15,0.8905109489051095,INSUFFICIENT_FUNDS,,0,0.0,
2026-08-31 10:03:00,L1_PROVIDER_COUNTRY,,dLocal,,CO,,0,10,143,129,14,0.9020979020979021,INSUFFICIENT_FUNDS,,0,0.0,
2026-08-31 10:03:00,L1_PROVIDER_COUNTRY,,dLocal,,MX,,0,10,133,118,15,0.8872180451127819,DO_NOT_HONOR,,0,0.0,
2026-08-31 10:04:00,L1_PROVIDER_COUNTRY,,Adyen,,BR,,0,10,125,77,48,0.616,PROCESSOR_ERROR,INC-001,125,1.0,INC-001
2026-08-31 10:04:00,L1_PROVIDER_COUNTRY,,Adyen,,CO,,0,10,150,139,11,0.9266666666666666,DO_NOT_HONOR,,0,0.0,
2026-08-31 10:04:00,L1_PROVIDER_COUNTRY,,Adyen,,MX,,0,10,147,125,22,0.8503401360544217,INSUFFICIENT_FUNDS,INC-002,4,0.027210884353741496,INC-002
2026-08-31 10:04:00,L1_PROVIDER_COUNTRY,,Stripe,,BR,,0,10,119,112,7,0.9411764705882353,INVALID_CARD,,0,0.0,
2026-08-31 10:04:00,L1_PROVIDER_COUNTRY,,Stripe,,CO,,0,10,144,130,14,0.9027777777777778,INSUFFICIENT_FUNDS,,0,0.0,
2026-08-31 10:04:00,L1_PROVIDER_COUNTRY,,Stripe,,MX,,0,10,94,90,4,0.9574468085106383,INVALID_CARD,INC-002,1,0.010638297872340425,INC-002
2026-08-31 10:04:00,L1_PROVIDER_COUNTRY,,dLocal,,BR,,0,10,130,118,12,0.9076923076923077,INVALID_CARD,,0,0.0,
2026-08-31 10:04:00,L1_PROVIDER_COUNTRY,,dLocal,,CO,,0,10,145,127,18,0.8758620689655172,INVALID_CARD,,0,0.0,
2026-08-31 10:04:00,L1_PROVIDER_COUNTRY,,dLocal,,MX,,0,10,146,124,22,0.8493150684931506,INVALID_CARD,INC-002,2,0.0136986301369863,INC-002
2026-08-31 10:05:00,L1_PROVIDER_COUNTRY,,Adyen,,BR,,0,10,136,71,65,0.5220588235294118,PROCESSOR_ERROR,INC-001,136,1.0,INC-001
2026-08-31 10:05:00,L1_PROVIDER_COUNTRY,,Adyen,,CO,,0,10,139,127,12,0.9136690647482014,INVALID_CARD,,0,0.0,
2026-08-31 10:05:00,L1_PROVIDER_COUNTRY,,Adyen,,MX,,0,10,137,127,10,0.927007299270073,INSUFFICIENT_FUNDS,INC-002,3,0.021897810218978103,INC-002
2026-08-31 10:05:00,L1_PROVIDER_COUNTRY,,Stripe,,BR,,0,10,153,143,10,0.934640522875817,INVALID_CARD,,0,0.0,
2026-08-31 10:05:00,L1_PROVIDER_COUNTRY,,Stripe,,CO,,0,10,122,110,12,0.9016393442622951,INVALID_CARD,,0,0.0,
2026-08-31 10:05:00,L1_PROVIDER_COUNTRY,,Stripe,,MX,,0,10,127,103,24,0.8110236220472441,DO_NOT_HONOR,INC-002,5,0.03937007874015748,INC-002
2026-08-31 10:05:00,L1_PROVIDER_COUNTRY,,dLocal,,BR,,0,10,121,111,10,0.9173553719008265,INVALID_CARD,,0,0.0,
2026-08-31 10:05:00,L1_PROVIDER_COUNTRY,,dLocal,,CO,,0,10,139,122,17,0.8776978417266187,SUSPECTED_FRAUD,,0,0.0,
2026-08-31 10:05:00,L1_PROVIDER_COUNTRY,,dLocal,,MX,,0,10,126,114,12,0.9047619047619048,DO_NOT_HONOR,INC-002,2,0.015873015873015872,INC-002
2026-08-31 10:06:00,L1_PROVIDER_COUNTRY,,Adyen,,BR,,0,10,141,68,73,0.48226950354609927,PROCESSOR_ERROR,INC-001,141,1.0,INC-001
2026-08-31 10:06:00,L1_PROVIDER_COUNTRY,,Adyen,,CO,,0,10,140,128,12,0.9142857142857143,INVALID_CARD,,0,0.0,
2026-08-31 10:06:00,L1_PROVIDER_COUNTRY,,Adyen,,MX,,0,10,138,122,16,0.8840579710144928,INVALID_CARD,INC-002,4,0.028985507246376812,INC-002
2026-08-31 10:06:00,L1_PROVIDER_COUNTRY,,Stripe,,BR,,0,10,132,125,7,0.946969696969697,INVALID_CARD,,0,0.0,
2026-08-31 10:06:00,L1_PROVIDER_COUNTRY,,Stripe,,CO,,0,10,121,114,7,0.9421487603305785,INVALID_CARD,,0,0.0,
2026-08-31 10:06:00,L1_PROVIDER_COUNTRY,,Stripe,,MX,,0,10,116,101,15,0.8706896551724138,DO_NOT_HONOR,INC-002,2,0.017241379310344827,INC-002
2026-08-31 10:06:00,L1_PROVIDER_COUNTRY,,dLocal,,BR,,0,10,136,125,11,0.9191176470588235,INSUFFICIENT_FUNDS,,0,0.0,
2026-08-31 10:06:00,L1_PROVIDER_COUNTRY,,dLocal,,CO,,0,10,139,122,17,0.8776978417266187,INSUFFICIENT_FUNDS,,0,0.0,
2026-08-31 10:06:00,L1_PROVIDER_COUNTRY,,dLocal,,MX,,0,10,137,120,17,0.8759124087591241,SUSPECTED_FRAUD,INC-002,2,0.014598540145985401,INC-002
2026-08-31 10:07:00,L1_PROVIDER_COUNTRY,,Adyen,,BR,,0,10,136,70,66,0.5147058823529411,PROCESSOR_ERROR,INC-001,136,1.0,INC-001
2026-08-31 10:07:00,L1_PROVIDER_COUNTRY,,Adyen,,CO,,0,10,136,124,12,0.9117647058823529,INSUFFICIENT_FUNDS,,0,0.0,
2026-08-31 10:07:00,L1_PROVIDER_COUNTRY,,Adyen,,MX,,0,10,117,100,17,0.8547008547008547,INSUFFICIENT_FUNDS,INC-002,3,0.02564102564102564,INC-002
2026-08-31 10:07:00,L1_PROVIDER_COUNTRY,,Stripe,,BR,,0,10,127,116,11,0.9133858267716536,INVALID_CARD,,0,0.0,
2026-08-31 10:07:00,L1_PROVIDER_COUNTRY,,Stripe,,CO,,0,10,152,136,16,0.8947368421052632,DO_NOT_HONOR,,0,0.0,
2026-08-31 10:07:00,L1_PROVIDER_COUNTRY,,Stripe,,MX,,0,10,141,129,12,0.9148936170212766,INSUFFICIENT_FUNDS,INC-002,3,0.02127659574468085,INC-002
2026-08-31 10:07:00,L1_PROVIDER_COUNTRY,,dLocal,,BR,,0,10,127,115,12,0.905511811023622,INSUFFICIENT_FUNDS,,0,0.0,
2026-08-31 10:07:00,L1_PROVIDER_COUNTRY,,dLocal,,CO,,0,10,138,127,11,0.9202898550724637,INSUFFICIENT_FUNDS,,0,0.0,
2026-08-31 10:07:00,L1_PROVIDER_COUNTRY,,dLocal,,MX,,0,10,126,107,19,0.8492063492063492,INSUFFICIENT_FUNDS,INC-002,1,0.007936507936507936,INC-002
2026-08-31 10:08:00,L1_PROVIDER_COUNTRY,,Adyen,,BR,,0,10,112,107,5,0.9553571428571429,INSUFFICIENT_FUNDS,,0,0.0,
2026-08-31 10:08:00,L1_PROVIDER_COUNTRY,,Adyen,,CO,,0,10,151,143,8,0.9470198675496688,DO_NOT_HONOR,,0,0.0,
2026-08-31 10:08:00,L1_PROVIDER_COUNTRY,,Adyen,,MX,,0,10,134,112,22,0.835820895522388,INVALID_CARD,INC-002,5,0.03731343283582089,INC-002
2026-08-31 10:08:00,L1_PROVIDER_COUNTRY,,Stripe,,BR,,0,10,116,106,10,0.9137931034482759,INSUFFICIENT_FUNDS,,0,0.0,
2026-08-31 10:08:00,L1_PROVIDER_COUNTRY,,Stripe,,CO,,0,10,133,120,13,0.9022556390977443,INVALID_CARD,,0,0.0,
2026-08-31 10:08:00,L1_PROVIDER_COUNTRY,,Stripe,,MX,,0,10,123,108,15,0.8780487804878049,INSUFFICIENT_FUNDS,INC-002,4,0.032520325203252036,INC-002
2026-08-31 10:08:00,L1_PROVIDER_COUNTRY,,dLocal,,BR,,0,10,167,150,17,0.8982035928143712,SUSPECTED_FRAUD,,0,0.0,
2026-08-31 10:08:00,L1_PROVIDER_COUNTRY,,dLocal,,CO,,0,10,141,130,11,0.9219858156028369,INSUFFICIENT_FUNDS,,0,0.0,
2026-08-31 10:08:00,L1_PROVIDER_COUNTRY,,dLocal,,MX,,0,10,123,103,20,0.8373983739837398,DO_NOT_HONOR,INC-002,1,0.008130081300813009,INC-002
2026-08-31 10:09:00,L1_PROVIDER_COUNTRY,,Adyen,,BR,,0,10,128,120,8,0.9375,INVALID_CARD,,0,0.0,
2026-08-31 10:09:00,L1_PROVIDER_COUNTRY,,Adyen,,CO,,0,10,148,129,19,0.8716216216216216,SUSPECTED_FRAUD,,0,0.0,
2026-08-31 10:09:00,L1_PROVIDER_COUNTRY,,Adyen,,MX,,0,10,110,102,8,0.9272727272727272,SUSPECTED_FRAUD,,0,0.0,
2026-08-31 10:09:00,L1_PROVIDER_COUNTRY,,Stripe,,BR,,0,10,120,109,11,0.9083333333333333,INVALID_CARD,,0,0.0,
2026-08-31 10:09:00,L1_PROVIDER_COUNTRY,,Stripe,,CO,,0,10,143,129,14,0.9020979020979021,DO_NOT_HONOR,,0,0.0,
2026-08-31 10:09:00,L1_PROVIDER_COUNTRY,,Stripe,,MX,,0,10,160,148,12,0.925,SUSPECTED_FRAUD,,0,0.0,
2026-08-31 10:09:00,L1_PROVIDER_COUNTRY,,dLocal,,BR,,0,10,136,128,8,0.9411764705882353,DO_NOT_HONOR,,0,0.0,
2026-08-31 10:09:00,L1_PROVIDER_COUNTRY,,dLocal,,CO,,0,10,124,113,11,0.9112903225806451,DO_NOT_HONOR,,0,0.0,
2026-08-31 10:09:00,L1_PROVIDER_COUNTRY,,dLocal,,MX,,0,10,131,116,15,0.8854961832061069,DO_NOT_HONOR,,0,0.0,
2026-08-31 10:10:00,L1_PROVIDER_COUNTRY,,Adyen,,BR,,0,10,145,130,15,0.896551724137931,DO_NOT_HONOR,,0,0.0,
2026-08-31 10:10:00,L1_PROVIDER_COUNTRY,,Adyen,,CO,,0,10,132,119,13,0.9015151515151515,SUSPECTED_FRAUD,,0,0.0,
2026-08-31 10:10:00,L1_PROVIDER_COUNTRY,,Adyen,,MX,,0,10,132,122,10,0.9242424242424242,INSUFFICIENT_FUNDS,,0,0.0,
2026-08-31 10:10:00,L1_PROVIDER_COUNTRY,,Stripe,,BR,,0,10,124,110,14,0.8870967741935484,INSUFFICIENT_FUNDS,,0,0.0,
2026-08-31 10:10:00,L1_PROVIDER_COUNTRY,,Stripe,,CO,,0,10,131,116,15,0.8854961832061069,INVALID_CARD,,0,0.0,
2026-08-31 10:10:00,L1_PROVIDER_COUNTRY,,Stripe,,MX,,0,10,137,125,12,0.9124087591240876,DO_NOT_HONOR,,0,0.0,
2026-08-31 10:10:00,L1_PROVIDER_COUNTRY,,dLocal,,BR,,0,10,124,117,7,0.9435483870967742,INSUFFICIENT_FUNDS,,0,0.0,
2026-08-31 10:10:00,L1_PROVIDER_COUNTRY,,dLocal,,CO,,0,10,123,107,16,0.8699186991869918,DO_NOT_HONOR,,0,0.0,
2026-08-31 10:10:00,L1_PROVIDER_COUNTRY,,dLocal,,MX,,0,10,152,136,16,0.8947368421052632,DO_NOT_HONOR,,0,0.0,
2026-08-31 10:11:00,L1_PROVIDER_COUNTRY,,Adyen,,BR,,0,10,136,126,10,0.9264705882352942,INSUFFICIENT_FUNDS,,0,0.0,
2026-08-31 10:11:00,L1_PROVIDER_COUNTRY,,Adyen,,CO,,0,10,114,103,11,0.9035087719298246,SUSPECTED_FRAUD,,0,0.0,
2026-08-31 10:11:00,L1_PROVIDER_COUNTRY,,Adyen,,MX,,0,10,140,130,10,0.9285714285714286,DO_NOT_HONOR,,0,0.0,
2026-08-31 10:11:00,L1_PROVIDER_COUNTRY,,Stripe,,BR,,0,10,132,124,8,0.9393939393939394,DO_NOT_HONOR,,0,0.0,
2026-08-31 10:11:00,L1_PROVIDER_COUNTRY,,Stripe,,CO,,0,10,144,129,15,0.8958333333333334,INSUFFICIENT_FUNDS,,0,0.0,
2026-08-31 10:11:00,L1_PROVIDER_COUNTRY,,Stripe,,MX,,0,10,147,126,21,0.8571428571428571,SUSPECTED_FRAUD,,0,0.0,
2026-08-31 10:11:00,L1_PROVIDER_COUNTRY,,dLocal,,BR,,0,10,127,116,11,0.9133858267716536,DO_NOT_HONOR,,0,0.0,
2026-08-31 10:11:00,L1_PROVIDER_COUNTRY,,dLocal,,CO,,0,10,127,113,14,0.889763779527559,INSUFFICIENT_FUNDS,,0,0.0,
2026-08-31 10:11:00,L1_PROVIDER_COUNTRY,,dLocal,,MX,,0,10,133,117,16,0.8796992481203008,DO_NOT_HONOR,,0,0.0,
2026-08-31 10:00:00,L2_METHOD_COUNTRY,,,PIX,BR,,0,10,128,120,8,0.9375,DO_NOT_HONOR,,0,0.0,
2026-08-31 10:00:00,L2_METHOD_COUNTRY,,,PSE,CO,,0,10,127,117,10,0.9212598425196851,INSUFFICIENT_FUNDS,,0,0.0,
2026-08-31 10:00:00,L2_METHOD_COUNTRY,,,card,BR,,0,10,132,120,12,0.9090909090909091,INVALID_CARD,,0,0.0,
2026-08-31 10:00:00,L2_METHOD_COUNTRY,,,card,CO,,0,10,130,116,14,0.8923076923076924,INVALID_CARD,,0,0.0,
2026-08-31 10:00:00,L2_METHOD_COUNTRY,,,card,MX,,0,10,129,111,18,0.8604651162790697,DO_NOT_HONOR,,0,0.0,
2026-08-31 10:00:00,L2_METHOD_COUNTRY,,,cash_in_store,MX,,0,10,125,104,21,0.832,INSUFFICIENT_FUNDS,,0,0.0,
2026-08-31 10:00:00,L2_METHOD_COUNTRY,,,wallet,BR,,0,10,156,146,10,0.9358974358974359,DO_NOT_HONOR,,0,0.0,
2026-08-31 10:00:00,L2_METHOD_COUNTRY,,,wallet,CO,,0,10,142,125,17,0.8802816901408451,DO_NOT_HONOR,,0,0.0,
2026-08-31 10:00:00,L2_METHOD_COUNTRY,,,wallet,MX,,0,10,131,119,12,0.9083969465648855,INVALID_CARD,,0,0.0,
2026-08-31 10:01:00,L2_METHOD_COUNTRY,,,PIX,BR,,0,10,133,129,4,0.9699248120300752,SUSPECTED_FRAUD,,0,0.0,
2026-08-31 10:01:00,L2_METHOD_COUNTRY,,,PSE,CO,,0,10,139,122,17,0.8776978417266187,INVALID_CARD,,0,0.0,
2026-08-31 10:01:00,L2_METHOD_COUNTRY,,,card,BR,,0,10,127,116,11,0.9133858267716536,DO_NOT_HONOR,,0,0.0,
2026-08-31 10:01:00,L2_METHOD_COUNTRY,,,card,CO,,0,10,125,113,12,0.904,INSUFFICIENT_FUNDS,,0,0.0,
2026-08-31 10:01:00,L2_METHOD_COUNTRY,,,card,MX,,0,10,143,129,14,0.9020979020979021,INVALID_CARD,,0,0.0,
2026-08-31 10:01:00,L2_METHOD_COUNTRY,,,cash_in_store,MX,,0,10,120,91,29,0.7583333333333333,INSUFFICIENT_FUNDS,,0,0.0,
2026-08-31 10:01:00,L2_METHOD_COUNTRY,,,wallet,BR,,0,10,133,119,14,0.8947368421052632,INSUFFICIENT_FUNDS,,0,0.0,
2026-08-31 10:01:00,L2_METHOD_COUNTRY,,,wallet,CO,,0,10,139,133,6,0.9568345323741008,DO_NOT_HONOR,,0,0.0,
2026-08-31 10:01:00,L2_METHOD_COUNTRY,,,wallet,MX,,0,10,141,133,8,0.9432624113475178,INVALID_CARD,,0,0.0,
2026-08-31 10:02:00,L2_METHOD_COUNTRY,,,PIX,BR,,0,10,138,130,8,0.9420289855072463,INSUFFICIENT_FUNDS,,0,0.0,
2026-08-31 10:02:00,L2_METHOD_COUNTRY,,,PSE,CO,,0,10,127,108,19,0.8503937007874016,INSUFFICIENT_FUNDS,,0,0.0,
2026-08-31 10:02:00,L2_METHOD_COUNTRY,,,card,BR,,0,10,136,123,13,0.9044117647058824,DO_NOT_HONOR,,0,0.0,
2026-08-31 10:02:00,L2_METHOD_COUNTRY,,,card,CO,,0,10,138,120,18,0.8695652173913043,SUSPECTED_FRAUD,,0,0.0,
2026-08-31 10:02:00,L2_METHOD_COUNTRY,,,card,MX,,0,10,139,122,17,0.8776978417266187,SUSPECTED_FRAUD,,0,0.0,
2026-08-31 10:02:00,L2_METHOD_COUNTRY,,,cash_in_store,MX,,0,10,129,114,15,0.8837209302325582,SUSPECTED_FRAUD,,0,0.0,
2026-08-31 10:02:00,L2_METHOD_COUNTRY,,,wallet,BR,,0,10,152,141,11,0.9276315789473685,INVALID_CARD,,0,0.0,
2026-08-31 10:02:00,L2_METHOD_COUNTRY,,,wallet,CO,,0,10,122,115,7,0.9426229508196722,DO_NOT_HONOR,,0,0.0,
2026-08-31 10:02:00,L2_METHOD_COUNTRY,,,wallet,MX,,0,10,119,110,9,0.9243697478991597,SUSPECTED_FRAUD,,0,0.0,
2026-08-31 10:03:00,L2_METHOD_COUNTRY,,,PIX,BR,,0,10,125,102,23,0.816,PROCESSOR_ERROR,INC-001,41,0.328,INC-001
2026-08-31 10:03:00,L2_METHOD_COUNTRY,,,PSE,CO,,0,10,134,120,14,0.8955223880597015,INSUFFICIENT_FUNDS,,0,0.0,
2026-08-31 10:03:00,L2_METHOD_COUNTRY,,,card,BR,,0,10,129,105,24,0.813953488372093,PROCESSOR_ERROR,INC-001,29,0.2248062015503876,INC-001
2026-08-31 10:03:00,L2_METHOD_COUNTRY,,,card,CO,,0,10,127,119,8,0.937007874015748,INSUFFICIENT_FUNDS,,0,0.0,
2026-08-31 10:03:00,L2_METHOD_COUNTRY,,,card,MX,,0,10,143,127,16,0.8881118881118881,SUSPECTED_FRAUD,,0,0.0,
2026-08-31 10:03:00,L2_METHOD_COUNTRY,,,cash_in_store,MX,,0,10,134,114,20,0.8507462686567164,DO_NOT_HONOR,,0,0.0,
2026-08-31 10:03:00,L2_METHOD_COUNTRY,,,wallet,BR,,0,10,143,107,36,0.7482517482517482,PROCESSOR_ERROR,INC-001,49,0.34265734265734266,INC-001
2026-08-31 10:03:00,L2_METHOD_COUNTRY,,,wallet,CO,,0,10,128,115,13,0.8984375,DO_NOT_HONOR,,0,0.0,
2026-08-31 10:03:00,L2_METHOD_COUNTRY,,,wallet,MX,,0,10,137,132,5,0.9635036496350365,SUSPECTED_FRAUD,,0,0.0,
2026-08-31 10:04:00,L2_METHOD_COUNTRY,,,PIX,BR,,0,10,131,106,25,0.8091603053435115,PROCESSOR_ERROR,INC-001,50,0.3816793893129771,INC-001
2026-08-31 10:04:00,L2_METHOD_COUNTRY,,,PSE,CO,,0,10,138,120,18,0.8695652173913043,INSUFFICIENT_FUNDS,,0,0.0,
2026-08-31 10:04:00,L2_METHOD_COUNTRY,,,card,BR,,0,10,118,106,12,0.8983050847457628,PROCESSOR_ERROR,INC-001,36,0.3050847457627119,INC-001
2026-08-31 10:04:00,L2_METHOD_COUNTRY,,,card,CO,,0,10,145,131,14,0.903448275862069,INVALID_CARD,,0,0.0,
2026-08-31 10:04:00,L2_METHOD_COUNTRY,,,card,MX,,0,10,130,111,19,0.8538461538461538,INVALID_CARD,INC-002,7,0.05384615384615385,INC-002
2026-08-31 10:04:00,L2_METHOD_COUNTRY,,,cash_in_store,MX,,0,10,127,106,21,0.8346456692913385,INSUFFICIENT_FUNDS,,0,0.0,
2026-08-31 10:04:00,L2_METHOD_COUNTRY,,,wallet,BR,,0,10,125,95,30,0.76,PROCESSOR_ERROR,INC-001,39,0.312,INC-001
2026-08-31 10:04:00,L2_METHOD_COUNTRY,,,wallet,CO,,0,10,156,145,11,0.9294871794871795,DO_NOT_HONOR,,0,0.0,
2026-08-31 10:04:00,L2_METHOD_COUNTRY,,,wallet,MX,,0,10,130,122,8,0.9384615384615385,DO_NOT_HONOR,,0,0.0,
2026-08-31 10:05:00,L2_METHOD_COUNTRY,,,PIX,BR,,0,10,157,129,28,0.821656050955414,PROCESSOR_ERROR,INC-001,55,0.3503184713375796,INC-001
2026-08-31 10:05:00,L2_METHOD_COUNTRY,,,PSE,CO,,0,10,131,117,14,0.8931297709923665,INVALID_CARD,,0,0.0,
2026-08-31 10:05:00,L2_METHOD_COUNTRY,,,card,BR,,0,10,121,94,27,0.7768595041322314,PROCESSOR_ERROR,INC-001,36,0.2975206611570248,INC-001
2026-08-31 10:05:00,L2_METHOD_COUNTRY,,,card,CO,,0,10,137,126,11,0.9197080291970803,INSUFFICIENT_FUNDS,,0,0.0,
2026-08-31 10:05:00,L2_METHOD_COUNTRY,,,card,MX,,0,10,128,112,16,0.875,ISSUER_UNAVAILABLE,INC-002,10,0.078125,INC-002
2026-08-31 10:05:00,L2_METHOD_COUNTRY,,,cash_in_store,MX,,0,10,127,108,19,0.8503937007874016,SUSPECTED_FRAUD,,0,0.0,
2026-08-31 10:05:00,L2_METHOD_COUNTRY,,,wallet,BR,,0,10,132,102,30,0.7727272727272727,PROCESSOR_ERROR,INC-001,45,0.3409090909090909,INC-001
2026-08-31 10:05:00,L2_METHOD_COUNTRY,,,wallet,CO,,0,10,132,116,16,0.8787878787878788,DO_NOT_HONOR,,0,0.0,
2026-08-31 10:05:00,L2_METHOD_COUNTRY,,,wallet,MX,,0,10,135,124,11,0.9185185185185185,DO_NOT_HONOR,,0,0.0,
2026-08-31 10:06:00,L2_METHOD_COUNTRY,,,PIX,BR,,0,10,134,109,25,0.8134328358208955,PROCESSOR_ERROR,INC-001,42,0.31343283582089554,INC-001
2026-08-31 10:06:00,L2_METHOD_COUNTRY,,,PSE,CO,,0,10,150,134,16,0.8933333333333333,INVALID_CARD,,0,0.0,
2026-08-31 10:06:00,L2_METHOD_COUNTRY,,,card,BR,,0,10,143,103,40,0.7202797202797203,PROCESSOR_ERROR,INC-001,53,0.3706293706293706,INC-001
2026-08-31 10:06:00,L2_METHOD_COUNTRY,,,card,CO,,0,10,117,107,10,0.9145299145299145,INSUFFICIENT_FUNDS,,0,0.0,
2026-08-31 10:06:00,L2_METHOD_COUNTRY,,,card,MX,,0,10,145,126,19,0.8689655172413793,DO_NOT_HONOR,INC-002,8,0.05517241379310345,INC-002
2026-08-31 10:06:00,L2_METHOD_COUNTRY,,,cash_in_store,MX,,0,10,115,95,20,0.8260869565217391,INSUFFICIENT_FUNDS,,0,0.0,
2026-08-31 10:06:00,L2_METHOD_COUNTRY,,,wallet,BR,,0,10,132,106,26,0.803030303030303,PROCESSOR_ERROR,INC-001,46,0.3484848484848485,INC-001
2026-08-31 10:06:00,L2_METHOD_COUNTRY,,,wallet,CO,,0,10,133,123,10,0.924812030075188,INVALID_CARD,,0,0.0,
2026-08-31 10:06:00,L2_METHOD_COUNTRY,,,wallet,MX,,0,10,131,122,9,0.9312977099236641,DO_NOT_HONOR,,0,0.0,
2026-08-31 10:07:00,L2_METHOD_COUNTRY,,,PIX,BR,,0,10,135,101,34,0.7481481481481481,PROCESSOR_ERROR,INC-001,55,0.4074074074074074,INC-001
2026-08-31 10:07:00,L2_METHOD_COUNTRY,,,PSE,CO,,0,10,144,125,19,0.8680555555555556,DO_NOT_HONOR,,0,0.0,
2026-08-31 10:07:00,L2_METHOD_COUNTRY,,,card,BR,,0,10,118,92,26,0.7796610169491526,PROCESSOR_ERROR,INC-001,38,0.3220338983050847,INC-001
2026-08-31 10:07:00,L2_METHOD_COUNTRY,,,card,CO,,0,10,133,120,13,0.9022556390977443,INVALID_CARD,,0,0.0,
2026-08-31 10:07:00,L2_METHOD_COUNTRY,,,card,MX,,0,10,122,110,12,0.9016393442622951,ISSUER_UNAVAILABLE,INC-002,7,0.05737704918032787,INC-002
2026-08-31 10:07:00,L2_METHOD_COUNTRY,,,cash_in_store,MX,,0,10,128,102,26,0.796875,INSUFFICIENT_FUNDS,,0,0.0,
2026-08-31 10:07:00,L2_METHOD_COUNTRY,,,wallet,BR,,0,10,137,108,29,0.7883211678832117,PROCESSOR_ERROR,INC-001,43,0.31386861313868614,INC-001
2026-08-31 10:07:00,L2_METHOD_COUNTRY,,,wallet,CO,,0,10,149,142,7,0.9530201342281879,DO_NOT_HONOR,,0,0.0,
2026-08-31 10:07:00,L2_METHOD_COUNTRY,,,wallet,MX,,0,10,134,124,10,0.9253731343283582,INSUFFICIENT_FUNDS,,0,0.0,
2026-08-31 10:08:00,L2_METHOD_COUNTRY,,,PIX,BR,,0,10,130,119,11,0.9153846153846154,INSUFFICIENT_FUNDS,,0,0.0,
2026-08-31 10:08:00,L2_METHOD_COUNTRY,,,PSE,CO,,0,10,140,125,15,0.8928571428571429,INSUFFICIENT_FUNDS,,0,0.0,
2026-08-31 10:08:00,L2_METHOD_COUNTRY,,,card,BR,,0,10,118,109,9,0.923728813559322,SUSPECTED_FRAUD,,0,0.0,
2026-08-31 10:08:00,L2_METHOD_COUNTRY,,,card,CO,,0,10,148,140,8,0.9459459459459459,INVALID_CARD,,0,0.0,
2026-08-31 10:08:00,L2_METHOD_COUNTRY,,,card,MX,,0,10,133,112,21,0.8421052631578947,ISSUER_UNAVAILABLE,INC-002,10,0.07518796992481203,INC-002
2026-08-31 10:08:00,L2_METHOD_COUNTRY,,,cash_in_store,MX,,0,10,129,105,24,0.813953488372093,INVALID_CARD,,0,0.0,
2026-08-31 10:08:00,L2_METHOD_COUNTRY,,,wallet,BR,,0,10,147,135,12,0.9183673469387755,SUSPECTED_FRAUD,,0,0.0,
2026-08-31 10:08:00,L2_METHOD_COUNTRY,,,wallet,CO,,0,10,137,128,9,0.9343065693430657,INVALID_CARD,,0,0.0,
2026-08-31 10:08:00,L2_METHOD_COUNTRY,,,wallet,MX,,0,10,118,106,12,0.8983050847457628,DO_NOT_HONOR,,0,0.0,
2026-08-31 10:09:00,L2_METHOD_COUNTRY,,,PIX,BR,,0,10,127,122,5,0.9606299212598425,DO_NOT_HONOR,,0,0.0,
2026-08-31 10:09:00,L2_METHOD_COUNTRY,,,PSE,CO,,0,10,134,120,14,0.8955223880597015,SUSPECTED_FRAUD,,0,0.0,
2026-08-31 10:09:00,L2_METHOD_COUNTRY,,,card,BR,,0,10,120,108,12,0.9,SUSPECTED_FRAUD,,0,0.0,
2026-08-31 10:09:00,L2_METHOD_COUNTRY,,,card,CO,,0,10,143,127,16,0.8881118881118881,DO_NOT_HONOR,,0,0.0,
2026-08-31 10:09:00,L2_METHOD_COUNTRY,,,card,MX,,0,10,122,112,10,0.9180327868852459,SUSPECTED_FRAUD,,0,0.0,
2026-08-31 10:09:00,L2_METHOD_COUNTRY,,,cash_in_store,MX,,0,10,130,115,15,0.8846153846153846,INVALID_CARD,,0,0.0,
2026-08-31 10:09:00,L2_METHOD_COUNTRY,,,wallet,BR,,0,10,137,127,10,0.927007299270073,DO_NOT_HONOR,,0,0.0,
2026-08-31 10:09:00,L2_METHOD_COUNTRY,,,wallet,CO,,0,10,138,124,14,0.8985507246376812,SUSPECTED_FRAUD,,0,0.0,
2026-08-31 10:09:00,L2_METHOD_COUNTRY,,,wallet,MX,,0,10,149,139,10,0.9328859060402684,DO_NOT_HONOR,,0,0.0,
2026-08-31 10:10:00,L2_METHOD_COUNTRY,,,PIX,BR,,0,10,136,128,8,0.9411764705882353,INSUFFICIENT_FUNDS,,0,0.0,
2026-08-31 10:10:00,L2_METHOD_COUNTRY,,,PSE,CO,,0,10,108,95,13,0.8796296296296297,SUSPECTED_FRAUD,,0,0.0,
2026-08-31 10:10:00,L2_METHOD_COUNTRY,,,card,BR,,0,10,126,111,15,0.8809523809523809,INSUFFICIENT_FUNDS,,0,0.0,
2026-08-31 10:10:00,L2_METHOD_COUNTRY,,,card,CO,,0,10,140,126,14,0.9,DO_NOT_HONOR,,0,0.0,
2026-08-31 10:10:00,L2_METHOD_COUNTRY,,,card,MX,,0,10,132,122,10,0.9242424242424242,INSUFFICIENT_FUNDS,,0,0.0,
2026-08-31 10:10:00,L2_METHOD_COUNTRY,,,cash_in_store,MX,,0,10,129,116,13,0.8992248062015504,INVALID_CARD,,0,0.0,
2026-08-31 10:10:00,L2_METHOD_COUNTRY,,,wallet,BR,,0,10,131,118,13,0.9007633587786259,DO_NOT_HONOR,,0,0.0,
2026-08-31 10:10:00,L2_METHOD_COUNTRY,,,wallet,CO,,0,10,138,121,17,0.8768115942028986,DO_NOT_HONOR,,0,0.0,
2026-08-31 10:10:00,L2_METHOD_COUNTRY,,,wallet,MX,,0,10,160,145,15,0.90625,SUSPECTED_FRAUD,,0,0.0,
2026-08-31 10:11:00,L2_METHOD_COUNTRY,,,PIX,BR,,0,10,135,132,3,0.9777777777777777,DO_NOT_HONOR,,0,0.0,
2026-08-31 10:11:00,L2_METHOD_COUNTRY,,,PSE,CO,,0,10,128,108,20,0.84375,INSUFFICIENT_FUNDS,,0,0.0,
2026-08-31 10:11:00,L2_METHOD_COUNTRY,,,card,BR,,0,10,127,115,12,0.905511811023622,DO_NOT_HONOR,,0,0.0,
2026-08-31 10:11:00,L2_METHOD_COUNTRY,,,card,CO,,0,10,130,116,14,0.8923076923076924,INVALID_CARD,,0,0.0,
2026-08-31 10:11:00,L2_METHOD_COUNTRY,,,card,MX,,0,10,143,127,16,0.8881118881118881,DO_NOT_HONOR,,0,0.0,
2026-08-31 10:11:00,L2_METHOD_COUNTRY,,,cash_in_store,MX,,0,10,137,116,21,0.8467153284671532,DO_NOT_HONOR,,0,0.0,
2026-08-31 10:11:00,L2_METHOD_COUNTRY,,,wallet,BR,,0,10,133,119,14,0.8947368421052632,DO_NOT_HONOR,,0,0.0,
2026-08-31 10:11:00,L2_METHOD_COUNTRY,,,wallet,CO,,0,10,127,121,6,0.952755905511811,INSUFFICIENT_FUNDS,,0,0.0,
2026-08-31 10:11:00,L2_METHOD_COUNTRY,,,wallet,MX,,0,10,140,130,10,0.9285714285714286,SUSPECTED_FRAUD,,0,0.0,
2026-08-31 10:00:00,L3_MERCHANT_COUNTRY,Merchant_A,,,BR,,0,10,150,139,11,0.9266666666666666,INVALID_CARD,,0,0.0,
2026-08-31 10:00:00,L3_MERCHANT_COUNTRY,Merchant_A,,,CO,,0,10,138,125,13,0.9057971014492754,INSUFFICIENT_FUNDS,,0,0.0,
2026-08-31 10:00:00,L3_MERCHANT_COUNTRY,Merchant_A,,,MX,,0,10,128,113,15,0.8828125,SUSPECTED_FRAUD,,0,0.0,
2026-08-31 10:00:00,L3_MERCHANT_COUNTRY,Merchant_B,,,BR,,0,10,134,125,9,0.9328358208955224,INVALID_CARD,,0,0.0,
2026-08-31 10:00:00,L3_MERCHANT_COUNTRY,Merchant_B,,,CO,,0,10,134,123,11,0.917910447761194,INSUFFICIENT_FUNDS,,0,0.0,
2026-08-31 10:00:00,L3_MERCHANT_COUNTRY,Merchant_B,,,MX,,0,10,124,108,16,0.8709677419354839,INVALID_CARD,,0,0.0,
2026-08-31 10:00:00,L3_MERCHANT_COUNTRY,Merchant_C,,,BR,,0,10,132,122,10,0.9242424242424242,INSUFFICIENT_FUNDS,,0,0.0,
2026-08-31 10:00:00,L3_MERCHANT_COUNTRY,Merchant_C,,,CO,,0,10,127,110,17,0.8661417322834646,SUSPECTED_FRAUD,,0,0.0,
2026-08-31 10:00:00,L3_MERCHANT_COUNTRY,Merchant_C,,,MX,,0,10,133,113,20,0.849624060150376,INVALID_CARD,,0,0.0,
2026-08-31 10:01:00,L3_MERCHANT_COUNTRY,Merchant_A,,,BR,,0,10,131,124,7,0.9465648854961832,INVALID_CARD,,0,0.0,
2026-08-31 10:01:00,L3_MERCHANT_COUNTRY,Merchant_A,,,CO,,0,10,140,127,13,0.9071428571428571,SUSPECTED_FRAUD,,0,0.0,
2026-08-31 10:01:00,L3_MERCHANT_COUNTRY,Merchant_A,,,MX,,0,10,136,121,15,0.8897058823529411,SUSPECTED_FRAUD,,0,0.0,
2026-08-31 10:01:00,L3_MERCHANT_COUNTRY,Merchant_B,,,BR,,0,10,130,116,14,0.8923076923076924,DO_NOT_HONOR,,0,0.0,
2026-08-31 10:01:00,L3_MERCHANT_COUNTRY,Merchant_B,,,CO,,0,10,129,117,12,0.9069767441860465,INSUFFICIENT_FUNDS,,0,0.0,
2026-08-31 10:01:00,L3_MERCHANT_COUNTRY,Merchant_B,,,MX,,0,10,139,117,22,0.841726618705036,INSUFFICIENT_FUNDS,,0,0.0,
2026-08-31 10:01:00,L3_MERCHANT_COUNTRY,Merchant_C,,,BR,,0,10,132,124,8,0.9393939393939394,INSUFFICIENT_FUNDS,,0,0.0,
2026-08-31 10:01:00,L3_MERCHANT_COUNTRY,Merchant_C,,,CO,,0,10,134,124,10,0.9253731343283582,INSUFFICIENT_FUNDS,,0,0.0,
2026-08-31 10:01:00,L3_MERCHANT_COUNTRY,Merchant_C,,,MX,,0,10,129,115,14,0.8914728682170543,DO_NOT_HONOR,,0,0.0,
2026-08-31 10:02:00,L3_MERCHANT_COUNTRY,Merchant_A,,,BR,,0,10,163,148,15,0.9079754601226994,DO_NOT_HONOR,,0,0.0,
2026-08-31 10:02:00,L3_MERCHANT_COUNTRY,Merchant_A,,,CO,,0,10,132,118,14,0.8939393939393939,INSUFFICIENT_FUNDS,,0,0.0,
2026-08-31 10:02:00,L3_MERCHANT_COUNTRY,Merchant_A,,,MX,,0,10,129,117,12,0.9069767441860465,DO_NOT_HONOR,,0,0.0,
2026-08-31 10:02:00,L3_MERCHANT_COUNTRY,Merchant_B,,,BR,,0,10,141,135,6,0.9574468085106383,DO_NOT_HONOR,,0,0.0,
2026-08-31 10:02:00,L3_MERCHANT_COUNTRY,Merchant_B,,,CO,,0,10,136,120,16,0.8823529411764706,DO_NOT_HONOR,,0,0.0,
2026-08-31 10:02:00,L3_MERCHANT_COUNTRY,Merchant_B,,,MX,,0,10,141,125,16,0.8865248226950354,SUSPECTED_FRAUD,,0,0.0,
2026-08-31 10:02:00,L3_MERCHANT_COUNTRY,Merchant_C,,,BR,,0,10,122,111,11,0.9098360655737705,SUSPECTED_FRAUD,,0,0.0,
2026-08-31 10:02:00,L3_MERCHANT_COUNTRY,Merchant_C,,,CO,,0,10,119,105,14,0.8823529411764706,DO_NOT_HONOR,,0,0.0,
2026-08-31 10:02:00,L3_MERCHANT_COUNTRY,Merchant_C,,,MX,,0,10,117,104,13,0.8888888888888888,SUSPECTED_FRAUD,,0,0.0,
2026-08-31 10:03:00,L3_MERCHANT_COUNTRY,Merchant_A,,,BR,,0,10,138,109,29,0.7898550724637681,PROCESSOR_ERROR,INC-001,43,0.3115942028985507,INC-001
2026-08-31 10:03:00,L3_MERCHANT_COUNTRY,Merchant_A,,,CO,,0,10,133,122,11,0.9172932330827067,DO_NOT_HONOR,,0,0.0,
2026-08-31 10:03:00,L3_MERCHANT_COUNTRY,Merchant_A,,,MX,,0,10,149,138,11,0.9261744966442953,SUSPECTED_FRAUD,,0,0.0,
2026-08-31 10:03:00,L3_MERCHANT_COUNTRY,Merchant_B,,,BR,,0,10,137,105,32,0.7664233576642335,PROCESSOR_ERROR,INC-001,37,0.27007299270072993,INC-001
2026-08-31 10:03:00,L3_MERCHANT_COUNTRY,Merchant_B,,,CO,,0,10,124,113,11,0.9112903225806451,DO_NOT_HONOR,,0,0.0,
2026-08-31 10:03:00,L3_MERCHANT_COUNTRY,Merchant_B,,,MX,,0,10,130,117,13,0.9,DO_NOT_HONOR,,0,0.0,
2026-08-31 10:03:00,L3_MERCHANT_COUNTRY,Merchant_C,,,BR,,0,10,122,100,22,0.819672131147541,PROCESSOR_ERROR,INC-001,39,0.319672131147541,INC-001
2026-08-31 10:03:00,L3_MERCHANT_COUNTRY,Merchant_C,,,CO,,0,10,132,119,13,0.9015151515151515,INSUFFICIENT_FUNDS,,0,0.0,
2026-08-31 10:03:00,L3_MERCHANT_COUNTRY,Merchant_C,,,MX,,0,10,135,118,17,0.8740740740740741,DO_NOT_HONOR,,0,0.0,
2026-08-31 10:04:00,L3_MERCHANT_COUNTRY,Merchant_A,,,BR,,0,10,141,110,31,0.7801418439716312,PROCESSOR_ERROR,INC-001,50,0.3546099290780142,INC-001
2026-08-31 10:04:00,L3_MERCHANT_COUNTRY,Merchant_A,,,CO,,0,10,134,122,12,0.9104477611940298,DO_NOT_HONOR,,0,0.0,
2026-08-31 10:04:00,L3_MERCHANT_COUNTRY,Merchant_A,,,MX,,0,10,136,115,21,0.8455882352941176,ISSUER_UNAVAILABLE,INC-002,7,0.051470588235294115,INC-002
2026-08-31 10:04:00,L3_MERCHANT_COUNTRY,Merchant_B,,,BR,,0,10,121,101,20,0.8347107438016529,PROCESSOR_ERROR,INC-001,39,0.32231404958677684,INC-001
2026-08-31 10:04:00,L3_MERCHANT_COUNTRY,Merchant_B,,,CO,,0,10,156,140,16,0.8974358974358975,INSUFFICIENT_FUNDS,,0,0.0,
2026-08-31 10:04:00,L3_MERCHANT_COUNTRY,Merchant_B,,,MX,,0,10,123,105,18,0.8536585365853658,DO_NOT_HONOR,,0,0.0,
2026-08-31 10:04:00,L3_MERCHANT_COUNTRY,Merchant_C,,,BR,,0,10,112,96,16,0.8571428571428571,PROCESSOR_ERROR,INC-001,36,0.32142857142857145,INC-001
2026-08-31 10:04:00,L3_MERCHANT_COUNTRY,Merchant_C,,,CO,,0,10,149,134,15,0.8993288590604027,INVALID_CARD,,0,0.0,
2026-08-31 10:04:00,L3_MERCHANT_COUNTRY,Merchant_C,,,MX,,0,10,128,119,9,0.9296875,INVALID_CARD,,0,0.0,
2026-08-31 10:05:00,L3_MERCHANT_COUNTRY,Merchant_A,,,BR,,0,10,139,106,33,0.762589928057554,PROCESSOR_ERROR,INC-001,52,0.37410071942446044,INC-001
2026-08-31 10:05:00,L3_MERCHANT_COUNTRY,Merchant_A,,,CO,,0,10,129,116,13,0.8992248062015504,INSUFFICIENT_FUNDS,,0,0.0,
2026-08-31 10:05:00,L3_MERCHANT_COUNTRY,Merchant_A,,,MX,,0,10,130,109,21,0.8384615384615385,ISSUER_UNAVAILABLE,INC-002,10,0.07692307692307693,INC-002
2026-08-31 10:05:00,L3_MERCHANT_COUNTRY,Merchant_B,,,BR,,0,10,146,119,27,0.815068493150685,PROCESSOR_ERROR,INC-001,44,0.3013698630136986,INC-001
2026-08-31 10:05:00,L3_MERCHANT_COUNTRY,Merchant_B,,,CO,,0,10,132,120,12,0.9090909090909091,SUSPECTED_FRAUD,,0,0.0,
2026-08-31 10:05:00,L3_MERCHANT_COUNTRY,Merchant_B,,,MX,,0,10,120,106,14,0.8833333333333333,SUSPECTED_FRAUD,,0,0.0,
2026-08-31 10:05:00,L3_MERCHANT_COUNTRY,Merchant_C,,,BR,,0,10,125,100,25,0.8,PROCESSOR_ERROR,INC-001,40,0.32,INC-001
2026-08-31 10:05:00,L3_MERCHANT_COUNTRY,Merchant_C,,,CO,,0,10,139,123,16,0.8848920863309353,INSUFFICIENT_FUNDS,,0,0.0,
2026-08-31 10:05:00,L3_MERCHANT_COUNTRY,Merchant_C,,,MX,,0,10,140,129,11,0.9214285714285714,DO_NOT_HONOR,,0,0.0,
2026-08-31 10:06:00,L3_MERCHANT_COUNTRY,Merchant_A,,,BR,,0,10,136,107,29,0.7867647058823529,PROCESSOR_ERROR,INC-001,54,0.39705882352941174,INC-001
2026-08-31 10:06:00,L3_MERCHANT_COUNTRY,Merchant_A,,,CO,,0,10,140,132,8,0.9428571428571428,SUSPECTED_FRAUD,,0,0.0,
2026-08-31 10:06:00,L3_MERCHANT_COUNTRY,Merchant_A,,,MX,,0,10,126,109,17,0.8650793650793651,ISSUER_UNAVAILABLE,INC-002,8,0.06349206349206349,INC-002
2026-08-31 10:06:00,L3_MERCHANT_COUNTRY,Merchant_B,,,BR,,0,10,129,95,34,0.7364341085271318,PROCESSOR_ERROR,INC-001,40,0.31007751937984496,INC-001
2026-08-31 10:06:00,L3_MERCHANT_COUNTRY,Merchant_B,,,CO,,0,10,138,119,19,0.8623188405797102,INVALID_CARD,,0,0.0,
2026-08-31 10:06:00,L3_MERCHANT_COUNTRY,Merchant_B,,,MX,,0,10,148,129,19,0.8716216216216216,INSUFFICIENT_FUNDS,,0,0.0,
2026-08-31 10:06:00,L3_MERCHANT_COUNTRY,Merchant_C,,,BR,,0,10,144,116,28,0.8055555555555556,PROCESSOR_ERROR,INC-001,47,0.3263888888888889,INC-001
2026-08-31 10:06:00,L3_MERCHANT_COUNTRY,Merchant_C,,,CO,,0,10,122,113,9,0.9262295081967213,INSUFFICIENT_FUNDS,,0,0.0,
2026-08-31 10:06:00,L3_MERCHANT_COUNTRY,Merchant_C,,,MX,,0,10,117,105,12,0.8974358974358975,DO_NOT_HONOR,,0,0.0,
2026-08-31 10:07:00,L3_MERCHANT_COUNTRY,Merchant_A,,,BR,,0,10,130,103,27,0.7923076923076923,PROCESSOR_ERROR,INC-001,45,0.34615384615384615,INC-001
2026-08-31 10:07:00,L3_MERCHANT_COUNTRY,Merchant_A,,,CO,,0,10,162,143,19,0.8827160493827161,DO_NOT_HONOR,,0,0.0,
2026-08-31 10:07:00,L3_MERCHANT_COUNTRY,Merchant_A,,,MX,,0,10,126,109,17,0.8650793650793651,INSUFFICIENT_FUNDS,INC-002,7,0.05555555555555555,INC-002
2026-08-31 10:07:00,L3_MERCHANT_COUNTRY,Merchant_B,,,BR,,0,10,130,101,29,0.7769230769230769,PROCESSOR_ERROR,INC-001,44,0.3384615384615385,INC-001
2026-08-31 10:07:00,L3_MERCHANT_COUNTRY,Merchant_B,,,CO,,0,10,140,130,10,0.9285714285714286,INSUFFICIENT_FUNDS,,0,0.0,
2026-08-31 10:07:00,L3_MERCHANT_COUNTRY,Merchant_B,,,MX,,0,10,122,105,17,0.860655737704918,INSUFFICIENT_FUNDS,,0,0.0,
2026-08-31 10:07:00,L3_MERCHANT_COUNTRY,Merchant_C,,,BR,,0,10,130,97,33,0.7461538461538462,PROCESSOR_ERROR,INC-001,47,0.36153846153846153,INC-001
2026-08-31 10:07:00,L3_MERCHANT_COUNTRY,Merchant_C,,,CO,,0,10,124,114,10,0.9193548387096774,INVALID_CARD,,0,0.0,
2026-08-31 10:07:00,L3_MERCHANT_COUNTRY,Merchant_C,,,MX,,0,10,136,122,14,0.8970588235294118,INSUFFICIENT_FUNDS,,0,0.0,
2026-08-31 10:08:00,L3_MERCHANT_COUNTRY,Merchant_A,,,BR,,0,10,131,120,11,0.916030534351145,SUSPECTED_FRAUD,,0,0.0,
2026-08-31 10:08:00,L3_MERCHANT_COUNTRY,Merchant_A,,,CO,,0,10,142,130,12,0.9154929577464789,INSUFFICIENT_FUNDS,,0,0.0,
2026-08-31 10:08:00,L3_MERCHANT_COUNTRY,Merchant_A,,,MX,,0,10,139,111,28,0.7985611510791367,ISSUER_UNAVAILABLE,INC-002,10,0.07194244604316546,INC-002
2026-08-31 10:08:00,L3_MERCHANT_COUNTRY,Merchant_B,,,BR,,0,10,129,120,9,0.9302325581395349,INSUFFICIENT_FUNDS,,0,0.0,
2026-08-31 10:08:00,L3_MERCHANT_COUNTRY,Merchant_B,,,CO,,0,10,143,133,10,0.9300699300699301,DO_NOT_HONOR,,0,0.0,
2026-08-31 10:08:00,L3_MERCHANT_COUNTRY,Merchant_B,,,MX,,0,10,114,97,17,0.8508771929824561,INSUFFICIENT_FUNDS,,0,0.0,
2026-08-31 10:08:00,L3_MERCHANT_COUNTRY,Merchant_C,,,BR,,0,10,135,123,12,0.9111111111111111,SUSPECTED_FRAUD,,0,0.0,
2026-08-31 10:08:00,L3_MERCHANT_COUNTRY,Merchant_C,,,CO,,0,10,140,130,10,0.9285714285714286,INVALID_CARD,,0,0.0,
2026-08-31 10:08:00,L3_MERCHANT_COUNTRY,Merchant_C,,,MX,,0,10,127,115,12,0.905511811023622,DO_NOT_HONOR,,0,0.0,
2026-08-31 10:09:00,L3_MERCHANT_COUNTRY,Merchant_A,,,BR,,0,10,111,103,8,0.9279279279279279,DO_NOT_HONOR,,0,0.0,
2026-08-31 10:09:00,L3_MERCHANT_COUNTRY,Merchant_A,,,CO,,0,10,145,128,17,0.8827586206896552,SUSPECTED_FRAUD,,0,0.0,
2026-08-31 10:09:00,L3_MERCHANT_COUNTRY,Merchant_A,,,MX,,0,10,145,136,9,0.9379310344827586,INVALID_CARD,,0,0.0,
2026-08-31 10:09:00,L3_MERCHANT_COUNTRY,Merchant_B,,,BR,,0,10,129,118,11,0.9147286821705426,DO_NOT_HONOR,,0,0.0,
2026-08-31 10:09:00,L3_MERCHANT_COUNTRY,Merchant_B,,,CO,,0,10,139,126,13,0.9064748201438849,DO_NOT_HONOR,,0,0.0,
2026-08-31 10:09:00,L3_MERCHANT_COUNTRY,Merchant_B,,,MX,,0,10,139,120,19,0.8633093525179856,DO_NOT_HONOR,,0,0.0,
2026-08-31 10:09:00,L3_MERCHANT_COUNTRY,Merchant_C,,,BR,,0,10,144,136,8,0.9444444444444444,INSUFFICIENT_FUNDS,,0,0.0,
2026-08-31 10:09:00,L3_MERCHANT_COUNTRY,Merchant_C,,,CO,,0,10,131,117,14,0.8931297709923665,INVALID_CARD,,0,0.0,
2026-08-31 10:09:00,L3_MERCHANT_COUNTRY,Merchant_C,,,MX,,0,10,117,110,7,0.9401709401709402,SUSPECTED_FRAUD,,0,0.0,
2026-08-31 10:10:00,L3_MERCHANT_COUNTRY,Merchant_A,,,BR,,0,10,138,121,17,0.8768115942028986,INSUFFICIENT_FUNDS,,0,0.0,
2026-08-31 10:10:00,L3_MERCHANT_COUNTRY,Merchant_A,,,CO,,0,10,121,106,15,0.8760330578512396,DO_NOT_HONOR,,0,0.0,
2026-08-31 10:10:00,L3_MERCHANT_COUNTRY,Merchant_A,,,MX,,0,10,149,140,9,0.9395973154362416,DO_NOT_HONOR,,0,0.0,
2026-08-31 10:10:00,L3_MERCHANT_COUNTRY,Merchant_B,,,BR,,0,10,127,117,10,0.9212598425196851,DO_NOT_HONOR,,0,0.0,
2026-08-31 10:10:00,L3_MERCHANT_COUNTRY,Merchant_B,,,CO,,0,10,130,116,14,0.8923076923076924,INVALID_CARD,,0,0.0,
2026-08-31 10:10:00,L3_MERCHANT_COUNTRY,Merchant_B,,,MX,,0,10,136,120,16,0.8823529411764706,INVALID_CARD,,0,0.0,
2026-08-31 10:10:00,L3_MERCHANT_COUNTRY,Merchant_C,,,BR,,0,10,128,119,9,0.9296875,SUSPECTED_FRAUD,,0,0.0,
2026-08-31 10:10:00,L3_MERCHANT_COUNTRY,Merchant_C,,,CO,,0,10,135,120,15,0.8888888888888888,SUSPECTED_FRAUD,,0,0.0,
2026-08-31 10:10:00,L3_MERCHANT_COUNTRY,Merchant_C,,,MX,,0,10,136,123,13,0.9044117647058824,INSUFFICIENT_FUNDS,,0,0.0,
2026-08-31 10:11:00,L3_MERCHANT_COUNTRY,Merchant_A,,,BR,,0,10,121,109,12,0.9008264462809917,DO_NOT_HONOR,,0,0.0,
2026-08-31 10:11:00,L3_MERCHANT_COUNTRY,Merchant_A,,,CO,,0,10,153,135,18,0.8823529411764706,SUSPECTED_FRAUD,,0,0.0,
2026-08-31 10:11:00,L3_MERCHANT_COUNTRY,Merchant_A,,,MX,,0,10,128,115,13,0.8984375,SUSPECTED_FRAUD,,0,0.0,
2026-08-31 10:11:00,L3_MERCHANT_COUNTRY,Merchant_B,,,BR,,0,10,143,133,10,0.9300699300699301,DO_NOT_HONOR,,0,0.0,
2026-08-31 10:11:00,L3_MERCHANT_COUNTRY,Merchant_B,,,CO,,0,10,124,111,13,0.8951612903225806,INSUFFICIENT_FUNDS,,0,0.0,
2026-08-31 10:11:00,L3_MERCHANT_COUNTRY,Merchant_B,,,MX,,0,10,137,120,17,0.8759124087591241,SUSPECTED_FRAUD,,0,0.0,
2026-08-31 10:11:00,L3_MERCHANT_COUNTRY,Merchant_C,,,BR,,0,10,131,124,7,0.9465648854961832,SUSPECTED_FRAUD,,0,0.0,
2026-08-31 10:11:00,L3_MERCHANT_COUNTRY,Merchant_C,,,CO,,0,10,108,99,9,0.9166666666666666,INSUFFICIENT_FUNDS,,0,0.0,
2026-08-31 10:11:00,L3_MERCHANT_COUNTRY,Merchant_C,,,MX,,0,10,155,138,17,0.8903225806451613,SUSPECTED_FRAUD,,0,0.0,
2026-08-31 10:00:00,L4_BANK_COUNTRY,,,,MX,BBVA,0,10,41,39,2,0.9512195121951219,DO_NOT_HONOR,,0,0.0,
2026-08-31 10:00:00,L4_BANK_COUNTRY,,,,CO,Banco de Bogota,0,10,45,39,6,0.8666666666666667,DO_NOT_HONOR,,0,0.0,
2026-08-31 10:00:00,L4_BANK_COUNTRY,,,,BR,Banco do Brasil,0,10,30,26,4,0.8666666666666667,DO_NOT_HONOR,,0,0.0,
2026-08-31 10:00:00,L4_BANK_COUNTRY,,,,CO,Bancolombia,0,10,41,34,7,0.8292682926829268,INSUFFICIENT_FUNDS,,0,0.0,
2026-08-31 10:00:00,L4_BANK_COUNTRY,,,,MX,Banorte,0,10,25,18,7,0.72,INVALID_CARD,,0,0.0,
2026-08-31 10:00:00,L4_BANK_COUNTRY,,,,BR,Bradesco,0,10,33,33,0,1.0,,,0,0.0,
2026-08-31 10:00:00,L4_BANK_COUNTRY,,,,MX,Citibanamex,0,10,34,27,7,0.7941176470588235,DO_NOT_HONOR,,0,0.0,
2026-08-31 10:00:00,L4_BANK_COUNTRY,,,,CO,Davivienda,0,10,44,43,1,0.9772727272727273,INVALID_CARD,,0,0.0,
2026-08-31 10:00:00,L4_BANK_COUNTRY,,,,BR,Itau,0,10,30,28,2,0.9333333333333333,INVALID_CARD,,0,0.0,
2026-08-31 10:00:00,L4_BANK_COUNTRY,,,,BR,Nubank,0,10,39,33,6,0.8461538461538461,INVALID_CARD,,0,0.0,
2026-08-31 10:00:00,L4_BANK_COUNTRY,,,,MX,Santander,0,10,29,27,2,0.9310344827586207,INSUFFICIENT_FUNDS,,0,0.0,
2026-08-31 10:00:00,L4_BANK_COUNTRY,,,,BR,,0,10,284,266,18,0.9366197183098591,DO_NOT_HONOR,,0,0.0,
2026-08-31 10:00:00,L4_BANK_COUNTRY,,,,CO,,0,10,269,242,27,0.8996282527881041,INSUFFICIENT_FUNDS,,0,0.0,
2026-08-31 10:00:00,L4_BANK_COUNTRY,,,,MX,,0,10,256,223,33,0.87109375,INVALID_CARD,,0,0.0,
2026-08-31 10:01:00,L4_BANK_COUNTRY,,,,MX,BBVA,0,10,32,29,3,0.90625,DO_NOT_HONOR,,0,0.0,
2026-08-31 10:01:00,L4_BANK_COUNTRY,,,,CO,Banco de Bogota,0,10,44,40,4,0.9090909090909091,INSUFFICIENT_FUNDS,,0,0.0,
2026-08-31 10:01:00,L4_BANK_COUNTRY,,,,BR,Banco do Brasil,0,10,26,24,2,0.9230769230769231,INSUFFICIENT_FUNDS,,0,0.0,
2026-08-31 10:01:00,L4_BANK_COUNTRY,,,,CO,Bancolombia,0,10,46,42,4,0.9130434782608695,INVALID_CARD,,0,0.0,
2026-08-31 10:01:00,L4_BANK_COUNTRY,,,,MX,Banorte,0,10,42,37,5,0.8809523809523809,INSUFFICIENT_FUNDS,,0,0.0,
2026-08-31 10:01:00,L4_BANK_COUNTRY,,,,BR,Bradesco,0,10,25,22,3,0.88,DO_NOT_HONOR,,0,0.0,
2026-08-31 10:01:00,L4_BANK_COUNTRY,,,,MX,Citibanamex,0,10,29,26,3,0.896551724137931,SUSPECTED_FRAUD,,0,0.0,
2026-08-31 10:01:00,L4_BANK_COUNTRY,,,,CO,Davivienda,0,10,35,31,4,0.8857142857142857,SUSPECTED_FRAUD,,0,0.0,
2026-08-31 10:01:00,L4_BANK_COUNTRY,,,,BR,Itau,0,10,36,33,3,0.9166666666666666,DO_NOT_HONOR,,0,0.0,
2026-08-31 10:01:00,L4_BANK_COUNTRY,,,,BR,Nubank,0,10,40,37,3,0.925,INSUFFICIENT_FUNDS,,0,0.0,
2026-08-31 10:01:00,L4_BANK_COUNTRY,,,,MX,Santander,0,10,40,37,3,0.925,DO_NOT_HONOR,,0,0.0,
2026-08-31 10:01:00,L4_BANK_COUNTRY,,,,BR,,0,10,266,248,18,0.9323308270676691,INSUFFICIENT_FUNDS,,0,0.0,
2026-08-31 10:01:00,L4_BANK_COUNTRY,,,,CO,,0,10,278,255,23,0.9172661870503597,INVALID_CARD,,0,0.0,
2026-08-31 10:01:00,L4_BANK_COUNTRY,,,,MX,,0,10,261,224,37,0.8582375478927203,INSUFFICIENT_FUNDS,,0,0.0,
2026-08-31 10:02:00,L4_BANK_COUNTRY,,,,MX,BBVA,0,10,40,36,4,0.9,SUSPECTED_FRAUD,,0,0.0,
2026-08-31 10:02:00,L4_BANK_COUNTRY,,,,CO,Banco de Bogota,0,10,53,46,7,0.8679245283018868,SUSPECTED_FRAUD,,0,0.0,
2026-08-31 10:02:00,L4_BANK_COUNTRY,,,,BR,Banco do Brasil,0,10,42,37,5,0.8809523809523809,DO_NOT_HONOR,,0,0.0,
2026-08-31 10:02:00,L4_BANK_COUNTRY,,,,CO,Bancolombia,0,10,40,35,5,0.875,DO_NOT_HONOR,,0,0.0,
2026-08-31 10:02:00,L4_BANK_COUNTRY,,,,MX,Banorte,0,10,42,39,3,0.9285714285714286,SUSPECTED_FRAUD,,0,0.0,
2026-08-31 10:02:00,L4_BANK_COUNTRY,,,,BR,Bradesco,0,10,29,29,0,1.0,,,0,0.0,
2026-08-31 10:02:00,L4_BANK_COUNTRY,,,,MX,Citibanamex,0,10,21,18,3,0.8571428571428571,INSUFFICIENT_FUNDS,,0,0.0,
2026-08-31 10:02:00,L4_BANK_COUNTRY,,,,CO,Davivienda,0,10,45,39,6,0.8666666666666667,INSUFFICIENT_FUNDS,,0,0.0,
2026-08-31 10:02:00,L4_BANK_COUNTRY,,,,BR,Itau,0,10,35,29,6,0.8285714285714286,SUSPECTED_FRAUD,,0,0.0,
2026-08-31 10:02:00,L4_BANK_COUNTRY,,,,BR,Nubank,0,10,30,28,2,0.9333333333333333,DO_NOT_HONOR,,0,0.0,
2026-08-31 10:02:00,L4_BANK_COUNTRY,,,,MX,Santander,0,10,36,29,7,0.8055555555555556,SUSPECTED_FRAUD,,0,0.0,
2026-08-31 10:02:00,L4_BANK_COUNTRY,,,,BR,,0,10,290,271,19,0.9344827586206896,INSUFFICIENT_FUNDS,,0,0.0,
2026-08-31 10:02:00,L4_BANK_COUNTRY,,,,CO,,0,10,249,223,26,0.8955823293172691,INSUFFICIENT_FUNDS,,0,0.0,
2026-08-31 10:02:00,L4_BANK_COUNTRY,,,,MX,,0,10,248,224,24,0.9032258064516129,SUSPECTED_FRAUD,,0,0.0,
2026-08-31 10:03:00,L4_BANK_COUNTRY,,,,MX,BBVA,0,10,35,34,1,0.9714285714285714,DO_NOT_HONOR,,0,0.0,
2026-08-31 10:03:00,L4_BANK_COUNTRY,,,,CO,Banco de Bogota,0,10,36,34,2,0.9444444444444444,INSUFFICIENT_FUNDS,,0,0.0,
2026-08-31 10:03:00,L4_BANK_COUNTRY,,,,BR,Banco do Brasil,0,10,33,25,8,0.7575757575757576,PROCESSOR_ERROR,INC-001,10,0.30303030303030304,INC-001
2026-08-31 10:03:00,L4_BANK_COUNTRY,,,,CO,Bancolombia,0,10,59,55,4,0.9322033898305084,INVALID_CARD,,0,0.0,
2026-08-31 10:03:00,L4_BANK_COUNTRY,,,,MX,Banorte,0,10,31,30,1,0.967741935483871,SUSPECTED_FRAUD,,0,0.0,
2026-08-31 10:03:00,L4_BANK_COUNTRY,,,,BR,Bradesco,0,10,32,27,5,0.84375,INSUFFICIENT_FUNDS,INC-001,4,0.125,INC-001
2026-08-31 10:03:00,L4_BANK_COUNTRY,,,,MX,Citibanamex,0,10,43,31,12,0.7209302325581395,SUSPECTED_FRAUD,,0,0.0,
2026-08-31 10:03:00,L4_BANK_COUNTRY,,,,CO,Davivienda,0,10,32,30,2,0.9375,INSUFFICIENT_FUNDS,,0,0.0,
2026-08-31 10:03:00,L4_BANK_COUNTRY,,,,BR,Itau,0,10,25,21,4,0.84,PROCESSOR_ERROR,INC-001,8,0.32,INC-001
2026-08-31 10:03:00,L4_BANK_COUNTRY,,,,BR,Nubank,0,10,39,32,7,0.8205128205128205,PROCESSOR_ERROR,INC-001,7,0.1794871794871795,INC-001
2026-08-31 10:03:00,L4_BANK_COUNTRY,,,,MX,Santander,0,10,34,32,2,0.9411764705882353,INVALID_CARD,,0,0.0,
2026-08-31 10:03:00,L4_BANK_COUNTRY,,,,BR,,0,10,268,209,59,0.7798507462686567,PROCESSOR_ERROR,INC-001,90,0.3358208955223881,INC-001
2026-08-31 10:03:00,L4_BANK_COUNTRY,,,,CO,,0,10,262,235,27,0.8969465648854962,DO_NOT_HONOR,,0,0.0,
2026-08-31 10:03:00,L4_BANK_COUNTRY,,,,MX,,0,10,271,246,25,0.9077490774907749,DO_NOT_HONOR,,0,0.0,
2026-08-31 10:04:00,L4_BANK_COUNTRY,,,,MX,BBVA,0,10,30,23,7,0.7666666666666667,ISSUER_UNAVAILABLE,INC-002,7,0.23333333333333334,INC-002
2026-08-31 10:04:00,L4_BANK_COUNTRY,,,,CO,Banco de Bogota,0,10,58,54,4,0.9310344827586207,DO_NOT_HONOR,,0,0.0,
2026-08-31 10:04:00,L4_BANK_COUNTRY,,,,BR,Banco do Brasil,0,10,29,27,2,0.9310344827586207,DO_NOT_HONOR,INC-001,7,0.2413793103448276,INC-001
2026-08-31 10:04:00,L4_BANK_COUNTRY,,,,CO,Bancolombia,0,10,35,28,7,0.8,INSUFFICIENT_FUNDS,,0,0.0,
2026-08-31 10:04:00,L4_BANK_COUNTRY,,,,MX,Banorte,0,10,31,27,4,0.8709677419354839,DO_NOT_HONOR,,0,0.0,
2026-08-31 10:04:00,L4_BANK_COUNTRY,,,,BR,Bradesco,0,10,32,29,3,0.90625,PROCESSOR_ERROR,INC-001,10,0.3125,INC-001
2026-08-31 10:04:00,L4_BANK_COUNTRY,,,,MX,Citibanamex,0,10,35,31,4,0.8857142857142857,INVALID_CARD,,0,0.0,
2026-08-31 10:04:00,L4_BANK_COUNTRY,,,,CO,Davivienda,0,10,52,49,3,0.9423076923076923,DO_NOT_HONOR,,0,0.0,
2026-08-31 10:04:00,L4_BANK_COUNTRY,,,,BR,Itau,0,10,28,25,3,0.8928571428571429,PROCESSOR_ERROR,INC-001,10,0.35714285714285715,INC-001
2026-08-31 10:04:00,L4_BANK_COUNTRY,,,,BR,Nubank,0,10,29,25,4,0.8620689655172413,PROCESSOR_ERROR,INC-001,9,0.3103448275862069,INC-001
2026-08-31 10:04:00,L4_BANK_COUNTRY,,,,MX,Santander,0,10,34,30,4,0.8823529411764706,INVALID_CARD,,0,0.0,
2026-08-31 10:04:00,L4_BANK_COUNTRY,,,,BR,,0,10,256,201,55,0.78515625,PROCESSOR_ERROR,INC-001,89,0.34765625,INC-001
2026-08-31 10:04:00,L4_BANK_COUNTRY,,,,CO,,0,10,294,265,29,0.9013605442176871,DO_NOT_HONOR,,0,0.0,
2026-08-31 10:04:00,L4_BANK_COUNTRY,,,,MX,,0,10,257,228,29,0.8871595330739299,DO_NOT_HONOR,,0,0.0,
2026-08-31 10:05:00,L4_BANK_COUNTRY,,,,MX,BBVA,0,10,33,26,7,0.7878787878787878,ISSUER_UNAVAILABLE,INC-002,10,0.30303030303030304,INC-002
2026-08-31 10:05:00,L4_BANK_COUNTRY,,,,CO,Banco de Bogota,0,10,50,47,3,0.94,INSUFFICIENT_FUNDS,,0,0.0,
2026-08-31 10:05:00,L4_BANK_COUNTRY,,,,BR,Banco do Brasil,0,10,29,21,8,0.7241379310344828,PROCESSOR_ERROR,INC-001,12,0.41379310344827586,INC-001
2026-08-31 10:05:00,L4_BANK_COUNTRY,,,,CO,Bancolombia,0,10,48,45,3,0.9375,INSUFFICIENT_FUNDS,,0,0.0,
2026-08-31 10:05:00,L4_BANK_COUNTRY,,,,MX,Banorte,0,10,32,30,2,0.9375,INVALID_CARD,,0,0.0,
2026-08-31 10:05:00,L4_BANK_COUNTRY,,,,BR,Bradesco,0,10,23,18,5,0.782608695652174,INVALID_CARD,INC-001,6,0.2608695652173913,INC-001
2026-08-31 10:05:00,L4_BANK_COUNTRY,,,,MX,Citibanamex,0,10,31,25,6,0.8064516129032258,DO_NOT_HONOR,,0,0.0,
2026-08-31 10:05:00,L4_BANK_COUNTRY,,,,CO,Davivienda,0,10,39,34,5,0.8717948717948718,INSUFFICIENT_FUNDS,,0,0.0,
2026-08-31 10:05:00,L4_BANK_COUNTRY,,,,BR,Itau,0,10,38,31,7,0.8157894736842105,PROCESSOR_ERROR,INC-001,10,0.2631578947368421,INC-001
2026-08-31 10:05:00,L4_BANK_COUNTRY,,,,BR,Nubank,0,10,31,24,7,0.7741935483870968,PROCESSOR_ERROR,INC-001,8,0.25806451612903225,INC-001
2026-08-31 10:05:00,L4_BANK_COUNTRY,,,,MX,Santander,0,10,32,31,1,0.96875,INVALID_CARD,,0,0.0,
2026-08-31 10:05:00,L4_BANK_COUNTRY,,,,BR,,0,10,289,231,58,0.7993079584775087,PROCESSOR_ERROR,INC-001,100,0.3460207612456747,INC-001
2026-08-31 10:05:00,L4_BANK_COUNTRY,,,,CO,,0,10,263,233,30,0.8859315589353612,INVALID_CARD,,0,0.0,
2026-08-31 10:05:00,L4_BANK_COUNTRY,,,,MX,,0,10,262,232,30,0.8854961832061069,DO_NOT_HONOR,,0,0.0,
2026-08-31 10:06:00,L4_BANK_COUNTRY,,,,MX,BBVA,0,10,39,30,9,0.7692307692307693,ISSUER_UNAVAILABLE,INC-002,8,0.20512820512820512,INC-002
2026-08-31 10:06:00,L4_BANK_COUNTRY,,,,CO,Banco de Bogota,0,10,37,35,2,0.9459459459459459,INSUFFICIENT_FUNDS,,0,0.0,
2026-08-31 10:06:00,L4_BANK_COUNTRY,,,,BR,Banco do Brasil,0,10,38,29,9,0.7631578947368421,PROCESSOR_ERROR,INC-001,12,0.3157894736842105,INC-001
2026-08-31 10:06:00,L4_BANK_COUNTRY,,,,CO,Bancolombia,0,10,40,36,4,0.9,DO_NOT_HONOR,,0,0.0,
2026-08-31 10:06:00,L4_BANK_COUNTRY,,,,MX,Banorte,0,10,35,31,4,0.8857142857142857,DO_NOT_HONOR,,0,0.0,
2026-08-31 10:06:00,L4_BANK_COUNTRY,,,,BR,Bradesco,0,10,35,23,12,0.6571428571428571,PROCESSOR_ERROR,INC-001,18,0.5142857142857142,INC-001
2026-08-31 10:06:00,L4_BANK_COUNTRY,,,,MX,Citibanamex,0,10,40,37,3,0.925,DO_NOT_HONOR,,0,0.0,
2026-08-31 10:06:00,L4_BANK_COUNTRY,,,,CO,Davivienda,0,10,40,36,4,0.9,INVALID_CARD,,0,0.0,
2026-08-31 10:06:00,L4_BANK_COUNTRY,,,,BR,Itau,0,10,32,26,6,0.8125,PROCESSOR_ERROR,INC-001,9,0.28125,INC-001
2026-08-31 10:06:00,L4_BANK_COUNTRY,,,,BR,Nubank,0,10,38,25,13,0.6578947368421053,PROCESSOR_ERROR,INC-001,14,0.3684210526315789,INC-001
2026-08-31 10:06:00,L4_BANK_COUNTRY,,,,MX,Santander,0,10,31,28,3,0.9032258064516129,SUSPECTED_FRAUD,,0,0.0,
2026-08-31 10:06:00,L4_BANK_COUNTRY,,,,BR,,0,10,266,215,51,0.8082706766917294,PROCESSOR_ERROR,INC-001,88,0.3308270676691729,INC-001
2026-08-31 10:06:00,L4_BANK_COUNTRY,,,,CO,,0,10,283,257,26,0.9081272084805654,INVALID_CARD,,0,0.0,
2026-08-31 10:06:00,L4_BANK_COUNTRY,,,,MX,,0,10,246,217,29,0.8821138211382114,INSUFFICIENT_FUNDS,,0,0.0,
2026-08-31 10:07:00,L4_BANK_COUNTRY,,,,MX,BBVA,0,10,25,18,7,0.72,ISSUER_UNAVAILABLE,INC-002,7,0.28,INC-002
2026-08-31 10:07:00,L4_BANK_COUNTRY,,,,CO,Banco de Bogota,0,10,45,42,3,0.9333333333333333,DO_NOT_HONOR,,0,0.0,
2026-08-31 10:07:00,L4_BANK_COUNTRY,,,,BR,Banco do Brasil,0,10,30,26,4,0.8666666666666667,PROCESSOR_ERROR,INC-001,8,0.26666666666666666,INC-001
2026-08-31 10:07:00,L4_BANK_COUNTRY,,,,CO,Bancolombia,0,10,41,36,5,0.8780487804878049,INVALID_CARD,,0,0.0,
2026-08-31 10:07:00,L4_BANK_COUNTRY,,,,MX,Banorte,0,10,39,38,1,0.9743589743589743,SUSPECTED_FRAUD,,0,0.0,
2026-08-31 10:07:00,L4_BANK_COUNTRY,,,,BR,Bradesco,0,10,20,15,5,0.75,PROCESSOR_ERROR,INC-001,7,0.35,INC-001
2026-08-31 10:07:00,L4_BANK_COUNTRY,,,,MX,Citibanamex,0,10,33,31,2,0.9393939393939394,DO_NOT_HONOR,,0,0.0,
2026-08-31 10:07:00,L4_BANK_COUNTRY,,,,CO,Davivienda,0,10,47,42,5,0.8936170212765957,DO_NOT_HONOR,,0,0.0,
2026-08-31 10:07:00,L4_BANK_COUNTRY,,,,BR,Itau,0,10,35,24,11,0.6857142857142857,PROCESSOR_ERROR,INC-001,15,0.42857142857142855,INC-001
2026-08-31 10:07:00,L4_BANK_COUNTRY,,,,BR,Nubank,0,10,33,27,6,0.8181818181818182,PROCESSOR_ERROR,INC-001,8,0.24242424242424243,INC-001
2026-08-31 10:07:00,L4_BANK_COUNTRY,,,,MX,Santander,0,10,25,23,2,0.92,INSUFFICIENT_FUNDS,,0,0.0,
2026-08-31 10:07:00,L4_BANK_COUNTRY,,,,BR,,0,10,272,209,63,0.7683823529411765,PROCESSOR_ERROR,INC-001,98,0.3602941176470588,INC-001
2026-08-31 10:07:00,L4_BANK_COUNTRY,,,,CO,,0,10,293,267,26,0.9112627986348123,DO_NOT_HONOR,,0,0.0,
2026-08-31 10:07:00,L4_BANK_COUNTRY,,,,MX,,0,10,262,226,36,0.8625954198473282,INSUFFICIENT_FUNDS,,0,0.0,
2026-08-31 10:08:00,L4_BANK_COUNTRY,,,,MX,BBVA,0,10,20,10,10,0.5,ISSUER_UNAVAILABLE,INC-002,10,0.5,INC-002
2026-08-31 10:08:00,L4_BANK_COUNTRY,,,,CO,Banco de Bogota,0,10,51,47,4,0.9215686274509803,DO_NOT_HONOR,,0,0.0,
2026-08-31 10:08:00,L4_BANK_COUNTRY,,,,BR,Banco do Brasil,0,10,29,26,3,0.896551724137931,DO_NOT_HONOR,,0,0.0,
2026-08-31 10:08:00,L4_BANK_COUNTRY,,,,CO,Bancolombia,0,10,50,47,3,0.94,INSUFFICIENT_FUNDS,,0,0.0,
2026-08-31 10:08:00,L4_BANK_COUNTRY,,,,MX,Banorte,0,10,42,39,3,0.9285714285714286,SUSPECTED_FRAUD,,0,0.0,
2026-08-31 10:08:00,L4_BANK_COUNTRY,,,,BR,Bradesco,0,10,22,21,1,0.9545454545454546,INSUFFICIENT_FUNDS,,0,0.0,
2026-08-31 10:08:00,L4_BANK_COUNTRY,,,,MX,Citibanamex,0,10,28,24,4,0.8571428571428571,INVALID_CARD,,0,0.0,
2026-08-31 10:08:00,L4_BANK_COUNTRY,,,,CO,Davivienda,0,10,47,46,1,0.9787234042553191,INVALID_CARD,,0,0.0,
2026-08-31 10:08:00,L4_BANK_COUNTRY,,,,BR,Itau,0,10,30,29,1,0.9666666666666667,INVALID_CARD,,0,0.0,
2026-08-31 10:08:00,L4_BANK_COUNTRY,,,,BR,Nubank,0,10,37,33,4,0.8918918918918919,SUSPECTED_FRAUD,,0,0.0,
2026-08-31 10:08:00,L4_BANK_COUNTRY,,,,MX,Santander,0,10,43,39,4,0.9069767441860465,DO_NOT_HONOR,,0,0.0,
2026-08-31 10:08:00,L4_BANK_COUNTRY,,,,BR,,0,10,277,254,23,0.9169675090252708,SUSPECTED_FRAUD,,0,0.0,
2026-08-31 10:08:00,L4_BANK_COUNTRY,,,,CO,,0,10,277,253,24,0.9133574007220217,INSUFFICIENT_FUNDS,,0,0.0,
2026-08-31 10:08:00,L4_BANK_COUNTRY,,,,MX,,0,10,247,211,36,0.854251012145749,DO_NOT_HONOR,,0,0.0,
2026-08-31 10:09:00,L4_BANK_COUNTRY,,,,MX,BBVA,0,10,34,32,2,0.9411764705882353,DO_NOT_HONOR,,0,0.0,
2026-08-31 10:09:00,L4_BANK_COUNTRY,,,,CO,Banco de Bogota,0,10,42,39,3,0.9285714285714286,DO_NOT_HONOR,,0,0.0,
2026-08-31 10:09:00,L4_BANK_COUNTRY,,,,BR,Banco do Brasil,0,10,35,31,4,0.8857142857142857,SUSPECTED_FRAUD,,0,0.0,
2026-08-31 10:09:00,L4_BANK_COUNTRY,,,,CO,Bancolombia,0,10,48,44,4,0.9166666666666666,INVALID_CARD,,0,0.0,
2026-08-31 10:09:00,L4_BANK_COUNTRY,,,,MX,Banorte,0,10,30,29,1,0.9666666666666667,SUSPECTED_FRAUD,,0,0.0,
2026-08-31 10:09:00,L4_BANK_COUNTRY,,,,BR,Bradesco,0,10,31,28,3,0.9032258064516129,SUSPECTED_FRAUD,,0,0.0,
2026-08-31 10:09:00,L4_BANK_COUNTRY,,,,MX,Citibanamex,0,10,28,24,4,0.8571428571428571,INVALID_CARD,,0,0.0,
2026-08-31 10:09:00,L4_BANK_COUNTRY,,,,CO,Davivienda,0,10,53,44,9,0.8301886792452831,SUSPECTED_FRAUD,,0,0.0,
2026-08-31 10:09:00,L4_BANK_COUNTRY,,,,BR,Itau,0,10,29,28,1,0.9655172413793104,DO_NOT_HONOR,,0,0.0,
2026-08-31 10:09:00,L4_BANK_COUNTRY,,,,BR,Nubank,0,10,25,21,4,0.84,INVALID_CARD,,0,0.0,
2026-08-31 10:09:00,L4_BANK_COUNTRY,,,,MX,Santander,0,10,30,27,3,0.9,DO_NOT_HONOR,,0,0.0,
2026-08-31 10:09:00,L4_BANK_COUNTRY,,,,BR,,0,10,264,249,15,0.9431818181818182,DO_NOT_HONOR,,0,0.0,
2026-08-31 10:09:00,L4_BANK_COUNTRY,,,,CO,,0,10,272,244,28,0.8970588235294118,SUSPECTED_FRAUD,,0,0.0,
2026-08-31 10:09:00,L4_BANK_COUNTRY,,,,MX,,0,10,279,254,25,0.910394265232975,SUSPECTED_FRAUD,,0,0.0,
2026-08-31 10:10:00,L4_BANK_COUNTRY,,,,MX,BBVA,0,10,36,35,1,0.9722222222222222,INSUFFICIENT_FUNDS,,0,0.0,
2026-08-31 10:10:00,L4_BANK_COUNTRY,,,,CO,Banco de Bogota,0,10,37,33,4,0.8918918918918919,SUSPECTED_FRAUD,,0,0.0,
2026-08-31 10:10:00,L4_BANK_COUNTRY,,,,BR,Banco do Brasil,0,10,31,29,2,0.9354838709677419,INSUFFICIENT_FUNDS,,0,0.0,
2026-08-31 10:10:00,L4_BANK_COUNTRY,,,,CO,Bancolombia,0,10,55,50,5,0.9090909090909091,DO_NOT_HONOR,,0,0.0,
2026-08-31 10:10:00,L4_BANK_COUNTRY,,,,MX,Banorte,0,10,37,32,5,0.8648648648648649,DO_NOT_HONOR,,0,0.0,
2026-08-31 10:10:00,L4_BANK_COUNTRY,,,,BR,Bradesco,0,10,38,32,6,0.8421052631578947,INSUFFICIENT_FUNDS,,0,0.0,
2026-08-31 10:10:00,L4_BANK_COUNTRY,,,,MX,Citibanamex,0,10,38,35,3,0.9210526315789473,DO_NOT_HONOR,,0,0.0,
2026-08-31 10:10:00,L4_BANK_COUNTRY,,,,CO,Davivienda,0,10,48,43,5,0.8958333333333334,DO_NOT_HONOR,,0,0.0,
2026-08-31 10:10:00,L4_BANK_COUNTRY,,,,BR,Itau,0,10,25,21,4,0.84,DO_NOT_HONOR,,0,0.0,
2026-08-31 10:10:00,L4_BANK_COUNTRY,,,,BR,Nubank,0,10,32,29,3,0.90625,DO_NOT_HONOR,,0,0.0,
2026-08-31 10:10:00,L4_BANK_COUNTRY,,,,MX,Santander,0,10,21,20,1,0.9523809523809523,INSUFFICIENT_FUNDS,,0,0.0,
2026-08-31 10:10:00,L4_BANK_COUNTRY,,,,BR,,0,10,267,246,21,0.9213483146067416,DO_NOT_HONOR,,0,0.0,
2026-08-31 10:10:00,L4_BANK_COUNTRY,,,,CO,,0,10,246,216,30,0.8780487804878049,SUSPECTED_FRAUD,,0,0.0,
2026-08-31 10:10:00,L4_BANK_COUNTRY,,,,MX,,0,10,289,261,28,0.903114186851211,INVALID_CARD,,0,0.0,
2026-08-31 10:11:00,L4_BANK_COUNTRY,,,,MX,BBVA,0,10,31,27,4,0.8709677419354839,INSUFFICIENT_FUNDS,,0,0.0,
2026-08-31 10:11:00,L4_BANK_COUNTRY,,,,CO,Banco de Bogota,0,10,53,45,8,0.8490566037735849,INVALID_CARD,,0,0.0,
2026-08-31 10:11:00,L4_BANK_COUNTRY,,,,BR,Banco do Brasil,0,10,33,30,3,0.9090909090909091,DO_NOT_HONOR,,0,0.0,
2026-08-31 10:11:00,L4_BANK_COUNTRY,,,,CO,Bancolombia,0,10,36,31,5,0.8611111111111112,SUSPECTED_FRAUD,,0,0.0,
2026-08-31 10:11:00,L4_BANK_COUNTRY,,,,MX,Banorte,0,10,43,38,5,0.8837209302325582,SUSPECTED_FRAUD,,0,0.0,
2026-08-31 10:11:00,L4_BANK_COUNTRY,,,,BR,Bradesco,0,10,37,32,5,0.8648648648648649,DO_NOT_HONOR,,0,0.0,
2026-08-31 10:11:00,L4_BANK_COUNTRY,,,,MX,Citibanamex,0,10,30,29,1,0.9666666666666667,INVALID_CARD,,0,0.0,
2026-08-31 10:11:00,L4_BANK_COUNTRY,,,,CO,Davivienda,0,10,41,40,1,0.975609756097561,SUSPECTED_FRAUD,,0,0.0,
2026-08-31 10:11:00,L4_BANK_COUNTRY,,,,BR,Itau,0,10,25,23,2,0.92,DO_NOT_HONOR,,0,0.0,
2026-08-31 10:11:00,L4_BANK_COUNTRY,,,,BR,Nubank,0,10,32,30,2,0.9375,DO_NOT_HONOR,,0,0.0,
2026-08-31 10:11:00,L4_BANK_COUNTRY,,,,MX,Santander,0,10,39,33,6,0.8461538461538461,DO_NOT_HONOR,,0,0.0,
2026-08-31 10:11:00,L4_BANK_COUNTRY,,,,BR,,0,10,268,251,17,0.9365671641791045,DO_NOT_HONOR,,0,0.0,
2026-08-31 10:11:00,L4_BANK_COUNTRY,,,,CO,,0,10,255,229,26,0.8980392156862745,INSUFFICIENT_FUNDS,,0,0.0,
2026-08-31 10:11:00,L4_BANK_COUNTRY,,,,MX,,0,10,277,246,31,0.8880866425992779,SUSPECTED_FRAUD,,0,0.0,
2026-08-31 10:00:00,L5_PROVIDER_METHOD_COUNTRY,,Adyen,PIX,BR,,0,10,48,44,4,0.9166666666666666,DO_NOT_HONOR,,0,0.0,
2026-08-31 10:00:00,L5_PROVIDER_METHOD_COUNTRY,,Adyen,PSE,CO,,0,10,50,49,1,0.98,INSUFFICIENT_FUNDS,,0,0.0,
2026-08-31 10:00:00,L5_PROVIDER_METHOD_COUNTRY,,Adyen,card,BR,,0,10,38,38,0,1.0,,,0,0.0,
2026-08-31 10:00:00,L5_PROVIDER_METHOD_COUNTRY,,Adyen,card,CO,,0,10,42,37,5,0.8809523809523809,INSUFFICIENT_FUNDS,,0,0.0,
2026-08-31 10:00:00,L5_PROVIDER_METHOD_COUNTRY,,Adyen,card,MX,,0,10,45,42,3,0.9333333333333333,SUSPECTED_FRAUD,,0,0.0,
2026-08-31 10:00:00,L5_PROVIDER_METHOD_COUNTRY,,Adyen,cash_in_store,MX,,0,10,42,37,5,0.8809523809523809,DO_NOT_HONOR,,0,0.0,
2026-08-31 10:00:00,L5_PROVIDER_METHOD_COUNTRY,,Adyen,wallet,BR,,0,10,51,50,1,0.9803921568627451,INVALID_CARD,,0,0.0,
2026-08-31 10:00:00,L5_PROVIDER_METHOD_COUNTRY,,Adyen,wallet,CO,,0,10,48,42,6,0.875,INVALID_CARD,,0,0.0,
2026-08-31 10:00:00,L5_PROVIDER_METHOD_COUNTRY,,Adyen,wallet,MX,,0,10,50,45,5,0.9,DO_NOT_HONOR,,0,0.0,
2026-08-31 10:00:00,L5_PROVIDER_METHOD_COUNTRY,,Stripe,PIX,BR,,0,10,44,41,3,0.9318181818181818,DO_NOT_HONOR,,0,0.0,
2026-08-31 10:00:00,L5_PROVIDER_METHOD_COUNTRY,,Stripe,PSE,CO,,0,10,35,30,5,0.8571428571428571,INSUFFICIENT_FUNDS,,0,0.0,
2026-08-31 10:00:00,L5_PROVIDER_METHOD_COUNTRY,,Stripe,card,BR,,0,10,50,44,6,0.88,INSUFFICIENT_FUNDS,,0,0.0,
2026-08-31 10:00:00,L5_PROVIDER_METHOD_COUNTRY,,Stripe,card,CO,,0,10,51,47,4,0.9215686274509803,INVALID_CARD,,0,0.0,
2026-08-31 10:00:00,L5_PROVIDER_METHOD_COUNTRY,,Stripe,card,MX,,0,10,38,33,5,0.868421052631579,DO_NOT_HONOR,,0,0.0,
2026-08-31 10:00:00,L5_PROVIDER_METHOD_COUNTRY,,Stripe,cash_in_store,MX,,0,10,39,31,8,0.7948717948717948,SUSPECTED_FRAUD,,0,0.0,
2026-08-31 10:00:00,L5_PROVIDER_METHOD_COUNTRY,,Stripe,wallet,BR,,0,10,55,52,3,0.9454545454545454,SUSPECTED_FRAUD,,0,0.0,
2026-08-31 10:00:00,L5_PROVIDER_METHOD_COUNTRY,,Stripe,wallet,CO,,0,10,42,37,5,0.8809523809523809,DO_NOT_HONOR,,0,0.0,
2026-08-31 10:00:00,L5_PROVIDER_METHOD_COUNTRY,,Stripe,wallet,MX,,0,10,37,33,4,0.8918918918918919,INVALID_CARD,,0,0.0,
2026-08-31 10:00:00,L5_PROVIDER_METHOD_COUNTRY,,dLocal,PIX,BR,,0,10,36,35,1,0.9722222222222222,INVALID_CARD,,0,0.0,
2026-08-31 10:00:00,L5_PROVIDER_METHOD_COUNTRY,,dLocal,PSE,CO,,0,10,42,38,4,0.9047619047619048,INSUFFICIENT_FUNDS,,0,0.0,
2026-08-31 10:00:00,L5_PROVIDER_METHOD_COUNTRY,,dLocal,card,BR,,0,10,44,38,6,0.8636363636363636,INVALID_CARD,,0,0.0,
2026-08-31 10:00:00,L5_PROVIDER_METHOD_COUNTRY,,dLocal,card,CO,,0,10,37,32,5,0.8648648648648649,DO_NOT_HONOR,,0,0.0,
2026-08-31 10:00:00,L5_PROVIDER_METHOD_COUNTRY,,dLocal,card,MX,,0,10,46,36,10,0.782608695652174,INVALID_CARD,,0,0.0,
2026-08-31 10:00:00,L5_PROVIDER_METHOD_COUNTRY,,dLocal,cash_in_store,MX,,0,10,44,36,8,0.8181818181818182,INVALID_CARD,,0,0.0,
2026-08-31 10:00:00,L5_PROVIDER_METHOD_COUNTRY,,dLocal,wallet,BR,,0,10,50,44,6,0.88,DO_NOT_HONOR,,0,0.0,
2026-08-31 10:00:00,L5_PROVIDER_METHOD_COUNTRY,,dLocal,wallet,CO,,0,10,52,46,6,0.8846153846153846,SUSPECTED_FRAUD,,0,0.0,
2026-08-31 10:00:00,L5_PROVIDER_METHOD_COUNTRY,,dLocal,wallet,MX,,0,10,44,41,3,0.9318181818181818,SUSPECTED_FRAUD,,0,0.0,
2026-08-31 10:01:00,L5_PROVIDER_METHOD_COUNTRY,,Adyen,PIX,BR,,0,10,45,42,3,0.9333333333333333,SUSPECTED_FRAUD,,0,0.0,
2026-08-31 10:01:00,L5_PROVIDER_METHOD_COUNTRY,,Adyen,PSE,CO,,0,10,49,38,11,0.7755102040816326,INSUFFICIENT_FUNDS,,0,0.0,
2026-08-31 10:01:00,L5_PROVIDER_METHOD_COUNTRY,,Adyen,card,BR,,0,10,37,34,3,0.918918918918919,INSUFFICIENT_FUNDS,,0,0.0,
2026-08-31 10:01:00,L5_PROVIDER_METHOD_COUNTRY,,Adyen,card,CO,,0,10,43,38,5,0.8837209302325582,INVALID_CARD,,0,0.0,
2026-08-31 10:01:00,L5_PROVIDER_METHOD_COUNTRY,,Adyen,card,MX,,0,10,39,36,3,0.9230769230769231,INVALID_CARD,,0,0.0,
2026-08-31 10:01:00,L5_PROVIDER_METHOD_COUNTRY,,Adyen,cash_in_store,MX,,0,10,47,37,10,0.7872340425531915,INVALID_CARD,,0,0.0,
2026-08-31 10:01:00,L5_PROVIDER_METHOD_COUNTRY,,Adyen,wallet,BR,,0,10,57,51,6,0.8947368421052632,INVALID_CARD,,0,0.0,
2026-08-31 10:01:00,L5_PROVIDER_METHOD_COUNTRY,,Adyen,wallet,CO,,0,10,58,58,0,1.0,,,0,0.0,
2026-08-31 10:01:00,L5_PROVIDER_METHOD_COUNTRY,,Adyen,wallet,MX,,0,10,48,46,2,0.9583333333333334,INSUFFICIENT_FUNDS,,0,0.0,
2026-08-31 10:01:00,L5_PROVIDER_METHOD_COUNTRY,,Stripe,PIX,BR,,0,10,39,38,1,0.9743589743589743,INSUFFICIENT_FUNDS,,0,0.0,
2026-08-31 10:01:00,L5_PROVIDER_METHOD_COUNTRY,,Stripe,PSE,CO,,0,10,45,43,2,0.9555555555555556,INVALID_CARD,,0,0.0,
2026-08-31 10:01:00,L5_PROVIDER_METHOD_COUNTRY,,Stripe,card,BR,,0,10,50,49,1,0.98,INVALID_CARD,,0,0.0,
2026-08-31 10:01:00,L5_PROVIDER_METHOD_COUNTRY,,Stripe,card,CO,,0,10,38,33,5,0.868421052631579,SUSPECTED_FRAUD,,0,0.0,
2026-08-31 10:01:00,L5_PROVIDER_METHOD_COUNTRY,,Stripe,card,MX,,0,10,59,57,2,0.9661016949152542,DO_NOT_HONOR,,0,0.0,
2026-08-31 10:01:00,L5_PROVIDER_METHOD_COUNTRY,,Stripe,cash_in_store,MX,,0,10,30,24,6,0.8,INSUFFICIENT_FUNDS,,0,0.0,
2026-08-31 10:01:00,L5_PROVIDER_METHOD_COUNTRY,,Stripe,wallet,BR,,0,10,37,32,5,0.8648648648648649,DO_NOT_HONOR,,0,0.0,
2026-08-31 10:01:00,L5_PROVIDER_METHOD_COUNTRY,,Stripe,wallet,CO,,0,10,40,37,3,0.925,DO_NOT_HONOR,,0,0.0,
2026-08-31 10:01:00,L5_PROVIDER_METHOD_COUNTRY,,Stripe,wallet,MX,,0,10,54,52,2,0.9629629629629629,INVALID_CARD,,0,0.0,
2026-08-31 10:01:00,L5_PROVIDER_METHOD_COUNTRY,,dLocal,PIX,BR,,0,10,49,49,0,1.0,,,0,0.0,
2026-08-31 10:01:00,L5_PROVIDER_METHOD_COUNTRY,,dLocal,PSE,CO,,0,10,45,41,4,0.9111111111111111,DO_NOT_HONOR,,0,0.0,
2026-08-31 10:01:00,L5_PROVIDER_METHOD_COUNTRY,,dLocal,card,BR,,0,10,40,33,7,0.825,DO_NOT_HONOR,,0,0.0,
2026-08-31 10:01:00,L5_PROVIDER_METHOD_COUNTRY,,dLocal,card,CO,,0,10,44,42,2,0.9545454545454546,INSUFFICIENT_FUNDS,,0,0.0,
2026-08-31 10:01:00,L5_PROVIDER_METHOD_COUNTRY,,dLocal,card,MX,,0,10,45,36,9,0.8,SUSPECTED_FRAUD,,0,0.0,
2026-08-31 10:01:00,L5_PROVIDER_METHOD_COUNTRY,,dLocal,cash_in_store,MX,,0,10,43,30,13,0.6976744186046512,DO_NOT_HONOR,,0,0.0,
2026-08-31 10:01:00,L5_PROVIDER_METHOD_COUNTRY,,dLocal,wallet,BR,,0,10,39,36,3,0.9230769230769231,DO_NOT_HONOR,,0,0.0,
2026-08-31 10:01:00,L5_PROVIDER_METHOD_COUNTRY,,dLocal,wallet,CO,,0,10,41,38,3,0.926829268292683,DO_NOT_HONOR,,0,0.0,
2026-08-31 10:01:00,L5_PROVIDER_METHOD_COUNTRY,,dLocal,wallet,MX,,0,10,39,35,4,0.8974358974358975,SUSPECTED_FRAUD,,0,0.0,
2026-08-31 10:02:00,L5_PROVIDER_METHOD_COUNTRY,,Adyen,PIX,BR,,0,10,43,41,2,0.9534883720930233,DO_NOT_HONOR,,0,0.0,
2026-08-31 10:02:00,L5_PROVIDER_METHOD_COUNTRY,,Adyen,PSE,CO,,0,10,35,28,7,0.8,DO_NOT_HONOR,,0,0.0,
2026-08-31 10:02:00,L5_PROVIDER_METHOD_COUNTRY,,Adyen,card,BR,,0,10,42,37,5,0.8809523809523809,DO_NOT_HONOR,,0,0.0,
2026-08-31 10:02:00,L5_PROVIDER_METHOD_COUNTRY,,Adyen,card,CO,,0,10,37,32,5,0.8648648648648649,DO_NOT_HONOR,,0,0.0,
2026-08-31 10:02:00,L5_PROVIDER_METHOD_COUNTRY,,Adyen,card,MX,,0,10,47,41,6,0.8723404255319149,SUSPECTED_FRAUD,,0,0.0,
2026-08-31 10:02:00,L5_PROVIDER_METHOD_COUNTRY,,Adyen,cash_in_store,MX,,0,10,41,38,3,0.926829268292683,SUSPECTED_FRAUD,,0,0.0,
2026-08-31 10:02:00,L5_PROVIDER_METHOD_COUNTRY,,Adyen,wallet,BR,,0,10,50,47,3,0.94,INVALID_CARD,,0,0.0,
2026-08-31 10:02:00,L5_PROVIDER_METHOD_COUNTRY,,Adyen,wallet,CO,,0,10,44,41,3,0.9318181818181818,INSUFFICIENT_FUNDS,,0,0.0,
2026-08-31 10:02:00,L5_PROVIDER_METHOD_COUNTRY,,Adyen,wallet,MX,,0,10,34,31,3,0.9117647058823529,SUSPECTED_FRAUD,,0,0.0,
2026-08-31 10:02:00,L5_PROVIDER_METHOD_COUNTRY,,Stripe,PIX,BR,,0,10,52,48,4,0.9230769230769231,INSUFFICIENT_FUNDS,,0,0.0,
2026-08-31 10:02:00,L5_PROVIDER_METHOD_COUNTRY,,Stripe,PSE,CO,,0,10,45,38,7,0.8444444444444444,INSUFFICIENT_FUNDS,,0,0.0,
2026-08-31 10:02:00,L5_PROVIDER_METHOD_COUNTRY,,Stripe,card,BR,,0,10,40,37,3,0.925,DO_NOT_HONOR,,0,0.0,
2026-08-31 10:02:00,L5_PROVIDER_METHOD_COUNTRY,,Stripe,card,CO,,0,10,51,46,5,0.9019607843137255,DO_NOT_HONOR,,0,0.0,
2026-08-31 10:02:00,L5_PROVIDER_METHOD_COUNTRY,,Stripe,card,MX,,0,10,52,48,4,0.9230769230769231,DO_NOT_HONOR,,0,0.0,
2026-08-31 10:02:00,L5_PROVIDER_METHOD_COUNTRY,,Stripe,cash_in_store,MX,,0,10,46,40,6,0.8695652173913043,DO_NOT_HONOR,,0,0.0,
2026-08-31 10:02:00,L5_PROVIDER_METHOD_COUNTRY,,Stripe,wallet,BR,,0,10,50,48,2,0.96,INVALID_CARD,,0,0.0,
2026-08-31 10:02:00,L5_PROVIDER_METHOD_COUNTRY,,Stripe,wallet,CO,,0,10,42,38,4,0.9047619047619048,DO_NOT_HONOR,,0,0.0,
2026-08-31 10:02:00,L5_PROVIDER_METHOD_COUNTRY,,Stripe,wallet,MX,,0,10,49,46,3,0.9387755102040817,DO_NOT_HONOR,,0,0.0,
2026-08-31 10:02:00,L5_PROVIDER_METHOD_COUNTRY,,dLocal,PIX,BR,,0,10,43,41,2,0.9534883720930233,DO_NOT_HONOR,,0,0.0,
2026-08-31 10:02:00,L5_PROVIDER_METHOD_COUNTRY,,dLocal,PSE,CO,,0,10,47,42,5,0.8936170212765957,INSUFFICIENT_FUNDS,,0,0.0,
2026-08-31 10:02:00,L5_PROVIDER_METHOD_COUNTRY,,dLocal,card,BR,,0,10,54,49,5,0.9074074074074074,SUSPECTED_FRAUD,,0,0.0,
2026-08-31 10:02:00,L5_PROVIDER_METHOD_COUNTRY,,dLocal,card,CO,,0,10,50,42,8,0.84,SUSPECTED_FRAUD,,0,0.0,
2026-08-31 10:02:00,L5_PROVIDER_METHOD_COUNTRY,,dLocal,card,MX,,0,10,40,33,7,0.825,SUSPECTED_FRAUD,,0,0.0,
2026-08-31 10:02:00,L5_PROVIDER_METHOD_COUNTRY,,dLocal,cash_in_store,MX,,0,10,42,36,6,0.8571428571428571,SUSPECTED_FRAUD,,0,0.0,
2026-08-31 10:02:00,L5_PROVIDER_METHOD_COUNTRY,,dLocal,wallet,BR,,0,10,52,46,6,0.8846153846153846,INSUFFICIENT_FUNDS,,0,0.0,
2026-08-31 10:02:00,L5_PROVIDER_METHOD_COUNTRY,,dLocal,wallet,CO,,0,10,36,36,0,1.0,,,0,0.0,
2026-08-31 10:02:00,L5_PROVIDER_METHOD_COUNTRY,,dLocal,wallet,MX,,0,10,36,33,3,0.9166666666666666,INSUFFICIENT_FUNDS,,0,0.0,
2026-08-31 10:03:00,L5_PROVIDER_METHOD_COUNTRY,,Adyen,PIX,BR,,0,10,41,22,19,0.5365853658536586,PROCESSOR_ERROR,INC-001,41,1.0,INC-001
2026-08-31 10:03:00,L5_PROVIDER_METHOD_COUNTRY,,Adyen,PSE,CO,,0,10,35,33,2,0.9428571428571428,INVALID_CARD,,0,0.0,
2026-08-31 10:03:00,L5_PROVIDER_METHOD_COUNTRY,,Adyen,card,BR,,0,10,29,15,14,0.5172413793103449,PROCESSOR_ERROR,INC-001,29,1.0,INC-001
2026-08-31 10:03:00,L5_PROVIDER_METHOD_COUNTRY,,Adyen,card,CO,,0,10,37,36,1,0.972972972972973,SUSPECTED_FRAUD,,0,0.0,
2026-08-31 10:03:00,L5_PROVIDER_METHOD_COUNTRY,,Adyen,card,MX,,0,10,46,44,2,0.9565217391304348,DO_NOT_HONOR,,0,0.0,
2026-08-31 10:03:00,L5_PROVIDER_METHOD_COUNTRY,,Adyen,cash_in_store,MX,,0,10,54,49,5,0.9074074074074074,INSUFFICIENT_FUNDS,,0,0.0,
2026-08-31 10:03:00,L5_PROVIDER_METHOD_COUNTRY,,Adyen,wallet,BR,,0,10,49,26,23,0.5306122448979592,PROCESSOR_ERROR,INC-001,49,1.0,INC-001
2026-08-31 10:03:00,L5_PROVIDER_METHOD_COUNTRY,,Adyen,wallet,CO,,0,10,44,40,4,0.9090909090909091,INSUFFICIENT_FUNDS,,0,0.0,
2026-08-31 10:03:00,L5_PROVIDER_METHOD_COUNTRY,,Adyen,wallet,MX,,0,10,45,45,0,1.0,,,0,0.0,
2026-08-31 10:03:00,L5_PROVIDER_METHOD_COUNTRY,,Stripe,PIX,BR,,0,10,42,40,2,0.9523809523809523,INSUFFICIENT_FUNDS,,0,0.0,
2026-08-31 10:03:00,L5_PROVIDER_METHOD_COUNTRY,,Stripe,PSE,CO,,0,10,50,46,4,0.92,SUSPECTED_FRAUD,,0,0.0,
2026-08-31 10:03:00,L5_PROVIDER_METHOD_COUNTRY,,Stripe,card,BR,,0,10,54,49,5,0.9074074074074074,INVALID_CARD,,0,0.0,
2026-08-31 10:03:00,L5_PROVIDER_METHOD_COUNTRY,,Stripe,card,CO,,0,10,48,43,5,0.8958333333333334,INSUFFICIENT_FUNDS,,0,0.0,
2026-08-31 10:03:00,L5_PROVIDER_METHOD_COUNTRY,,Stripe,card,MX,,0,10,58,48,10,0.8275862068965517,DO_NOT_HONOR,,0,0.0,
2026-08-31 10:03:00,L5_PROVIDER_METHOD_COUNTRY,,Stripe,cash_in_store,MX,,0,10,39,32,7,0.8205128205128205,DO_NOT_HONOR,,0,0.0,
2026-08-31 10:03:00,L5_PROVIDER_METHOD_COUNTRY,,Stripe,wallet,BR,,0,10,45,40,5,0.8888888888888888,DO_NOT_HONOR,,0,0.0,
2026-08-31 10:03:00,L5_PROVIDER_METHOD_COUNTRY,,Stripe,wallet,CO,,0,10,32,27,5,0.84375,DO_NOT_HONOR,,0,0.0,
2026-08-31 10:03:00,L5_PROVIDER_METHOD_COUNTRY,,Stripe,wallet,MX,,0,10,39,37,2,0.9487179487179487,INSUFFICIENT_FUNDS,,0,0.0,
2026-08-31 10:03:00,L5_PROVIDER_METHOD_COUNTRY,,dLocal,PIX,BR,,0,10,42,40,2,0.9523809523809523,DO_NOT_HONOR,,0,0.0,
2026-08-31 10:03:00,L5_PROVIDER_METHOD_COUNTRY,,dLocal,PSE,CO,,0,10,49,41,8,0.8367346938775511,INSUFFICIENT_FUNDS,,0,0.0,
2026-08-31 10:03:00,L5_PROVIDER_METHOD_COUNTRY,,dLocal,card,BR,,0,10,46,41,5,0.8913043478260869,INVALID_CARD,,0,0.0,
2026-08-31 10:03:00,L5_PROVIDER_METHOD_COUNTRY,,dLocal,card,CO,,0,10,42,40,2,0.9523809523809523,INSUFFICIENT_FUNDS,,0,0.0,
2026-08-31 10:03:00,L5_PROVIDER_METHOD_COUNTRY,,dLocal,card,MX,,0,10,39,35,4,0.8974358974358975,SUSPECTED_FRAUD,,0,0.0,
2026-08-31 10:03:00,L5_PROVIDER_METHOD_COUNTRY,,dLocal,cash_in_store,MX,,0,10,41,33,8,0.8048780487804879,DO_NOT_HONOR,,0,0.0,
2026-08-31 10:03:00,L5_PROVIDER_METHOD_COUNTRY,,dLocal,wallet,BR,,0,10,49,41,8,0.8367346938775511,INSUFFICIENT_FUNDS,,0,0.0,
2026-08-31 10:03:00,L5_PROVIDER_METHOD_COUNTRY,,dLocal,wallet,CO,,0,10,52,48,4,0.9230769230769231,DO_NOT_HONOR,,0,0.0,
2026-08-31 10:03:00,L5_PROVIDER_METHOD_COUNTRY,,dLocal,wallet,MX,,0,10,53,50,3,0.9433962264150944,SUSPECTED_FRAUD,,0,0.0,
2026-08-31 10:04:00,L5_PROVIDER_METHOD_COUNTRY,,Adyen,PIX,BR,,0,10,50,33,17,0.66,PROCESSOR_ERROR,INC-001,50,1.0,INC-001
2026-08-31 10:04:00,L5_PROVIDER_METHOD_COUNTRY,,Adyen,PSE,CO,,0,10,42,39,3,0.9285714285714286,INSUFFICIENT_FUNDS,,0,0.0,
2026-08-31 10:04:00,L5_PROVIDER_METHOD_COUNTRY,,Adyen,card,BR,,0,10,36,26,10,0.7222222222222222,PROCESSOR_ERROR,INC-001,36,1.0,INC-001
2026-08-31 10:04:00,L5_PROVIDER_METHOD_COUNTRY,,Adyen,card,CO,,0,10,52,49,3,0.9423076923076923,INSUFFICIENT_FUNDS,,0,0.0,
2026-08-31 10:04:00,L5_PROVIDER_METHOD_COUNTRY,,Adyen,card,MX,,0,10,40,34,6,0.85,ISSUER_UNAVAILABLE,INC-002,4,0.1,INC-002
2026-08-31 10:04:00,L5_PROVIDER_METHOD_COUNTRY,,Adyen,cash_in_store,MX,,0,10,56,43,13,0.7678571428571429,INSUFFICIENT_FUNDS,,0,0.0,
2026-08-31 10:04:00,L5_PROVIDER_METHOD_COUNTRY,,Adyen,wallet,BR,,0,10,39,18,21,0.46153846153846156,PROCESSOR_ERROR,INC-001,39,1.0,INC-001
2026-08-31 10:04:00,L5_PROVIDER_METHOD_COUNTRY,,Adyen,wallet,CO,,0,10,56,51,5,0.9107142857142857,DO_NOT_HONOR,,0,0.0,
2026-08-31 10:04:00,L5_PROVIDER_METHOD_COUNTRY,,Adyen,wallet,MX,,0,10,51,48,3,0.9411764705882353,DO_NOT_HONOR,,0,0.0,
2026-08-31 10:04:00,L5_PROVIDER_METHOD_COUNTRY,,Stripe,PIX,BR,,0,10,36,34,2,0.9444444444444444,INSUFFICIENT_FUNDS,,0,0.0,
2026-08-31 10:04:00,L5_PROVIDER_METHOD_COUNTRY,,Stripe,PSE,CO,,0,10,47,42,5,0.8936170212765957,DO_NOT_HONOR,,0,0.0,
2026-08-31 10:04:00,L5_PROVIDER_METHOD_COUNTRY,,Stripe,card,BR,,0,10,40,38,2,0.95,DO_NOT_HONOR,,0,0.0,
2026-08-31 10:04:00,L5_PROVIDER_METHOD_COUNTRY,,Stripe,card,CO,,0,10,45,38,7,0.8444444444444444,INVALID_CARD,,0,0.0,
2026-08-31 10:04:00,L5_PROVIDER_METHOD_COUNTRY,,Stripe,card,MX,,0,10,38,36,2,0.9473684210526315,INVALID_CARD,INC-002,1,0.02631578947368421,INC-002
2026-08-31 10:04:00,L5_PROVIDER_METHOD_COUNTRY,,Stripe,cash_in_store,MX,,0,10,30,28,2,0.9333333333333333,DO_NOT_HONOR,,0,0.0,
2026-08-31 10:04:00,L5_PROVIDER_METHOD_COUNTRY,,Stripe,wallet,BR,,0,10,43,40,3,0.9302325581395349,DO_NOT_HONOR,,0,0.0,
2026-08-31 10:04:00,L5_PROVIDER_METHOD_COUNTRY,,Stripe,wallet,CO,,0,10,52,50,2,0.9615384615384616,INSUFFICIENT_FUNDS,,0,0.0,
2026-08-31 10:04:00,L5_PROVIDER_METHOD_COUNTRY,,Stripe,wallet,MX,,0,10,26,26,0,1.0,,,0,0.0,
2026-08-31 10:04:00,L5_PROVIDER_METHOD_COUNTRY,,dLocal,PIX,BR,,0,10,45,39,6,0.8666666666666667,DO_NOT_HONOR,,0,0.0,
2026-08-31 10:04:00,L5_PROVIDER_METHOD_COUNTRY,,dLocal,PSE,CO,,0,10,49,39,10,0.7959183673469388,DO_NOT_HONOR,,0,0.0,
2026-08-31 10:04:00,L5_PROVIDER_METHOD_COUNTRY,,dLocal,card,BR,,0,10,42,42,0,1.0,,,0,0.0,
2026-08-31 10:04:00,L5_PROVIDER_METHOD_COUNTRY,,dLocal,card,CO,,0,10,48,44,4,0.9166666666666666,INVALID_CARD,,0,0.0,
2026-08-31 10:04:00,L5_PROVIDER_METHOD_COUNTRY,,dLocal,card,MX,,0,10,52,41,11,0.7884615384615384,INVALID_CARD,INC-002,2,0.038461538461538464,INC-002
2026-08-31 10:04:00,L5_PROVIDER_METHOD_COUNTRY,,dLocal,cash_in_store,MX,,0,10,41,35,6,0.8536585365853658,INSUFFICIENT_FUNDS,,0,0.0,
2026-08-31 10:04:00,L5_PROVIDER_METHOD_COUNTRY,,dLocal,wallet,BR,,0,10,43,37,6,0.8604651162790697,INSUFFICIENT_FUNDS,,0,0.0,
2026-08-31 10:04:00,L5_PROVIDER_METHOD_COUNTRY,,dLocal,wallet,CO,,0,10,48,44,4,0.9166666666666666,DO_NOT_HONOR,,0,0.0,
2026-08-31 10:04:00,L5_PROVIDER_METHOD_COUNTRY,,dLocal,wallet,MX,,0,10,53,48,5,0.9056603773584906,DO_NOT_HONOR,,0,0.0,
2026-08-31 10:05:00,L5_PROVIDER_METHOD_COUNTRY,,Adyen,PIX,BR,,0,10,55,30,25,0.5454545454545454,PROCESSOR_ERROR,INC-001,55,1.0,INC-001
2026-08-31 10:05:00,L5_PROVIDER_METHOD_COUNTRY,,Adyen,PSE,CO,,0,10,50,45,5,0.9,INSUFFICIENT_FUNDS,,0,0.0,
2026-08-31 10:05:00,L5_PROVIDER_METHOD_COUNTRY,,Adyen,card,BR,,0,10,36,15,21,0.4166666666666667,PROCESSOR_ERROR,INC-001,36,1.0,INC-001
2026-08-31 10:05:00,L5_PROVIDER_METHOD_COUNTRY,,Adyen,card,CO,,0,10,45,43,2,0.9555555555555556,INSUFFICIENT_FUNDS,,0,0.0,
2026-08-31 10:05:00,L5_PROVIDER_METHOD_COUNTRY,,Adyen,card,MX,,0,10,51,47,4,0.9215686274509803,INSUFFICIENT_FUNDS,INC-002,3,0.058823529411764705,INC-002
2026-08-31 10:05:00,L5_PROVIDER_METHOD_COUNTRY,,Adyen,cash_in_store,MX,,0,10,42,37,5,0.8809523809523809,DO_NOT_HONOR,,0,0.0,
2026-08-31 10:05:00,L5_PROVIDER_METHOD_COUNTRY,,Adyen,wallet,BR,,0,10,45,26,19,0.5777777777777777,PROCESSOR_ERROR,INC-001,45,1.0,INC-001
2026-08-31 10:05:00,L5_PROVIDER_METHOD_COUNTRY,,Adyen,wallet,CO,,0,10,44,39,5,0.8863636363636364,INVALID_CARD,,0,0.0,
2026-08-31 10:05:00,L5_PROVIDER_METHOD_COUNTRY,,Adyen,wallet,MX,,0,10,44,43,1,0.9772727272727273,INVALID_CARD,,0,0.0,
2026-08-31 10:05:00,L5_PROVIDER_METHOD_COUNTRY,,Stripe,PIX,BR,,0,10,55,53,2,0.9636363636363636,DO_NOT_HONOR,,0,0.0,
2026-08-31 10:05:00,L5_PROVIDER_METHOD_COUNTRY,,Stripe,PSE,CO,,0,10,35,32,3,0.9142857142857143,INVALID_CARD,,0,0.0,
2026-08-31 10:05:00,L5_PROVIDER_METHOD_COUNTRY,,Stripe,card,BR,,0,10,49,47,2,0.9591836734693877,INSUFFICIENT_FUNDS,,0,0.0,
2026-08-31 10:05:00,L5_PROVIDER_METHOD_COUNTRY,,Stripe,card,CO,,0,10,40,36,4,0.9,SUSPECTED_FRAUD,,0,0.0,
2026-08-31 10:05:00,L5_PROVIDER_METHOD_COUNTRY,,Stripe,card,MX,,0,10,41,36,5,0.8780487804878049,ISSUER_UNAVAILABLE,INC-002,5,0.12195121951219512,INC-002
2026-08-31 10:05:00,L5_PROVIDER_METHOD_COUNTRY,,Stripe,cash_in_store,MX,,0,10,38,26,12,0.6842105263157895,INVALID_CARD,,0,0.0,
2026-08-31 10:05:00,L5_PROVIDER_METHOD_COUNTRY,,Stripe,wallet,BR,,0,10,49,43,6,0.8775510204081632,INVALID_CARD,,0,0.0,
2026-08-31 10:05:00,L5_PROVIDER_METHOD_COUNTRY,,Stripe,wallet,CO,,0,10,47,42,5,0.8936170212765957,DO_NOT_HONOR,,0,0.0,
2026-08-31 10:05:00,L5_PROVIDER_METHOD_COUNTRY,,Stripe,wallet,MX,,0,10,48,41,7,0.8541666666666666,SUSPECTED_FRAUD,,0,0.0,
2026-08-31 10:05:00,L5_PROVIDER_METHOD_COUNTRY,,dLocal,PIX,BR,,0,10,47,46,1,0.9787234042553191,INSUFFICIENT_FUNDS,,0,0.0,
2026-08-31 10:05:00,L5_PROVIDER_METHOD_COUNTRY,,dLocal,PSE,CO,,0,10,46,40,6,0.8695652173913043,INSUFFICIENT_FUNDS,,0,0.0,
2026-08-31 10:05:00,L5_PROVIDER_METHOD_COUNTRY,,dLocal,card,BR,,0,10,36,32,4,0.8888888888888888,INVALID_CARD,,0,0.0,
2026-08-31 10:05:00,L5_PROVIDER_METHOD_COUNTRY,,dLocal,card,CO,,0,10,52,47,5,0.9038461538461539,INSUFFICIENT_FUNDS,,0,0.0,
2026-08-31 10:05:00,L5_PROVIDER_METHOD_COUNTRY,,dLocal,card,MX,,0,10,36,29,7,0.8055555555555556,DO_NOT_HONOR,INC-002,2,0.05555555555555555,INC-002
2026-08-31 10:05:00,L5_PROVIDER_METHOD_COUNTRY,,dLocal,cash_in_store,MX,,0,10,47,45,2,0.9574468085106383,INSUFFICIENT_FUNDS,,0,0.0,
2026-08-31 10:05:00,L5_PROVIDER_METHOD_COUNTRY,,dLocal,wallet,BR,,0,10,38,33,5,0.868421052631579,INVALID_CARD,,0,0.0,
2026-08-31 10:05:00,L5_PROVIDER_METHOD_COUNTRY,,dLocal,wallet,CO,,0,10,41,35,6,0.8536585365853658,SUSPECTED_FRAUD,,0,0.0,
2026-08-31 10:05:00,L5_PROVIDER_METHOD_COUNTRY,,dLocal,wallet,MX,,0,10,43,40,3,0.9302325581395349,DO_NOT_HONOR,,0,0.0,
2026-08-31 10:06:00,L5_PROVIDER_METHOD_COUNTRY,,Adyen,PIX,BR,,0,10,42,20,22,0.47619047619047616,PROCESSOR_ERROR,INC-001,42,1.0,INC-001
2026-08-31 10:06:00,L5_PROVIDER_METHOD_COUNTRY,,Adyen,PSE,CO,,0,10,52,46,6,0.8846153846153846,INVALID_CARD,,0,0.0,
2026-08-31 10:06:00,L5_PROVIDER_METHOD_COUNTRY,,Adyen,card,BR,,0,10,53,24,29,0.4528301886792453,PROCESSOR_ERROR,INC-001,53,1.0,INC-001
2026-08-31 10:06:00,L5_PROVIDER_METHOD_COUNTRY,,Adyen,card,CO,,0,10,46,44,2,0.9565217391304348,INSUFFICIENT_FUNDS,,0,0.0,
2026-08-31 10:06:00,L5_PROVIDER_METHOD_COUNTRY,,Adyen,card,MX,,0,10,49,45,4,0.9183673469387755,ISSUER_UNAVAILABLE,INC-002,4,0.08163265306122448,INC-002
2026-08-31 10:06:00,L5_PROVIDER_METHOD_COUNTRY,,Adyen,cash_in_store,MX,,0,10,45,35,10,0.7777777777777778,INVALID_CARD,,0,0.0,
2026-08-31 10:06:00,L5_PROVIDER_METHOD_COUNTRY,,Adyen,wallet,BR,,0,10,46,24,22,0.5217391304347826,PROCESSOR_ERROR,INC-001,46,1.0,INC-001
2026-08-31 10:06:00,L5_PROVIDER_METHOD_COUNTRY,,Adyen,wallet,CO,,0,10,42,38,4,0.9047619047619048,SUSPECTED_FRAUD,,0,0.0,
2026-08-31 10:06:00,L5_PROVIDER_METHOD_COUNTRY,,Adyen,wallet,MX,,0,10,44,42,2,0.9545454545454546,DO_NOT_HONOR,,0,0.0,
2026-08-31 10:06:00,L5_PROVIDER_METHOD_COUNTRY,,Stripe,PIX,BR,,0,10,39,38,1,0.9743589743589743,INVALID_CARD,,0,0.0,
2026-08-31 10:06:00,L5_PROVIDER_METHOD_COUNTRY,,Stripe,PSE,CO,,0,10,49,46,3,0.9387755102040817,INVALID_CARD,,0,0.0,
2026-08-31 10:06:00,L5_PROVIDER_METHOD_COUNTRY,,Stripe,card,BR,,0,10,44,39,5,0.8863636363636364,INVALID_CARD,,0,0.0,
2026-08-31 10:06:00,L5_PROVIDER_METHOD_COUNTRY,,Stripe,card,CO,,0,10,38,34,4,0.8947368421052632,INSUFFICIENT_FUNDS,,0,0.0,
2026-08-31 10:06:00,L5_PROVIDER_METHOD_COUNTRY,,Stripe,card,MX,,0,10,48,41,7,0.8541666666666666,DO_NOT_HONOR,INC-002,2,0.041666666666666664,INC-002
2026-08-31 10:06:00,L5_PROVIDER_METHOD_COUNTRY,,Stripe,cash_in_store,MX,,0,10,28,23,5,0.8214285714285714,INSUFFICIENT_FUNDS,,0,0.0,
2026-08-31 10:06:00,L5_PROVIDER_METHOD_COUNTRY,,Stripe,wallet,BR,,0,10,49,48,1,0.9795918367346939,DO_NOT_HONOR,,0,0.0,
2026-08-31 10:06:00,L5_PROVIDER_METHOD_COUNTRY,,Stripe,wallet,CO,,0,10,34,34,0,1.0,,,0,0.0,
2026-08-31 10:06:00,L5_PROVIDER_METHOD_COUNTRY,,Stripe,wallet,MX,,0,10,40,37,3,0.925,INSUFFICIENT_FUNDS,,0,0.0,
2026-08-31 10:06:00,L5_PROVIDER_METHOD_COUNTRY,,dLocal,PIX,BR,,0,10,53,51,2,0.9622641509433962,INSUFFICIENT_FUNDS,,0,0.0,
2026-08-31 10:06:00,L5_PROVIDER_METHOD_COUNTRY,,dLocal,PSE,CO,,0,10,49,42,7,0.8571428571428571,INSUFFICIENT_FUNDS,,0,0.0,
2026-08-31 10:06:00,L5_PROVIDER_METHOD_COUNTRY,,dLocal,card,BR,,0,10,46,40,6,0.8695652173913043,SUSPECTED_FRAUD,,0,0.0,
2026-08-31 10:06:00,L5_PROVIDER_METHOD_COUNTRY,,dLocal,card,CO,,0,10,33,29,4,0.8787878787878788,SUSPECTED_FRAUD,,0,0.0,
2026-08-31 10:06:00,L5_PROVIDER_METHOD_COUNTRY,,dLocal,card,MX,,0,10,48,40,8,0.8333333333333334,SUSPECTED_FRAUD,INC-002,2,0.041666666666666664,INC-002
2026-08-31 10:06:00,L5_PROVIDER_METHOD_COUNTRY,,dLocal,cash_in_store,MX,,0,10,42,37,5,0.8809523809523809,DO_NOT_HONOR,,0,0.0,
2026-08-31 10:06:00,L5_PROVIDER_METHOD_COUNTRY,,dLocal,wallet,BR,,0,10,37,34,3,0.918918918918919,INSUFFICIENT_FUNDS,,0,0.0,
2026-08-31 10:06:00,L5_PROVIDER_METHOD_COUNTRY,,dLocal,wallet,CO,,0,10,57,51,6,0.8947368421052632,INVALID_CARD,,0,0.0,
2026-08-31 10:06:00,L5_PROVIDER_METHOD_COUNTRY,,dLocal,wallet,MX,,0,10,47,43,4,0.9148936170212766,SUSPECTED_FRAUD,,0,0.0,
2026-08-31 10:07:00,L5_PROVIDER_METHOD_COUNTRY,,Adyen,PIX,BR,,0,10,55,29,26,0.5272727272727272,PROCESSOR_ERROR,INC-001,55,1.0,INC-001
2026-08-31 10:07:00,L5_PROVIDER_METHOD_COUNTRY,,Adyen,PSE,CO,,0,10,42,39,3,0.9285714285714286,DO_NOT_HONOR,,0,0.0,
2026-08-31 10:07:00,L5_PROVIDER_METHOD_COUNTRY,,Adyen,card,BR,,0,10,38,21,17,0.5526315789473685,PROCESSOR_ERROR,INC-001,38,1.0,INC-001
2026-08-31 10:07:00,L5_PROVIDER_METHOD_COUNTRY,,Adyen,card,CO,,0,10,43,38,5,0.8837209302325582,INSUFFICIENT_FUNDS,,0,0.0,
2026-08-31 10:07:00,L5_PROVIDER_METHOD_COUNTRY,,Adyen,card,MX,,0,10,30,26,4,0.8666666666666667,ISSUER_UNAVAILABLE,INC-002,3,0.1,INC-002
2026-08-31 10:07:00,L5_PROVIDER_METHOD_COUNTRY,,Adyen,cash_in_store,MX,,0,10,40,31,9,0.775,SUSPECTED_FRAUD,,0,0.0,
2026-08-31 10:07:00,L5_PROVIDER_METHOD_COUNTRY,,Adyen,wallet,BR,,0,10,43,20,23,0.46511627906976744,PROCESSOR_ERROR,INC-001,43,1.0,INC-001
2026-08-31 10:07:00,L5_PROVIDER_METHOD_COUNTRY,,Adyen,wallet,CO,,0,10,51,47,4,0.9215686274509803,DO_NOT_HONOR,,0,0.0,
2026-08-31 10:07:00,L5_PROVIDER_METHOD_COUNTRY,,Adyen,wallet,MX,,0,10,47,43,4,0.9148936170212766,INSUFFICIENT_FUNDS,,0,0.0,
2026-08-31 10:07:00,L5_PROVIDER_METHOD_COUNTRY,,Stripe,PIX,BR,,0,10,40,39,1,0.975,INVALID_CARD,,0,0.0,
2026-08-31 10:07:00,L5_PROVIDER_METHOD_COUNTRY,,Stripe,PSE,CO,,0,10,54,43,11,0.7962962962962963,DO_NOT_HONOR,,0,0.0,
2026-08-31 10:07:00,L5_PROVIDER_METHOD_COUNTRY,,Stripe,card,BR,,0,10,37,32,5,0.8648648648648649,DO_NOT_HONOR,,0,0.0,
2026-08-31 10:07:00,L5_PROVIDER_METHOD_COUNTRY,,Stripe,card,CO,,0,10,44,41,3,0.9318181818181818,DO_NOT_HONOR,,0,0.0,
2026-08-31 10:07:00,L5_PROVIDER_METHOD_COUNTRY,,Stripe,card,MX,,0,10,51,48,3,0.9411764705882353,DO_NOT_HONOR,INC-002,3,0.058823529411764705,INC-002
2026-08-31 10:07:00,L5_PROVIDER_METHOD_COUNTRY,,Stripe,cash_in_store,MX,,0,10,50,43,7,0.86,INSUFFICIENT_FUNDS,,0,0.0,
2026-08-31 10:07:00,L5_PROVIDER_METHOD_COUNTRY,,Stripe,wallet,BR,,0,10,50,45,5,0.9,SUSPECTED_FRAUD,,0,0.0,
2026-08-31 10:07:00,L5_PROVIDER_METHOD_COUNTRY,,Stripe,wallet,CO,,0,10,54,52,2,0.9629629629629629,DO_NOT_HONOR,,0,0.0,
2026-08-31 10:07:00,L5_PROVIDER_METHOD_COUNTRY,,Stripe,wallet,MX,,0,10,40,38,2,0.95,INSUFFICIENT_FUNDS,,0,0.0,
2026-08-31 10:07:00,L5_PROVIDER_METHOD_COUNTRY,,dLocal,PIX,BR,,0,10,40,33,7,0.825,SUSPECTED_FRAUD,,0,0.0,
2026-08-31 10:07:00,L5_PROVIDER_METHOD_COUNTRY,,dLocal,PSE,CO,,0,10,48,43,5,0.8958333333333334,INVALID_CARD,,0,0.0,
2026-08-31 10:07:00,L5_PROVIDER_METHOD_COUNTRY,,dLocal,card,BR,,0,10,43,39,4,0.9069767441860465,INSUFFICIENT_FUNDS,,0,0.0,
2026-08-31 10:07:00,L5_PROVIDER_METHOD_COUNTRY,,dLocal,card,CO,,0,10,46,41,5,0.8913043478260869,INSUFFICIENT_FUNDS,,0,0.0,
2026-08-31 10:07:00,L5_PROVIDER_METHOD_COUNTRY,,dLocal,card,MX,,0,10,41,36,5,0.8780487804878049,SUSPECTED_FRAUD,INC-002,1,0.024390243902439025,INC-002
2026-08-31 10:07:00,L5_PROVIDER_METHOD_COUNTRY,,dLocal,cash_in_store,MX,,0,10,38,28,10,0.7368421052631579,DO_NOT_HONOR,,0,0.0,
2026-08-31 10:07:00,L5_PROVIDER_METHOD_COUNTRY,,dLocal,wallet,BR,,0,10,44,43,1,0.9772727272727273,INVALID_CARD,,0,0.0,
2026-08-31 10:07:00,L5_PROVIDER_METHOD_COUNTRY,,dLocal,wallet,CO,,0,10,44,43,1,0.9772727272727273,INSUFFICIENT_FUNDS,,0,0.0,
2026-08-31 10:07:00,L5_PROVIDER_METHOD_COUNTRY,,dLocal,wallet,MX,,0,10,47,43,4,0.9148936170212766,INSUFFICIENT_FUNDS,,0,0.0,
2026-08-31 10:08:00,L5_PROVIDER_METHOD_COUNTRY,,Adyen,PIX,BR,,0,10,39,37,2,0.9487179487179487,DO_NOT_HONOR,,0,0.0,
2026-08-31 10:08:00,L5_PROVIDER_METHOD_COUNTRY,,Adyen,PSE,CO,,0,10,49,47,2,0.9591836734693877,DO_NOT_HONOR,,0,0.0,
2026-08-31 10:08:00,L5_PROVIDER_METHOD_COUNTRY,,Adyen,card,BR,,0,10,34,32,2,0.9411764705882353,INSUFFICIENT_FUNDS,,0,0.0,
2026-08-31 10:08:00,L5_PROVIDER_METHOD_COUNTRY,,Adyen,card,CO,,0,10,50,49,1,0.98,SUSPECTED_FRAUD,,0,0.0,
2026-08-31 10:08:00,L5_PROVIDER_METHOD_COUNTRY,,Adyen,card,MX,,0,10,45,35,10,0.7777777777777778,ISSUER_UNAVAILABLE,INC-002,5,0.1111111111111111,INC-002
2026-08-31 10:08:00,L5_PROVIDER_METHOD_COUNTRY,,Adyen,cash_in_store,MX,,0,10,45,38,7,0.8444444444444444,INVALID_CARD,,0,0.0,
2026-08-31 10:08:00,L5_PROVIDER_METHOD_COUNTRY,,Adyen,wallet,BR,,0,10,39,38,1,0.9743589743589743,SUSPECTED_FRAUD,,0,0.0,
2026-08-31 10:08:00,L5_PROVIDER_METHOD_COUNTRY,,Adyen,wallet,CO,,0,10,52,47,5,0.9038461538461539,DO_NOT_HONOR,,0,0.0,
2026-08-31 10:08:00,L5_PROVIDER_METHOD_COUNTRY,,Adyen,wallet,MX,,0,10,44,39,5,0.8863636363636364,DO_NOT_HONOR,,0,0.0,
2026-08-31 10:08:00,L5_PROVIDER_METHOD_COUNTRY,,Stripe,PIX,BR,,0,10,39,37,2,0.9487179487179487,INSUFFICIENT_FUNDS,,0,0.0,
2026-08-31 10:08:00,L5_PROVIDER_METHOD_COUNTRY,,Stripe,PSE,CO,,0,10,40,34,6,0.85,INSUFFICIENT_FUNDS,,0,0.0,
2026-08-31 10:08:00,L5_PROVIDER_METHOD_COUNTRY,,Stripe,card,BR,,0,10,37,34,3,0.918918918918919,DO_NOT_HONOR,,0,0.0,
2026-08-31 10:08:00,L5_PROVIDER_METHOD_COUNTRY,,Stripe,card,CO,,0,10,54,49,5,0.9074074074074074,INVALID_CARD,,0,0.0,
2026-08-31 10:08:00,L5_PROVIDER_METHOD_COUNTRY,,Stripe,card,MX,,0,10,50,44,6,0.88,ISSUER_UNAVAILABLE,INC-002,4,0.08,INC-002
2026-08-31 10:08:00,L5_PROVIDER_METHOD_COUNTRY,,Stripe,cash_in_store,MX,,0,10,40,33,7,0.825,INVALID_CARD,,0,0.0,
2026-08-31 10:08:00,L5_PROVIDER_METHOD_COUNTRY,,Stripe,wallet,BR,,0,10,40,35,5,0.875,SUSPECTED_FRAUD,,0,0.0,
2026-08-31 10:08:00,L5_PROVIDER_METHOD_COUNTRY,,Stripe,wallet,CO,,0,10,39,37,2,0.9487179487179487,INVALID_CARD,,0,0.0,
2026-08-31 10:08:00,L5_PROVIDER_METHOD_COUNTRY,,Stripe,wallet,MX,,0,10,33,31,2,0.9393939393939394,INSUFFICIENT_FUNDS,,0,0.0,
2026-08-31 10:08:00,L5_PROVIDER_METHOD_COUNTRY,,dLocal,PIX,BR,,0,10,52,45,7,0.8653846153846154,SUSPECTED_FRAUD,,0,0.0,
2026-08-31 10:08:00,L5_PROVIDER_METHOD_COUNTRY,,dLocal,PSE,CO,,0,10,51,44,7,0.8627450980392157,DO_NOT_HONOR,,0,0.0,
2026-08-31 10:08:00,L5_PROVIDER_METHOD_COUNTRY,,dLocal,card,BR,,0,10,47,43,4,0.9148936170212766,SUSPECTED_FRAUD,,0,0.0,
2026-08-31 10:08:00,L5_PROVIDER_METHOD_COUNTRY,,dLocal,card,CO,,0,10,44,42,2,0.9545454545454546,DO_NOT_HONOR,,0,0.0,
2026-08-31 10:08:00,L5_PROVIDER_METHOD_COUNTRY,,dLocal,card,MX,,0,10,38,33,5,0.868421052631579,DO_NOT_HONOR,INC-002,1,0.02631578947368421,INC-002
2026-08-31 10:08:00,L5_PROVIDER_METHOD_COUNTRY,,dLocal,cash_in_store,MX,,0,10,44,34,10,0.7727272727272727,DO_NOT_HONOR,,0,0.0,
2026-08-31 10:08:00,L5_PROVIDER_METHOD_COUNTRY,,dLocal,wallet,BR,,0,10,68,62,6,0.9117647058823529,SUSPECTED_FRAUD,,0,0.0,
2026-08-31 10:08:00,L5_PROVIDER_METHOD_COUNTRY,,dLocal,wallet,CO,,0,10,46,44,2,0.9565217391304348,INSUFFICIENT_FUNDS,,0,0.0,
2026-08-31 10:08:00,L5_PROVIDER_METHOD_COUNTRY,,dLocal,wallet,MX,,0,10,41,36,5,0.8780487804878049,DO_NOT_HONOR,,0,0.0,
2026-08-31 10:09:00,L5_PROVIDER_METHOD_COUNTRY,,Adyen,PIX,BR,,0,10,39,38,1,0.9743589743589743,INSUFFICIENT_FUNDS,,0,0.0,
2026-08-31 10:09:00,L5_PROVIDER_METHOD_COUNTRY,,Adyen,PSE,CO,,0,10,50,41,9,0.82,SUSPECTED_FRAUD,,0,0.0,
2026-08-31 10:09:00,L5_PROVIDER_METHOD_COUNTRY,,Adyen,card,BR,,0,10,37,34,3,0.918918918918919,DO_NOT_HONOR,,0,0.0,
2026-08-31 10:09:00,L5_PROVIDER_METHOD_COUNTRY,,Adyen,card,CO,,0,10,53,48,5,0.9056603773584906,INVALID_CARD,,0,0.0,
2026-08-31 10:09:00,L5_PROVIDER_METHOD_COUNTRY,,Adyen,card,MX,,0,10,35,33,2,0.9428571428571428,DO_NOT_HONOR,,0,0.0,
2026-08-31 10:09:00,L5_PROVIDER_METHOD_COUNTRY,,Adyen,cash_in_store,MX,,0,10,38,34,4,0.8947368421052632,INVALID_CARD,,0,0.0,
2026-08-31 10:09:00,L5_PROVIDER_METHOD_COUNTRY,,Adyen,wallet,BR,,0,10,52,48,4,0.9230769230769231,INVALID_CARD,,0,0.0,
2026-08-31 10:09:00,L5_PROVIDER_METHOD_COUNTRY,,Adyen,wallet,CO,,0,10,45,40,5,0.8888888888888888,SUSPECTED_FRAUD,,0,0.0,
2026-08-31 10:09:00,L5_PROVIDER_METHOD_COUNTRY,,Adyen,wallet,MX,,0,10,37,35,2,0.9459459459459459,INSUFFICIENT_FUNDS,,0,0.0,
2026-08-31 10:09:00,L5_PROVIDER_METHOD_COUNTRY,,Stripe,PIX,BR,,0,10,37,36,1,0.972972972972973,INVALID_CARD,,0,0.0,
2026-08-31 10:09:00,L5_PROVIDER_METHOD_COUNTRY,,Stripe,PSE,CO,,0,10,47,44,3,0.9361702127659575,SUSPECTED_FRAUD,,0,0.0,
2026-08-31 10:09:00,L5_PROVIDER_METHOD_COUNTRY,,Stripe,card,BR,,0,10,41,35,6,0.8536585365853658,SUSPECTED_FRAUD,,0,0.0,
2026-08-31 10:09:00,L5_PROVIDER_METHOD_COUNTRY,,Stripe,card,CO,,0,10,49,44,5,0.8979591836734694,DO_NOT_HONOR,,0,0.0,
2026-08-31 10:09:00,L5_PROVIDER_METHOD_COUNTRY,,Stripe,card,MX,,0,10,44,42,2,0.9545454545454546,INVALID_CARD,,0,0.0,
2026-08-31 10:09:00,L5_PROVIDER_METHOD_COUNTRY,,Stripe,cash_in_store,MX,,0,10,56,50,6,0.8928571428571429,SUSPECTED_FRAUD,,0,0.0,
2026-08-31 10:09:00,L5_PROVIDER_METHOD_COUNTRY,,Stripe,wallet,BR,,0,10,42,38,4,0.9047619047619048,DO_NOT_HONOR,,0,0.0,
2026-08-31 10:09:00,L5_PROVIDER_METHOD_COUNTRY,,Stripe,wallet,CO,,0,10,47,41,6,0.8723404255319149,DO_NOT_HONOR,,0,0.0,
2026-08-31 10:09:00,L5_PROVIDER_METHOD_COUNTRY,,Stripe,wallet,MX,,0,10,60,56,4,0.9333333333333333,SUSPECTED_FRAUD,,0,0.0,
2026-08-31 10:09:00,L5_PROVIDER_METHOD_COUNTRY,,dLocal,PIX,BR,,0,10,51,48,3,0.9411764705882353,DO_NOT_HONOR,,0,0.0,
2026-08-31 10:09:00,L5_PROVIDER_METHOD_COUNTRY,,dLocal,PSE,CO,,0,10,37,35,2,0.9459459459459459,DO_NOT_HONOR,,0,0.0,
2026-08-31 10:09:00,L5_PROVIDER_METHOD_COUNTRY,,dLocal,card,BR,,0,10,42,39,3,0.9285714285714286,DO_NOT_HONOR,,0,0.0,
2026-08-31 10:09:00,L5_PROVIDER_METHOD_COUNTRY,,dLocal,card,CO,,0,10,41,35,6,0.8536585365853658,SUSPECTED_FRAUD,,0,0.0,
2026-08-31 10:09:00,L5_PROVIDER_METHOD_COUNTRY,,dLocal,card,MX,,0,10,43,37,6,0.8604651162790697,DO_NOT_HONOR,,0,0.0,
2026-08-31 10:09:00,L5_PROVIDER_METHOD_COUNTRY,,dLocal,cash_in_store,MX,,0,10,36,31,5,0.8611111111111112,DO_NOT_HONOR,,0,0.0,
2026-08-31 10:09:00,L5_PROVIDER_METHOD_COUNTRY,,dLocal,wallet,BR,,0,10,43,41,2,0.9534883720930233,DO_NOT_HONOR,,0,0.0,
2026-08-31 10:09:00,L5_PROVIDER_METHOD_COUNTRY,,dLocal,wallet,CO,,0,10,46,43,3,0.9347826086956522,DO_NOT_HONOR,,0,0.0,
2026-08-31 10:09:00,L5_PROVIDER_METHOD_COUNTRY,,dLocal,wallet,MX,,0,10,52,48,4,0.9230769230769231,DO_NOT_HONOR,,0,0.0,
2026-08-31 10:10:00,L5_PROVIDER_METHOD_COUNTRY,,Adyen,PIX,BR,,0,10,44,42,2,0.9545454545454546,INVALID_CARD,,0,0.0,
2026-08-31 10:10:00,L5_PROVIDER_METHOD_COUNTRY,,Adyen,PSE,CO,,0,10,33,27,6,0.8181818181818182,DO_NOT_HONOR,,0,0.0,
2026-08-31 10:10:00,L5_PROVIDER_METHOD_COUNTRY,,Adyen,card,BR,,0,10,51,45,6,0.8823529411764706,INVALID_CARD,,0,0.0,
2026-08-31 10:10:00,L5_PROVIDER_METHOD_COUNTRY,,Adyen,card,CO,,0,10,55,52,3,0.9454545454545454,SUSPECTED_FRAUD,,0,0.0,
2026-08-31 10:10:00,L5_PROVIDER_METHOD_COUNTRY,,Adyen,card,MX,,0,10,47,45,2,0.9574468085106383,INSUFFICIENT_FUNDS,,0,0.0,
2026-08-31 10:10:00,L5_PROVIDER_METHOD_COUNTRY,,Adyen,cash_in_store,MX,,0,10,25,21,4,0.84,INVALID_CARD,,0,0.0,
2026-08-31 10:10:00,L5_PROVIDER_METHOD_COUNTRY,,Adyen,wallet,BR,,0,10,50,43,7,0.86,DO_NOT_HONOR,,0,0.0,
2026-08-31 10:10:00,L5_PROVIDER_METHOD_COUNTRY,,Adyen,wallet,CO,,0,10,44,40,4,0.9090909090909091,SUSPECTED_FRAUD,,0,0.0,
2026-08-31 10:10:00,L5_PROVIDER_METHOD_COUNTRY,,Adyen,wallet,MX,,0,10,60,56,4,0.9333333333333333,INSUFFICIENT_FUNDS,,0,0.0,
2026-08-31 10:10:00,L5_PROVIDER_METHOD_COUNTRY,,Stripe,PIX,BR,,0,10,51,47,4,0.9215686274509803,INSUFFICIENT_FUNDS,,0,0.0,
2026-08-31 10:10:00,L5_PROVIDER_METHOD_COUNTRY,,Stripe,PSE,CO,,0,10,39,35,4,0.8974358974358975,SUSPECTED_FRAUD,,0,0.0,
2026-08-31 10:10:00,L5_PROVIDER_METHOD_COUNTRY,,Stripe,card,BR,,0,10,34,28,6,0.8235294117647058,DO_NOT_HONOR,,0,0.0,
2026-08-31 10:10:00,L5_PROVIDER_METHOD_COUNTRY,,Stripe,card,CO,,0,10,47,40,7,0.851063829787234,DO_NOT_HONOR,,0,0.0,
2026-08-31 10:10:00,L5_PROVIDER_METHOD_COUNTRY,,Stripe,card,MX,,0,10,41,39,2,0.9512195121951219,INSUFFICIENT_FUNDS,,0,0.0,
2026-08-31 10:10:00,L5_PROVIDER_METHOD_COUNTRY,,Stripe,cash_in_store,MX,,0,10,46,42,4,0.9130434782608695,DO_NOT_HONOR,,0,0.0,
2026-08-31 10:10:00,L5_PROVIDER_METHOD_COUNTRY,,Stripe,wallet,BR,,0,10,39,35,4,0.8974358974358975,DO_NOT_HONOR,,0,0.0,
2026-08-31 10:10:00,L5_PROVIDER_METHOD_COUNTRY,,Stripe,wallet,CO,,0,10,45,41,4,0.9111111111111111,INVALID_CARD,,0,0.0,
2026-08-31 10:10:00,L5_PROVIDER_METHOD_COUNTRY,,Stripe,wallet,MX,,0,10,50,44,6,0.88,DO_NOT_HONOR,,0,0.0,
2026-08-31 10:10:00,L5_PROVIDER_METHOD_COUNTRY,,dLocal,PIX,BR,,0,10,41,39,2,0.9512195121951219,INSUFFICIENT_FUNDS,,0,0.0,
2026-08-31 10:10:00,L5_PROVIDER_METHOD_COUNTRY,,dLocal,PSE,CO,,0,10,36,33,3,0.9166666666666666,SUSPECTED_FRAUD,,0,0.0,
2026-08-31 10:10:00,L5_PROVIDER_METHOD_COUNTRY,,dLocal,card,BR,,0,10,41,38,3,0.926829268292683,INSUFFICIENT_FUNDS,,0,0.0,
2026-08-31 10:10:00,L5_PROVIDER_METHOD_COUNTRY,,dLocal,card,CO,,0,10,38,34,4,0.8947368421052632,DO_NOT_HONOR,,0,0.0,
2026-08-31 10:10:00,L5_PROVIDER_METHOD_COUNTRY,,dLocal,card,MX,,0,10,44,38,6,0.8636363636363636,DO_NOT_HONOR,,0,0.0,
2026-08-31 10:10:00,L5_PROVIDER_METHOD_COUNTRY,,dLocal,cash_in_store,MX,,0,10,58,53,5,0.9137931034482759,SUSPECTED_FRAUD,,0,0.0,
2026-08-31 10:10:00,L5_PROVIDER_METHOD_COUNTRY,,dLocal,wallet,BR,,0,10,42,40,2,0.9523809523809523,INVALID_CARD,,0,0.0,
2026-08-31 10:10:00,L5_PROVIDER_METHOD_COUNTRY,,dLocal,wallet,CO,,0,10,49,40,9,0.8163265306122449,DO_NOT_HONOR,,0,0.0,
2026-08-31 10:10:00,L5_PROVIDER_METHOD_COUNTRY,,dLocal,wallet,MX,,0,10,50,45,5,0.9,SUSPECTED_FRAUD,,0,0.0,
2026-08-31 10:11:00,L5_PROVIDER_METHOD_COUNTRY,,Adyen,PIX,BR,,0,10,52,49,3,0.9423076923076923,DO_NOT_HONOR,,0,0.0,
2026-08-31 10:11:00,L5_PROVIDER_METHOD_COUNTRY,,Adyen,PSE,CO,,0,10,33,29,4,0.8787878787878788,DO_NOT_HONOR,,0,0.0,
2026-08-31 10:11:00,L5_PROVIDER_METHOD_COUNTRY,,Adyen,card,BR,,0,10,45,40,5,0.8888888888888888,INSUFFICIENT_FUNDS,,0,0.0,
2026-08-31 10:11:00,L5_PROVIDER_METHOD_COUNTRY,,Adyen,card,CO,,0,10,36,30,6,0.8333333333333334,SUSPECTED_FRAUD,,0,0.0,
2026-08-31 10:11:00,L5_PROVIDER_METHOD_COUNTRY,,Adyen,card,MX,,0,10,38,36,2,0.9473684210526315,DO_NOT_HONOR,,0,0.0,
2026-08-31 10:11:00,L5_PROVIDER_METHOD_COUNTRY,,Adyen,cash_in_store,MX,,0,10,51,48,3,0.9411764705882353,DO_NOT_HONOR,,0,0.0,
2026-08-31 10:11:00,L5_PROVIDER_METHOD_COUNTRY,,Adyen,wallet,BR,,0,10,39,37,2,0.9487179487179487,INSUFFICIENT_FUNDS,,0,0.0,
2026-08-31 10:11:00,L5_PROVIDER_METHOD_COUNTRY,,Adyen,wallet,CO,,0,10,45,44,1,0.9777777777777777,DO_NOT_HONOR,,0,0.0,
2026-08-31 10:11:00,L5_PROVIDER_METHOD_COUNTRY,,Adyen,wallet,MX,,0,10,51,46,5,0.9019607843137255,INVALID_CARD,,0,0.0,
2026-08-31 10:11:00,L5_PROVIDER_METHOD_COUNTRY,,Stripe,PIX,BR,,0,10,42,42,0,1.0,,,0,0.0,
2026-08-31 10:11:00,L5_PROVIDER_METHOD_COUNTRY,,Stripe,PSE,CO,,0,10,48,40,8,0.8333333333333334,INSUFFICIENT_FUNDS,,0,0.0,
2026-08-31 10:11:00,L5_PROVIDER_METHOD_COUNTRY,,Stripe,card,BR,,0,10,39,36,3,0.9230769230769231,DO_NOT_HONOR,,0,0.0,
2026-08-31 10:11:00,L5_PROVIDER_METHOD_COUNTRY,,Stripe,card,CO,,0,10,53,48,5,0.9056603773584906,DO_NOT_HONOR,,0,0.0,
2026-08-31 10:11:00,L5_PROVIDER_METHOD_COUNTRY,,Stripe,card,MX,,0,10,59,53,6,0.8983050847457628,DO_NOT_HONOR,,0,0.0,
2026-08-31 10:11:00,L5_PROVIDER_METHOD_COUNTRY,,Stripe,cash_in_store,MX,,0,10,42,31,11,0.7380952380952381,SUSPECTED_FRAUD,,0,0.0,
2026-08-31 10:11:00,L5_PROVIDER_METHOD_COUNTRY,,Stripe,wallet,BR,,0,10,51,46,5,0.9019607843137255,INVALID_CARD,,0,0.0,
2026-08-31 10:11:00,L5_PROVIDER_METHOD_COUNTRY,,Stripe,wallet,CO,,0,10,43,41,2,0.9534883720930233,INVALID_CARD,,0,0.0,
2026-08-31 10:11:00,L5_PROVIDER_METHOD_COUNTRY,,Stripe,wallet,MX,,0,10,46,42,4,0.9130434782608695,SUSPECTED_FRAUD,,0,0.0,
2026-08-31 10:11:00,L5_PROVIDER_METHOD_COUNTRY,,dLocal,PIX,BR,,0,10,41,41,0,1.0,,,0,0.0,
2026-08-31 10:11:00,L5_PROVIDER_METHOD_COUNTRY,,dLocal,PSE,CO,,0,10,47,39,8,0.8297872340425532,INSUFFICIENT_FUNDS,,0,0.0,
2026-08-31 10:11:00,L5_PROVIDER_METHOD_COUNTRY,,dLocal,card,BR,,0,10,43,39,4,0.9069767441860465,DO_NOT_HONOR,,0,0.0,
2026-08-31 10:11:00,L5_PROVIDER_METHOD_COUNTRY,,dLocal,card,CO,,0,10,41,38,3,0.926829268292683,DO_NOT_HONOR,,0,0.0,
2026-08-31 10:11:00,L5_PROVIDER_METHOD_COUNTRY,,dLocal,card,MX,,0,10,46,38,8,0.8260869565217391,SUSPECTED_FRAUD,,0,0.0,
2026-08-31 10:11:00,L5_PROVIDER_METHOD_COUNTRY,,dLocal,cash_in_store,MX,,0,10,44,37,7,0.8409090909090909,DO_NOT_HONOR,,0,0.0,
2026-08-31 10:11:00,L5_PROVIDER_METHOD_COUNTRY,,dLocal,wallet,BR,,0,10,43,36,7,0.8372093023255814,DO_NOT_HONOR,,0,0.0,
2026-08-31 10:11:00,L5_PROVIDER_METHOD_COUNTRY,,dLocal,wallet,CO,,0,10,39,36,3,0.9230769230769231,INSUFFICIENT_FUNDS,,0,0.0,
2026-08-31 10:11:00,L5_PROVIDER_METHOD_COUNTRY,,dLocal,wallet,MX,,0,10,43,42,1,0.9767441860465116,INSUFFICIENT_FUNDS,,0,0.0,
2026-08-31 10:00:00,L6_MERCHANT_BANK_COUNTRY,Merchant_A,,,MX,BBVA,0,10,15,15,0,1.0,,,0,0.0,
2026-08-31 10:00:00,L6_MERCHANT_BANK_COUNTRY,Merchant_A,,,CO,Banco de Bogota,0,10,18,16,2,0.8888888888888888,DO_NOT_HONOR,,0,0.0,
2026-08-31 10:00:00,L6_MERCHANT_BANK_COUNTRY,Merchant_A,,,BR,Banco do Brasil,0,10,13,11,2,0.8461538461538461,INVALID_CARD,,0,0.0,
2026-08-31 10:00:00,L6_MERCHANT_BANK_COUNTRY,Merchant_A,,,CO,Bancolombia,0,10,14,12,2,0.8571428571428571,INVALID_CARD,,0,0.0,
2026-08-31 10:00:00,L6_MERCHANT_BANK_COUNTRY,Merchant_A,,,MX,Banorte,0,10,10,9,1,0.9,SUSPECTED_FRAUD,,0,0.0,
2026-08-31 10:00:00,L6_MERCHANT_BANK_COUNTRY,Merchant_A,,,BR,Bradesco,0,10,8,8,0,1.0,,,0,0.0,
2026-08-31 10:00:00,L6_MERCHANT_BANK_COUNTRY,Merchant_A,,,MX,Citibanamex,0,10,11,9,2,0.8181818181818182,INSUFFICIENT_FUNDS,,0,0.0,
2026-08-31 10:00:00,L6_MERCHANT_BANK_COUNTRY,Merchant_A,,,CO,Davivienda,0,10,9,8,1,0.8888888888888888,INVALID_CARD,,0,0.0,
2026-08-31 10:00:00,L6_MERCHANT_BANK_COUNTRY,Merchant_A,,,BR,Itau,0,10,12,11,1,0.9166666666666666,INVALID_CARD,,0,0.0,
2026-08-31 10:00:00,L6_MERCHANT_BANK_COUNTRY,Merchant_A,,,BR,Nubank,0,10,12,11,1,0.9166666666666666,SUSPECTED_FRAUD,,0,0.0,
2026-08-31 10:00:00,L6_MERCHANT_BANK_COUNTRY,Merchant_A,,,MX,Santander,0,10,8,8,0,1.0,,,0,0.0,
2026-08-31 10:00:00,L6_MERCHANT_BANK_COUNTRY,Merchant_A,,,BR,,0,10,105,98,7,0.9333333333333333,DO_NOT_HONOR,,0,0.0,
2026-08-31 10:00:00,L6_MERCHANT_BANK_COUNTRY,Merchant_A,,,CO,,0,10,97,89,8,0.9175257731958762,INSUFFICIENT_FUNDS,,0,0.0,
2026-08-31 10:00:00,L6_MERCHANT_BANK_COUNTRY,Merchant_A,,,MX,,0,10,84,72,12,0.8571428571428571,DO_NOT_HONOR,,0,0.0,
2026-08-31 10:00:00,L6_MERCHANT_BANK_COUNTRY,Merchant_B,,,MX,BBVA,0,10,12,10,2,0.8333333333333334,DO_NOT_HONOR,,0,0.0,
2026-08-31 10:00:00,L6_MERCHANT_BANK_COUNTRY,Merchant_B,,,CO,Banco de Bogota,0,10,13,11,2,0.8461538461538461,INSUFFICIENT_FUNDS,,0,0.0,
2026-08-31 10:00:00,L6_MERCHANT_BANK_COUNTRY,Merchant_B,,,BR,Banco do Brasil,0,10,9,9,0,1.0,,,0,0.0,
2026-08-31 10:00:00,L6_MERCHANT_BANK_COUNTRY,Merchant_B,,,CO,Bancolombia,0,10,16,15,1,0.9375,DO_NOT_HONOR,,0,0.0,
2026-08-31 10:00:00,L6_MERCHANT_BANK_COUNTRY,Merchant_B,,,MX,Banorte,0,10,4,3,1,0.75,INVALID_CARD,,0,0.0,
2026-08-31 10:00:00,L6_MERCHANT_BANK_COUNTRY,Merchant_B,,,BR,Bradesco,0,10,10,10,0,1.0,,,0,0.0,
2026-08-31 10:00:00,L6_MERCHANT_BANK_COUNTRY,Merchant_B,,,MX,Citibanamex,0,10,10,8,2,0.8,INVALID_CARD,,0,0.0,
2026-08-31 10:00:00,L6_MERCHANT_BANK_COUNTRY,Merchant_B,,,CO,Davivienda,0,10,18,18,0,1.0,,,0,0.0,
2026-08-31 10:00:00,L6_MERCHANT_BANK_COUNTRY,Merchant_B,,,BR,Itau,0,10,9,8,1,0.8888888888888888,INVALID_CARD,,0,0.0,
2026-08-31 10:00:00,L6_MERCHANT_BANK_COUNTRY,Merchant_B,,,BR,Nubank,0,10,19,17,2,0.8947368421052632,INVALID_CARD,,0,0.0,
2026-08-31 10:00:00,L6_MERCHANT_BANK_COUNTRY,Merchant_B,,,MX,Santander,0,10,9,8,1,0.8888888888888888,SUSPECTED_FRAUD,,0,0.0,
2026-08-31 10:00:00,L6_MERCHANT_BANK_COUNTRY,Merchant_B,,,BR,,0,10,87,81,6,0.9310344827586207,DO_NOT_HONOR,,0,0.0,
2026-08-31 10:00:00,L6_MERCHANT_BANK_COUNTRY,Merchant_B,,,CO,,0,10,87,79,8,0.9080459770114943,INSUFFICIENT_FUNDS,,0,0.0,
2026-08-31 10:00:00,L6_MERCHANT_BANK_COUNTRY,Merchant_B,,,MX,,0,10,89,79,10,0.8876404494382022,INVALID_CARD,,0,0.0,
2026-08-31 10:00:00,L6_MERCHANT_BANK_COUNTRY,Merchant_C,,,MX,BBVA,0,10,14,14,0,1.0,,,0,0.0,
2026-08-31 10:00:00,L6_MERCHANT_BANK_COUNTRY,Merchant_C,,,CO,Banco de Bogota,0,10,14,12,2,0.8571428571428571,DO_NOT_HONOR,,0,0.0,
2026-08-31 10:00:00,L6_MERCHANT_BANK_COUNTRY,Merchant_C,,,BR,Banco do Brasil,0,10,8,6,2,0.75,DO_NOT_HONOR,,0,0.0,
2026-08-31 10:00:00,L6_MERCHANT_BANK_COUNTRY,Merchant_C,,,CO,Bancolombia,0,10,11,7,4,0.6363636363636364,INSUFFICIENT_FUNDS,,0,0.0,
2026-08-31 10:00:00,L6_MERCHANT_BANK_COUNTRY,Merchant_C,,,MX,Banorte,0,10,11,6,5,0.5454545454545454,DO_NOT_HONOR,,0,0.0,
2026-08-31 10:00:00,L6_MERCHANT_BANK_COUNTRY,Merchant_C,,,BR,Bradesco,0,10,15,15,0,1.0,,,0,0.0,
2026-08-31 10:00:00,L6_MERCHANT_BANK_COUNTRY,Merchant_C,,,MX,Citibanamex,0,10,13,10,3,0.7692307692307693,DO_NOT_HONOR,,0,0.0,
2026-08-31 10:00:00,L6_MERCHANT_BANK_COUNTRY,Merchant_C,,,CO,Davivienda,0,10,17,17,0,1.0,,,0,0.0,
2026-08-31 10:00:00,L6_MERCHANT_BANK_COUNTRY,Merchant_C,,,BR,Itau,0,10,9,9,0,1.0,,,0,0.0,
2026-08-31 10:00:00,L6_MERCHANT_BANK_COUNTRY,Merchant_C,,,BR,Nubank,0,10,8,5,3,0.625,INVALID_CARD,,0,0.0,
2026-08-31 10:00:00,L6_MERCHANT_BANK_COUNTRY,Merchant_C,,,MX,Santander,0,10,12,11,1,0.9166666666666666,INSUFFICIENT_FUNDS,,0,0.0,
2026-08-31 10:00:00,L6_MERCHANT_BANK_COUNTRY,Merchant_C,,,BR,,0,10,92,87,5,0.9456521739130435,SUSPECTED_FRAUD,,0,0.0,
2026-08-31 10:00:00,L6_MERCHANT_BANK_COUNTRY,Merchant_C,,,CO,,0,10,85,74,11,0.8705882352941177,SUSPECTED_FRAUD,,0,0.0,
2026-08-31 10:00:00,L6_MERCHANT_BANK_COUNTRY,Merchant_C,,,MX,,0,10,83,72,11,0.8674698795180723,INVALID_CARD,,0,0.0,
2026-08-31 10:01:00,L6_MERCHANT_BANK_COUNTRY,Merchant_A,,,MX,BBVA,0,10,8,8,0,1.0,,,0,0.0,
2026-08-31 10:01:00,L6_MERCHANT_BANK_COUNTRY,Merchant_A,,,CO,Banco de Bogota,0,10,15,12,3,0.8,DO_NOT_HONOR,,0,0.0,
2026-08-31 10:01:00,L6_MERCHANT_BANK_COUNTRY,Merchant_A,,,BR,Banco do Brasil,0,10,12,11,1,0.9166666666666666,INVALID_CARD,,0,0.0,
2026-08-31 10:01:00,L6_MERCHANT_BANK_COUNTRY,Merchant_A,,,CO,Bancolombia,0,10,16,16,0,1.0,,,0,0.0,
2026-08-31 10:01:00,L6_MERCHANT_BANK_COUNTRY,Merchant_A,,,MX,Banorte,0,10,13,12,1,0.9230769230769231,SUSPECTED_FRAUD,,0,0.0,
2026-08-31 10:01:00,L6_MERCHANT_BANK_COUNTRY,Merchant_A,,,BR,Bradesco,0,10,8,8,0,1.0,,,0,0.0,
2026-08-31 10:01:00,L6_MERCHANT_BANK_COUNTRY,Merchant_A,,,MX,Citibanamex,0,10,9,8,1,0.8888888888888888,SUSPECTED_FRAUD,,0,0.0,
2026-08-31 10:01:00,L6_MERCHANT_BANK_COUNTRY,Merchant_A,,,CO,Davivienda,0,10,12,10,2,0.8333333333333334,SUSPECTED_FRAUD,,0,0.0,
2026-08-31 10:01:00,L6_MERCHANT_BANK_COUNTRY,Merchant_A,,,BR,Itau,0,10,15,14,1,0.9333333333333333,DO_NOT_HONOR,,0,0.0,
2026-08-31 10:01:00,L6_MERCHANT_BANK_COUNTRY,Merchant_A,,,BR,Nubank,0,10,9,9,0,1.0,,,0,0.0,
2026-08-31 10:01:00,L6_MERCHANT_BANK_COUNTRY,Merchant_A,,,MX,Santander,0,10,20,19,1,0.95,DO_NOT_HONOR,,0,0.0,
2026-08-31 10:01:00,L6_MERCHANT_BANK_COUNTRY,Merchant_A,,,BR,,0,10,87,82,5,0.9425287356321839,SUSPECTED_FRAUD,,0,0.0,
2026-08-31 10:01:00,L6_MERCHANT_BANK_COUNTRY,Merchant_A,,,CO,,0,10,97,89,8,0.9175257731958762,INVALID_CARD,,0,0.0,
2026-08-31 10:01:00,L6_MERCHANT_BANK_COUNTRY,Merchant_A,,,MX,,0,10,86,74,12,0.8604651162790697,INVALID_CARD,,0,0.0,
2026-08-31 10:01:00,L6_MERCHANT_BANK_COUNTRY,Merchant_B,,,MX,BBVA,0,10,9,9,0,1.0,,,0,0.0,
2026-08-31 10:01:00,L6_MERCHANT_BANK_COUNTRY,Merchant_B,,,CO,Banco de Bogota,0,10,15,14,1,0.9333333333333333,INSUFFICIENT_FUNDS,,0,0.0,
2026-08-31 10:01:00,L6_MERCHANT_BANK_COUNTRY,Merchant_B,,,BR,Banco do Brasil,0,10,6,6,0,1.0,,,0,0.0,
2026-08-31 10:01:00,L6_MERCHANT_BANK_COUNTRY,Merchant_B,,,CO,Bancolombia,0,10,17,15,2,0.8823529411764706,INSUFFICIENT_FUNDS,,0,0.0,
2026-08-31 10:01:00,L6_MERCHANT_BANK_COUNTRY,Merchant_B,,,MX,Banorte,0,10,14,11,3,0.7857142857142857,INSUFFICIENT_FUNDS,,0,0.0,
2026-08-31 10:01:00,L6_MERCHANT_BANK_COUNTRY,Merchant_B,,,BR,Bradesco,0,10,8,6,2,0.75,DO_NOT_HONOR,,0,0.0,
2026-08-31 10:01:00,L6_MERCHANT_BANK_COUNTRY,Merchant_B,,,MX,Citibanamex,0,10,15,13,2,0.8666666666666667,INVALID_CARD,,0,0.0,
2026-08-31 10:01:00,L6_MERCHANT_BANK_COUNTRY,Merchant_B,,,CO,Davivienda,0,10,6,6,0,1.0,,,0,0.0,
2026-08-31 10:01:00,L6_MERCHANT_BANK_COUNTRY,Merchant_B,,,BR,Itau,0,10,6,5,1,0.8333333333333334,INSUFFICIENT_FUNDS,,0,0.0,
2026-08-31 10:01:00,L6_MERCHANT_BANK_COUNTRY,Merchant_B,,,BR,Nubank,0,10,16,15,1,0.9375,INSUFFICIENT_FUNDS,,0,0.0,
2026-08-31 10:01:00,L6_MERCHANT_BANK_COUNTRY,Merchant_B,,,MX,Santander,0,10,8,7,1,0.875,INVALID_CARD,,0,0.0,
2026-08-31 10:01:00,L6_MERCHANT_BANK_COUNTRY,Merchant_B,,,BR,,0,10,94,84,10,0.8936170212765957,DO_NOT_HONOR,,0,0.0,
2026-08-31 10:01:00,L6_MERCHANT_BANK_COUNTRY,Merchant_B,,,CO,,0,10,91,82,9,0.9010989010989011,DO_NOT_HONOR,,0,0.0,
2026-08-31 10:01:00,L6_MERCHANT_BANK_COUNTRY,Merchant_B,,,MX,,0,10,93,77,16,0.8279569892473119,INSUFFICIENT_FUNDS,,0,0.0,
2026-08-31 10:01:00,L6_MERCHANT_BANK_COUNTRY,Merchant_C,,,MX,BBVA,0,10,15,12,3,0.8,DO_NOT_HONOR,,0,0.0,
2026-08-31 10:01:00,L6_MERCHANT_BANK_COUNTRY,Merchant_C,,,CO,Banco de Bogota,0,10,14,14,0,1.0,,,0,0.0,
2026-08-31 10:01:00,L6_MERCHANT_BANK_COUNTRY,Merchant_C,,,BR,Banco do Brasil,0,10,8,7,1,0.875,INSUFFICIENT_FUNDS,,0,0.0,
2026-08-31 10:01:00,L6_MERCHANT_BANK_COUNTRY,Merchant_C,,,CO,Bancolombia,0,10,13,11,2,0.8461538461538461,INVALID_CARD,,0,0.0,
2026-08-31 10:01:00,L6_MERCHANT_BANK_COUNTRY,Merchant_C,,,MX,Banorte,0,10,15,14,1,0.9333333333333333,INVALID_CARD,,0,0.0,
2026-08-31 10:01:00,L6_MERCHANT_BANK_COUNTRY,Merchant_C,,,BR,Bradesco,0,10,9,8,1,0.8888888888888888,INSUFFICIENT_FUNDS,,0,0.0,
2026-08-31 10:01:00,L6_MERCHANT_BANK_COUNTRY,Merchant_C,,,MX,Citibanamex,0,10,5,5,0,1.0,,,0,0.0,
2026-08-31 10:01:00,L6_MERCHANT_BANK_COUNTRY,Merchant_C,,,CO,Davivienda,0,10,17,15,2,0.8823529411764706,INSUFFICIENT_FUNDS,,0,0.0,
2026-08-31 10:01:00,L6_MERCHANT_BANK_COUNTRY,Merchant_C,,,BR,Itau,0,10,15,14,1,0.9333333333333333,DO_NOT_HONOR,,0,0.0,
2026-08-31 10:01:00,L6_MERCHANT_BANK_COUNTRY,Merchant_C,,,BR,Nubank,0,10,15,13,2,0.8666666666666667,INVALID_CARD,,0,0.0,
2026-08-31 10:01:00,L6_MERCHANT_BANK_COUNTRY,Merchant_C,,,MX,Santander,0,10,12,11,1,0.9166666666666666,DO_NOT_HONOR,,0,0.0,
2026-08-31 10:01:00,L6_MERCHANT_BANK_COUNTRY,Merchant_C,,,BR,,0,10,85,82,3,0.9647058823529412,INSUFFICIENT_FUNDS,,0,0.0,
2026-08-31 10:01:00,L6_MERCHANT_BANK_COUNTRY,Merchant_C,,,CO,,0,10,90,84,6,0.9333333333333333,INSUFFICIENT_FUNDS,,0,0.0,
2026-08-31 10:01:00,L6_MERCHANT_BANK_COUNTRY,Merchant_C,,,MX,,0,10,82,73,9,0.8902439024390244,DO_NOT_HONOR,,0,0.0,
2026-08-31 10:02:00,L6_MERCHANT_BANK_COUNTRY,Merchant_A,,,MX,BBVA,0,10,18,16,2,0.8888888888888888,DO_NOT_HONOR,,0,0.0,
2026-08-31 10:02:00,L6_MERCHANT_BANK_COUNTRY,Merchant_A,,,CO,Banco de Bogota,0,10,18,16,2,0.8888888888888888,SUSPECTED_FRAUD,,0,0.0,
2026-08-31 10:02:00,L6_MERCHANT_BANK_COUNTRY,Merchant_A,,,BR,Banco do Brasil,0,10,11,10,1,0.9090909090909091,DO_NOT_HONOR,,0,0.0,
2026-08-31 10:02:00,L6_MERCHANT_BANK_COUNTRY,Merchant_A,,,CO,Bancolombia,0,10,7,7,0,1.0,,,0,0.0,
2026-08-31 10:02:00,L6_MERCHANT_BANK_COUNTRY,Merchant_A,,,MX,Banorte,0,10,13,12,1,0.9230769230769231,DO_NOT_HONOR,,0,0.0,
2026-08-31 10:02:00,L6_MERCHANT_BANK_COUNTRY,Merchant_A,,,BR,Bradesco,0,10,11,11,0,1.0,,,0,0.0,
2026-08-31 10:02:00,L6_MERCHANT_BANK_COUNTRY,Merchant_A,,,MX,Citibanamex,0,10,3,3,0,1.0,,,0,0.0,
2026-08-31 10:02:00,L6_MERCHANT_BANK_COUNTRY,Merchant_A,,,CO,Davivienda,0,10,20,17,3,0.85,INSUFFICIENT_FUNDS,,0,0.0,
2026-08-31 10:02:00,L6_MERCHANT_BANK_COUNTRY,Merchant_A,,,BR,Itau,0,10,15,12,3,0.8,SUSPECTED_FRAUD,,0,0.0,
2026-08-31 10:02:00,L6_MERCHANT_BANK_COUNTRY,Merchant_A,,,BR,Nubank,0,10,13,11,2,0.8461538461538461,DO_NOT_HONOR,,0,0.0,
2026-08-31 10:02:00,L6_MERCHANT_BANK_COUNTRY,Merchant_A,,,MX,Santander,0,10,13,9,4,0.6923076923076923,DO_NOT_HONOR,,0,0.0,
2026-08-31 10:02:00,L6_MERCHANT_BANK_COUNTRY,Merchant_A,,,BR,,0,10,113,104,9,0.9203539823008849,INVALID_CARD,,0,0.0,
2026-08-31 10:02:00,L6_MERCHANT_BANK_COUNTRY,Merchant_A,,,CO,,0,10,87,78,9,0.896551724137931,INSUFFICIENT_FUNDS,,0,0.0,
2026-08-31 10:02:00,L6_MERCHANT_BANK_COUNTRY,Merchant_A,,,MX,,0,10,82,77,5,0.9390243902439024,DO_NOT_HONOR,,0,0.0,
2026-08-31 10:02:00,L6_MERCHANT_BANK_COUNTRY,Merchant_B,,,MX,BBVA,0,10,12,10,2,0.8333333333333334,INVALID_CARD,,0,0.0,
2026-08-31 10:02:00,L6_MERCHANT_BANK_COUNTRY,Merchant_B,,,CO,Banco de Bogota,0,10,15,13,2,0.8666666666666667,INSUFFICIENT_FUNDS,,0,0.0,
2026-08-31 10:02:00,L6_MERCHANT_BANK_COUNTRY,Merchant_B,,,BR,Banco do Brasil,0,10,17,15,2,0.8823529411764706,DO_NOT_HONOR,,0,0.0,
2026-08-31 10:02:00,L6_MERCHANT_BANK_COUNTRY,Merchant_B,,,CO,Bancolombia,0,10,18,15,3,0.8333333333333334,DO_NOT_HONOR,,0,0.0,
2026-08-31 10:02:00,L6_MERCHANT_BANK_COUNTRY,Merchant_B,,,MX,Banorte,0,10,14,13,1,0.9285714285714286,SUSPECTED_FRAUD,,0,0.0,
2026-08-31 10:02:00,L6_MERCHANT_BANK_COUNTRY,Merchant_B,,,BR,Bradesco,0,10,10,10,0,1.0,,,0,0.0,
2026-08-31 10:02:00,L6_MERCHANT_BANK_COUNTRY,Merchant_B,,,MX,Citibanamex,0,10,10,9,1,0.9,SUSPECTED_FRAUD,,0,0.0,
2026-08-31 10:02:00,L6_MERCHANT_BANK_COUNTRY,Merchant_B,,,CO,Davivienda,0,10,16,14,2,0.875,INSUFFICIENT_FUNDS,,0,0.0,
2026-08-31 10:02:00,L6_MERCHANT_BANK_COUNTRY,Merchant_B,,,BR,Itau,0,10,9,9,0,1.0,,,0,0.0,
2026-08-31 10:02:00,L6_MERCHANT_BANK_COUNTRY,Merchant_B,,,BR,Nubank,0,10,11,11,0,1.0,,,0,0.0,
2026-08-31 10:02:00,L6_MERCHANT_BANK_COUNTRY,Merchant_B,,,MX,Santander,0,10,13,11,2,0.8461538461538461,INSUFFICIENT_FUNDS,,0,0.0,
2026-08-31 10:02:00,L6_MERCHANT_BANK_COUNTRY,Merchant_B,,,BR,,0,10,94,90,4,0.9574468085106383,INVALID_CARD,,0,0.0,
2026-08-31 10:02:00,L6_MERCHANT_BANK_COUNTRY,Merchant_B,,,CO,,0,10,87,78,9,0.896551724137931,DO_NOT_HONOR,,0,0.0,
2026-08-31 10:02:00,L6_MERCHANT_BANK_COUNTRY,Merchant_B,,,MX,,0,10,92,82,10,0.8913043478260869,SUSPECTED_FRAUD,,0,0.0,
2026-08-31 10:02:00,L6_MERCHANT_BANK_COUNTRY,Merchant_C,,,MX,BBVA,0,10,10,10,0,1.0,,,0,0.0,
2026-08-31 10:02:00,L6_MERCHANT_BANK_COUNTRY,Merchant_C,,,CO,Banco de Bogota,0,10,20,17,3,0.85,DO_NOT_HONOR,,0,0.0,
2026-08-31 10:02:00,L6_MERCHANT_BANK_COUNTRY,Merchant_C,,,BR,Banco do Brasil,0,10,14,12,2,0.8571428571428571,DO_NOT_HONOR,,0,0.0,
2026-08-31 10:02:00,L6_MERCHANT_BANK_COUNTRY,Merchant_C,,,CO,Bancolombia,0,10,15,13,2,0.8666666666666667,DO_NOT_HONOR,,0,0.0,
2026-08-31 10:02:00,L6_MERCHANT_BANK_COUNTRY,Merchant_C,,,MX,Banorte,0,10,15,14,1,0.9333333333333333,SUSPECTED_FRAUD,,0,0.0,
2026-08-31 10:02:00,L6_MERCHANT_BANK_COUNTRY,Merchant_C,,,BR,Bradesco,0,10,8,8,0,1.0,,,0,0.0,
2026-08-31 10:02:00,L6_MERCHANT_BANK_COUNTRY,Merchant_C,,,MX,Citibanamex,0,10,8,6,2,0.75,INSUFFICIENT_FUNDS,,0,0.0,
2026-08-31 10:02:00,L6_MERCHANT_BANK_COUNTRY,Merchant_C,,,CO,Davivienda,0,10,9,8,1,0.8888888888888888,DO_NOT_HONOR,,0,0.0,
2026-08-31 10:02:00,L6_MERCHANT_BANK_COUNTRY,Merchant_C,,,BR,Itau,0,10,11,8,3,0.7272727272727273,SUSPECTED_FRAUD,,0,0.0,
2026-08-31 10:02:00,L6_MERCHANT_BANK_COUNTRY,Merchant_C,,,BR,Nubank,0,10,6,6,0,1.0,,,0,0.0,
2026-08-31 10:02:00,L6_MERCHANT_BANK_COUNTRY,Merchant_C,,,MX,Santander,0,10,10,9,1,0.9,SUSPECTED_FRAUD,,0,0.0,
2026-08-31 10:02:00,L6_MERCHANT_BANK_COUNTRY,Merchant_C,,,BR,,0,10,83,77,6,0.927710843373494,SUSPECTED_FRAUD,,0,0.0,
2026-08-31 10:02:00,L6_MERCHANT_BANK_COUNTRY,Merchant_C,,,CO,,0,10,75,67,8,0.8933333333333333,INSUFFICIENT_FUNDS,,0,0.0,
2026-08-31 10:02:00,L6_MERCHANT_BANK_COUNTRY,Merchant_C,,,MX,,0,10,74,65,9,0.8783783783783784,SUSPECTED_FRAUD,,0,0.0,
2026-08-31 10:03:00,L6_MERCHANT_BANK_COUNTRY,Merchant_A,,,MX,BBVA,0,10,13,12,1,0.9230769230769231,DO_NOT_HONOR,,0,0.0,
2026-08-31 10:03:00,L6_MERCHANT_BANK_COUNTRY,Merchant_A,,,CO,Banco de Bogota,0,10,11,11,0,1.0,,,0,0.0,
2026-08-31 10:03:00,L6_MERCHANT_BANK_COUNTRY,Merchant_A,,,BR,Banco do Brasil,0,10,13,11,2,0.8461538461538461,PROCESSOR_ERROR,INC-001,5,0.38461538461538464,INC-001
2026-08-31 10:03:00,L6_MERCHANT_BANK_COUNTRY,Merchant_A,,,CO,Bancolombia,0,10,19,19,0,1.0,,,0,0.0,
2026-08-31 10:03:00,L6_MERCHANT_BANK_COUNTRY,Merchant_A,,,MX,Banorte,0,10,11,11,0,1.0,,,0,0.0,
2026-08-31 10:03:00,L6_MERCHANT_BANK_COUNTRY,Merchant_A,,,BR,Bradesco,0,10,12,11,1,0.9166666666666666,INSUFFICIENT_FUNDS,INC-001,1,0.08333333333333333,INC-001
2026-08-31 10:03:00,L6_MERCHANT_BANK_COUNTRY,Merchant_A,,,MX,Citibanamex,0,10,13,9,4,0.6923076923076923,SUSPECTED_FRAUD,,0,0.0,
2026-08-31 10:03:00,L6_MERCHANT_BANK_COUNTRY,Merchant_A,,,CO,Davivienda,0,10,10,10,0,1.0,,,0,0.0,
2026-08-31 10:03:00,L6_MERCHANT_BANK_COUNTRY,Merchant_A,,,BR,Itau,0,10,8,6,2,0.75,INVALID_CARD,INC-001,3,0.375,INC-001
2026-08-31 10:03:00,L6_MERCHANT_BANK_COUNTRY,Merchant_A,,,BR,Nubank,0,10,16,13,3,0.8125,PROCESSOR_ERROR,INC-001,3,0.1875,INC-001
2026-08-31 10:03:00,L6_MERCHANT_BANK_COUNTRY,Merchant_A,,,MX,Santander,0,10,9,8,1,0.8888888888888888,SUSPECTED_FRAUD,,0,0.0,
2026-08-31 10:03:00,L6_MERCHANT_BANK_COUNTRY,Merchant_A,,,BR,,0,10,89,68,21,0.7640449438202247,PROCESSOR_ERROR,INC-001,31,0.34831460674157305,INC-001
2026-08-31 10:03:00,L6_MERCHANT_BANK_COUNTRY,Merchant_A,,,CO,,0,10,93,82,11,0.8817204301075269,DO_NOT_HONOR,,0,0.0,
2026-08-31 10:03:00,L6_MERCHANT_BANK_COUNTRY,Merchant_A,,,MX,,0,10,103,98,5,0.9514563106796117,DO_NOT_HONOR,,0,0.0,
2026-08-31 10:03:00,L6_MERCHANT_BANK_COUNTRY,Merchant_B,,,MX,BBVA,0,10,12,12,0,1.0,,,0,0.0,
2026-08-31 10:03:00,L6_MERCHANT_BANK_COUNTRY,Merchant_B,,,CO,Banco de Bogota,0,10,14,14,0,1.0,,,0,0.0,
2026-08-31 10:03:00,L6_MERCHANT_BANK_COUNTRY,Merchant_B,,,BR,Banco do Brasil,0,10,14,10,4,0.7142857142857143,INVALID_CARD,INC-001,3,0.21428571428571427,INC-001
2026-08-31 10:03:00,L6_MERCHANT_BANK_COUNTRY,Merchant_B,,,CO,Bancolombia,0,10,18,15,3,0.8333333333333334,INVALID_CARD,,0,0.0,
2026-08-31 10:03:00,L6_MERCHANT_BANK_COUNTRY,Merchant_B,,,MX,Banorte,0,10,11,11,0,1.0,,,0,0.0,
2026-08-31 10:03:00,L6_MERCHANT_BANK_COUNTRY,Merchant_B,,,BR,Bradesco,0,10,6,5,1,0.8333333333333334,INSUFFICIENT_FUNDS,INC-001,1,0.16666666666666666,INC-001
2026-08-31 10:03:00,L6_MERCHANT_BANK_COUNTRY,Merchant_B,,,MX,Citibanamex,0,10,20,15,5,0.75,DO_NOT_HONOR,,0,0.0,
2026-08-31 10:03:00,L6_MERCHANT_BANK_COUNTRY,Merchant_B,,,CO,Davivienda,0,10,10,10,0,1.0,,,0,0.0,
2026-08-31 10:03:00,L6_MERCHANT_BANK_COUNTRY,Merchant_B,,,BR,Itau,0,10,8,8,0,1.0,,INC-001,3,0.375,INC-001
2026-08-31 10:03:00,L6_MERCHANT_BANK_COUNTRY,Merchant_B,,,BR,Nubank,0,10,12,10,2,0.8333333333333334,DO_NOT_HONOR,INC-001,3,0.25,INC-001
2026-08-31 10:03:00,L6_MERCHANT_BANK_COUNTRY,Merchant_B,,,MX,Santander,0,10,9,9,0,1.0,,,0,0.0,
2026-08-31 10:03:00,L6_MERCHANT_BANK_COUNTRY,Merchant_B,,,BR,,0,10,97,72,25,0.7422680412371134,PROCESSOR_ERROR,INC-001,27,0.27835051546391754,INC-001
2026-08-31 10:03:00,L6_MERCHANT_BANK_COUNTRY,Merchant_B,,,CO,,0,10,82,74,8,0.9024390243902439,DO_NOT_HONOR,,0,0.0,
2026-08-31 10:03:00,L6_MERCHANT_BANK_COUNTRY,Merchant_B,,,MX,,0,10,78,70,8,0.8974358974358975,DO_NOT_HONOR,,0,0.0,
2026-08-31 10:03:00,L6_MERCHANT_BANK_COUNTRY,Merchant_C,,,MX,BBVA,0,10,10,10,0,1.0,,,0,0.0,
2026-08-31 10:03:00,L6_MERCHANT_BANK_COUNTRY,Merchant_C,,,CO,Banco de Bogota,0,10,11,9,2,0.8181818181818182,INSUFFICIENT_FUNDS,,0,0.0,
2026-08-31 10:03:00,L6_MERCHANT_BANK_COUNTRY,Merchant_C,,,BR,Banco do Brasil,0,10,6,4,2,0.6666666666666666,INVALID_CARD,INC-001,2,0.3333333333333333,INC-001
2026-08-31 10:03:00,L6_MERCHANT_BANK_COUNTRY,Merchant_C,,,CO,Bancolombia,0,10,22,21,1,0.9545454545454546,SUSPECTED_FRAUD,,0,0.0,
2026-08-31 10:03:00,L6_MERCHANT_BANK_COUNTRY,Merchant_C,,,MX,Banorte,0,10,9,8,1,0.8888888888888888,SUSPECTED_FRAUD,,0,0.0,
2026-08-31 10:03:00,L6_MERCHANT_BANK_COUNTRY,Merchant_C,,,BR,Bradesco,0,10,14,11,3,0.7857142857142857,PROCESSOR_ERROR,INC-001,2,0.14285714285714285,INC-001
2026-08-31 10:03:00,L6_MERCHANT_BANK_COUNTRY,Merchant_C,,,MX,Citibanamex,0,10,10,7,3,0.7,DO_NOT_HONOR,,0,0.0,
2026-08-31 10:03:00,L6_MERCHANT_BANK_COUNTRY,Merchant_C,,,CO,Davivienda,0,10,12,10,2,0.8333333333333334,INSUFFICIENT_FUNDS,,0,0.0,
2026-08-31 10:03:00,L6_MERCHANT_BANK_COUNTRY,Merchant_C,,,BR,Itau,0,10,9,7,2,0.7777777777777778,PROCESSOR_ERROR,INC-001,2,0.2222222222222222,INC-001
2026-08-31 10:03:00,L6_MERCHANT_BANK_COUNTRY,Merchant_C,,,BR,Nubank,0,10,11,9,2,0.8181818181818182,INVALID_CARD,INC-001,1,0.09090909090909091,INC-001
2026-08-31 10:03:00,L6_MERCHANT_BANK_COUNTRY,Merchant_C,,,MX,Santander,0,10,16,15,1,0.9375,INVALID_CARD,,0,0.0,
2026-08-31 10:03:00,L6_MERCHANT_BANK_COUNTRY,Merchant_C,,,BR,,0,10,82,69,13,0.8414634146341463,PROCESSOR_ERROR,INC-001,32,0.3902439024390244,INC-001
2026-08-31 10:03:00,L6_MERCHANT_BANK_COUNTRY,Merchant_C,,,CO,,0,10,87,79,8,0.9080459770114943,INVALID_CARD,,0,0.0,
2026-08-31 10:03:00,L6_MERCHANT_BANK_COUNTRY,Merchant_C,,,MX,,0,10,90,78,12,0.8666666666666667,DO_NOT_HONOR,,0,0.0,
2026-08-31 10:04:00,L6_MERCHANT_BANK_COUNTRY,Merchant_A,,,MX,BBVA,0,10,7,1,6,0.14285714285714285,ISSUER_UNAVAILABLE,INC-002,7,1.0,INC-002
2026-08-31 10:04:00,L6_MERCHANT_BANK_COUNTRY,Merchant_A,,,CO,Banco de Bogota,0,10,15,13,2,0.8666666666666667,DO_NOT_HONOR,,0,0.0,
2026-08-31 10:04:00,L6_MERCHANT_BANK_COUNTRY,Merchant_A,,,BR,Banco do Brasil,0,10,11,10,1,0.9090909090909091,DO_NOT_HONOR,INC-001,1,0.09090909090909091,INC-001
2026-08-31 10:04:00,L6_MERCHANT_BANK_COUNTRY,Merchant_A,,,CO,Bancolombia,0,10,13,10,3,0.7692307692307693,INVALID_CARD,,0,0.0,
2026-08-31 10:04:00,L6_MERCHANT_BANK_COUNTRY,Merchant_A,,,MX,Banorte,0,10,18,16,2,0.8888888888888888,DO_NOT_HONOR,,0,0.0,
2026-08-31 10:04:00,L6_MERCHANT_BANK_COUNTRY,Merchant_A,,,BR,Bradesco,0,10,16,16,0,1.0,,INC-001,5,0.3125,INC-001
2026-08-31 10:04:00,L6_MERCHANT_BANK_COUNTRY,Merchant_A,,,MX,Citibanamex,0,10,12,10,2,0.8333333333333334,INSUFFICIENT_FUNDS,,0,0.0,
2026-08-31 10:04:00,L6_MERCHANT_BANK_COUNTRY,Merchant_A,,,CO,Davivienda,0,10,17,16,1,0.9411764705882353,DO_NOT_HONOR,,0,0.0,
2026-08-31 10:04:00,L6_MERCHANT_BANK_COUNTRY,Merchant_A,,,BR,Itau,0,10,7,6,1,0.8571428571428571,PROCESSOR_ERROR,INC-001,4,0.5714285714285714,INC-001
2026-08-31 10:04:00,L6_MERCHANT_BANK_COUNTRY,Merchant_A,,,BR,Nubank,0,10,11,9,2,0.8181818181818182,PROCESSOR_ERROR,INC-001,5,0.45454545454545453,INC-001
2026-08-31 10:04:00,L6_MERCHANT_BANK_COUNTRY,Merchant_A,,,MX,Santander,0,10,14,14,0,1.0,,,0,0.0,
2026-08-31 10:04:00,L6_MERCHANT_BANK_COUNTRY,Merchant_A,,,BR,,0,10,96,69,27,0.71875,PROCESSOR_ERROR,INC-001,35,0.3645833333333333,INC-001
2026-08-31 10:04:00,L6_MERCHANT_BANK_COUNTRY,Merchant_A,,,CO,,0,10,89,83,6,0.9325842696629213,INSUFFICIENT_FUNDS,,0,0.0,
2026-08-31 10:04:00,L6_MERCHANT_BANK_COUNTRY,Merchant_A,,,MX,,0,10,85,74,11,0.8705882352941177,DO_NOT_HONOR,,0,0.0,
2026-08-31 10:04:00,L6_MERCHANT_BANK_COUNTRY,Merchant_B,,,MX,BBVA,0,10,12,11,1,0.9166666666666666,INVALID_CARD,,0,0.0,
2026-08-31 10:04:00,L6_MERCHANT_BANK_COUNTRY,Merchant_B,,,CO,Banco de Bogota,0,10,18,16,2,0.8888888888888888,INSUFFICIENT_FUNDS,,0,0.0,
2026-08-31 10:04:00,L6_MERCHANT_BANK_COUNTRY,Merchant_B,,,BR,Banco do Brasil,0,10,10,9,1,0.9,PROCESSOR_ERROR,INC-001,3,0.3,INC-001
2026-08-31 10:04:00,L6_MERCHANT_BANK_COUNTRY,Merchant_B,,,CO,Bancolombia,0,10,13,10,3,0.7692307692307693,INSUFFICIENT_FUNDS,,0,0.0,
2026-08-31 10:04:00,L6_MERCHANT_BANK_COUNTRY,Merchant_B,,,MX,Banorte,0,10,6,4,2,0.6666666666666666,INSUFFICIENT_FUNDS,,0,0.0,
2026-08-31 10:04:00,L6_MERCHANT_BANK_COUNTRY,Merchant_B,,,BR,Bradesco,0,10,8,6,2,0.75,INVALID_CARD,INC-001,2,0.25,INC-001
2026-08-31 10:04:00,L6_MERCHANT_BANK_COUNTRY,Merchant_B,,,MX,Citibanamex,0,10,10,9,1,0.9,INVALID_CARD,,0,0.0,
2026-08-31 10:04:00,L6_MERCHANT_BANK_COUNTRY,Merchant_B,,,CO,Davivienda,0,10,20,20,0,1.0,,,0,0.0,
2026-08-31 10:04:00,L6_MERCHANT_BANK_COUNTRY,Merchant_B,,,BR,Itau,0,10,9,8,1,0.8888888888888888,PROCESSOR_ERROR,INC-001,3,0.3333333333333333,INC-001
2026-08-31 10:04:00,L6_MERCHANT_BANK_COUNTRY,Merchant_B,,,BR,Nubank,0,10,7,6,1,0.8571428571428571,PROCESSOR_ERROR,INC-001,2,0.2857142857142857,INC-001
2026-08-31 10:04:00,L6_MERCHANT_BANK_COUNTRY,Merchant_B,,,MX,Santander,0,10,11,8,3,0.7272727272727273,DO_NOT_HONOR,,0,0.0,
2026-08-31 10:04:00,L6_MERCHANT_BANK_COUNTRY,Merchant_B,,,BR,,0,10,87,72,15,0.8275862068965517,PROCESSOR_ERROR,INC-001,29,0.3333333333333333,INC-001
2026-08-31 10:04:00,L6_MERCHANT_BANK_COUNTRY,Merchant_B,,,CO,,0,10,105,94,11,0.8952380952380953,DO_NOT_HONOR,,0,0.0,
2026-08-31 10:04:00,L6_MERCHANT_BANK_COUNTRY,Merchant_B,,,MX,,0,10,84,73,11,0.8690476190476191,DO_NOT_HONOR,,0,0.0,
2026-08-31 10:04:00,L6_MERCHANT_BANK_COUNTRY,Merchant_C,,,MX,BBVA,0,10,11,11,0,1.0,,,0,0.0,
2026-08-31 10:04:00,L6_MERCHANT_BANK_COUNTRY,Merchant_C,,,CO,Banco de Bogota,0,10,25,25,0,1.0,,,0,0.0,
2026-08-31 10:04:00,L6_MERCHANT_BANK_COUNTRY,Merchant_C,,,BR,Banco do Brasil,0,10,8,8,0,1.0,,INC-001,3,0.375,INC-001
2026-08-31 10:04:00,L6_MERCHANT_BANK_COUNTRY,Merchant_C,,,CO,Bancolombia,0,10,9,8,1,0.8888888888888888,INVALID_CARD,,0,0.0,
2026-08-31 10:04:00,L6_MERCHANT_BANK_COUNTRY,Merchant_C,,,MX,Banorte,0,10,7,7,0,1.0,,,0,0.0,
2026-08-31 10:04:00,L6_MERCHANT_BANK_COUNTRY,Merchant_C,,,BR,Bradesco,0,10,8,7,1,0.875,PROCESSOR_ERROR,INC-001,3,0.375,INC-001
2026-08-31 10:04:00,L6_MERCHANT_BANK_COUNTRY,Merchant_C,,,MX,Citibanamex,0,10,13,12,1,0.9230769230769231,INVALID_CARD,,0,0.0,
2026-08-31 10:04:00,L6_MERCHANT_BANK_COUNTRY,Merchant_C,,,CO,Davivienda,0,10,15,13,2,0.8666666666666667,DO_NOT_HONOR,,0,0.0,
2026-08-31 10:04:00,L6_MERCHANT_BANK_COUNTRY,Merchant_C,,,BR,Itau,0,10,12,11,1,0.9166666666666666,PROCESSOR_ERROR,INC-001,3,0.25,INC-001
2026-08-31 10:04:00,L6_MERCHANT_BANK_COUNTRY,Merchant_C,,,BR,Nubank,0,10,11,10,1,0.9090909090909091,PROCESSOR_ERROR,INC-001,2,0.18181818181818182,INC-001
2026-08-31 10:04:00,L6_MERCHANT_BANK_COUNTRY,Merchant_C,,,MX,Santander,0,10,9,8,1,0.8888888888888888,INVALID_CARD,,0,0.0,
2026-08-31 10:04:00,L6_MERCHANT_BANK_COUNTRY,Merchant_C,,,BR,,0,10,73,60,13,0.821917808219178,PROCESSOR_ERROR,INC-001,25,0.3424657534246575,INC-001
2026-08-31 10:04:00,L6_MERCHANT_BANK_COUNTRY,Merchant_C,,,CO,,0,10,100,88,12,0.88,INVALID_CARD,,0,0.0,
2026-08-31 10:04:00,L6_MERCHANT_BANK_COUNTRY,Merchant_C,,,MX,,0,10,88,81,7,0.9204545454545454,INSUFFICIENT_FUNDS,,0,0.0,
2026-08-31 10:05:00,L6_MERCHANT_BANK_COUNTRY,Merchant_A,,,MX,BBVA,0,10,10,3,7,0.3,ISSUER_UNAVAILABLE,INC-002,10,1.0,INC-002
2026-08-31 10:05:00,L6_MERCHANT_BANK_COUNTRY,Merchant_A,,,CO,Banco de Bogota,0,10,21,19,2,0.9047619047619048,INSUFFICIENT_FUNDS,,0,0.0,
2026-08-31 10:05:00,L6_MERCHANT_BANK_COUNTRY,Merchant_A,,,BR,Banco do Brasil,0,10,9,7,2,0.7777777777777778,PROCESSOR_ERROR,INC-001,4,0.4444444444444444,INC-001
2026-08-31 10:05:00,L6_MERCHANT_BANK_COUNTRY,Merchant_A,,,CO,Bancolombia,0,10,11,9,2,0.8181818181818182,INSUFFICIENT_FUNDS,,0,0.0,
2026-08-31 10:05:00,L6_MERCHANT_BANK_COUNTRY,Merchant_A,,,MX,Banorte,0,10,8,7,1,0.875,SUSPECTED_FRAUD,,0,0.0,
2026-08-31 10:05:00,L6_MERCHANT_BANK_COUNTRY,Merchant_A,,,BR,Bradesco,0,10,9,6,3,0.6666666666666666,INSUFFICIENT_FUNDS,INC-001,2,0.2222222222222222,INC-001
2026-08-31 10:05:00,L6_MERCHANT_BANK_COUNTRY,Merchant_A,,,MX,Citibanamex,0,10,13,11,2,0.8461538461538461,DO_NOT_HONOR,,0,0.0,
2026-08-31 10:05:00,L6_MERCHANT_BANK_COUNTRY,Merchant_A,,,CO,Davivienda,0,10,17,15,2,0.8823529411764706,DO_NOT_HONOR,,0,0.0,
2026-08-31 10:05:00,L6_MERCHANT_BANK_COUNTRY,Merchant_A,,,BR,Itau,0,10,16,12,4,0.75,PROCESSOR_ERROR,INC-001,7,0.4375,INC-001
2026-08-31 10:05:00,L6_MERCHANT_BANK_COUNTRY,Merchant_A,,,BR,Nubank,0,10,6,1,5,0.16666666666666666,PROCESSOR_ERROR,INC-001,4,0.6666666666666666,INC-001
2026-08-31 10:05:00,L6_MERCHANT_BANK_COUNTRY,Merchant_A,,,MX,Santander,0,10,11,11,0,1.0,,,0,0.0,
2026-08-31 10:05:00,L6_MERCHANT_BANK_COUNTRY,Merchant_A,,,BR,,0,10,99,80,19,0.8080808080808081,PROCESSOR_ERROR,INC-001,35,0.35353535353535354,INC-001
2026-08-31 10:05:00,L6_MERCHANT_BANK_COUNTRY,Merchant_A,,,CO,,0,10,80,73,7,0.9125,INVALID_CARD,,0,0.0,
2026-08-31 10:05:00,L6_MERCHANT_BANK_COUNTRY,Merchant_A,,,MX,,0,10,88,77,11,0.875,INSUFFICIENT_FUNDS,,0,0.0,
2026-08-31 10:05:00,L6_MERCHANT_BANK_COUNTRY,Merchant_B,,,MX,BBVA,0,10,8,8,0,1.0,,,0,0.0,
2026-08-31 10:05:00,L6_MERCHANT_BANK_COUNTRY,Merchant_B,,,CO,Banco de Bogota,0,10,12,12,0,1.0,,,0,0.0,
2026-08-31 10:05:00,L6_MERCHANT_BANK_COUNTRY,Merchant_B,,,BR,Banco do Brasil,0,10,9,6,3,0.6666666666666666,INVALID_CARD,INC-001,4,0.4444444444444444,INC-001
2026-08-31 10:05:00,L6_MERCHANT_BANK_COUNTRY,Merchant_B,,,CO,Bancolombia,0,10,21,20,1,0.9523809523809523,INVALID_CARD,,0,0.0,
2026-08-31 10:05:00,L6_MERCHANT_BANK_COUNTRY,Merchant_B,,,MX,Banorte,0,10,10,9,1,0.9,INVALID_CARD,,0,0.0,
2026-08-31 10:05:00,L6_MERCHANT_BANK_COUNTRY,Merchant_B,,,BR,Bradesco,0,10,8,8,0,1.0,,INC-001,2,0.25,INC-001
2026-08-31 10:05:00,L6_MERCHANT_BANK_COUNTRY,Merchant_B,,,MX,Citibanamex,0,10,6,5,1,0.8333333333333334,INSUFFICIENT_FUNDS,,0,0.0,
2026-08-31 10:05:00,L6_MERCHANT_BANK_COUNTRY,Merchant_B,,,CO,Davivienda,0,10,11,10,1,0.9090909090909091,SUSPECTED_FRAUD,,0,0.0,
2026-08-31 10:05:00,L6_MERCHANT_BANK_COUNTRY,Merchant_B,,,BR,Itau,0,10,12,11,1,0.9166666666666666,PROCESSOR_ERROR,INC-001,1,0.08333333333333333,INC-001
2026-08-31 10:05:00,L6_MERCHANT_BANK_COUNTRY,Merchant_B,,,BR,Nubank,0,10,13,13,0,1.0,,INC-001,1,0.07692307692307693,INC-001
2026-08-31 10:05:00,L6_MERCHANT_BANK_COUNTRY,Merchant_B,,,MX,Santander,0,10,9,9,0,1.0,,,0,0.0,
2026-08-31 10:05:00,L6_MERCHANT_BANK_COUNTRY,Merchant_B,,,BR,,0,10,104,81,23,0.7788461538461539,PROCESSOR_ERROR,INC-001,36,0.34615384615384615,INC-001
2026-08-31 10:05:00,L6_MERCHANT_BANK_COUNTRY,Merchant_B,,,CO,,0,10,88,78,10,0.8863636363636364,INSUFFICIENT_FUNDS,,0,0.0,
2026-08-31 10:05:00,L6_MERCHANT_BANK_COUNTRY,Merchant_B,,,MX,,0,10,87,75,12,0.8620689655172413,SUSPECTED_FRAUD,,0,0.0,
2026-08-31 10:05:00,L6_MERCHANT_BANK_COUNTRY,Merchant_C,,,MX,BBVA,0,10,15,15,0,1.0,,,0,0.0,
2026-08-31 10:05:00,L6_MERCHANT_BANK_COUNTRY,Merchant_C,,,CO,Banco de Bogota,0,10,17,16,1,0.9411764705882353,SUSPECTED_FRAUD,,0,0.0,
2026-08-31 10:05:00,L6_MERCHANT_BANK_COUNTRY,Merchant_C,,,BR,Banco do Brasil,0,10,11,8,3,0.7272727272727273,PROCESSOR_ERROR,INC-001,4,0.36363636363636365,INC-001
2026-08-31 10:05:00,L6_MERCHANT_BANK_COUNTRY,Merchant_C,,,CO,Bancolombia,0,10,16,16,0,1.0,,,0,0.0,
2026-08-31 10:05:00,L6_MERCHANT_BANK_COUNTRY,Merchant_C,,,MX,Banorte,0,10,14,14,0,1.0,,,0,0.0,
2026-08-31 10:05:00,L6_MERCHANT_BANK_COUNTRY,Merchant_C,,,BR,Bradesco,0,10,6,4,2,0.6666666666666666,INVALID_CARD,INC-001,2,0.3333333333333333,INC-001
2026-08-31 10:05:00,L6_MERCHANT_BANK_COUNTRY,Merchant_C,,,MX,Citibanamex,0,10,12,9,3,0.75,DO_NOT_HONOR,,0,0.0,
2026-08-31 10:05:00,L6_MERCHANT_BANK_COUNTRY,Merchant_C,,,CO,Davivienda,0,10,11,9,2,0.8181818181818182,INSUFFICIENT_FUNDS,,0,0.0,
2026-08-31 10:05:00,L6_MERCHANT_BANK_COUNTRY,Merchant_C,,,BR,Itau,0,10,10,8,2,0.8,PROCESSOR_ERROR,INC-001,2,0.2,INC-001
2026-08-31 10:05:00,L6_MERCHANT_BANK_COUNTRY,Merchant_C,,,BR,Nubank,0,10,12,10,2,0.8333333333333334,PROCESSOR_ERROR,INC-001,3,0.25,INC-001
2026-08-31 10:05:00,L6_MERCHANT_BANK_COUNTRY,Merchant_C,,,MX,Santander,0,10,12,11,1,0.9166666666666666,INVALID_CARD,,0,0.0,
2026-08-31 10:05:00,L6_MERCHANT_BANK_COUNTRY,Merchant_C,,,BR,,0,10,86,70,16,0.813953488372093,PROCESSOR_ERROR,INC-001,29,0.3372093023255814,INC-001
2026-08-31 10:05:00,L6_MERCHANT_BANK_COUNTRY,Merchant_C,,,CO,,0,10,95,82,13,0.8631578947368421,INVALID_CARD,,0,0.0,
2026-08-31 10:05:00,L6_MERCHANT_BANK_COUNTRY,Merchant_C,,,MX,,0,10,87,80,7,0.9195402298850575,DO_NOT_HONOR,,0,0.0,
2026-08-31 10:06:00,L6_MERCHANT_BANK_COUNTRY,Merchant_A,,,MX,BBVA,0,10,8,2,6,0.25,ISSUER_UNAVAILABLE,INC-002,8,1.0,INC-002
2026-08-31 10:06:00,L6_MERCHANT_BANK_COUNTRY,Merchant_A,,,CO,Banco de Bogota,0,10,15,14,1,0.9333333333333333,SUSPECTED_FRAUD,,0,0.0,
2026-08-31 10:06:00,L6_MERCHANT_BANK_COUNTRY,Merchant_A,,,BR,Banco do Brasil,0,10,12,11,1,0.9166666666666666,PROCESSOR_ERROR,INC-001,4,0.3333333333333333,INC-001
2026-08-31 10:06:00,L6_MERCHANT_BANK_COUNTRY,Merchant_A,,,CO,Bancolombia,0,10,12,11,1,0.9166666666666666,INVALID_CARD,,0,0.0,
2026-08-31 10:06:00,L6_MERCHANT_BANK_COUNTRY,Merchant_A,,,MX,Banorte,0,10,10,9,1,0.9,INVALID_CARD,,0,0.0,
2026-08-31 10:06:00,L6_MERCHANT_BANK_COUNTRY,Merchant_A,,,BR,Bradesco,0,10,13,10,3,0.7692307692307693,PROCESSOR_ERROR,INC-001,9,0.6923076923076923,INC-001
2026-08-31 10:06:00,L6_MERCHANT_BANK_COUNTRY,Merchant_A,,,MX,Citibanamex,0,10,13,12,1,0.9230769230769231,DO_NOT_HONOR,,0,0.0,
2026-08-31 10:06:00,L6_MERCHANT_BANK_COUNTRY,Merchant_A,,,CO,Davivienda,0,10,10,9,1,0.9,SUSPECTED_FRAUD,,0,0.0,
2026-08-31 10:06:00,L6_MERCHANT_BANK_COUNTRY,Merchant_A,,,BR,Itau,0,10,11,9,2,0.8181818181818182,PROCESSOR_ERROR,INC-001,3,0.2727272727272727,INC-001
2026-08-31 10:06:00,L6_MERCHANT_BANK_COUNTRY,Merchant_A,,,BR,Nubank,0,10,9,6,3,0.6666666666666666,PROCESSOR_ERROR,INC-001,3,0.3333333333333333,INC-001
2026-08-31 10:06:00,L6_MERCHANT_BANK_COUNTRY,Merchant_A,,,MX,Santander,0,10,9,8,1,0.8888888888888888,SUSPECTED_FRAUD,,0,0.0,
2026-08-31 10:06:00,L6_MERCHANT_BANK_COUNTRY,Merchant_A,,,BR,,0,10,91,71,20,0.7802197802197802,PROCESSOR_ERROR,INC-001,35,0.38461538461538464,INC-001
2026-08-31 10:06:00,L6_MERCHANT_BANK_COUNTRY,Merchant_A,,,CO,,0,10,103,98,5,0.9514563106796117,INSUFFICIENT_FUNDS,,0,0.0,
2026-08-31 10:06:00,L6_MERCHANT_BANK_COUNTRY,Merchant_A,,,MX,,0,10,86,78,8,0.9069767441860465,DO_NOT_HONOR,,0,0.0,
2026-08-31 10:06:00,L6_MERCHANT_BANK_COUNTRY,Merchant_B,,,MX,BBVA,0,10,17,15,2,0.8823529411764706,DO_NOT_HONOR,,0,0.0,
2026-08-31 10:06:00,L6_MERCHANT_BANK_COUNTRY,Merchant_B,,,CO,Banco de Bogota,0,10,11,10,1,0.9090909090909091,INSUFFICIENT_FUNDS,,0,0.0,
2026-08-31 10:06:00,L6_MERCHANT_BANK_COUNTRY,Merchant_B,,,BR,Banco do Brasil,0,10,10,7,3,0.7,INSUFFICIENT_FUNDS,INC-001,1,0.1,INC-001
2026-08-31 10:06:00,L6_MERCHANT_BANK_COUNTRY,Merchant_B,,,CO,Bancolombia,0,10,22,19,3,0.8636363636363636,DO_NOT_HONOR,,0,0.0,
2026-08-31 10:06:00,L6_MERCHANT_BANK_COUNTRY,Merchant_B,,,MX,Banorte,0,10,15,12,3,0.8,DO_NOT_HONOR,,0,0.0,
2026-08-31 10:06:00,L6_MERCHANT_BANK_COUNTRY,Merchant_B,,,BR,Bradesco,0,10,9,4,5,0.4444444444444444,PROCESSOR_ERROR,INC-001,3,0.3333333333333333,INC-001
2026-08-31 10:06:00,L6_MERCHANT_BANK_COUNTRY,Merchant_B,,,MX,Citibanamex,0,10,18,17,1,0.9444444444444444,INSUFFICIENT_FUNDS,,0,0.0,
2026-08-31 10:06:00,L6_MERCHANT_BANK_COUNTRY,Merchant_B,,,CO,Davivienda,0,10,16,15,1,0.9375,INVALID_CARD,,0,0.0,
2026-08-31 10:06:00,L6_MERCHANT_BANK_COUNTRY,Merchant_B,,,BR,Itau,0,10,9,8,1,0.8888888888888888,PROCESSOR_ERROR,INC-001,1,0.1111111111111111,INC-001
2026-08-31 10:06:00,L6_MERCHANT_BANK_COUNTRY,Merchant_B,,,BR,Nubank,0,10,14,7,7,0.5,PROCESSOR_ERROR,INC-001,6,0.42857142857142855,INC-001
2026-08-31 10:06:00,L6_MERCHANT_BANK_COUNTRY,Merchant_B,,,MX,Santander,0,10,9,7,2,0.7777777777777778,INSUFFICIENT_FUNDS,,0,0.0,
2026-08-31 10:06:00,L6_MERCHANT_BANK_COUNTRY,Merchant_B,,,BR,,0,10,87,69,18,0.7931034482758621,PROCESSOR_ERROR,INC-001,29,0.3333333333333333,INC-001
2026-08-31 10:06:00,L6_MERCHANT_BANK_COUNTRY,Merchant_B,,,CO,,0,10,89,75,14,0.8426966292134831,INVALID_CARD,,0,0.0,
2026-08-31 10:06:00,L6_MERCHANT_BANK_COUNTRY,Merchant_B,,,MX,,0,10,89,78,11,0.8764044943820225,INSUFFICIENT_FUNDS,,0,0.0,
2026-08-31 10:06:00,L6_MERCHANT_BANK_COUNTRY,Merchant_C,,,MX,BBVA,0,10,14,13,1,0.9285714285714286,DO_NOT_HONOR,,0,0.0,
2026-08-31 10:06:00,L6_MERCHANT_BANK_COUNTRY,Merchant_C,,,CO,Banco de Bogota,0,10,11,11,0,1.0,,,0,0.0,
2026-08-31 10:06:00,L6_MERCHANT_BANK_COUNTRY,Merchant_C,,,BR,Banco do Brasil,0,10,16,11,5,0.6875,PROCESSOR_ERROR,INC-001,7,0.4375,INC-001
2026-08-31 10:06:00,L6_MERCHANT_BANK_COUNTRY,Merchant_C,,,CO,Bancolombia,0,10,6,6,0,1.0,,,0,0.0,
2026-08-31 10:06:00,L6_MERCHANT_BANK_COUNTRY,Merchant_C,,,MX,Banorte,0,10,10,10,0,1.0,,,0,0.0,
2026-08-31 10:06:00,L6_MERCHANT_BANK_COUNTRY,Merchant_C,,,BR,Bradesco,0,10,13,9,4,0.6923076923076923,PROCESSOR_ERROR,INC-001,6,0.46153846153846156,INC-001
2026-08-31 10:06:00,L6_MERCHANT_BANK_COUNTRY,Merchant_C,,,MX,Citibanamex,0,10,9,8,1,0.8888888888888888,DO_NOT_HONOR,,0,0.0,
2026-08-31 10:06:00,L6_MERCHANT_BANK_COUNTRY,Merchant_C,,,CO,Davivienda,0,10,14,12,2,0.8571428571428571,INSUFFICIENT_FUNDS,,0,0.0,
2026-08-31 10:06:00,L6_MERCHANT_BANK_COUNTRY,Merchant_C,,,BR,Itau,0,10,12,9,3,0.75,PROCESSOR_ERROR,INC-001,5,0.4166666666666667,INC-001
2026-08-31 10:06:00,L6_MERCHANT_BANK_COUNTRY,Merchant_C,,,BR,Nubank,0,10,15,12,3,0.8,PROCESSOR_ERROR,INC-001,5,0.3333333333333333,INC-001
2026-08-31 10:06:00,L6_MERCHANT_BANK_COUNTRY,Merchant_C,,,MX,Santander,0,10,13,13,0,1.0,,,0,0.0,
2026-08-31 10:06:00,L6_MERCHANT_BANK_COUNTRY,Merchant_C,,,BR,,0,10,88,75,13,0.8522727272727273,PROCESSOR_ERROR,INC-001,24,0.2727272727272727,INC-001
2026-08-31 10:06:00,L6_MERCHANT_BANK_COUNTRY,Merchant_C,,,CO,,0,10,91,84,7,0.9230769230769231,INSUFFICIENT_FUNDS,,0,0.0,
2026-08-31 10:06:00,L6_MERCHANT_BANK_COUNTRY,Merchant_C,,,MX,,0,10,71,61,10,0.8591549295774648,SUSPECTED_FRAUD,,0,0.0,
2026-08-31 10:07:00,L6_MERCHANT_BANK_COUNTRY,Merchant_A,,,MX,BBVA,0,10,7,2,5,0.2857142857142857,ISSUER_UNAVAILABLE,INC-002,7,1.0,INC-002
2026-08-31 10:07:00,L6_MERCHANT_BANK_COUNTRY,Merchant_A,,,CO,Banco de Bogota,0,10,17,17,0,1.0,,,0,0.0,
2026-08-31 10:07:00,L6_MERCHANT_BANK_COUNTRY,Merchant_A,,,BR,Banco do Brasil,0,10,9,9,0,1.0,,INC-001,3,0.3333333333333333,INC-001
2026-08-31 10:07:00,L6_MERCHANT_BANK_COUNTRY,Merchant_A,,,CO,Bancolombia,0,10,15,13,2,0.8666666666666667,INVALID_CARD,,0,0.0,
2026-08-31 10:07:00,L6_MERCHANT_BANK_COUNTRY,Merchant_A,,,MX,Banorte,0,10,12,12,0,1.0,,,0,0.0,
2026-08-31 10:07:00,L6_MERCHANT_BANK_COUNTRY,Merchant_A,,,BR,Bradesco,0,10,10,7,3,0.7,PROCESSOR_ERROR,INC-001,4,0.4,INC-001
2026-08-31 10:07:00,L6_MERCHANT_BANK_COUNTRY,Merchant_A,,,MX,Citibanamex,0,10,11,10,1,0.9090909090909091,DO_NOT_HONOR,,0,0.0,
2026-08-31 10:07:00,L6_MERCHANT_BANK_COUNTRY,Merchant_A,,,CO,Davivienda,0,10,11,10,1,0.9090909090909091,INSUFFICIENT_FUNDS,,0,0.0,
2026-08-31 10:07:00,L6_MERCHANT_BANK_COUNTRY,Merchant_A,,,BR,Itau,0,10,12,9,3,0.75,INSUFFICIENT_FUNDS,INC-001,4,0.3333333333333333,INC-001
2026-08-31 10:07:00,L6_MERCHANT_BANK_COUNTRY,Merchant_A,,,BR,Nubank,0,10,5,2,3,0.4,PROCESSOR_ERROR,INC-001,2,0.4,INC-001
2026-08-31 10:07:00,L6_MERCHANT_BANK_COUNTRY,Merchant_A,,,MX,Santander,0,10,6,6,0,1.0,,,0,0.0,
2026-08-31 10:07:00,L6_MERCHANT_BANK_COUNTRY,Merchant_A,,,BR,,0,10,94,76,18,0.8085106382978723,PROCESSOR_ERROR,INC-001,32,0.3404255319148936,INC-001
2026-08-31 10:07:00,L6_MERCHANT_BANK_COUNTRY,Merchant_A,,,CO,,0,10,119,103,16,0.865546218487395,DO_NOT_HONOR,,0,0.0,
2026-08-31 10:07:00,L6_MERCHANT_BANK_COUNTRY,Merchant_A,,,MX,,0,10,90,79,11,0.8777777777777778,INSUFFICIENT_FUNDS,,0,0.0,
2026-08-31 10:07:00,L6_MERCHANT_BANK_COUNTRY,Merchant_B,,,MX,BBVA,0,10,6,4,2,0.6666666666666666,DO_NOT_HONOR,,0,0.0,
2026-08-31 10:07:00,L6_MERCHANT_BANK_COUNTRY,Merchant_B,,,CO,Banco de Bogota,0,10,8,7,1,0.875,INSUFFICIENT_FUNDS,,0,0.0,
2026-08-31 10:07:00,L6_MERCHANT_BANK_COUNTRY,Merchant_B,,,BR,Banco do Brasil,0,10,12,9,3,0.75,DO_NOT_HONOR,INC-001,3,0.25,INC-001
2026-08-31 10:07:00,L6_MERCHANT_BANK_COUNTRY,Merchant_B,,,CO,Bancolombia,0,10,11,10,1,0.9090909090909091,INSUFFICIENT_FUNDS,,0,0.0,
2026-08-31 10:07:00,L6_MERCHANT_BANK_COUNTRY,Merchant_B,,,MX,Banorte,0,10,9,9,0,1.0,,,0,0.0,
2026-08-31 10:07:00,L6_MERCHANT_BANK_COUNTRY,Merchant_B,,,BR,Bradesco,0,10,6,5,1,0.8333333333333334,PROCESSOR_ERROR,INC-001,1,0.16666666666666666,INC-001
2026-08-31 10:07:00,L6_MERCHANT_BANK_COUNTRY,Merchant_B,,,MX,Citibanamex,0,10,8,7,1,0.875,INVALID_CARD,,0,0.0,
2026-08-31 10:07:00,L6_MERCHANT_BANK_COUNTRY,Merchant_B,,,CO,Davivienda,0,10,20,18,2,0.9,DO_NOT_HONOR,,0,0.0,
2026-08-31 10:07:00,L6_MERCHANT_BANK_COUNTRY,Merchant_B,,,BR,Itau,0,10,14,9,5,0.6428571428571429,PROCESSOR_ERROR,INC-001,6,0.42857142857142855,INC-001
2026-08-31 10:07:00,L6_MERCHANT_BANK_COUNTRY,Merchant_B,,,BR,Nubank,0,10,11,11,0,1.0,,INC-001,2,0.18181818181818182,INC-001
2026-08-31 10:07:00,L6_MERCHANT_BANK_COUNTRY,Merchant_B,,,MX,Santander,0,10,11,11,0,1.0,,,0,0.0,
2026-08-31 10:07:00,L6_MERCHANT_BANK_COUNTRY,Merchant_B,,,BR,,0,10,87,67,20,0.7701149425287356,PROCESSOR_ERROR,INC-001,32,0.367816091954023,INC-001
2026-08-31 10:07:00,L6_MERCHANT_BANK_COUNTRY,Merchant_B,,,CO,,0,10,101,95,6,0.9405940594059405,DO_NOT_HONOR,,0,0.0,
2026-08-31 10:07:00,L6_MERCHANT_BANK_COUNTRY,Merchant_B,,,MX,,0,10,88,74,14,0.8409090909090909,INSUFFICIENT_FUNDS,,0,0.0,
2026-08-31 10:07:00,L6_MERCHANT_BANK_COUNTRY,Merchant_C,,,MX,BBVA,0,10,12,12,0,1.0,,,0,0.0,
2026-08-31 10:07:00,L6_MERCHANT_BANK_COUNTRY,Merchant_C,,,CO,Banco de Bogota,0,10,20,18,2,0.9,DO_NOT_HONOR,,0,0.0,
2026-08-31 10:07:00,L6_MERCHANT_BANK_COUNTRY,Merchant_C,,,BR,Banco do Brasil,0,10,9,8,1,0.8888888888888888,PROCESSOR_ERROR,INC-001,2,0.2222222222222222,INC-001
2026-08-31 10:07:00,L6_MERCHANT_BANK_COUNTRY,Merchant_C,,,CO,Bancolombia,0,10,15,13,2,0.8666666666666667,INVALID_CARD,,0,0.0,
2026-08-31 10:07:00,L6_MERCHANT_BANK_COUNTRY,Merchant_C,,,MX,Banorte,0,10,18,17,1,0.9444444444444444,SUSPECTED_FRAUD,,0,0.0,
2026-08-31 10:07:00,L6_MERCHANT_BANK_COUNTRY,Merchant_C,,,BR,Bradesco,0,10,4,3,1,0.75,PROCESSOR_ERROR,INC-001,2,0.5,INC-001
2026-08-31 10:07:00,L6_MERCHANT_BANK_COUNTRY,Merchant_C,,,MX,Citibanamex,0,10,14,14,0,1.0,,,0,0.0,
2026-08-31 10:07:00,L6_MERCHANT_BANK_COUNTRY,Merchant_C,,,CO,Davivienda,0,10,16,14,2,0.875,DO_NOT_HONOR,,0,0.0,
2026-08-31 10:07:00,L6_MERCHANT_BANK_COUNTRY,Merchant_C,,,BR,Itau,0,10,9,6,3,0.6666666666666666,PROCESSOR_ERROR,INC-001,5,0.5555555555555556,INC-001
2026-08-31 10:07:00,L6_MERCHANT_BANK_COUNTRY,Merchant_C,,,BR,Nubank,0,10,17,14,3,0.8235294117647058,PROCESSOR_ERROR,INC-001,4,0.23529411764705882,INC-001
2026-08-31 10:07:00,L6_MERCHANT_BANK_COUNTRY,Merchant_C,,,MX,Santander,0,10,8,6,2,0.75,INSUFFICIENT_FUNDS,,0,0.0,
2026-08-31 10:07:00,L6_MERCHANT_BANK_COUNTRY,Merchant_C,,,BR,,0,10,91,66,25,0.7252747252747253,PROCESSOR_ERROR,INC-001,34,0.37362637362637363,INC-001
2026-08-31 10:07:00,L6_MERCHANT_BANK_COUNTRY,Merchant_C,,,CO,,0,10,73,69,4,0.9452054794520548,INSUFFICIENT_FUNDS,,0,0.0,
2026-08-31 10:07:00,L6_MERCHANT_BANK_COUNTRY,Merchant_C,,,MX,,0,10,84,73,11,0.8690476190476191,INSUFFICIENT_FUNDS,,0,0.0,
2026-08-31 10:08:00,L6_MERCHANT_BANK_COUNTRY,Merchant_A,,,MX,BBVA,0,10,10,2,8,0.2,ISSUER_UNAVAILABLE,INC-002,10,1.0,INC-002
2026-08-31 10:08:00,L6_MERCHANT_BANK_COUNTRY,Merchant_A,,,CO,Banco de Bogota,0,10,16,13,3,0.8125,DO_NOT_HONOR,,0,0.0,
2026-08-31 10:08:00,L6_MERCHANT_BANK_COUNTRY,Merchant_A,,,BR,Banco do Brasil,0,10,9,9,0,1.0,,,0,0.0,
2026-08-31 10:08:00,L6_MERCHANT_BANK_COUNTRY,Merchant_A,,,CO,Bancolombia,0,10,17,15,2,0.8823529411764706,INSUFFICIENT_FUNDS,,0,0.0,
2026-08-31 10:08:00,L6_MERCHANT_BANK_COUNTRY,Merchant_A,,,MX,Banorte,0,10,17,15,2,0.8823529411764706,SUSPECTED_FRAUD,,0,0.0,
2026-08-31 10:08:00,L6_MERCHANT_BANK_COUNTRY,Merchant_A,,,BR,Bradesco,0,10,7,6,1,0.8571428571428571,INSUFFICIENT_FUNDS,,0,0.0,
2026-08-31 10:08:00,L6_MERCHANT_BANK_COUNTRY,Merchant_A,,,MX,Citibanamex,0,10,8,6,2,0.75,INVALID_CARD,,0,0.0,
2026-08-31 10:08:00,L6_MERCHANT_BANK_COUNTRY,Merchant_A,,,CO,Davivienda,0,10,16,16,0,1.0,,,0,0.0,
2026-08-31 10:08:00,L6_MERCHANT_BANK_COUNTRY,Merchant_A,,,BR,Itau,0,10,9,9,0,1.0,,,0,0.0,
2026-08-31 10:08:00,L6_MERCHANT_BANK_COUNTRY,Merchant_A,,,BR,Nubank,0,10,12,10,2,0.8333333333333334,INSUFFICIENT_FUNDS,,0,0.0,
2026-08-31 10:08:00,L6_MERCHANT_BANK_COUNTRY,Merchant_A,,,MX,Santander,0,10,15,13,2,0.8666666666666667,DO_NOT_HONOR,,0,0.0,
2026-08-31 10:08:00,L6_MERCHANT_BANK_COUNTRY,Merchant_A,,,BR,,0,10,94,86,8,0.9148936170212766,SUSPECTED_FRAUD,,0,0.0,
2026-08-31 10:08:00,L6_MERCHANT_BANK_COUNTRY,Merchant_A,,,CO,,0,10,93,86,7,0.9247311827956989,INSUFFICIENT_FUNDS,,0,0.0,
2026-08-31 10:08:00,L6_MERCHANT_BANK_COUNTRY,Merchant_A,,,MX,,0,10,89,75,14,0.8426966292134831,DO_NOT_HONOR,,0,0.0,
2026-08-31 10:08:00,L6_MERCHANT_BANK_COUNTRY,Merchant_B,,,MX,BBVA,0,10,6,4,2,0.6666666666666666,DO_NOT_HONOR,,0,0.0,
2026-08-31 10:08:00,L6_MERCHANT_BANK_COUNTRY,Merchant_B,,,CO,Banco de Bogota,0,10,17,16,1,0.9411764705882353,DO_NOT_HONOR,,0,0.0,
2026-08-31 10:08:00,L6_MERCHANT_BANK_COUNTRY,Merchant_B,,,BR,Banco do Brasil,0,10,9,8,1,0.8888888888888888,INVALID_CARD,,0,0.0,
2026-08-31 10:08:00,L6_MERCHANT_BANK_COUNTRY,Merchant_B,,,CO,Bancolombia,0,10,15,15,0,1.0,,,0,0.0,
2026-08-31 10:08:00,L6_MERCHANT_BANK_COUNTRY,Merchant_B,,,MX,Banorte,0,10,11,10,1,0.9090909090909091,INSUFFICIENT_FUNDS,,0,0.0,
2026-08-31 10:08:00,L6_MERCHANT_BANK_COUNTRY,Merchant_B,,,BR,Bradesco,0,10,9,9,0,1.0,,,0,0.0,
2026-08-31 10:08:00,L6_MERCHANT_BANK_COUNTRY,Merchant_B,,,MX,Citibanamex,0,10,11,11,0,1.0,,,0,0.0,
2026-08-31 10:08:00,L6_MERCHANT_BANK_COUNTRY,Merchant_B,,,CO,Davivienda,0,10,14,13,1,0.9285714285714286,INVALID_CARD,,0,0.0,
2026-08-31 10:08:00,L6_MERCHANT_BANK_COUNTRY,Merchant_B,,,BR,Itau,0,10,9,9,0,1.0,,,0,0.0,
2026-08-31 10:08:00,L6_MERCHANT_BANK_COUNTRY,Merchant_B,,,BR,Nubank,0,10,11,10,1,0.9090909090909091,SUSPECTED_FRAUD,,0,0.0,
2026-08-31 10:08:00,L6_MERCHANT_BANK_COUNTRY,Merchant_B,,,MX,Santander,0,10,12,10,2,0.8333333333333334,INSUFFICIENT_FUNDS,,0,0.0,
2026-08-31 10:08:00,L6_MERCHANT_BANK_COUNTRY,Merchant_B,,,BR,,0,10,91,84,7,0.9230769230769231,INSUFFICIENT_FUNDS,,0,0.0,
2026-08-31 10:08:00,L6_MERCHANT_BANK_COUNTRY,Merchant_B,,,CO,,0,10,97,89,8,0.9175257731958762,DO_NOT_HONOR,,0,0.0,
2026-08-31 10:08:00,L6_MERCHANT_BANK_COUNTRY,Merchant_B,,,MX,,0,10,74,62,12,0.8378378378378378,INSUFFICIENT_FUNDS,,0,0.0,
2026-08-31 10:08:00,L6_MERCHANT_BANK_COUNTRY,Merchant_C,,,MX,BBVA,0,10,4,4,0,1.0,,,0,0.0,
2026-08-31 10:08:00,L6_MERCHANT_BANK_COUNTRY,Merchant_C,,,CO,Banco de Bogota,0,10,18,18,0,1.0,,,0,0.0,
2026-08-31 10:08:00,L6_MERCHANT_BANK_COUNTRY,Merchant_C,,,BR,Banco do Brasil,0,10,11,9,2,0.8181818181818182,DO_NOT_HONOR,,0,0.0,
2026-08-31 10:08:00,L6_MERCHANT_BANK_COUNTRY,Merchant_C,,,CO,Bancolombia,0,10,18,17,1,0.9444444444444444,SUSPECTED_FRAUD,,0,0.0,
2026-08-31 10:08:00,L6_MERCHANT_BANK_COUNTRY,Merchant_C,,,MX,Banorte,0,10,14,14,0,1.0,,,0,0.0,
2026-08-31 10:08:00,L6_MERCHANT_BANK_COUNTRY,Merchant_C,,,BR,Bradesco,0,10,6,6,0,1.0,,,0,0.0,
2026-08-31 10:08:00,L6_MERCHANT_BANK_COUNTRY,Merchant_C,,,MX,Citibanamex,0,10,9,7,2,0.7777777777777778,DO_NOT_HONOR,,0,0.0,
2026-08-31 10:08:00,L6_MERCHANT_BANK_COUNTRY,Merchant_C,,,CO,Davivienda,0,10,17,17,0,1.0,,,0,0.0,
2026-08-31 10:08:00,L6_MERCHANT_BANK_COUNTRY,Merchant_C,,,BR,Itau,0,10,12,11,1,0.9166666666666666,INVALID_CARD,,0,0.0,
2026-08-31 10:08:00,L6_MERCHANT_BANK_COUNTRY,Merchant_C,,,BR,Nubank,0,10,14,13,1,0.9285714285714286,SUSPECTED_FRAUD,,0,0.0,
2026-08-31 10:08:00,L6_MERCHANT_BANK_COUNTRY,Merchant_C,,,MX,Santander,0,10,16,16,0,1.0,,,0,0.0,
2026-08-31 10:08:00,L6_MERCHANT_BANK_COUNTRY,Merchant_C,,,BR,,0,10,92,84,8,0.9130434782608695,INSUFFICIENT_FUNDS,,0,0.0,
2026-08-31 10:08:00,L6_MERCHANT_BANK_COUNTRY,Merchant_C,,,CO,,0,10,87,78,9,0.896551724137931,INVALID_CARD,,0,0.0,
2026-08-31 10:08:00,L6_MERCHANT_BANK_COUNTRY,Merchant_C,,,MX,,0,10,84,74,10,0.8809523809523809,DO_NOT_HONOR,,0,0.0,
2026-08-31 10:09:00,L6_MERCHANT_BANK_COUNTRY,Merchant_A,,,MX,BBVA,0,10,10,10,0,1.0,,,0,0.0,
2026-08-31 10:09:00,L6_MERCHANT_BANK_COUNTRY,Merchant_A,,,CO,Banco de Bogota,0,10,18,15,3,0.8333333333333334,DO_NOT_HONOR,,0,0.0,
2026-08-31 10:09:00,L6_MERCHANT_BANK_COUNTRY,Merchant_A,,,BR,Banco do Brasil,0,10,6,5,1,0.8333333333333334,SUSPECTED_FRAUD,,0,0.0,
2026-08-31 10:09:00,L6_MERCHANT_BANK_COUNTRY,Merchant_A,,,CO,Bancolombia,0,10,16,16,0,1.0,,,0,0.0,
2026-08-31 10:09:00,L6_MERCHANT_BANK_COUNTRY,Merchant_A,,,MX,Banorte,0,10,14,13,1,0.9285714285714286,SUSPECTED_FRAUD,,0,0.0,
2026-08-31 10:09:00,L6_MERCHANT_BANK_COUNTRY,Merchant_A,,,BR,Bradesco,0,10,11,11,0,1.0,,,0,0.0,
2026-08-31 10:09:00,L6_MERCHANT_BANK_COUNTRY,Merchant_A,,,MX,Citibanamex,0,10,9,7,2,0.7777777777777778,INVALID_CARD,,0,0.0,
2026-08-31 10:09:00,L6_MERCHANT_BANK_COUNTRY,Merchant_A,,,CO,Davivienda,0,10,18,15,3,0.8333333333333334,SUSPECTED_FRAUD,,0,0.0,
2026-08-31 10:09:00,L6_MERCHANT_BANK_COUNTRY,Merchant_A,,,BR,Itau,0,10,7,6,1,0.8571428571428571,DO_NOT_HONOR,,0,0.0,
2026-08-31 10:09:00,L6_MERCHANT_BANK_COUNTRY,Merchant_A,,,BR,Nubank,0,10,8,6,2,0.75,DO_NOT_HONOR,,0,0.0,
2026-08-31 10:09:00,L6_MERCHANT_BANK_COUNTRY,Merchant_A,,,MX,Santander,0,10,11,10,1,0.9090909090909091,DO_NOT_HONOR,,0,0.0,
2026-08-31 10:09:00,L6_MERCHANT_BANK_COUNTRY,Merchant_A,,,BR,,0,10,79,75,4,0.9493670886075949,INVALID_CARD,,0,0.0,
2026-08-31 10:09:00,L6_MERCHANT_BANK_COUNTRY,Merchant_A,,,CO,,0,10,93,82,11,0.8817204301075269,SUSPECTED_FRAUD,,0,0.0,
2026-08-31 10:09:00,L6_MERCHANT_BANK_COUNTRY,Merchant_A,,,MX,,0,10,101,96,5,0.9504950495049505,INSUFFICIENT_FUNDS,,0,0.0,
2026-08-31 10:09:00,L6_MERCHANT_BANK_COUNTRY,Merchant_B,,,MX,BBVA,0,10,15,13,2,0.8666666666666667,DO_NOT_HONOR,,0,0.0,
2026-08-31 10:09:00,L6_MERCHANT_BANK_COUNTRY,Merchant_B,,,CO,Banco de Bogota,0,10,14,14,0,1.0,,,0,0.0,
2026-08-31 10:09:00,L6_MERCHANT_BANK_COUNTRY,Merchant_B,,,BR,Banco do Brasil,0,10,9,8,1,0.8888888888888888,DO_NOT_HONOR,,0,0.0,
2026-08-31 10:09:00,L6_MERCHANT_BANK_COUNTRY,Merchant_B,,,CO,Bancolombia,0,10,19,18,1,0.9473684210526315,INVALID_CARD,,0,0.0,
2026-08-31 10:09:00,L6_MERCHANT_BANK_COUNTRY,Merchant_B,,,MX,Banorte,0,10,6,6,0,1.0,,,0,0.0,
2026-08-31 10:09:00,L6_MERCHANT_BANK_COUNTRY,Merchant_B,,,BR,Bradesco,0,10,9,7,2,0.7777777777777778,INSUFFICIENT_FUNDS,,0,0.0,
2026-08-31 10:09:00,L6_MERCHANT_BANK_COUNTRY,Merchant_B,,,MX,Citibanamex,0,10,9,8,1,0.8888888888888888,DO_NOT_HONOR,,0,0.0,
2026-08-31 10:09:00,L6_MERCHANT_BANK_COUNTRY,Merchant_B,,,CO,Davivienda,0,10,23,19,4,0.8260869565217391,DO_NOT_HONOR,,0,0.0,
2026-08-31 10:09:00,L6_MERCHANT_BANK_COUNTRY,Merchant_B,,,BR,Itau,0,10,10,10,0,1.0,,,0,0.0,
2026-08-31 10:09:00,L6_MERCHANT_BANK_COUNTRY,Merchant_B,,,BR,Nubank,0,10,7,7,0,1.0,,,0,0.0,
2026-08-31 10:09:00,L6_MERCHANT_BANK_COUNTRY,Merchant_B,,,MX,Santander,0,10,12,10,2,0.8333333333333334,INVALID_CARD,,0,0.0,
2026-08-31 10:09:00,L6_MERCHANT_BANK_COUNTRY,Merchant_B,,,BR,,0,10,94,86,8,0.9148936170212766,DO_NOT_HONOR,,0,0.0,
2026-08-31 10:09:00,L6_MERCHANT_BANK_COUNTRY,Merchant_B,,,CO,,0,10,83,75,8,0.9036144578313253,SUSPECTED_FRAUD,,0,0.0,
2026-08-31 10:09:00,L6_MERCHANT_BANK_COUNTRY,Merchant_B,,,MX,,0,10,97,83,14,0.8556701030927835,INVALID_CARD,,0,0.0,
2026-08-31 10:09:00,L6_MERCHANT_BANK_COUNTRY,Merchant_C,,,MX,BBVA,0,10,9,9,0,1.0,,,0,0.0,
2026-08-31 10:09:00,L6_MERCHANT_BANK_COUNTRY,Merchant_C,,,CO,Banco de Bogota,0,10,10,10,0,1.0,,,0,0.0,
2026-08-31 10:09:00,L6_MERCHANT_BANK_COUNTRY,Merchant_C,,,BR,Banco do Brasil,0,10,20,18,2,0.9,INSUFFICIENT_FUNDS,,0,0.0,
2026-08-31 10:09:00,L6_MERCHANT_BANK_COUNTRY,Merchant_C,,,CO,Bancolombia,0,10,13,10,3,0.7692307692307693,INVALID_CARD,,0,0.0,
2026-08-31 10:09:00,L6_MERCHANT_BANK_COUNTRY,Merchant_C,,,MX,Banorte,0,10,10,10,0,1.0,,,0,0.0,
2026-08-31 10:09:00,L6_MERCHANT_BANK_COUNTRY,Merchant_C,,,BR,Bradesco,0,10,11,10,1,0.9090909090909091,SUSPECTED_FRAUD,,0,0.0,
2026-08-31 10:09:00,L6_MERCHANT_BANK_COUNTRY,Merchant_C,,,MX,Citibanamex,0,10,10,9,1,0.9,INVALID_CARD,,0,0.0,
2026-08-31 10:09:00,L6_MERCHANT_BANK_COUNTRY,Merchant_C,,,CO,Davivienda,0,10,12,10,2,0.8333333333333334,INVALID_CARD,,0,0.0,
2026-08-31 10:09:00,L6_MERCHANT_BANK_COUNTRY,Merchant_C,,,BR,Itau,0,10,12,12,0,1.0,,,0,0.0,
2026-08-31 10:09:00,L6_MERCHANT_BANK_COUNTRY,Merchant_C,,,BR,Nubank,0,10,10,8,2,0.8,INVALID_CARD,,0,0.0,
2026-08-31 10:09:00,L6_MERCHANT_BANK_COUNTRY,Merchant_C,,,MX,Santander,0,10,7,7,0,1.0,,,0,0.0,
2026-08-31 10:09:00,L6_MERCHANT_BANK_COUNTRY,Merchant_C,,,BR,,0,10,91,88,3,0.967032967032967,INSUFFICIENT_FUNDS,,0,0.0,
2026-08-31 10:09:00,L6_MERCHANT_BANK_COUNTRY,Merchant_C,,,CO,,0,10,96,87,9,0.90625,INVALID_CARD,,0,0.0,
2026-08-31 10:09:00,L6_MERCHANT_BANK_COUNTRY,Merchant_C,,,MX,,0,10,81,75,6,0.9259259259259259,SUSPECTED_FRAUD,,0,0.0,
2026-08-31 10:10:00,L6_MERCHANT_BANK_COUNTRY,Merchant_A,,,MX,BBVA,0,10,11,11,0,1.0,,,0,0.0,
2026-08-31 10:10:00,L6_MERCHANT_BANK_COUNTRY,Merchant_A,,,CO,Banco de Bogota,0,10,10,10,0,1.0,,,0,0.0,
2026-08-31 10:10:00,L6_MERCHANT_BANK_COUNTRY,Merchant_A,,,BR,Banco do Brasil,0,10,8,8,0,1.0,,,0,0.0,
2026-08-31 10:10:00,L6_MERCHANT_BANK_COUNTRY,Merchant_A,,,CO,Bancolombia,0,10,22,21,1,0.9545454545454546,INVALID_CARD,,0,0.0,
2026-08-31 10:10:00,L6_MERCHANT_BANK_COUNTRY,Merchant_A,,,MX,Banorte,0,10,9,8,1,0.8888888888888888,DO_NOT_HONOR,,0,0.0,
2026-08-31 10:10:00,L6_MERCHANT_BANK_COUNTRY,Merchant_A,,,BR,Bradesco,0,10,10,7,3,0.7,INSUFFICIENT_FUNDS,,0,0.0,
2026-08-31 10:10:00,L6_MERCHANT_BANK_COUNTRY,Merchant_A,,,MX,Citibanamex,0,10,14,14,0,1.0,,,0,0.0,
2026-08-31 10:10:00,L6_MERCHANT_BANK_COUNTRY,Merchant_A,,,CO,Davivienda,0,10,12,11,1,0.9166666666666666,DO_NOT_HONOR,,0,0.0,
2026-08-31 10:10:00,L6_MERCHANT_BANK_COUNTRY,Merchant_A,,,BR,Itau,0,10,10,6,4,0.6,DO_NOT_HONOR,,0,0.0,
2026-08-31 10:10:00,L6_MERCHANT_BANK_COUNTRY,Merchant_A,,,BR,Nubank,0,10,14,14,0,1.0,,,0,0.0,
2026-08-31 10:10:00,L6_MERCHANT_BANK_COUNTRY,Merchant_A,,,MX,Santander,0,10,7,6,1,0.8571428571428571,INSUFFICIENT_FUNDS,,0,0.0,
2026-08-31 10:10:00,L6_MERCHANT_BANK_COUNTRY,Merchant_A,,,BR,,0,10,96,86,10,0.8958333333333334,INSUFFICIENT_FUNDS,,0,0.0,
2026-08-31 10:10:00,L6_MERCHANT_BANK_COUNTRY,Merchant_A,,,CO,,0,10,77,64,13,0.8311688311688312,DO_NOT_HONOR,,0,0.0,
2026-08-31 10:10:00,L6_MERCHANT_BANK_COUNTRY,Merchant_A,,,MX,,0,10,108,101,7,0.9351851851851852,DO_NOT_HONOR,,0,0.0,
2026-08-31 10:10:00,L6_MERCHANT_BANK_COUNTRY,Merchant_B,,,MX,BBVA,0,10,15,15,0,1.0,,,0,0.0,
2026-08-31 10:10:00,L6_MERCHANT_BANK_COUNTRY,Merchant_B,,,CO,Banco de Bogota,0,10,13,12,1,0.9230769230769231,INVALID_CARD,,0,0.0,
2026-08-31 10:10:00,L6_MERCHANT_BANK_COUNTRY,Merchant_B,,,BR,Banco do Brasil,0,10,8,8,0,1.0,,,0,0.0,
2026-08-31 10:10:00,L6_MERCHANT_BANK_COUNTRY,Merchant_B,,,CO,Bancolombia,0,10,18,16,2,0.8888888888888888,DO_NOT_HONOR,,0,0.0,
2026-08-31 10:10:00,L6_MERCHANT_BANK_COUNTRY,Merchant_B,,,MX,Banorte,0,10,13,11,2,0.8461538461538461,INSUFFICIENT_FUNDS,,0,0.0,
2026-08-31 10:10:00,L6_MERCHANT_BANK_COUNTRY,Merchant_B,,,BR,Bradesco,0,10,12,10,2,0.8333333333333334,DO_NOT_HONOR,,0,0.0,
2026-08-31 10:10:00,L6_MERCHANT_BANK_COUNTRY,Merchant_B,,,MX,Citibanamex,0,10,12,10,2,0.8333333333333334,INSUFFICIENT_FUNDS,,0,0.0,
2026-08-31 10:10:00,L6_MERCHANT_BANK_COUNTRY,Merchant_B,,,CO,Davivienda,0,10,19,18,1,0.9473684210526315,INSUFFICIENT_FUNDS,,0,0.0,
2026-08-31 10:10:00,L6_MERCHANT_BANK_COUNTRY,Merchant_B,,,BR,Itau,0,10,6,6,0,1.0,,,0,0.0,
2026-08-31 10:10:00,L6_MERCHANT_BANK_COUNTRY,Merchant_B,,,BR,Nubank,0,10,14,11,3,0.7857142857142857,DO_NOT_HONOR,,0,0.0,
2026-08-31 10:10:00,L6_MERCHANT_BANK_COUNTRY,Merchant_B,,,MX,Santander,0,10,7,7,0,1.0,,,0,0.0,
2026-08-31 10:10:00,L6_MERCHANT_BANK_COUNTRY,Merchant_B,,,BR,,0,10,87,82,5,0.9425287356321839,INSUFFICIENT_FUNDS,,0,0.0,
2026-08-31 10:10:00,L6_MERCHANT_BANK_COUNTRY,Merchant_B,,,CO,,0,10,80,70,10,0.875,SUSPECTED_FRAUD,,0,0.0,
2026-08-31 10:10:00,L6_MERCHANT_BANK_COUNTRY,Merchant_B,,,MX,,0,10,89,77,12,0.8651685393258427,INVALID_CARD,,0,0.0,
2026-08-31 10:10:00,L6_MERCHANT_BANK_COUNTRY,Merchant_C,,,MX,BBVA,0,10,10,9,1,0.9,INSUFFICIENT_FUNDS,,0,0.0,
2026-08-31 10:10:00,L6_MERCHANT_BANK_COUNTRY,Merchant_C,,,CO,Banco de Bogota,0,10,14,11,3,0.7857142857142857,SUSPECTED_FRAUD,,0,0.0,
2026-08-31 10:10:00,L6_MERCHANT_BANK_COUNTRY,Merchant_C,,,BR,Banco do Brasil,0,10,15,13,2,0.8666666666666667,INSUFFICIENT_FUNDS,,0,0.0,
2026-08-31 10:10:00,L6_MERCHANT_BANK_COUNTRY,Merchant_C,,,CO,Bancolombia,0,10,15,13,2,0.8666666666666667,DO_NOT_HONOR,,0,0.0,
2026-08-31 10:10:00,L6_MERCHANT_BANK_COUNTRY,Merchant_C,,,MX,Banorte,0,10,15,13,2,0.8666666666666667,DO_NOT_HONOR,,0,0.0,
2026-08-31 10:10:00,L6_MERCHANT_BANK_COUNTRY,Merchant_C,,,BR,Bradesco,0,10,16,15,1,0.9375,SUSPECTED_FRAUD,,0,0.0,
2026-08-31 10:10:00,L6_MERCHANT_BANK_COUNTRY,Merchant_C,,,MX,Citibanamex,0,10,12,11,1,0.9166666666666666,DO_NOT_HONOR,,0,0.0,
2026-08-31 10:10:00,L6_MERCHANT_BANK_COUNTRY,Merchant_C,,,CO,Davivienda,0,10,17,14,3,0.8235294117647058,SUSPECTED_FRAUD,,0,0.0,
2026-08-31 10:10:00,L6_MERCHANT_BANK_COUNTRY,Merchant_C,,,BR,Itau,0,10,9,9,0,1.0,,,0,0.0,
2026-08-31 10:10:00,L6_MERCHANT_BANK_COUNTRY,Merchant_C,,,BR,Nubank,0,10,4,4,0,1.0,,,0,0.0,
2026-08-31 10:10:00,L6_MERCHANT_BANK_COUNTRY,Merchant_C,,,MX,Santander,0,10,7,7,0,1.0,,,0,0.0,
2026-08-31 10:10:00,L6_MERCHANT_BANK_COUNTRY,Merchant_C,,,BR,,0,10,84,78,6,0.9285714285714286,DO_NOT_HONOR,,0,0.0,
2026-08-31 10:10:00,L6_MERCHANT_BANK_COUNTRY,Merchant_C,,,CO,,0,10,89,82,7,0.9213483146067416,SUSPECTED_FRAUD,,0,0.0,
2026-08-31 10:10:00,L6_MERCHANT_BANK_COUNTRY,Merchant_C,,,MX,,0,10,92,83,9,0.9021739130434783,INSUFFICIENT_FUNDS,,0,0.0,
2026-08-31 10:11:00,L6_MERCHANT_BANK_COUNTRY,Merchant_A,,,MX,BBVA,0,10,11,10,1,0.9090909090909091,INSUFFICIENT_FUNDS,,0,0.0,
2026-08-31 10:11:00,L6_MERCHANT_BANK_COUNTRY,Merchant_A,,,CO,Banco de Bogota,0,10,20,16,4,0.8,INVALID_CARD,,0,0.0,
2026-08-31 10:11:00,L6_MERCHANT_BANK_COUNTRY,Merchant_A,,,BR,Banco do Brasil,0,10,8,6,2,0.75,DO_NOT_HONOR,,0,0.0,
2026-08-31 10:11:00,L6_MERCHANT_BANK_COUNTRY,Merchant_A,,,CO,Bancolombia,0,10,13,11,2,0.8461538461538461,DO_NOT_HONOR,,0,0.0,
2026-08-31 10:11:00,L6_MERCHANT_BANK_COUNTRY,Merchant_A,,,MX,Banorte,0,10,16,13,3,0.8125,SUSPECTED_FRAUD,,0,0.0,
2026-08-31 10:11:00,L6_MERCHANT_BANK_COUNTRY,Merchant_A,,,BR,Bradesco,0,10,13,10,3,0.7692307692307693,DO_NOT_HONOR,,0,0.0,
2026-08-31 10:11:00,L6_MERCHANT_BANK_COUNTRY,Merchant_A,,,MX,Citibanamex,0,10,15,14,1,0.9333333333333333,INVALID_CARD,,0,0.0,
2026-08-31 10:11:00,L6_MERCHANT_BANK_COUNTRY,Merchant_A,,,CO,Davivienda,0,10,14,14,0,1.0,,,0,0.0,
2026-08-31 10:11:00,L6_MERCHANT_BANK_COUNTRY,Merchant_A,,,BR,Itau,0,10,6,5,1,0.8333333333333334,INVALID_CARD,,0,0.0,
2026-08-31 10:11:00,L6_MERCHANT_BANK_COUNTRY,Merchant_A,,,BR,Nubank,0,10,9,9,0,1.0,,,0,0.0,
2026-08-31 10:11:00,L6_MERCHANT_BANK_COUNTRY,Merchant_A,,,MX,Santander,0,10,10,8,2,0.8,INSUFFICIENT_FUNDS,,0,0.0,
2026-08-31 10:11:00,L6_MERCHANT_BANK_COUNTRY,Merchant_A,,,BR,,0,10,85,79,6,0.9294117647058824,DO_NOT_HONOR,,0,0.0,
2026-08-31 10:11:00,L6_MERCHANT_BANK_COUNTRY,Merchant_A,,,CO,,0,10,106,94,12,0.8867924528301887,INSUFFICIENT_FUNDS,,0,0.0,
2026-08-31 10:11:00,L6_MERCHANT_BANK_COUNTRY,Merchant_A,,,MX,,0,10,76,70,6,0.9210526315789473,DO_NOT_HONOR,,0,0.0,
2026-08-31 10:11:00,L6_MERCHANT_BANK_COUNTRY,Merchant_B,,,MX,BBVA,0,10,6,4,2,0.6666666666666666,INSUFFICIENT_FUNDS,,0,0.0,
2026-08-31 10:11:00,L6_MERCHANT_BANK_COUNTRY,Merchant_B,,,CO,Banco de Bogota,0,10,14,12,2,0.8571428571428571,INSUFFICIENT_FUNDS,,0,0.0,
2026-08-31 10:11:00,L6_MERCHANT_BANK_COUNTRY,Merchant_B,,,BR,Banco do Brasil,0,10,12,12,0,1.0,,,0,0.0,
2026-08-31 10:11:00,L6_MERCHANT_BANK_COUNTRY,Merchant_B,,,CO,Bancolombia,0,10,13,11,2,0.8461538461538461,INVALID_CARD,,0,0.0,
2026-08-31 10:11:00,L6_MERCHANT_BANK_COUNTRY,Merchant_B,,,MX,Banorte,0,10,14,12,2,0.8571428571428571,DO_NOT_HONOR,,0,0.0,
2026-08-31 10:11:00,L6_MERCHANT_BANK_COUNTRY,Merchant_B,,,BR,Bradesco,0,10,7,6,1,0.8571428571428571,INSUFFICIENT_FUNDS,,0,0.0,
2026-08-31 10:11:00,L6_MERCHANT_BANK_COUNTRY,Merchant_B,,,MX,Citibanamex,0,10,9,9,0,1.0,,,0,0.0,
2026-08-31 10:11:00,L6_MERCHANT_BANK_COUNTRY,Merchant_B,,,CO,Davivienda,0,10,13,12,1,0.9230769230769231,SUSPECTED_FRAUD,,0,0.0,
2026-08-31 10:11:00,L6_MERCHANT_BANK_COUNTRY,Merchant_B,,,BR,Itau,0,10,11,11,0,1.0,,,0,0.0,
2026-08-31 10:11:00,L6_MERCHANT_BANK_COUNTRY,Merchant_B,,,BR,Nubank,0,10,14,12,2,0.8571428571428571,DO_NOT_HONOR,,0,0.0,
2026-08-31 10:11:00,L6_MERCHANT_BANK_COUNTRY,Merchant_B,,,MX,Santander,0,10,21,19,2,0.9047619047619048,DO_NOT_HONOR,,0,0.0,
2026-08-31 10:11:00,L6_MERCHANT_BANK_COUNTRY,Merchant_B,,,BR,,0,10,99,92,7,0.9292929292929293,DO_NOT_HONOR,,0,0.0,
2026-08-31 10:11:00,L6_MERCHANT_BANK_COUNTRY,Merchant_B,,,CO,,0,10,84,76,8,0.9047619047619048,INSUFFICIENT_FUNDS,,0,0.0,
2026-08-31 10:11:00,L6_MERCHANT_BANK_COUNTRY,Merchant_B,,,MX,,0,10,87,76,11,0.8735632183908046,INSUFFICIENT_FUNDS,,0,0.0,
2026-08-31 10:11:00,L6_MERCHANT_BANK_COUNTRY,Merchant_C,,,MX,BBVA,0,10,14,13,1,0.9285714285714286,DO_NOT_HONOR,,0,0.0,
2026-08-31 10:11:00,L6_MERCHANT_BANK_COUNTRY,Merchant_C,,,CO,Banco de Bogota,0,10,19,17,2,0.8947368421052632,DO_NOT_HONOR,,0,0.0,
2026-08-31 10:11:00,L6_MERCHANT_BANK_COUNTRY,Merchant_C,,,BR,Banco do Brasil,0,10,13,12,1,0.9230769230769231,INVALID_CARD,,0,0.0,
2026-08-31 10:11:00,L6_MERCHANT_BANK_COUNTRY,Merchant_C,,,CO,Bancolombia,0,10,10,9,1,0.9,INSUFFICIENT_FUNDS,,0,0.0,
2026-08-31 10:11:00,L6_MERCHANT_BANK_COUNTRY,Merchant_C,,,MX,Banorte,0,10,13,13,0,1.0,,,0,0.0,
2026-08-31 10:11:00,L6_MERCHANT_BANK_COUNTRY,Merchant_C,,,BR,Bradesco,0,10,17,16,1,0.9411764705882353,SUSPECTED_FRAUD,,0,0.0,
2026-08-31 10:11:00,L6_MERCHANT_BANK_COUNTRY,Merchant_C,,,MX,Citibanamex,0,10,6,6,0,1.0,,,0,0.0,
2026-08-31 10:11:00,L6_MERCHANT_BANK_COUNTRY,Merchant_C,,,CO,Davivienda,0,10,14,14,0,1.0,,,0,0.0,
2026-08-31 10:11:00,L6_MERCHANT_BANK_COUNTRY,Merchant_C,,,BR,Itau,0,10,8,7,1,0.875,DO_NOT_HONOR,,0,0.0,
2026-08-31 10:11:00,L6_MERCHANT_BANK_COUNTRY,Merchant_C,,,BR,Nubank,0,10,9,9,0,1.0,,,0,0.0,
2026-08-31 10:11:00,L6_MERCHANT_BANK_COUNTRY,Merchant_C,,,MX,Santander,0,10,8,6,2,0.75,DO_NOT_HONOR,,0,0.0,
2026-08-31 10:11:00,L6_MERCHANT_BANK_COUNTRY,Merchant_C,,,BR,,0,10,84,80,4,0.9523809523809523,SUSPECTED_FRAUD,,0,0.0,
2026-08-31 10:11:00,L6_MERCHANT_BANK_COUNTRY,Merchant_C,,,CO,,0,10,65,59,6,0.9076923076923077,INSUFFICIENT_FUNDS,,0,0.0,
2026-08-31 10:11:00,L6_MERCHANT_BANK_COUNTRY,Merchant_C,,,MX,,0,10,114,100,14,0.8771929824561403,SUSPECTED_FRAUD,,0,0.0,
